version 2
JvmtiExport can_access_local_variables 0
JvmtiExport can_hotswap_or_post_breakpoint 1
JvmtiExport can_post_on_exceptions 0
# 584 ciObject found
instanceKlass javax/swing/JComponent
ciInstanceKlass java/lang/Cloneable 1 0 7 100 1 100 1 1 1
instanceKlass javax/swing/RepaintManager$DisplayChangedRunnable
instanceKlass  @bci sun/awt/windows/WToolkit displayChanged ()V 0 <appendix> argL0 ; # sun/awt/windows/WToolkit$$Lambda+0x000000002d2e3bc0
instanceKlass  @bci com/sun/tools/javac/comp/ArgumentAttr visitNewClass (Lcom/sun/tools/javac/tree/JCTree$JCNewClass;)V 11 <appendix> member <vmtarget> ; # com/sun/tools/javac/comp/ArgumentAttr$$Lambda+0x000000002d2b4eb8
instanceKlass  @bci com/sun/tools/javac/comp/TypeEnter$MembersPhase getCanonicalConstructorDecl (Lcom/sun/tools/javac/tree/JCTree$JCClassDecl;)Lcom/sun/tools/javac/tree/JCTree$JCMethodDecl; 93 <appendix> argL0 ; # com/sun/tools/javac/comp/TypeEnter$MembersPhase$$Lambda+0x000000002d2b46f8
instanceKlass  @bci com/sun/tools/javac/comp/TypeEnter$MembersPhase getCanonicalConstructorDecl (Lcom/sun/tools/javac/tree/JCTree$JCClassDecl;)Lcom/sun/tools/javac/tree/JCTree$JCMethodDecl; 11 <appendix> argL0 ; # com/sun/tools/javac/comp/TypeEnter$MembersPhase$$Lambda+0x000000002d2b44b0
instanceKlass  @bci wv/codeclip/io/PasteClassHandler handleSmartPaste (Ljava/lang/String;)Z 474 <adapter> ; # java/lang/invoke/LambdaForm$MH+0x000000002d2b3400
instanceKlass  @bci wv/codeclip/io/PasteClassHandler handleSmartPaste (Ljava/lang/String;)Z 474 <appendix> form vmentry <vmtarget> ; # java/lang/invoke/LambdaForm$MH+0x000000002d2b3000
# instanceKlass java/lang/invoke/LambdaForm$BMH+0x000000002d2b2c00
instanceKlass  @bci wv/codeclip/io/PasteClassHandler handleSmartPaste (Ljava/lang/String;)Z 474 <appendix> form names 9 function resolvedHandle form vmentry <vmtarget> ; # java/lang/invoke/LambdaForm$DMH+0x000000002d2b2800
instanceKlass  @bci wv/codeclip/io/PasteClassHandler handleSmartPaste (Ljava/lang/String;)Z 474 <appendix> argL0 form vmentry <vmtarget> ; # java/lang/invoke/LambdaForm$DMH+0x000000002d2b2400
instanceKlass  @bci wv/codeclip/io/PasteClassHandler handleSmartPaste (Ljava/lang/String;)Z 384 <appendix> form vmentry <vmtarget> ; # java/lang/invoke/LambdaForm$MH+0x000000002d2b1c00
instanceKlass  @bci wv/codeclip/io/PasteClassHandler handleSmartPaste (Ljava/lang/String;)Z 318 <appendix> argL0 ; # wv/codeclip/io/PasteClassHandler$$Lambda+0x000000002d2b4258
instanceKlass  @bci wv/codeclip/io/PasteClassHandler handleSmartPaste (Ljava/lang/String;)Z 294 <appendix> argL0 ; # wv/codeclip/io/PasteClassHandler$$Lambda+0x000000002d2b4000
instanceKlass  @bci wv/codeclip/io/PasteClassHandler handleSmartPaste (Ljava/lang/String;)Z 253 <appendix> form vmentry <vmtarget> ; # java/lang/invoke/LambdaForm$MH+0x000000002d2b1400
instanceKlass sun/java2d/pipe/RegionClipSpanIterator
instanceKlass java/awt/ColorPaintContext
instanceKlass java/awt/font/NumericShaper
# instanceKlass java/lang/invoke/LambdaForm$DMH+0x000000002d2b1000
# instanceKlass java/lang/invoke/LambdaForm$MH+0x000000002d2b0c00
# instanceKlass java/lang/invoke/LambdaForm$MH+0x000000002d2b0800
# instanceKlass java/lang/invoke/LambdaForm$MH+0x000000002d2b0400
instanceKlass sun/font/DelegatingShape
instanceKlass java/awt/font/GraphicAttribute
instanceKlass java/awt/font/CharArrayIterator
instanceKlass java/awt/font/StyledParagraph
instanceKlass jdk/internal/icu/text/BidiBase$TextAttributeConstants
instanceKlass java/awt/font/TextMeasurer
instanceKlass java/awt/font/LineBreakMeasurer
instanceKlass jdk/internal/icu/util/CodePointTrie$Data
instanceKlass jdk/internal/icu/util/CodePointMap
instanceKlass jdk/internal/icu/util/VersionInfo
instanceKlass jdk/internal/icu/impl/UCharacterProperty$IsAcceptable
instanceKlass jdk/internal/icu/impl/UCharacterProperty$IntProperty
instanceKlass jdk/internal/icu/impl/UCharacterProperty
instanceKlass  @bci java/util/DualPivotQuicksort sort (Ljava/util/DualPivotQuicksort$Sorter;[JIII)V 63 <appendix> argL0 ; # java/util/DualPivotQuicksort$$Lambda+0x000000002d2df240
instanceKlass  @cpi java/util/DualPivotQuicksort 420 form vmentry <vmtarget> ; # java/lang/invoke/LambdaForm$DMH+0x000000002d2b0000
instanceKlass java/util/DualPivotQuicksort$SortOperation
instanceKlass java/util/DualPivotQuicksort
instanceKlass jdk/internal/icu/text/BidiLine
instanceKlass sun/font/BidiUtils
instanceKlass jdk/internal/icu/text/UTF16
instanceKlass jdk/internal/icu/text/BidiBase$Point
instanceKlass jdk/internal/icu/text/BidiBase$InsertPoints
instanceKlass jdk/internal/icu/text/BidiRun
instanceKlass wv/codeclip/parse/JavaBraceEndChecker
instanceKlass  @bci wv/codeclip/patch/PatchApplier spliceInto (Ljava/lang/String;Ljava/lang/String;Ljava/lang/String;Ljava/lang/String;)Ljava/lang/String; 97 <appendix> form vmentry <vmtarget> ; # java/lang/invoke/LambdaForm$MH+0x000000002d2afc00
instanceKlass  @bci wv/codeclip/patch/PatchApplier apply (Ljava/util/List;)Lwv/codeclip/patch/PatchApplier$PatchResult; 717 <appendix> argL0 ; # wv/codeclip/patch/PatchApplier$$Lambda+0x000000002d283a10
instanceKlass  @bci wv/codeclip/patch/PatchApplier applyFindReplace (Lwv/codeclip/model/PatchChange$FindReplace;Ljava/lang/String;)Ljava/lang/String; 542 <appendix> form vmentry <vmtarget> ; # java/lang/invoke/LambdaForm$MH+0x000000002d2af400
instanceKlass  @bci wv/codeclip/io/PasteClassHandler handleSmartPatchEntry (Ljava/lang/String;Ljava/util/List;Ljava/util/Map;Ljava/util/List;Ljava/util/List;)V 308 <appendix> argL0 ; # wv/codeclip/io/PasteClassHandler$$Lambda+0x000000002d2837c8
instanceKlass wv/codeclip/ui/SmartPasteExtractor$Entry
instanceKlass  @bci wv/codeclip/ui/SmartPasteExtractor extract (Z)Ljava/util/List; 678 <appendix> argL0 ; # wv/codeclip/ui/SmartPasteExtractor$$Lambda+0x000000002d2830f8
instanceKlass wv/codeclip/ui/SmartPasteExtractor
instanceKlass javax/swing/JToggleButton$1
instanceKlass sun/font/StandardGlyphVector$GlyphStrike
# instanceKlass java/lang/invoke/LambdaForm$DMH+0x000000002d2aec00
# instanceKlass java/lang/invoke/LambdaForm$MH+0x000000002d2ae800
# instanceKlass java/lang/invoke/LambdaForm$DMH+0x000000002d2ae400
# instanceKlass java/lang/invoke/LambdaForm$MH+0x000000002d2ae000
instanceKlass java/awt/font/TextLine$TextLineMetrics
instanceKlass java/awt/font/GlyphVector
# instanceKlass java/lang/invoke/LambdaForm$MH+0x000000002d2adc00
# instanceKlass java/lang/invoke/LambdaForm$DMH+0x000000002d2ad800
# instanceKlass java/lang/invoke/LambdaForm$MH+0x000000002d2ad400
# instanceKlass java/lang/invoke/LambdaForm$BMH+0x000000002d2ad000
# instanceKlass java/lang/invoke/LambdaForm$DMH+0x000000002d2acc00
# instanceKlass java/lang/invoke/LambdaForm$DMH+0x000000002d2ac800
# instanceKlass java/lang/invoke/LambdaForm$MH+0x000000002d2ac400
# instanceKlass java/lang/invoke/LambdaForm$DMH+0x000000002d2ac000
# instanceKlass java/lang/invoke/LambdaForm$MH+0x000000002d2abc00
# instanceKlass java/lang/invoke/LambdaForm$DMH+0x000000002d2ab800
instanceKlass jdk/internal/util/random/RandomSupport
# instanceKlass java/lang/invoke/LambdaForm$MH+0x000000002d2ab400
# instanceKlass java/lang/invoke/LambdaForm$DMH+0x000000002d2ab000
# instanceKlass java/lang/invoke/LambdaForm$MH+0x000000002d2aac00
# instanceKlass java/lang/invoke/LambdaForm$BMH+0x000000002d2aa800
# instanceKlass java/lang/invoke/LambdaForm$DMH+0x000000002d2aa400
instanceKlass java/lang/invoke/VarHandles$1
# instanceKlass java/lang/invoke/LambdaForm$DMH+0x000000002d2aa000
instanceKlass  @bci jdk/internal/foreign/Utils$BaseAndScale of (Ljava/lang/Object;)Ljdk/internal/foreign/Utils$BaseAndScale; 11 <appendix> member <vmtarget> ; # jdk/internal/foreign/Utils$BaseAndScale$$TypeSwitch+0x000000002d2dcbc8
instanceKlass  @bci sun/font/HBShaper getFontTableData (Lsun/font/Font2D;ILjava/lang/foreign/MemorySegment;)I 77 <adapter> ; # java/lang/invoke/LambdaForm$MH+0x000000002d2a9c00
# instanceKlass java/lang/invoke/LambdaForm$MH+0x000000002d2a9800
# instanceKlass java/lang/invoke/LambdaForm$DMH+0x000000002d2a9400
# instanceKlass java/lang/invoke/LambdaForm$MH+0x000000002d2a9000
# instanceKlass java/lang/invoke/LambdaForm$DMH+0x000000002d2a8c00
instanceKlass  @bci sun/font/HBShaper lambda$shape$0 (Ljava/awt/geom/Point2D$Float;[F[CFLjava/lang/foreign/MemorySegment;IIIIII)V 79 <adapter> ; # java/lang/invoke/LambdaForm$MH+0x000000002d2a8800
# instanceKlass java/lang/invoke/LambdaForm$DMH+0x000000002d2a8400
instanceKlass java/lang/ScopedValue$Snapshot
instanceKlass  @bci sun/font/HBShaper shape (Lsun/font/Font2D;Lsun/font/FontStrike;F[FLjava/lang/foreign/MemorySegment;[CLsun/font/GlyphLayout$GVData;IIIILjava/awt/geom/Point2D$Float;II)V 43 <adapter> ; # java/lang/invoke/LambdaForm$MH+0x000000002d2a8000
# instanceKlass java/lang/invoke/LambdaForm$DMH+0x000000002d2a7c00
instanceKlass  @bci sun/font/HBShaper shape (Lsun/font/Font2D;Lsun/font/FontStrike;F[FLjava/lang/foreign/MemorySegment;[CLsun/font/GlyphLayout$GVData;IIIILjava/awt/geom/Point2D$Float;II)V 43 <appendix> form vmentry <vmtarget> ; # java/lang/invoke/LambdaForm$DMH+0x000000002d2a7800
instanceKlass  @bci sun/font/HBShaper shape (Lsun/font/Font2D;Lsun/font/FontStrike;F[FLjava/lang/foreign/MemorySegment;[CLsun/font/GlyphLayout$GVData;IIIILjava/awt/geom/Point2D$Float;II)V 43 <appendix> member <vmtarget> ; # sun/font/HBShaper$$Lambda+0x000000002d2da7e8
instanceKlass  @cpi sun/font/HBShaper 721 form vmentry <vmtarget> ; # java/lang/invoke/LambdaForm$DMH+0x000000002d2a7400
instanceKlass java/lang/ScopedValue$Carrier
# instanceKlass java/lang/invoke/LambdaForm$MH+0x000000002d2a7000
# instanceKlass java/lang/invoke/LambdaForm$DMH+0x000000002d2a6c00
# instanceKlass java/lang/invoke/LambdaForm$MH+0x000000002d2a6800
# instanceKlass java/lang/invoke/LambdaForm$MH+0x000000002d2a6400
# instanceKlass java/lang/invoke/LambdaForm$MH+0x000000002d2a6000
# instanceKlass java/lang/invoke/LambdaForm$DMH+0x000000002d2a5c00
# instanceKlass java/lang/invoke/LambdaForm$MH+0x000000002d2a5800
# instanceKlass java/lang/invoke/LambdaForm$BMH+0x000000002d2a5400
# instanceKlass java/lang/invoke/LambdaForm$DMH+0x000000002d2a5000
# instanceKlass java/lang/invoke/LambdaForm$DMH+0x000000002d2a4c00
# instanceKlass jdk/internal/foreign/abi/UpcallStub+0x000000002d2a4800
# instanceKlass java/lang/invoke/LambdaForm$MH+0x000000002d2a4400
# instanceKlass java/lang/invoke/LambdaForm$BMH+0x000000002d2a4000
# instanceKlass java/lang/invoke/LambdaForm$DMH+0x000000002d2a3c00
# instanceKlass java/lang/invoke/LambdaForm$DMH+0x000000002d2a3800
instanceKlass jdk/internal/foreign/MemorySessionImpl$ResourceList
instanceKlass  @bci sun/font/HBShaper getFace (Lsun/font/Font2D;)Ljava/lang/foreign/MemorySegment; 10 <appendix> argL0 ; # sun/font/HBShaper$$Lambda+0x000000002d2d9f20
instanceKlass sun/font/HBShaper$FaceRef
instanceKlass java/util/concurrent/ThreadLocalRandom$Access$1
instanceKlass jdk/internal/access/JavaUtilConcurrentTLRAccess
instanceKlass java/util/concurrent/ThreadLocalRandom$Access
instanceKlass java/lang/ScopedValue$Cache
instanceKlass java/lang/ScopedValue
instanceKlass  @bci java/lang/invoke/VarHandles collectCoordinates (Ljava/lang/invoke/VarHandle;ILjava/lang/invoke/MethodHandle;)Ljava/lang/invoke/VarHandle; 217 <appendix> member <vmtarget> ; # java/lang/invoke/VarHandles$$Lambda+0x000000002d2d9228
# instanceKlass java/lang/invoke/LambdaForm$MH+0x000000002d2a3400
# instanceKlass java/lang/invoke/LambdaForm$DMH+0x000000002d2a3000
instanceKlass sun/invoke/util/ValueConversions$1
# instanceKlass java/lang/invoke/LambdaForm$MH+0x000000002d2a2c00
# instanceKlass java/lang/invoke/LambdaForm$MH+0x000000002d2a2800
# instanceKlass java/lang/invoke/LambdaForm$MH+0x000000002d2a2400
# instanceKlass java/lang/invoke/LambdaForm$DMH+0x000000002d2a2000
# instanceKlass java/lang/invoke/LambdaForm$DMH+0x000000002d2a1c00
instanceKlass java/lang/ClassValue$RemovalToken
instanceKlass java/lang/invoke/MethodHandleImpl$ArrayAccessor
# instanceKlass java/lang/invoke/LambdaForm$MH+0x000000002d2a1800
# instanceKlass java/lang/invoke/LambdaForm$MH+0x000000002d2a1400
# instanceKlass java/lang/invoke/LambdaForm$DMH+0x000000002d2a1000
# instanceKlass java/lang/invoke/LambdaForm$DMH+0x000000002d2a0c00
# instanceKlass java/lang/invoke/LambdaForm$MH+0x000000002d2a0800
# instanceKlass java/lang/invoke/LambdaForm$MH+0x000000002d2a0400
# instanceKlass java/lang/invoke/LambdaForm$DMH+0x000000002d2a0000
# instanceKlass java/lang/invoke/LambdaForm$MH+0x000000002d29fc00
# instanceKlass java/lang/invoke/LambdaForm$BMH+0x000000002d29f800
# instanceKlass java/lang/invoke/LambdaForm$DMH+0x000000002d29f400
# instanceKlass java/lang/invoke/LambdaForm$DMH+0x000000002d29f000
instanceKlass jdk/internal/foreign/layout/AbstractLayout$1Holder
instanceKlass java/lang/invoke/VarHandleSegmentAsInts
# instanceKlass java/lang/invoke/LambdaForm$MH+0x000000002d29ec00
# instanceKlass java/lang/invoke/LambdaForm$MH+0x000000002d29e800
# instanceKlass java/lang/invoke/LambdaForm$MH+0x000000002d29e400
# instanceKlass java/lang/invoke/LambdaForm$DMH+0x000000002d29e000
# instanceKlass java/lang/invoke/LambdaForm$MH+0x000000002d29dc00
# instanceKlass java/lang/invoke/LambdaForm$BMH+0x000000002d29d800
# instanceKlass java/lang/invoke/LambdaForm$DMH+0x000000002d29d400
# instanceKlass java/lang/invoke/LambdaForm$DMH+0x000000002d29d000
# instanceKlass jdk/internal/foreign/abi/UpcallStub+0x000000002d29cc00
# instanceKlass java/lang/invoke/LambdaForm$DMH+0x000000002d29c800
# instanceKlass java/lang/invoke/LambdaForm$DMH+0x000000002d29c400
# instanceKlass java/lang/invoke/LambdaForm$MH+0x000000002d29c000
# instanceKlass java/lang/invoke/LambdaForm$DMH+0x000000002d29bc00
instanceKlass  @bci java/lang/invoke/BootstrapMethodInvoker invoke (Ljava/lang/Class;Ljava/lang/invoke/MethodHandle;Ljava/lang/String;Ljava/lang/Object;Ljava/lang/Object;Ljava/lang/Class;)Ljava/lang/Object; 95 <adapter> ; # java/lang/invoke/LambdaForm$MH+0x000000002d29b800
instanceKlass java/lang/invoke/ConstantBootstraps
instanceKlass  @bci sun/font/HBShaper <clinit> ()V 1122 <adapter> ; # java/lang/invoke/LambdaForm$MH+0x000000002d29b400
# instanceKlass java/lang/invoke/LambdaForm$MH+0x000000002d29b000
# instanceKlass java/lang/invoke/LambdaForm$MH+0x000000002d29ac00
# instanceKlass java/lang/invoke/LambdaForm$MH+0x000000002d29a800
# instanceKlass java/lang/invoke/LambdaForm$MH+0x000000002d29a400
# instanceKlass java/lang/invoke/LambdaForm$DMH+0x000000002d29a000
# instanceKlass jdk/internal/foreign/abi/DowncallStub+0x000000002d299c00
# instanceKlass java/lang/invoke/LambdaForm$MH+0x000000002d299800
# instanceKlass java/lang/invoke/LambdaForm$MH+0x000000002d299400
# instanceKlass java/lang/invoke/LambdaForm$MH+0x000000002d299000
# instanceKlass java/lang/invoke/LambdaForm$MH+0x000000002d298c00
# instanceKlass java/lang/invoke/LambdaForm$DMH+0x000000002d298800
# instanceKlass java/lang/invoke/LambdaForm$MH+0x000000002d298400
# instanceKlass java/lang/invoke/LambdaForm$BMH+0x000000002d298000
# instanceKlass java/lang/invoke/LambdaForm$DMH+0x000000002d297c00
# instanceKlass java/lang/invoke/LambdaForm$DMH+0x000000002d297800
# instanceKlass jdk/internal/foreign/abi/UpcallStub+0x000000002d297400
# instanceKlass java/lang/invoke/LambdaForm$DMH+0x000000002d297000
# instanceKlass java/lang/invoke/LambdaForm$DMH+0x000000002d296c00
# instanceKlass java/lang/invoke/LambdaForm$MH+0x000000002d296800
# instanceKlass java/lang/invoke/LambdaForm$MH+0x000000002d296400
# instanceKlass java/lang/invoke/LambdaForm$MH+0x000000002d296000
# instanceKlass java/lang/invoke/LambdaForm$DMH+0x000000002d295c00
# instanceKlass java/lang/invoke/LambdaForm$MH+0x000000002d295800
# instanceKlass java/lang/invoke/LambdaForm$BMH+0x000000002d295400
# instanceKlass java/lang/invoke/LambdaForm$DMH+0x000000002d295000
# instanceKlass java/lang/invoke/LambdaForm$DMH+0x000000002d294c00
# instanceKlass jdk/internal/foreign/abi/UpcallStub+0x000000002d294800
# instanceKlass java/lang/invoke/LambdaForm$DMH+0x000000002d294400
# instanceKlass java/lang/invoke/LambdaForm$DMH+0x000000002d294000
# instanceKlass java/lang/invoke/LambdaForm$MH+0x000000002d293c00
# instanceKlass java/lang/invoke/LambdaForm$MH+0x000000002d293800
# instanceKlass java/lang/invoke/LambdaForm$MH+0x000000002d293400
# instanceKlass java/lang/invoke/LambdaForm$DMH+0x000000002d293000
# instanceKlass java/lang/invoke/LambdaForm$MH+0x000000002d292c00
# instanceKlass java/lang/invoke/LambdaForm$BMH+0x000000002d292800
# instanceKlass java/lang/invoke/LambdaForm$DMH+0x000000002d292400
# instanceKlass java/lang/invoke/LambdaForm$DMH+0x000000002d292000
# instanceKlass jdk/internal/foreign/abi/UpcallStub+0x000000002d291c00
# instanceKlass java/lang/invoke/LambdaForm$DMH+0x000000002d291800
# instanceKlass java/lang/invoke/LambdaForm$DMH+0x000000002d291400
instanceKlass jdk/internal/foreign/abi/UpcallStubs
# instanceKlass java/lang/invoke/LambdaForm$MH+0x000000002d291000
# instanceKlass java/lang/invoke/LambdaForm$MH+0x000000002d290c00
# instanceKlass java/lang/invoke/LambdaForm$MH+0x000000002d290800
# instanceKlass java/lang/invoke/LambdaForm$DMH+0x000000002d290400
instanceKlass  @bci jdk/internal/foreign/abi/UpcallLinker checkPrimitive (Ljava/lang/invoke/MethodType;)V 19 <appendix> argL0 ; # jdk/internal/foreign/abi/UpcallLinker$$Lambda+0x000000002d2d6378
# instanceKlass java/lang/invoke/LambdaForm$MH+0x000000002d290000
# instanceKlass java/lang/invoke/LambdaForm$BMH+0x000000002d28fc00
# instanceKlass java/lang/invoke/LambdaForm$DMH+0x000000002d28f800
instanceKlass  @bci jdk/internal/foreign/abi/UpcallLinker makeFactory (Ljava/lang/invoke/MethodType;Ljdk/internal/foreign/abi/ABIDescriptor;Ljdk/internal/foreign/abi/CallingSequence;)Ljdk/internal/foreign/abi/AbstractLinker$UpcallStubFactory; 229 <appendix> member <vmtarget> ; # jdk/internal/foreign/abi/UpcallLinker$$Lambda+0x000000002d2d6148
instanceKlass  @bci jdk/internal/foreign/abi/UpcallLinker makeFactory (Ljava/lang/invoke/MethodType;Ljdk/internal/foreign/abi/ABIDescriptor;Ljdk/internal/foreign/abi/CallingSequence;)Ljdk/internal/foreign/abi/AbstractLinker$UpcallStubFactory; 194 <appendix> argL0 ; # jdk/internal/foreign/abi/UpcallLinker$$Lambda+0x000000002d2d5f20
instanceKlass  @bci jdk/internal/foreign/abi/UpcallLinker makeFactory (Ljava/lang/invoke/MethodType;Ljdk/internal/foreign/abi/ABIDescriptor;Ljdk/internal/foreign/abi/CallingSequence;)Ljdk/internal/foreign/abi/AbstractLinker$UpcallStubFactory; 184 <appendix> argL0 ; # jdk/internal/foreign/abi/UpcallLinker$$Lambda+0x000000002d2d5cd8
instanceKlass  @bci jdk/internal/foreign/abi/UpcallLinker makeFactory (Ljava/lang/invoke/MethodType;Ljdk/internal/foreign/abi/ABIDescriptor;Ljdk/internal/foreign/abi/CallingSequence;)Ljdk/internal/foreign/abi/AbstractLinker$UpcallStubFactory; 164 <appendix> argL0 ; # jdk/internal/foreign/abi/UpcallLinker$$Lambda+0x000000002d2d5ab0
instanceKlass  @bci jdk/internal/foreign/abi/UpcallLinker makeFactory (Ljava/lang/invoke/MethodType;Ljdk/internal/foreign/abi/ABIDescriptor;Ljdk/internal/foreign/abi/CallingSequence;)Ljdk/internal/foreign/abi/AbstractLinker$UpcallStubFactory; 154 <appendix> argL0 ; # jdk/internal/foreign/abi/UpcallLinker$$Lambda+0x000000002d2d5868
instanceKlass  @bci jdk/internal/foreign/abi/UpcallLinker makeFactory (Ljava/lang/invoke/MethodType;Ljdk/internal/foreign/abi/ABIDescriptor;Ljdk/internal/foreign/abi/CallingSequence;)Ljdk/internal/foreign/abi/AbstractLinker$UpcallStubFactory; 56 <appendix> member <vmtarget> ; # jdk/internal/foreign/abi/UpcallLinker$$Lambda+0x000000002d2d5600
# instanceKlass java/lang/invoke/LambdaForm$DMH+0x000000002d28f400
# instanceKlass jdk/internal/foreign/abi/UpcallStub+0x000000002d28f000
instanceKlass jdk/internal/foreign/abi/BindingSpecializer$1
instanceKlass  @bci jdk/internal/foreign/abi/UpcallLinker retMoveBindings (Ljdk/internal/foreign/abi/CallingSequence;)[Ljdk/internal/foreign/abi/Binding$VMStore; 43 <appendix> argL0 ; # jdk/internal/foreign/abi/UpcallLinker$$Lambda+0x000000002d2d4d38
instanceKlass  @bci jdk/internal/foreign/abi/UpcallLinker retMoveBindings (Ljdk/internal/foreign/abi/CallingSequence;)[Ljdk/internal/foreign/abi/Binding$VMStore; 33 <appendix> member <vmtarget> ; # jdk/internal/foreign/abi/UpcallLinker$$Lambda+0x000000002d2d4ae8
instanceKlass  @bci jdk/internal/foreign/abi/UpcallLinker retMoveBindings (Ljdk/internal/foreign/abi/CallingSequence;)[Ljdk/internal/foreign/abi/Binding$VMStore; 16 <appendix> member <vmtarget> ; # jdk/internal/foreign/abi/UpcallLinker$$Lambda+0x000000002d2d4888
instanceKlass  @bci jdk/internal/foreign/abi/UpcallLinker argMoveBindings (Ljdk/internal/foreign/abi/CallingSequence;)[Ljdk/internal/foreign/abi/Binding$VMLoad; 4 <appendix> argL0 ; # jdk/internal/foreign/abi/UpcallLinker$$Lambda+0x000000002d2d4660
instanceKlass  @bci jdk/internal/foreign/abi/UpcallLinker argMoveBindingsStream (Ljdk/internal/foreign/abi/CallingSequence;)Ljava/util/stream/Stream; 28 <appendix> member <vmtarget> ; # jdk/internal/foreign/abi/UpcallLinker$$Lambda+0x000000002d2d4410
instanceKlass  @bci jdk/internal/foreign/abi/UpcallLinker argMoveBindingsStream (Ljdk/internal/foreign/abi/CallingSequence;)Ljava/util/stream/Stream; 11 <appendix> member <vmtarget> ; # jdk/internal/foreign/abi/UpcallLinker$$Lambda+0x000000002d2d41b0
instanceKlass jdk/internal/foreign/abi/UpcallLinker
instanceKlass  @bci jdk/internal/foreign/abi/AbstractLinker upcallStub (Ljava/lang/invoke/MethodHandle;Ljava/lang/foreign/FunctionDescriptor;Ljava/lang/foreign/Arena;[Ljava/lang/foreign/Linker$Option;)Ljava/lang/foreign/MemorySegment; 115 <appendix> member <vmtarget> ; # jdk/internal/foreign/abi/AbstractLinker$$Lambda+0x000000002d2d3b38
instanceKlass  @bci jdk/internal/foreign/abi/LinkerOptions forUpcall (Ljava/lang/foreign/FunctionDescriptor;[Ljava/lang/foreign/Linker$Option;)Ljdk/internal/foreign/abi/LinkerOptions; 0 <appendix> argL0 ; # jdk/internal/foreign/abi/LinkerOptions$$Lambda+0x000000002d2d3900
# instanceKlass java/lang/invoke/LambdaForm$DMH+0x000000002d28ec00
# instanceKlass java/lang/invoke/LambdaForm$DMH+0x000000002d28e800
# instanceKlass java/lang/invoke/LambdaForm$MH+0x000000002d28e400
# instanceKlass java/lang/invoke/LambdaForm$MH+0x000000002d28e000
# instanceKlass java/lang/invoke/LambdaForm$MH+0x000000002d28dc00
# instanceKlass java/lang/invoke/LambdaForm$MH+0x000000002d28d800
# instanceKlass java/lang/invoke/LambdaForm$BMH+0x000000002d28d400
# instanceKlass java/lang/invoke/LambdaForm$DMH+0x000000002d28d000
# instanceKlass java/lang/invoke/LambdaForm$DMH+0x000000002d28cc00
# instanceKlass java/lang/invoke/LambdaForm$DMH+0x000000002d28c800
# instanceKlass jdk/internal/foreign/abi/DowncallStub+0x000000002d28c400
# instanceKlass java/lang/invoke/LambdaForm$MH+0x000000002d28c000
# instanceKlass java/lang/invoke/LambdaForm$MH+0x000000002d28bc00
# instanceKlass java/lang/invoke/LambdaForm$MH+0x000000002d28b800
# instanceKlass java/lang/invoke/LambdaForm$MH+0x000000002d28b400
# instanceKlass java/lang/invoke/LambdaForm$MH+0x000000002d28b000
# instanceKlass java/lang/invoke/LambdaForm$DMH+0x000000002d28ac00
# instanceKlass jdk/internal/foreign/abi/DowncallStub+0x000000002d28a800
# instanceKlass java/lang/invoke/LambdaForm$MH+0x000000002d28a400
# instanceKlass java/lang/invoke/LambdaForm$MH+0x000000002d28a000
# instanceKlass java/lang/invoke/LambdaForm$MH+0x000000002d289c00
# instanceKlass java/lang/invoke/LambdaForm$MH+0x000000002d289800
# instanceKlass java/lang/invoke/LambdaForm$MH+0x000000002d289400
# instanceKlass jdk/internal/foreign/abi/DowncallStub+0x000000002d289000
# instanceKlass java/lang/invoke/LambdaForm$MH+0x000000002d288c00
# instanceKlass java/lang/invoke/LambdaForm$MH+0x000000002d288800
# instanceKlass java/lang/invoke/LambdaForm$MH+0x000000002d288400
# instanceKlass java/lang/invoke/LambdaForm$MH+0x000000002d288000
# instanceKlass java/lang/invoke/LambdaForm$DMH+0x000000002d287c00
# instanceKlass java/lang/invoke/LambdaForm$DMH+0x000000002d287800
# instanceKlass java/lang/invoke/LambdaForm$DMH+0x000000002d287400
# instanceKlass jdk/internal/foreign/abi/DowncallStub+0x000000002d287000
instanceKlass java/lang/classfile/instruction/ExceptionCatch
instanceKlass java/lang/classfile/instruction/InvokeInstruction
instanceKlass java/lang/classfile/instruction/LoadInstruction
instanceKlass java/lang/classfile/Instruction
instanceKlass jdk/internal/classfile/impl/NonterminalCodeBuilder
instanceKlass  @bci jdk/internal/foreign/abi/BindingSpecializer emitReleaseScopes ()V 36 <appendix> member <vmtarget> ; # jdk/internal/foreign/abi/BindingSpecializer$$Lambda+0x000000002d2d1408
instanceKlass  @cpi jdk/internal/foreign/abi/BindingSpecializer 1415 form vmentry <vmtarget> ; # java/lang/invoke/LambdaForm$DMH+0x000000002d286c00
instanceKlass java/lang/classfile/CodeBuilder$BlockCodeBuilder
instanceKlass  @bci jdk/internal/foreign/abi/BindingSpecializer needsSession ()Z 43 <appendix> argL0 ; # jdk/internal/foreign/abi/BindingSpecializer$$Lambda+0x000000002d2d11b0
instanceKlass  @bci jdk/internal/foreign/abi/BindingSpecializer needsSession ()Z 33 <appendix> member <vmtarget> ; # jdk/internal/foreign/abi/BindingSpecializer$$Lambda+0x000000002d2d0f60
instanceKlass  @bci jdk/internal/foreign/abi/BindingSpecializer needsSession ()Z 15 <appendix> member <vmtarget> ; # jdk/internal/foreign/abi/BindingSpecializer$$Lambda+0x000000002d2d0d00
instanceKlass java/lang/classfile/constantpool/ConstantDynamicEntry
instanceKlass java/lang/classfile/constantpool/DynamicConstantPoolEntry
instanceKlass  @bci java/lang/classfile/constantpool/ConstantPoolBuilder bsmEntry (Ljava/lang/constant/DirectMethodHandleDesc;Ljava/util/List;)Ljava/lang/classfile/BootstrapMethodEntry; 15 <appendix> member <vmtarget> ; # java/lang/classfile/constantpool/ConstantPoolBuilder$$Lambda+0x000000002d2d06e8
instanceKlass java/lang/classfile/constantpool/MethodHandleEntry
instanceKlass java/lang/classfile/constantpool/ConstantPoolBuilder$1
instanceKlass  @bci jdk/internal/foreign/abi/BindingSpecializer doBindings (Ljava/util/List;)V 41 <appendix> member <vmtarget> ; # jdk/internal/foreign/abi/BindingSpecializer$$TypeSwitch+0x000000002d2cffb0
instanceKlass  @bci jdk/internal/foreign/abi/BindingSpecializer lambda$specializeHelper$1 (Ljava/lang/invoke/MethodType;Ljdk/internal/foreign/abi/CallingSequence;Ljdk/internal/foreign/abi/ABIDescriptor;Ljava/lang/invoke/MethodType;Ljava/lang/classfile/MethodBuilder;)V 34 <appendix> member <vmtarget> ; # jdk/internal/foreign/abi/BindingSpecializer$$Lambda+0x000000002d2cfd70
instanceKlass  @bci jdk/internal/foreign/abi/BindingSpecializer lambda$specializeHelper$0 (Ljava/lang/invoke/MethodType;Ljdk/internal/foreign/abi/CallingSequence;Ljdk/internal/foreign/abi/ABIDescriptor;Ljava/lang/invoke/MethodType;Ljava/lang/classfile/ClassBuilder;)V 38 <appendix> member <vmtarget> ; # jdk/internal/foreign/abi/BindingSpecializer$$Lambda+0x000000002d2cfb30
instanceKlass java/lang/classfile/ClassFileVersion
instanceKlass  @bci jdk/internal/foreign/abi/BindingSpecializer specializeHelper (Ljava/lang/invoke/MethodType;Ljava/lang/invoke/MethodType;Ljdk/internal/foreign/abi/CallingSequence;Ljdk/internal/foreign/abi/ABIDescriptor;)[B 28 <appendix> member <vmtarget> ; # jdk/internal/foreign/abi/BindingSpecializer$$Lambda+0x000000002d2cf690
instanceKlass jdk/internal/vm/annotation/ForceInline
instanceKlass jdk/internal/foreign/abi/BindingSpecializer
# instanceKlass java/lang/invoke/LambdaForm$MH+0x000000002d286800
instanceKlass java/lang/invoke/NativeMethodHandle$Lazy
instanceKlass  @bci jdk/internal/foreign/abi/NativeEntryPoint lambda$make$0 (Ljava/lang/invoke/MethodType;Ljdk/internal/foreign/abi/ABIDescriptor;[Ljdk/internal/foreign/abi/VMStorage;[Ljdk/internal/foreign/abi/VMStorage;ZIZLjdk/internal/foreign/abi/NativeEntryPoint$CacheKey;)Ljdk/internal/foreign/abi/NativeEntryPoint; 51 <appendix> form vmentry <vmtarget> ; # java/lang/invoke/LambdaForm$DMH+0x000000002d286400
instanceKlass  @bci jdk/internal/foreign/abi/NativeEntryPoint lambda$make$0 (Ljava/lang/invoke/MethodType;Ljdk/internal/foreign/abi/ABIDescriptor;[Ljdk/internal/foreign/abi/VMStorage;[Ljdk/internal/foreign/abi/VMStorage;ZIZLjdk/internal/foreign/abi/NativeEntryPoint$CacheKey;)Ljdk/internal/foreign/abi/NativeEntryPoint; 51 <appendix> member <vmtarget> ; # jdk/internal/foreign/abi/NativeEntryPoint$$Lambda+0x000000002d2cece0
instanceKlass  @cpi jdk/internal/foreign/abi/NativeEntryPoint 203 form vmentry <vmtarget> ; # java/lang/invoke/LambdaForm$DMH+0x000000002d286000
instanceKlass  @bci jdk/internal/foreign/abi/NativeEntryPoint make (Ljdk/internal/foreign/abi/ABIDescriptor;[Ljdk/internal/foreign/abi/VMStorage;[Ljdk/internal/foreign/abi/VMStorage;Ljava/lang/invoke/MethodType;ZIZZ)Ljdk/internal/foreign/abi/NativeEntryPoint; 76 <adapter> ; # java/lang/invoke/LambdaForm$MH+0x000000002d285c00
# instanceKlass java/lang/invoke/LambdaForm$DMH+0x000000002d285800
instanceKlass  @bci jdk/internal/foreign/abi/NativeEntryPoint make (Ljdk/internal/foreign/abi/ABIDescriptor;[Ljdk/internal/foreign/abi/VMStorage;[Ljdk/internal/foreign/abi/VMStorage;Ljava/lang/invoke/MethodType;ZIZZ)Ljdk/internal/foreign/abi/NativeEntryPoint; 76 <appendix> form vmentry <vmtarget> ; # java/lang/invoke/LambdaForm$DMH+0x000000002d285400
instanceKlass  @bci jdk/internal/foreign/abi/NativeEntryPoint make (Ljdk/internal/foreign/abi/ABIDescriptor;[Ljdk/internal/foreign/abi/VMStorage;[Ljdk/internal/foreign/abi/VMStorage;Ljava/lang/invoke/MethodType;ZIZZ)Ljdk/internal/foreign/abi/NativeEntryPoint; 76 <appendix> member <vmtarget> ; # jdk/internal/foreign/abi/NativeEntryPoint$$Lambda+0x000000002d2cea90
instanceKlass  @cpi jdk/internal/foreign/abi/NativeEntryPoint 197 form vmentry <vmtarget> ; # java/lang/invoke/LambdaForm$DMH+0x000000002d285000
instanceKlass  @bci jdk/internal/foreign/abi/DowncallLinker toStorageArray ([Ljdk/internal/foreign/abi/Binding$Move;)[Ljdk/internal/foreign/abi/VMStorage; 14 <appendix> argL0 ; # jdk/internal/foreign/abi/DowncallLinker$$Lambda+0x000000002d2ce650
instanceKlass  @bci jdk/internal/foreign/abi/DowncallLinker toStorageArray ([Ljdk/internal/foreign/abi/Binding$Move;)[Ljdk/internal/foreign/abi/VMStorage; 4 <appendix> argL0 ; # jdk/internal/foreign/abi/DowncallLinker$$Lambda+0x000000002d2ce408
instanceKlass  @bci jdk/internal/foreign/abi/DowncallLinker retMoveBindings (Ljdk/internal/foreign/abi/CallingSequence;)[Ljdk/internal/foreign/abi/Binding$VMLoad; 5 <appendix> argL0 ; # jdk/internal/foreign/abi/DowncallLinker$$Lambda+0x000000002d2ce1e0
instanceKlass  @bci jdk/internal/foreign/abi/DowncallLinker retMoveBindingsStream (Ljdk/internal/foreign/abi/CallingSequence;)Ljava/util/stream/Stream; 33 <appendix> member <vmtarget> ; # jdk/internal/foreign/abi/DowncallLinker$$Lambda+0x000000002d2cdd90
instanceKlass  @bci jdk/internal/foreign/abi/DowncallLinker retMoveBindingsStream (Ljdk/internal/foreign/abi/CallingSequence;)Ljava/util/stream/Stream; 16 <appendix> member <vmtarget> ; # jdk/internal/foreign/abi/DowncallLinker$$Lambda+0x000000002d2cdb30
instanceKlass  @bci jdk/internal/foreign/abi/DowncallLinker getBoundMethodHandle ()Ljava/lang/invoke/MethodHandle; 8 <appendix> argL0 ; # jdk/internal/foreign/abi/DowncallLinker$$Lambda+0x000000002d2cd908
instanceKlass  @bci jdk/internal/foreign/abi/DowncallLinker argMoveBindingsStream (Ljdk/internal/foreign/abi/CallingSequence;)Ljava/util/stream/Stream; 28 <appendix> member <vmtarget> ; # jdk/internal/foreign/abi/DowncallLinker$$Lambda+0x000000002d2cd4b8
instanceKlass  @bci jdk/internal/foreign/abi/DowncallLinker argMoveBindingsStream (Ljdk/internal/foreign/abi/CallingSequence;)Ljava/util/stream/Stream; 11 <appendix> member <vmtarget> ; # jdk/internal/foreign/abi/DowncallLinker$$Lambda+0x000000002d2cd258
instanceKlass  @bci jdk/internal/foreign/abi/CallingSequence argumentBindings ()Ljava/util/stream/Stream; 9 <appendix> argL0 ; # jdk/internal/foreign/abi/CallingSequence$$Lambda+0x000000002d2cd010
# instanceKlass java/lang/invoke/LambdaForm$DMH+0x000000002d284c00
instanceKlass jdk/internal/foreign/abi/DowncallLinker
instanceKlass  @bci jdk/internal/foreign/abi/CallingSequenceBuilder computeTypeHelper (Ljava/lang/Class;Ljava/lang/Class;)Ljava/lang/invoke/MethodType; 116 <appendix> argL0 ; # jdk/internal/foreign/abi/CallingSequenceBuilder$$Lambda+0x000000002d2cc9a8
instanceKlass  @bci jdk/internal/foreign/abi/CallingSequenceBuilder computeTypeHelper (Ljava/lang/Class;Ljava/lang/Class;)Ljava/lang/invoke/MethodType; 106 <appendix> member <vmtarget> ; # jdk/internal/foreign/abi/CallingSequenceBuilder$$Lambda+0x000000002d2cc358
instanceKlass  @bci jdk/internal/foreign/abi/CallingSequenceBuilder computeTypeHelper (Ljava/lang/Class;Ljava/lang/Class;)Ljava/lang/invoke/MethodType; 90 <appendix> member <vmtarget> ; # jdk/internal/foreign/abi/CallingSequenceBuilder$$Lambda+0x000000002d2cc0f8
instanceKlass  @bci jdk/internal/foreign/abi/CallingSequenceBuilder computeTypeHelper (Ljava/lang/Class;Ljava/lang/Class;)Ljava/lang/invoke/MethodType; 61 <appendix> argL0 ; # jdk/internal/foreign/abi/CallingSequenceBuilder$$Lambda+0x000000002d2cbed0
instanceKlass  @bci jdk/internal/foreign/abi/CallingSequenceBuilder computeTypeHelper (Ljava/lang/Class;Ljava/lang/Class;)Ljava/lang/invoke/MethodType; 51 <appendix> argL0 ; # jdk/internal/foreign/abi/CallingSequenceBuilder$$Lambda+0x000000002d2cbc88
instanceKlass  @bci jdk/internal/foreign/abi/CallingSequenceBuilder computeTypeHelper (Ljava/lang/Class;Ljava/lang/Class;)Ljava/lang/invoke/MethodType; 41 <appendix> member <vmtarget> ; # jdk/internal/foreign/abi/CallingSequenceBuilder$$Lambda+0x000000002d2cba38
instanceKlass  @bci jdk/internal/foreign/abi/CallingSequenceBuilder computeTypeHelper (Ljava/lang/Class;Ljava/lang/Class;)Ljava/lang/invoke/MethodType; 25 <appendix> member <vmtarget> ; # jdk/internal/foreign/abi/CallingSequenceBuilder$$Lambda+0x000000002d2cb7d8
instanceKlass  @bci jdk/internal/foreign/abi/CallingSequenceBuilder computeTypeHelper (Ljava/lang/Class;Ljava/lang/Class;)Ljava/lang/invoke/MethodType; 9 <appendix> argL0 ; # jdk/internal/foreign/abi/CallingSequenceBuilder$$Lambda+0x000000002d2cb590
instanceKlass  @bci jdk/internal/foreign/abi/CallingSequenceBuilder needsReturnBuffer ()Z 16 <appendix> member <vmtarget> ; # jdk/internal/foreign/abi/CallingSequenceBuilder$$Lambda+0x000000002d2cab30
instanceKlass  @bci jdk/internal/foreign/abi/CallingSequenceBuilder isUnbox (Ljdk/internal/foreign/abi/Binding;)Z 11 <appendix> member <vmtarget> ; # jdk/internal/foreign/abi/CallingSequenceBuilder$$TypeSwitch+0x000000002d2ca0f0
instanceKlass  @bci jdk/internal/foreign/abi/CallingSequenceBuilder isBox (Ljdk/internal/foreign/abi/Binding;)Z 11 <appendix> member <vmtarget> ; # jdk/internal/foreign/abi/CallingSequenceBuilder$$TypeSwitch+0x000000002d2c9ee0
instanceKlass jdk/internal/foreign/abi/Binding$Dereference
instanceKlass  @bci jdk/internal/foreign/Utils pointeeByteAlign (Ljava/lang/foreign/AddressLayout;)J 6 <appendix> argL0 ; # jdk/internal/foreign/Utils$$Lambda+0x000000002d2c8180
instanceKlass  @bci jdk/internal/foreign/Utils pointeeByteSize (Ljava/lang/foreign/AddressLayout;)J 6 <appendix> argL0 ; # jdk/internal/foreign/Utils$$Lambda+0x000000002d2c7f38
instanceKlass  @cpi jdk/internal/foreign/Utils 441 form vmentry <vmtarget> ; # java/lang/invoke/LambdaForm$DMH+0x000000002d284800
instanceKlass jdk/internal/foreign/abi/Binding$Move
instanceKlass jdk/internal/foreign/abi/x64/windows/CallArranger$1
instanceKlass jdk/internal/foreign/abi/Binding$Builder
instanceKlass jdk/internal/foreign/abi/Binding
instanceKlass  @bci jdk/internal/foreign/abi/x64/windows/CallArranger isInMemoryReturn (Ljava/util/Optional;)Z 16 <appendix> argL0 ; # jdk/internal/foreign/abi/x64/windows/CallArranger$$Lambda+0x000000002d2c7180
instanceKlass  @bci jdk/internal/foreign/abi/x64/windows/CallArranger isInMemoryReturn (Ljava/util/Optional;)Z 8 <appendix> member <vmtarget> ; # jdk/internal/foreign/abi/x64/windows/CallArranger$$Lambda+0x000000002d2c6f20
instanceKlass jdk/internal/foreign/abi/x64/windows/CallArranger$BoxBindingCalculator
instanceKlass jdk/internal/foreign/abi/x64/windows/CallArranger$StorageCalculator
instanceKlass jdk/internal/foreign/abi/x64/windows/CallArranger$UnboxBindingCalculator
instanceKlass jdk/internal/foreign/abi/x64/windows/CallArranger$BindingCalculator
instanceKlass jdk/internal/foreign/abi/CallingSequenceBuilder
instanceKlass jdk/internal/foreign/abi/x64/windows/CallArranger$1CallingSequenceBuilderHelper
instanceKlass java/util/stream/Sink$ChainedInt
instanceKlass  @bci jdk/internal/foreign/abi/x64/X86_64Architecture abiFor ([Ljdk/internal/foreign/abi/VMStorage;[Ljdk/internal/foreign/abi/VMStorage;[Ljdk/internal/foreign/abi/VMStorage;[Ljdk/internal/foreign/abi/VMStorage;I[Ljdk/internal/foreign/abi/VMStorage;[Ljdk/internal/foreign/abi/VMStorage;IILjdk/internal/foreign/abi/VMStorage;Ljdk/internal/foreign/abi/VMStorage;)Ljdk/internal/foreign/abi/ABIDescriptor; 49 <appendix> argL0 ; # jdk/internal/foreign/abi/x64/X86_64Architecture$$Lambda+0x000000002d2c5838
instanceKlass  @bci jdk/internal/foreign/abi/x64/X86_64Architecture abiFor ([Ljdk/internal/foreign/abi/VMStorage;[Ljdk/internal/foreign/abi/VMStorage;[Ljdk/internal/foreign/abi/VMStorage;[Ljdk/internal/foreign/abi/VMStorage;I[Ljdk/internal/foreign/abi/VMStorage;[Ljdk/internal/foreign/abi/VMStorage;IILjdk/internal/foreign/abi/VMStorage;Ljdk/internal/foreign/abi/VMStorage;)Ljdk/internal/foreign/abi/ABIDescriptor; 39 <appendix> argL0 ; # jdk/internal/foreign/abi/x64/X86_64Architecture$$Lambda+0x000000002d2c50e8
instanceKlass java/util/Spliterator$OfInt
instanceKlass java/util/Spliterator$OfPrimitive
instanceKlass jdk/internal/foreign/abi/x64/X86_64Architecture
instanceKlass jdk/internal/foreign/abi/Architecture
instanceKlass jdk/internal/foreign/abi/x64/X86_64Architecture$Regs
instanceKlass jdk/internal/foreign/abi/x64/windows/CallArranger
instanceKlass  @bci jdk/internal/foreign/abi/SoftReferenceCache get (Ljava/lang/Object;Ljava/util/function/Function;)Ljava/lang/Object; 6 <appendix> member <vmtarget> ; # jdk/internal/foreign/abi/SoftReferenceCache$$Lambda+0x000000002d2c39d0
instanceKlass jdk/internal/foreign/abi/SoftReferenceCache$Node
instanceKlass  @bci jdk/internal/foreign/abi/AbstractLinker downcallHandle0 (Ljava/lang/foreign/FunctionDescriptor;[Ljava/lang/foreign/Linker$Option;)Ljava/lang/invoke/MethodHandle; 46 <appendix> member <vmtarget> ; # jdk/internal/foreign/abi/AbstractLinker$$Lambda+0x000000002d2c3568
instanceKlass  @bci jdk/internal/foreign/abi/LinkerOptions forDowncall (Ljava/lang/foreign/FunctionDescriptor;[Ljava/lang/foreign/Linker$Option;)Ljdk/internal/foreign/abi/LinkerOptions; 0 <appendix> argL0 ; # jdk/internal/foreign/abi/LinkerOptions$$Lambda+0x000000002d2c2ee0
instanceKlass jdk/internal/foreign/abi/LinkerOptions$LinkerOptionImpl
instanceKlass  @bci jdk/internal/foreign/abi/AbstractLinker stripNames (Ljava/lang/foreign/MemoryLayout;)Ljava/lang/foreign/MemoryLayout; 11 <appendix> member <vmtarget> ; # jdk/internal/foreign/abi/AbstractLinker$$TypeSwitch+0x000000002d2c2cd0
instanceKlass  @bci jdk/internal/foreign/abi/AbstractLinker checkLayouts (Ljava/lang/foreign/FunctionDescriptor;)V 22 <appendix> member <vmtarget> ; # jdk/internal/foreign/abi/AbstractLinker$$Lambda+0x000000002d2c2a90
instanceKlass  @bci jdk/internal/foreign/abi/AbstractLinker checkLayouts (Ljava/lang/foreign/FunctionDescriptor;)V 7 <appendix> member <vmtarget> ; # jdk/internal/foreign/abi/AbstractLinker$$Lambda+0x000000002d2c2850
instanceKlass java/lang/foreign/Linker$Option
instanceKlass  @bci jdk/internal/foreign/SystemLookup lambda$makeWindowsLookup$3 (Ljava/lang/foreign/SymbolLookup;Ljava/util/function/Function;Ljava/lang/String;)Ljava/util/Optional; 25 <appendix> member <vmtarget> ; # jdk/internal/foreign/SystemLookup$$Lambda+0x000000002d2c2420
instanceKlass  @bci java/lang/foreign/SymbolLookup lambda$or$0 (Ljava/lang/foreign/SymbolLookup;Ljava/lang/String;)Ljava/util/Optional; 9 <appendix> member <vmtarget> ; # java/lang/foreign/SymbolLookup$$Lambda+0x000000002d2c21f0
instanceKlass  @bci jdk/internal/foreign/FunctionDescriptorImpl <init> (Ljava/lang/foreign/MemoryLayout;Ljava/util/List;)V 44 <appendix> argL0 ; # jdk/internal/foreign/FunctionDescriptorImpl$$Lambda+0x000000002d2c1f98
instanceKlass java/util/Collections$2
instanceKlass jdk/internal/foreign/FunctionDescriptorImpl
instanceKlass  @bci java/lang/foreign/SymbolLookup or (Ljava/lang/foreign/SymbolLookup;)Ljava/lang/foreign/SymbolLookup; 7 <appendix> member <vmtarget> ; # java/lang/foreign/SymbolLookup$$Lambda+0x000000002d2c1ae8
instanceKlass  @cpi java/lang/foreign/SymbolLookup 273 form vmentry <vmtarget> ; # java/lang/invoke/LambdaForm$DMH+0x000000002d284400
instanceKlass  @bci jdk/internal/foreign/SystemLookup makeWindowsLookup ()Ljava/lang/foreign/SymbolLookup; 123 <appendix> member <vmtarget> ; # jdk/internal/foreign/SystemLookup$$Lambda+0x000000002d2c1898
instanceKlass  @cpi jdk/internal/foreign/SystemLookup 290 form vmentry <vmtarget> ; # java/lang/invoke/LambdaForm$DMH+0x000000002d040800
instanceKlass  @bci jdk/internal/foreign/SystemLookup makeWindowsLookup ()Ljava/lang/foreign/SymbolLookup; 108 <appendix> member <vmtarget> ; # jdk/internal/foreign/SystemLookup$$Lambda+0x000000002d2c1648
instanceKlass  @bci jdk/internal/foreign/SystemLookup lookup (Ljdk/internal/loader/NativeLibrary;)Ljava/lang/foreign/SymbolLookup; 1 <appendix> member <vmtarget> ; # jdk/internal/foreign/SystemLookup$$Lambda+0x000000002d2c0fa8
instanceKlass  @bci jdk/internal/foreign/SystemLookup makeWindowsLookup ()Ljava/lang/foreign/SymbolLookup; 62 <appendix> member <vmtarget> ; # jdk/internal/foreign/SystemLookup$$Lambda+0x000000002d2c0b20
instanceKlass jdk/internal/loader/RawNativeLibraries
instanceKlass java/lang/ProcessEnvironment$CheckedEntry
instanceKlass java/lang/ProcessEnvironment$CheckedEntrySet$1
instanceKlass java/lang/ProcessEnvironment$EntryComparator
instanceKlass java/lang/ProcessEnvironment$NameComparator
instanceKlass  @bci jdk/internal/foreign/SystemLookup <clinit> ()V 10 <appendix> argL0 ; # jdk/internal/foreign/SystemLookup$$Lambda+0x000000002d0cd400
instanceKlass jdk/internal/foreign/SystemLookup
instanceKlass  @bci java/lang/foreign/SymbolLookup loaderLookup ()Ljava/lang/foreign/SymbolLookup; 49 <appendix> member <vmtarget> ; # java/lang/foreign/SymbolLookup$$Lambda+0x000000002d103a50
instanceKlass java/lang/foreign/SymbolLookup
instanceKlass java/util/AbstractMap$ValueIterator
instanceKlass jdk/internal/foreign/abi/SoftReferenceCache
instanceKlass jdk/internal/foreign/abi/x64/windows/Windowsx64Linker$1Holder
instanceKlass jdk/internal/foreign/abi/AbstractLinker
instanceKlass jdk/internal/vm/ForeignLinkerSupport
instanceKlass jdk/internal/foreign/abi/SharedUtils$3
instanceKlass jdk/internal/foreign/BufferStack
instanceKlass  @bci jdk/internal/foreign/abi/SharedUtils <clinit> ()V 162 <appendix> argL0 ; # jdk/internal/foreign/abi/SharedUtils$$Lambda+0x000000002d13f280
instanceKlass  @cpi jdk/internal/foreign/abi/SharedUtils 962 form vmentry <vmtarget> ; # java/lang/invoke/LambdaForm$DMH+0x000000002d0d4400
# instanceKlass java/lang/invoke/LambdaForm$DMH+0x000000002d0d6800
# instanceKlass java/lang/invoke/LambdaForm$DMH+0x000000002d100c00
instanceKlass  @cpi java/lang/classfile/constantpool/ConstantPoolBuilder 412 form vmentry <vmtarget> ; # java/lang/invoke/LambdaForm$DMH+0x000000002d103400
instanceKlass jdk/internal/foreign/abi/SharedUtils$1
instanceKlass java/lang/foreign/UnionLayout
instanceKlass  @bci java/lang/foreign/MemoryLayout unionLayout ([Ljava/lang/foreign/MemoryLayout;)Ljava/lang/foreign/UnionLayout; 9 <appendix> argL0 ; # java/lang/foreign/MemoryLayout$$Lambda+0x000000002d13e7e8
instanceKlass  @bci java/lang/foreign/MemoryLayout sequenceLayout (JLjava/lang/foreign/MemoryLayout;)Ljava/lang/foreign/SequenceLayout; 19 <adapter> ; # java/lang/invoke/LambdaForm$MH+0x000000002d10a400
# instanceKlass java/lang/invoke/LambdaForm$DMH+0x000000002d111c00
instanceKlass  @bci java/lang/foreign/MemoryLayout sequenceLayout (JLjava/lang/foreign/MemoryLayout;)Ljava/lang/foreign/SequenceLayout; 19 <appendix> form vmentry <vmtarget> ; # java/lang/invoke/LambdaForm$DMH+0x000000002d118c00
instanceKlass  @bci java/lang/foreign/MemoryLayout sequenceLayout (JLjava/lang/foreign/MemoryLayout;)Ljava/lang/foreign/SequenceLayout; 19 <appendix> member <vmtarget> ; # java/lang/foreign/MemoryLayout$$Lambda+0x000000002d13e1e0
instanceKlass  @cpi java/lang/foreign/MemoryLayout 148 form vmentry <vmtarget> ; # java/lang/invoke/LambdaForm$DMH+0x000000002d278400
instanceKlass java/lang/foreign/SequenceLayout
instanceKlass sun/font/HBShaper
instanceKlass sun/font/GlyphLayout$LayoutEngineKey
instanceKlass sun/font/GlyphLayout$EngineRecord
instanceKlass sun/font/ScriptRunData
instanceKlass sun/font/FontSubstitution
instanceKlass sun/font/GlyphLayout$SDCache$SDKey
instanceKlass sun/font/GlyphLayout$SDCache
instanceKlass sun/font/FontRunIterator
instanceKlass sun/font/ScriptRun
instanceKlass sun/font/TextRecord
instanceKlass sun/font/GlyphLayout$GVData
instanceKlass sun/font/SunLayoutEngine
instanceKlass sun/font/GlyphLayout$LayoutEngineFactory
instanceKlass sun/font/GlyphLayout$LayoutEngine
instanceKlass sun/font/GlyphLayout
instanceKlass sun/font/TextLabel
instanceKlass sun/font/Decoration$Label
instanceKlass sun/font/TextSource
instanceKlass sun/font/TextLineComponent
instanceKlass sun/font/TextLabelFactory
instanceKlass sun/font/Underline
instanceKlass sun/font/Decoration
instanceKlass jdk/internal/icu/impl/Trie2$UTrie2Header
instanceKlass jdk/internal/icu/impl/Trie2$1
instanceKlass jdk/internal/icu/impl/Trie2$ValueMapper
instanceKlass jdk/internal/icu/impl/Trie2
instanceKlass jdk/internal/icu/impl/UBiDiProps$IsAcceptable
instanceKlass jdk/internal/icu/impl/ICUBinary$Authenticate
instanceKlass jdk/internal/icu/impl/ICUBinary
instanceKlass jdk/internal/icu/impl/UBiDiProps
instanceKlass jdk/internal/icu/lang/UCharacter
instanceKlass jdk/internal/icu/text/BidiBase$ImpTabPair
instanceKlass jdk/internal/icu/text/BidiBase
instanceKlass java/text/Bidi
instanceKlass java/awt/font/TextLine$Function
instanceKlass java/awt/font/TextLine
instanceKlass java/awt/font/LineMetrics
instanceKlass sun/font/CoreMetrics
instanceKlass java/awt/font/TextLayout$CaretPolicy
instanceKlass java/awt/font/TextLayout
instanceKlass sun/font/AttributeValues$1
instanceKlass  @bci wv/codeclip/CodeClipFrame showVersionDetail (Lwv/codeclip/CodeClipFrame$VersionEvent;Z)V 821 <appendix> member <vmtarget> ; # wv/codeclip/CodeClipFrame$$Lambda+0x000000002d282ca8
instanceKlass  @bci wv/codeclip/CodeClipFrame showVersionDetail (Lwv/codeclip/CodeClipFrame$VersionEvent;Z)V 790 <appendix> member <vmtarget> ; # wv/codeclip/CodeClipFrame$$Lambda+0x000000002d282a78
instanceKlass  @bci wv/codeclip/CodeClipFrame showVersionDetail (Lwv/codeclip/CodeClipFrame$VersionEvent;Z)V 757 <appendix> member <vmtarget> ; # wv/codeclip/CodeClipFrame$$Lambda+0x000000002d282848
instanceKlass  @bci wv/codeclip/CodeClipFrame isWholeClassFile (Ljava/lang/String;)Z 65 <appendix> member <vmtarget> ; # wv/codeclip/CodeClipFrame$$Lambda+0x000000002d2825e8
instanceKlass  @bci wv/codeclip/CodeClipFrame isWholeClassFile (Ljava/lang/String;)Z 54 <appendix> argL0 ; # wv/codeclip/CodeClipFrame$$Lambda+0x000000002d2823a0
instanceKlass  @bci com/sun/tools/javac/file/Locations close ()V 13 <appendix> member <vmtarget> ; # com/sun/tools/javac/file/Locations$$Lambda+0x000000002d281f48
instanceKlass java/util/WeakHashMap$HashIterator
instanceKlass com/sun/tools/javac/api/ClientCodeWrapper$DiagnosticSourceUnwrapper
instanceKlass com/sun/tools/javac/util/Log$1
instanceKlass  @bci com/sun/tools/javac/code/Lint suppressionsFrom (Lcom/sun/tools/javac/code/Attribute$Compound;)Ljava/util/EnumSet; 90 <appendix> member <vmtarget> ; # com/sun/tools/javac/code/Lint$$Lambda+0x000000002d281638
instanceKlass  @bci com/sun/tools/javac/code/Lint suppressionsFrom (Lcom/sun/tools/javac/code/Attribute$Compound;)Ljava/util/EnumSet; 76 <appendix> argL0 ; # com/sun/tools/javac/code/Lint$$Lambda+0x000000002d2813e0
instanceKlass  @bci com/sun/tools/javac/code/Lint suppressionsFrom (Lcom/sun/tools/javac/code/Attribute$Compound;)Ljava/util/EnumSet; 68 <appendix> argL0 ; # com/sun/tools/javac/code/Lint$$Lambda+0x000000002d281198
instanceKlass  @bci com/sun/tools/javac/code/Lint suppressionsFrom (Lcom/sun/tools/javac/code/Attribute$Compound;)Ljava/util/EnumSet; 60 <appendix> argL0 ; # com/sun/tools/javac/code/Lint$$Lambda+0x000000002d280f50
instanceKlass  @bci com/sun/tools/javac/code/Lint suppressionsFrom (Lcom/sun/tools/javac/code/Attribute$Compound;)Ljava/util/EnumSet; 52 <appendix> argL0 ; # com/sun/tools/javac/code/Lint$$Lambda+0x000000002d280cf8
instanceKlass com/sun/tools/javac/comp/TransTypes$MemberReferenceToLambda
instanceKlass com/sun/tools/javac/code/Type$5
instanceKlass java/util/stream/Streams
instanceKlass java/util/stream/Stream$Builder
instanceKlass java/util/stream/Streams$AbstractStreamBuilderImpl
instanceKlass com/sun/tools/javac/comp/ConstFold$1
instanceKlass  @bci com/sun/tools/javac/comp/LambdaToMethod visitLambda (Lcom/sun/tools/javac/tree/JCTree$JCLambda;)V 252 <appendix> member <vmtarget> ; # com/sun/tools/javac/comp/LambdaToMethod$$Lambda+0x000000002d280470
instanceKlass  @bci com/sun/tools/javac/comp/LambdaToMethod visitLambda (Lcom/sun/tools/javac/tree/JCTree$JCLambda;)V 241 <appendix> member <vmtarget> ; # com/sun/tools/javac/comp/LambdaToMethod$$Lambda+0x000000002d280230
instanceKlass  @bci com/sun/tools/javac/comp/LambdaToMethod visitLambda (Lcom/sun/tools/javac/tree/JCTree$JCLambda;)V 227 <appendix> member <vmtarget> ; # com/sun/tools/javac/comp/LambdaToMethod$$Lambda+0x000000002d280000
instanceKlass  @bci com/sun/tools/javac/comp/LambdaToMethod visitLambda (Lcom/sun/tools/javac/tree/JCTree$JCLambda;)V 188 <appendix> member <vmtarget> ; # com/sun/tools/javac/comp/LambdaToMethod$$Lambda+0x000000002d279c00
instanceKlass  @bci com/sun/tools/javac/comp/LambdaToMethod visitLambda (Lcom/sun/tools/javac/tree/JCTree$JCLambda;)V 162 <appendix> member <vmtarget> ; # com/sun/tools/javac/comp/LambdaToMethod$$Lambda+0x000000002d27bd08
instanceKlass  @bci com/sun/tools/javac/comp/LambdaToMethod visitLambda (Lcom/sun/tools/javac/tree/JCTree$JCLambda;)V 130 <appendix> member <vmtarget> ; # com/sun/tools/javac/comp/LambdaToMethod$$Lambda+0x000000002d27bad8
instanceKlass  @bci com/sun/tools/javac/comp/Attr attribClass (Lcom/sun/tools/javac/code/Symbol$ClassSymbol;)V 803 <appendix> member <vmtarget> ; # com/sun/tools/javac/comp/Attr$$Lambda+0x000000002d27b878
instanceKlass  @bci com/sun/tools/javac/comp/TransPatterns handleSwitch (Lcom/sun/tools/javac/tree/JCTree;Lcom/sun/tools/javac/tree/JCTree$JCExpression;Lcom/sun/tools/javac/util/List;ZZ)V 990 <appendix> argL0 ; # com/sun/tools/javac/comp/TransPatterns$$Lambda+0x000000002d27ab70
instanceKlass  @bci com/sun/tools/javac/comp/TransPatterns handleSwitch (Lcom/sun/tools/javac/tree/JCTree;Lcom/sun/tools/javac/tree/JCTree$JCExpression;Lcom/sun/tools/javac/util/List;ZZ)V 568 <appendix> argL0 ; # com/sun/tools/javac/comp/TransPatterns$$Lambda+0x000000002d27a948
instanceKlass  @bci com/sun/tools/javac/comp/TransPatterns handleSwitch (Lcom/sun/tools/javac/tree/JCTree;Lcom/sun/tools/javac/tree/JCTree$JCExpression;Lcom/sun/tools/javac/util/List;ZZ)V 558 <appendix> argL0 ; # com/sun/tools/javac/comp/TransPatterns$$Lambda+0x000000002d27a6f0
instanceKlass  @bci com/sun/tools/javac/comp/TransPatterns handleSwitch (Lcom/sun/tools/javac/tree/JCTree;Lcom/sun/tools/javac/tree/JCTree$JCExpression;Lcom/sun/tools/javac/util/List;ZZ)V 548 <appendix> member <vmtarget> ; # com/sun/tools/javac/comp/TransPatterns$$Lambda+0x000000002d27a4a0
instanceKlass  @bci com/sun/tools/javac/comp/TransPatterns handleSwitch (Lcom/sun/tools/javac/tree/JCTree;Lcom/sun/tools/javac/tree/JCTree$JCExpression;Lcom/sun/tools/javac/util/List;ZZ)V 535 <appendix> argL0 ; # com/sun/tools/javac/comp/TransPatterns$$Lambda+0x000000002d27a258
instanceKlass  @bci com/sun/tools/javac/comp/TransPatterns handleSwitch (Lcom/sun/tools/javac/tree/JCTree;Lcom/sun/tools/javac/tree/JCTree$JCExpression;Lcom/sun/tools/javac/util/List;ZZ)V 241 <appendix> argL0 ; # com/sun/tools/javac/comp/TransPatterns$$Lambda+0x000000002d27a000
instanceKlass  @bci com/sun/tools/javac/comp/TransPatterns handleSwitch (Lcom/sun/tools/javac/tree/JCTree;Lcom/sun/tools/javac/tree/JCTree$JCExpression;Lcom/sun/tools/javac/util/List;ZZ)V 231 <appendix> argL0 ; # com/sun/tools/javac/comp/TransPatterns$$Lambda+0x000000002d27fbe0
instanceKlass  @bci com/sun/tools/javac/comp/TransPatterns processCases (Lcom/sun/tools/javac/tree/JCTree;Lcom/sun/tools/javac/util/List;)Lcom/sun/tools/javac/util/List; 22 <appendix> member <vmtarget> ; # com/sun/tools/javac/comp/TransPatterns$$Lambda+0x000000002d27f9b0
instanceKlass com/sun/tools/javac/comp/TransPatterns$1AccummulatorResolver
instanceKlass  @bci com/sun/tools/javac/comp/TransPatterns handleSwitch (Lcom/sun/tools/javac/tree/JCTree;Lcom/sun/tools/javac/tree/JCTree$JCExpression;Lcom/sun/tools/javac/util/List;ZZ)V 82 <appendix> member <vmtarget> ; # com/sun/tools/javac/comp/TransPatterns$$Lambda+0x000000002d27f760
instanceKlass  @bci com/sun/tools/javac/tree/TreeInfo expectedExhaustive (Lcom/sun/tools/javac/tree/JCTree$JCSwitch;)Z 24 <appendix> argL0 ; # com/sun/tools/javac/tree/TreeInfo$$Lambda+0x000000002d27f508
instanceKlass  @bci com/sun/tools/javac/tree/TreeInfo expectedExhaustive (Lcom/sun/tools/javac/tree/JCTree$JCSwitch;)Z 14 <appendix> argL0 ; # com/sun/tools/javac/tree/TreeInfo$$Lambda+0x000000002d27f2c0
instanceKlass  @bci com/sun/tools/javac/comp/Flow$AliveAnalyzer reduceBindingPatterns (Lcom/sun/tools/javac/code/Type;Ljava/util/Set;)Ljava/util/Set; 330 <appendix> argL0 ; # com/sun/tools/javac/comp/Flow$AliveAnalyzer$$Lambda+0x000000002d27f068
instanceKlass  @bci com/sun/tools/javac/comp/Flow$AliveAnalyzer reduceBindingPatterns (Lcom/sun/tools/javac/code/Type;Ljava/util/Set;)Ljava/util/Set; 266 <appendix> member <vmtarget> ; # com/sun/tools/javac/comp/Flow$AliveAnalyzer$$Lambda+0x000000002d27ee08
instanceKlass  @bci com/sun/tools/javac/comp/Flow$AliveAnalyzer reduceBindingPatterns (Lcom/sun/tools/javac/code/Type;Ljava/util/Set;)Ljava/util/Set; 245 <appendix> member <vmtarget> ; # com/sun/tools/javac/comp/Flow$AliveAnalyzer$$Lambda+0x000000002d27eba8
instanceKlass  @bci com/sun/tools/javac/comp/Flow$AliveAnalyzer reduceBindingPatterns (Lcom/sun/tools/javac/code/Type;Ljava/util/Set;)Ljava/util/Set; 232 <appendix> member <vmtarget> ; # com/sun/tools/javac/comp/Flow$AliveAnalyzer$$Lambda+0x000000002d27e958
instanceKlass  @bci com/sun/tools/javac/comp/Attr visitSwitch (Lcom/sun/tools/javac/tree/JCTree$JCSwitch;)V 11 <appendix> member <vmtarget> ; # com/sun/tools/javac/comp/Attr$$Lambda+0x000000002d27e718
instanceKlass com/sun/tools/javac/code/Types$DisjointChecker
instanceKlass  @bci com/sun/tools/javac/comp/Check checkRedundantCast (Lcom/sun/tools/javac/comp/Env;Lcom/sun/tools/javac/tree/JCTree$JCTypeCast;)V 58 <appendix> member <vmtarget> ; # com/sun/tools/javac/comp/Check$$Lambda+0x000000002d27e2c8
instanceKlass com/sun/tools/javac/comp/DeferredAttr$5
instanceKlass  @bci com/sun/tools/javac/comp/Attr addBindings2Scope (Lcom/sun/tools/javac/tree/JCTree$JCStatement;Lcom/sun/tools/javac/util/List;)V 101 <appendix> argL0 ; # com/sun/tools/javac/comp/Attr$$Lambda+0x000000002d27d360
instanceKlass  @bci com/sun/tools/javac/comp/Attr addBindings2Scope (Lcom/sun/tools/javac/tree/JCTree$JCStatement;Lcom/sun/tools/javac/util/List;)V 92 <appendix> member <vmtarget> ; # com/sun/tools/javac/comp/Attr$$Lambda+0x000000002d27d120
instanceKlass java/lang/invoke/MethodHandleImpl$CountingWrapper$1
instanceKlass  @bci com/sun/tools/javac/tree/TreeInfo$PosKind <clinit> ()V 43 <appendix> argL0 ; # com/sun/tools/javac/tree/TreeInfo$PosKind$$Lambda+0x000000002d27c6a0
instanceKlass  @bci com/sun/tools/javac/tree/TreeInfo$PosKind <clinit> ()V 25 <appendix> argL0 ; # com/sun/tools/javac/tree/TreeInfo$PosKind$$Lambda+0x000000002d27c478
instanceKlass  @bci com/sun/tools/javac/tree/TreeInfo$PosKind <clinit> ()V 7 <appendix> argL0 ; # com/sun/tools/javac/tree/TreeInfo$PosKind$$Lambda+0x000000002d27c250
# instanceKlass java/lang/invoke/LambdaForm$MH+0x000000002d279800
instanceKlass  @bci com/sun/tools/javac/jvm/PoolConstant$Dynamic$PoolKey equals (Ljava/lang/Object;)Z 2 <appendix> form vmentry <vmtarget> ; # java/lang/invoke/LambdaForm$MH+0x000000002d279400
instanceKlass java/lang/classfile/CodeBuilder$1
instanceKlass  @bci com/sun/tools/javac/jvm/PoolConstant$Dynamic$PoolKey equals (Ljava/lang/Object;)Z 2 <appendix> argL1 form vmentry <vmtarget> ; # java/lang/invoke/LambdaForm$MH+0x000000002d279000
instanceKlass java/lang/ClassValue$Identity
instanceKlass java/lang/ClassValue$Entry
instanceKlass java/lang/ClassValue
instanceKlass java/lang/invoke/MethodHandleImpl$Makers$2
instanceKlass java/lang/invoke/MethodHandleImpl$Makers$1
instanceKlass java/lang/invoke/MethodHandleImpl$Makers
instanceKlass java/lang/invoke/MethodHandleImpl$CasesHolder
instanceKlass java/lang/invoke/MethodHandleImpl$LoopClauses
# instanceKlass java/lang/invoke/LambdaForm$MH+0x000000002d278c00
instanceKlass java/lang/invoke/LambdaFormEditor$1
# instanceKlass java/lang/invoke/LambdaForm$MH+0x000000002d278800
# instanceKlass java/lang/invoke/LambdaForm$MH+0x000000002d278000
instanceKlass com/sun/tools/javac/comp/LambdaToMethod$1
instanceKlass  @bci com/sun/tools/javac/comp/LambdaToMethod makeIndyCall (Lcom/sun/tools/javac/util/JCDiagnostic$DiagnosticPosition;Lcom/sun/tools/javac/code/Type;Lcom/sun/tools/javac/util/Name;Lcom/sun/tools/javac/util/List;Lcom/sun/tools/javac/code/Type$MethodType;Lcom/sun/tools/javac/util/List;Lcom/sun/tools/javac/util/Name;)Lcom/sun/tools/javac/tree/JCTree$JCExpression; 53 <appendix> member <vmtarget> ; # com/sun/tools/javac/comp/LambdaToMethod$$Lambda+0x000000002d271d50
instanceKlass  @bci com/sun/tools/javac/comp/LambdaToMethod visitLambda (Lcom/sun/tools/javac/tree/JCTree$JCLambda;)V 62 <appendix> member <vmtarget> ; # com/sun/tools/javac/comp/LambdaToMethod$$Lambda+0x000000002d271b10
instanceKlass  @bci com/sun/tools/javac/comp/LambdaToMethod visitLambda (Lcom/sun/tools/javac/tree/JCTree$JCLambda;)V 51 <appendix> member <vmtarget> ; # com/sun/tools/javac/comp/LambdaToMethod$$Lambda+0x000000002d2718d0
instanceKlass  @bci com/sun/tools/javac/comp/LambdaToMethod visitLambda (Lcom/sun/tools/javac/tree/JCTree$JCLambda;)V 39 <appendix> member <vmtarget> ; # com/sun/tools/javac/comp/LambdaToMethod$$Lambda+0x000000002d2716a0
instanceKlass  @bci com/sun/tools/javac/comp/LambdaToMethod$LambdaTranslationContext addSymbol (Lcom/sun/tools/javac/code/Symbol$VarSymbol;Lcom/sun/tools/javac/comp/LambdaToMethod$LambdaTranslationContext$LambdaSymbolKind;)Lcom/sun/tools/javac/code/Symbol$VarSymbol; 7 <appendix> member <vmtarget> ; # com/sun/tools/javac/comp/LambdaToMethod$LambdaTranslationContext$$Lambda+0x000000002d271450
instanceKlass com/sun/tools/javac/comp/LambdaToMethod$LambdaTranslationContext
instanceKlass com/sun/tools/javac/comp/LambdaToMethod$KlassInfo
instanceKlass  @bci com/sun/tools/javac/comp/Lower visitEnumSwitch (Lcom/sun/tools/javac/tree/JCTree;Lcom/sun/tools/javac/tree/JCTree$JCExpression;Lcom/sun/tools/javac/util/List;)Lcom/sun/tools/javac/tree/JCTree; 58 <appendix> argL0 ; # com/sun/tools/javac/comp/Lower$$Lambda+0x000000002d272700
instanceKlass com/sun/tools/javac/comp/Lower$RuntimeEnumMapping
instanceKlass  @bci com/sun/tools/javac/comp/Lower mapForEnum (Lcom/sun/tools/javac/util/JCDiagnostic$DiagnosticPosition;Lcom/sun/tools/javac/code/Symbol$TypeSymbol;)Lcom/sun/tools/javac/comp/Lower$EnumMapping; 40 <appendix> member <vmtarget> ; # com/sun/tools/javac/comp/Lower$$Lambda+0x000000002d272258
instanceKlass  @bci com/sun/tools/javac/comp/Lower addDefaultIfNeeded (ZZLcom/sun/tools/javac/util/List;)Lcom/sun/tools/javac/util/List; 14 <appendix> argL0 ; # com/sun/tools/javac/comp/Lower$$Lambda+0x000000002d272000
instanceKlass  @bci com/sun/tools/javac/comp/Lower addDefaultIfNeeded (ZZLcom/sun/tools/javac/util/List;)Lcom/sun/tools/javac/util/List; 4 <appendix> argL0 ; # com/sun/tools/javac/comp/Lower$$Lambda+0x000000002d277bd8
instanceKlass  @bci com/sun/tools/javac/comp/Lower visitMethodDefInternal (Lcom/sun/tools/javac/tree/JCTree$JCMethodDecl;)V 462 <appendix> member <vmtarget> ; # com/sun/tools/javac/comp/Lower$$Lambda+0x000000002d277988
instanceKlass  @bci com/sun/tools/javac/comp/Lower visitClassDef (Lcom/sun/tools/javac/tree/JCTree$JCClassDecl;)V 700 <appendix> member <vmtarget> ; # com/sun/tools/javac/comp/Lower$$Lambda+0x000000002d277738
instanceKlass  @bci com/sun/tools/javac/comp/TransPatterns$BasicBindingContext getBindingFor (Lcom/sun/tools/javac/code/Symbol$BindingSymbol;)Lcom/sun/tools/javac/code/Symbol$VarSymbol; 45 <appendix> argL0 ; # com/sun/tools/javac/comp/TransPatterns$BasicBindingContext$$Lambda+0x000000002d2774f0
instanceKlass  @bci com/sun/tools/javac/comp/TransPatterns$BasicBindingContext getBindingFor (Lcom/sun/tools/javac/code/Symbol$BindingSymbol;)Lcom/sun/tools/javac/code/Symbol$VarSymbol; 30 <appendix> member <vmtarget> ; # com/sun/tools/javac/comp/TransPatterns$BasicBindingContext$$Lambda+0x000000002d277290
instanceKlass com/sun/tools/javac/comp/TransPatterns$BindingContext
instanceKlass com/sun/tools/javac/comp/TransTypes$1
instanceKlass  @bci com/sun/tools/javac/comp/ArgumentAttr visitParens (Lcom/sun/tools/javac/tree/JCTree$JCParens;)V 4 <appendix> member <vmtarget> ; # com/sun/tools/javac/comp/ArgumentAttr$$Lambda+0x000000002d275ac0
instanceKlass com/sun/tools/javac/resources/CompilerProperties$LintWarnings
instanceKlass  @bci com/sun/tools/javac/comp/DeferredAttr$DeferredAttrNode$StructuralStuckChecker canLambdaBodyCompleteNormally (Lcom/sun/tools/javac/tree/JCTree$JCLambda;)Z 28 <appendix> member <vmtarget> ; # com/sun/tools/javac/comp/DeferredAttr$DeferredAttrNode$StructuralStuckChecker$$Lambda+0x000000002d274930
instanceKlass  @bci com/sun/tools/javac/comp/Flow$AliveAnalyzer removeCoveredRecordPatterns (Ljava/util/Set;)Ljava/util/Set; 16 <appendix> argL0 ; # com/sun/tools/javac/comp/Flow$AliveAnalyzer$$Lambda+0x000000002d2746e8
instanceKlass  @bci com/sun/tools/javac/comp/Flow$AliveAnalyzer removeCoveredRecordPatterns (Ljava/util/Set;)Ljava/util/Set; 6 <appendix> argL0 ; # com/sun/tools/javac/comp/Flow$AliveAnalyzer$$Lambda+0x000000002d274490
instanceKlass  @bci java/util/stream/Collectors mapMerger (Ljava/util/function/BinaryOperator;)Ljava/util/function/BinaryOperator; 1 <appendix> member <vmtarget> ; # java/util/stream/Collectors$$Lambda+0x000000002d136498
instanceKlass  @bci java/util/stream/Collectors groupingBy (Ljava/util/function/Function;Ljava/util/function/Supplier;Ljava/util/stream/Collector;)Ljava/util/stream/Collector; 19 <appendix> member <vmtarget> ; # java/util/stream/Collectors$$Lambda+0x000000002d136258
instanceKlass  @bci java/util/stream/Collectors groupingBy (Ljava/util/function/Function;Ljava/util/stream/Collector;)Ljava/util/stream/Collector; 1 <appendix> argL0 ; # java/util/stream/Collectors$$Lambda+0x000000002d136030
instanceKlass  @bci java/util/stream/Collectors toList ()Ljava/util/stream/Collector; 14 <appendix> argL0 ; # java/util/stream/Collectors$$Lambda+0x000000002d135de0
instanceKlass  @bci java/util/stream/Collectors toList ()Ljava/util/stream/Collector; 9 <appendix> argL0 ; # java/util/stream/Collectors$$Lambda+0x000000002d135ba8
instanceKlass  @bci java/util/stream/Collectors toList ()Ljava/util/stream/Collector; 4 <appendix> argL0 ; # java/util/stream/Collectors$$Lambda+0x000000002d135980
instanceKlass  @bci com/sun/tools/javac/comp/Flow$AliveAnalyzer reduceNestedPatterns (Ljava/util/Set;Z)Ljava/util/Set; 26 <appendix> argL0 ; # com/sun/tools/javac/comp/Flow$AliveAnalyzer$$Lambda+0x000000002d274248
instanceKlass  @bci com/sun/tools/javac/comp/Flow$AliveAnalyzer reduceNestedPatterns (Ljava/util/Set;Z)Ljava/util/Set; 16 <appendix> argL0 ; # com/sun/tools/javac/comp/Flow$AliveAnalyzer$$Lambda+0x000000002d274000
instanceKlass  @bci com/sun/tools/javac/comp/Flow$AliveAnalyzer reduceNestedPatterns (Ljava/util/Set;Z)Ljava/util/Set; 6 <appendix> argL0 ; # com/sun/tools/javac/comp/Flow$AliveAnalyzer$$Lambda+0x000000002d26fb88
instanceKlass  @bci com/sun/tools/javac/comp/Flow$AliveAnalyzer reduceBindingPatterns (Lcom/sun/tools/javac/code/Type;Ljava/util/Set;)Ljava/util/Set; 16 <appendix> argL0 ; # com/sun/tools/javac/comp/Flow$AliveAnalyzer$$Lambda+0x000000002d26f940
instanceKlass  @bci com/sun/tools/javac/comp/Flow$AliveAnalyzer reduceBindingPatterns (Lcom/sun/tools/javac/code/Type;Ljava/util/Set;)Ljava/util/Set; 6 <appendix> argL0 ; # com/sun/tools/javac/comp/Flow$AliveAnalyzer$$Lambda+0x000000002d26f6e8
instanceKlass java/util/HashMap$HashMapSpliterator
instanceKlass  @bci com/sun/tools/javac/comp/Flow$AliveAnalyzer lambda$exhausts$0 (Lcom/sun/tools/javac/code/Symbol;Lcom/sun/tools/javac/code/Symbol;)Ljava/util/Set; 29 <appendix> member <vmtarget> ; # com/sun/tools/javac/comp/Flow$AliveAnalyzer$$Lambda+0x000000002d26f290
instanceKlass  @bci com/sun/tools/javac/comp/Flow$AliveAnalyzer lambda$exhausts$0 (Lcom/sun/tools/javac/code/Symbol;Lcom/sun/tools/javac/code/Symbol;)Ljava/util/Set; 15 <appendix> argL0 ; # com/sun/tools/javac/comp/Flow$AliveAnalyzer$$Lambda+0x000000002d26f038
instanceKlass  @bci com/sun/tools/javac/comp/Flow$AliveAnalyzer exhausts (Lcom/sun/tools/javac/tree/JCTree$JCExpression;Lcom/sun/tools/javac/util/List;)Z 281 <appendix> member <vmtarget> ; # com/sun/tools/javac/comp/Flow$AliveAnalyzer$$Lambda+0x000000002d26ede8
instanceKlass  @bci com/sun/tools/javac/comp/Infer instantiateFunctionalInterface (Lcom/sun/tools/javac/util/JCDiagnostic$DiagnosticPosition;Lcom/sun/tools/javac/code/Type;Lcom/sun/tools/javac/util/List;Lcom/sun/tools/javac/comp/Check$CheckContext;)Lcom/sun/tools/javac/code/Type; 262 <appendix> member <vmtarget> ; # com/sun/tools/javac/comp/Infer$$Lambda+0x000000002d26eb88
instanceKlass  @bci com/sun/tools/javac/comp/InferenceContext instvars ()Lcom/sun/tools/javac/util/List; 1 <appendix> argL0 ; # com/sun/tools/javac/comp/InferenceContext$$Lambda+0x000000002d26e930
instanceKlass  @bci com/sun/tools/javac/comp/DeferredAttr$DeferredAttrContext buildStuckGraph ()Lcom/sun/tools/javac/util/List; 67 <appendix> member <vmtarget> ; # com/sun/tools/javac/comp/DeferredAttr$DeferredAttrContext$$Lambda+0x000000002d26e490
instanceKlass  @bci com/sun/tools/javac/comp/Attr checkAccessibleTypes (Lcom/sun/tools/javac/util/JCDiagnostic$DiagnosticPosition;Lcom/sun/tools/javac/comp/Env;Lcom/sun/tools/javac/comp/InferenceContext;Lcom/sun/tools/javac/util/List;)V 17 <appendix> member <vmtarget> ; # com/sun/tools/javac/comp/Attr$$Lambda+0x000000002d26db80
instanceKlass  @bci com/sun/tools/javac/comp/Attr check (Lcom/sun/tools/javac/tree/JCTree;Lcom/sun/tools/javac/code/Type;Lcom/sun/tools/javac/code/Kinds$KindSelector;Lcom/sun/tools/javac/comp/Attr$ResultInfo;)Lcom/sun/tools/javac/code/Type; 163 <appendix> member <vmtarget> ; # com/sun/tools/javac/comp/Attr$$Lambda+0x000000002d26d950
instanceKlass java/util/stream/ReduceOps$2ReducingSink
instanceKlass  @bci com/sun/tools/javac/comp/Resolve$ReferenceLookupResult staticKind (Lcom/sun/tools/javac/code/Symbol;Lcom/sun/tools/javac/comp/Resolve$MethodResolutionContext;Z)Lcom/sun/tools/javac/comp/Resolve$ReferenceLookupResult$StaticKind; 67 <appendix> argL0 ; # com/sun/tools/javac/comp/Resolve$ReferenceLookupResult$$Lambda+0x000000002d26d700
instanceKlass  @bci com/sun/tools/javac/comp/Resolve$ReferenceLookupResult staticKind (Lcom/sun/tools/javac/code/Symbol;Lcom/sun/tools/javac/comp/Resolve$MethodResolutionContext;Z)Lcom/sun/tools/javac/comp/Resolve$ReferenceLookupResult$StaticKind; 57 <appendix> argL0 ; # com/sun/tools/javac/comp/Resolve$ReferenceLookupResult$$Lambda+0x000000002d26d4b8
instanceKlass  @bci com/sun/tools/javac/comp/Resolve$ReferenceLookupResult staticKind (Lcom/sun/tools/javac/code/Symbol;Lcom/sun/tools/javac/comp/Resolve$MethodResolutionContext;Z)Lcom/sun/tools/javac/comp/Resolve$ReferenceLookupResult$StaticKind; 47 <appendix> member <vmtarget> ; # com/sun/tools/javac/comp/Resolve$ReferenceLookupResult$$Lambda+0x000000002d26d258
instanceKlass  @bci com/sun/tools/javac/comp/Attr setFunctionalInfo (Lcom/sun/tools/javac/comp/Env;Lcom/sun/tools/javac/tree/JCTree$JCFunctionalExpression;Lcom/sun/tools/javac/code/Type;Lcom/sun/tools/javac/code/Type;Lcom/sun/tools/javac/code/Type;Lcom/sun/tools/javac/comp/Check$CheckContext;)V 38 <appendix> form vmentry <vmtarget> ; # java/lang/invoke/LambdaForm$DMH+0x000000002d270400
instanceKlass  @bci com/sun/tools/javac/comp/Attr setFunctionalInfo (Lcom/sun/tools/javac/comp/Env;Lcom/sun/tools/javac/tree/JCTree$JCFunctionalExpression;Lcom/sun/tools/javac/code/Type;Lcom/sun/tools/javac/code/Type;Lcom/sun/tools/javac/code/Type;Lcom/sun/tools/javac/comp/Check$CheckContext;)V 38 <appendix> member <vmtarget> ; # com/sun/tools/javac/comp/Attr$$Lambda+0x000000002d26d028
instanceKlass  @cpi com/sun/tools/javac/comp/Attr 5434 form vmentry <vmtarget> ; # java/lang/invoke/LambdaForm$DMH+0x000000002d270000
instanceKlass  @bci com/sun/tools/javac/comp/Attr handleSwitch (Lcom/sun/tools/javac/tree/JCTree;Lcom/sun/tools/javac/tree/JCTree$JCExpression;Lcom/sun/tools/javac/util/List;Ljava/util/function/BiConsumer;)V 230 <appendix> argL0 ; # com/sun/tools/javac/comp/Attr$$Lambda+0x000000002d26cdd0
instanceKlass  @bci com/sun/tools/javac/comp/Attr handleSwitch (Lcom/sun/tools/javac/tree/JCTree;Lcom/sun/tools/javac/tree/JCTree$JCExpression;Lcom/sun/tools/javac/util/List;Ljava/util/function/BiConsumer;)V 220 <appendix> argL0 ; # com/sun/tools/javac/comp/Attr$$Lambda+0x000000002d26cb88
instanceKlass  @bci com/sun/tools/javac/comp/Attr visitSwitchExpression (Lcom/sun/tools/javac/tree/JCTree$JCSwitchExpression;)V 178 <appendix> member <vmtarget> ; # com/sun/tools/javac/comp/Attr$$Lambda+0x000000002d26c948
instanceKlass  @bci com/sun/tools/javac/comp/ArgumentAttr visitConditional (Lcom/sun/tools/javac/tree/JCTree$JCConditional;)V 4 <appendix> member <vmtarget> ; # com/sun/tools/javac/comp/ArgumentAttr$$Lambda+0x000000002d26bf08
instanceKlass com/sun/tools/javac/util/StringUtils
instanceKlass com/sun/tools/javac/code/DeferredCompletionFailureHandler$DeferredCompleter
instanceKlass com/sun/tools/javac/code/TypeAnnotationPosition$TypePathEntry
instanceKlass  @bci com/sun/tools/javac/comp/TypeEnter$AnonClassConstructorHelper superArgs ()Lcom/sun/tools/javac/util/List; 34 <appendix> argL0 ; # com/sun/tools/javac/comp/TypeEnter$AnonClassConstructorHelper$$Lambda+0x000000002d269900
instanceKlass com/sun/tools/javac/comp/DeferredAttr$DeferredAttrNode
instanceKlass  @bci com/sun/tools/javac/comp/Attr checkExConstraints (Lcom/sun/tools/javac/util/List;Lcom/sun/tools/javac/util/List;Lcom/sun/tools/javac/comp/InferenceContext;)Z 227 <appendix> argL0 ; # com/sun/tools/javac/comp/Attr$$Lambda+0x000000002d268958
instanceKlass  @bci com/sun/tools/javac/comp/Attr checkExConstraints (Lcom/sun/tools/javac/util/List;Lcom/sun/tools/javac/util/List;Lcom/sun/tools/javac/comp/InferenceContext;)Z 217 <appendix> argL0 ; # com/sun/tools/javac/comp/Attr$$Lambda+0x000000002d268700
instanceKlass  @bci com/sun/tools/javac/comp/Attr checkExConstraints (Lcom/sun/tools/javac/util/List;Lcom/sun/tools/javac/util/List;Lcom/sun/tools/javac/comp/InferenceContext;)Z 204 <appendix> member <vmtarget> ; # com/sun/tools/javac/comp/Attr$$Lambda+0x000000002d2684c0
instanceKlass  @bci com/sun/tools/javac/comp/Attr checkExConstraints (Lcom/sun/tools/javac/util/List;Lcom/sun/tools/javac/util/List;Lcom/sun/tools/javac/comp/InferenceContext;)Z 41 <appendix> member <vmtarget> ; # com/sun/tools/javac/comp/Attr$$Lambda+0x000000002d268260
instanceKlass  @bci com/sun/tools/javac/comp/Attr checkExConstraints (Lcom/sun/tools/javac/util/List;Lcom/sun/tools/javac/util/List;Lcom/sun/tools/javac/comp/InferenceContext;)Z 5 <appendix> member <vmtarget> ; # com/sun/tools/javac/comp/Attr$$Lambda+0x000000002d268000
instanceKlass  @bci com/sun/tools/javac/code/Types$DescriptorCache findDescriptorInternal (Lcom/sun/tools/javac/code/Symbol$TypeSymbol;Lcom/sun/tools/javac/code/Scope$CompoundScope;)Lcom/sun/tools/javac/code/Types$DescriptorCache$FunctionDescriptor; 207 <appendix> member <vmtarget> ; # com/sun/tools/javac/code/Types$DescriptorCache$$Lambda+0x000000002d260400
instanceKlass  @bci com/sun/tools/javac/code/Types$DescriptorCache findDescriptorInternal (Lcom/sun/tools/javac/code/Symbol$TypeSymbol;Lcom/sun/tools/javac/code/Scope$CompoundScope;)Lcom/sun/tools/javac/code/Types$DescriptorCache$FunctionDescriptor; 194 <appendix> member <vmtarget> ; # com/sun/tools/javac/code/Types$DescriptorCache$$Lambda+0x000000002d260c80
instanceKlass  @bci com/sun/tools/javac/code/Types$DescriptorCache findDescriptorInternal (Lcom/sun/tools/javac/code/Symbol$TypeSymbol;Lcom/sun/tools/javac/code/Scope$CompoundScope;)Lcom/sun/tools/javac/code/Types$DescriptorCache$FunctionDescriptor; 182 <appendix> member <vmtarget> ; # com/sun/tools/javac/code/Types$DescriptorCache$$Lambda+0x000000002d260a20
instanceKlass com/sun/tools/javac/comp/DeferredAttr$DeferredType$SpeculativeCache$Entry
instanceKlass  @bci com/sun/tools/javac/comp/ArgumentAttr$ExplicitLambdaType returnExpressions ()Lcom/sun/tools/javac/util/List; 5 <appendix> member <vmtarget> ; # com/sun/tools/javac/comp/ArgumentAttr$ExplicitLambdaType$$Lambda+0x000000002d261000
instanceKlass com/sun/tools/javac/comp/ArgumentAttr$2
instanceKlass com/sun/tools/javac/comp/Attr$TargetInfo
instanceKlass  @bci com/sun/tools/javac/comp/ArgumentAttr$ExplicitLambdaType argtypes ()Lcom/sun/tools/javac/util/List; 5 <appendix> member <vmtarget> ; # com/sun/tools/javac/comp/ArgumentAttr$ExplicitLambdaType$$Lambda+0x000000002d2638e8
instanceKlass  @bci com/sun/tools/javac/code/Types removeWildcards (Lcom/sun/tools/javac/code/Type;)Lcom/sun/tools/javac/code/Type; 7 <appendix> argL0 ; # com/sun/tools/javac/code/Types$$Lambda+0x000000002d263690
instanceKlass com/sun/tools/javac/code/Types$DescriptorCache$Entry
instanceKlass com/sun/tools/javac/code/Types$DescriptorCache$FunctionDescriptor
instanceKlass  @bci com/sun/tools/javac/comp/DeferredAttr attribSpeculativeLambda (Lcom/sun/tools/javac/tree/JCTree$JCLambda;Lcom/sun/tools/javac/comp/Env;Lcom/sun/tools/javac/comp/Attr$ResultInfo;)Lcom/sun/tools/javac/tree/JCTree$JCLambda; 142 <appendix> argL0 ; # com/sun/tools/javac/comp/DeferredAttr$$Lambda+0x000000002d267c48
instanceKlass  @bci com/sun/tools/javac/comp/DeferredAttr attribSpeculativeLambda (Lcom/sun/tools/javac/tree/JCTree$JCLambda;Lcom/sun/tools/javac/comp/Env;Lcom/sun/tools/javac/comp/Attr$ResultInfo;)Lcom/sun/tools/javac/tree/JCTree$JCLambda; 132 <appendix> argL0 ; # com/sun/tools/javac/comp/DeferredAttr$$Lambda+0x000000002d2679f0
instanceKlass  @bci com/sun/tools/javac/comp/ArgumentAttr visitLambda (Lcom/sun/tools/javac/tree/JCTree$JCLambda;)V 14 <appendix> member <vmtarget> ; # com/sun/tools/javac/comp/ArgumentAttr$$Lambda+0x000000002d267370
instanceKlass  @bci com/sun/tools/javac/code/Symtab getClassField (Lcom/sun/tools/javac/code/Type;Lcom/sun/tools/javac/code/Types;)Lcom/sun/tools/javac/code/Symbol$VarSymbol; 16 <appendix> member <vmtarget> ; # com/sun/tools/javac/code/Symtab$$Lambda+0x000000002d266ba8
instanceKlass  @bci com/sun/tools/javac/comp/Lower visitMethodDefInternal (Lcom/sun/tools/javac/tree/JCTree$JCMethodDecl;)V 662 <appendix> member <vmtarget> ; # com/sun/tools/javac/comp/Lower$$Lambda+0x000000002d266948
instanceKlass  @bci com/sun/tools/javac/comp/Lower generateRecordMethod (Lcom/sun/tools/javac/tree/JCTree$JCClassDecl;Lcom/sun/tools/javac/util/Name;Lcom/sun/tools/javac/util/List;[Lcom/sun/tools/javac/code/Symbol$MethodHandleSymbol;)Lcom/sun/tools/javac/tree/JCTree; 117 <appendix> argL0 ; # com/sun/tools/javac/comp/Lower$$Lambda+0x000000002d266700
instanceKlass  @bci com/sun/tools/javac/comp/Lower lambda$generateMandatedAccessors$1 (Lcom/sun/tools/javac/util/List;Lcom/sun/tools/javac/tree/JCTree$JCClassDecl;Lcom/sun/tools/javac/code/Symbol$RecordComponent;)Lcom/sun/tools/javac/tree/JCTree$JCMethodDecl; 5 <appendix> member <vmtarget> ; # com/sun/tools/javac/comp/Lower$$Lambda+0x000000002d2664a0
instanceKlass  @bci com/sun/tools/javac/comp/Lower generateMandatedAccessors (Lcom/sun/tools/javac/tree/JCTree$JCClassDecl;)Lcom/sun/tools/javac/util/List; 28 <appendix> member <vmtarget> ; # com/sun/tools/javac/comp/Lower$$Lambda+0x000000002d266250
instanceKlass  @bci com/sun/tools/javac/comp/Lower generateMandatedAccessors (Lcom/sun/tools/javac/tree/JCTree$JCClassDecl;)Lcom/sun/tools/javac/util/List; 15 <appendix> argL0 ; # com/sun/tools/javac/comp/Lower$$Lambda+0x000000002d265ff8
instanceKlass  @bci com/sun/tools/javac/comp/Lower recordVars (Lcom/sun/tools/javac/code/Type;)Lcom/sun/tools/javac/util/List; 31 <appendix> argL0 ; # com/sun/tools/javac/comp/Lower$$Lambda+0x000000002d265ba0
instanceKlass  @bci com/sun/tools/javac/comp/Attr isNonArgsMethodInObject (Lcom/sun/tools/javac/util/Name;)Z 14 <appendix> argL0 ; # com/sun/tools/javac/comp/Attr$$Lambda+0x000000002d265948
instanceKlass  @bci com/sun/tools/javac/comp/Attr visitMethodDef (Lcom/sun/tools/javac/tree/JCTree$JCMethodDecl;)V 1930 <appendix> argL0 ; # com/sun/tools/javac/comp/Attr$$Lambda+0x000000002d265700
instanceKlass  @bci com/sun/tools/javac/comp/Attr visitMethodDef (Lcom/sun/tools/javac/tree/JCTree$JCMethodDecl;)V 1913 <appendix> argL0 ; # com/sun/tools/javac/comp/Attr$$Lambda+0x000000002d2654b8
instanceKlass  @bci com/sun/tools/javac/comp/Attr visitMethodDef (Lcom/sun/tools/javac/tree/JCTree$JCMethodDecl;)V 1187 <appendix> argL0 ; # com/sun/tools/javac/comp/Attr$$Lambda+0x000000002d265270
instanceKlass  @bci com/sun/tools/javac/comp/Attr visitMethodDef (Lcom/sun/tools/javac/tree/JCTree$JCMethodDecl;)V 631 <appendix> member <vmtarget> ; # com/sun/tools/javac/comp/Attr$$Lambda+0x000000002d265010
instanceKlass  @bci com/sun/tools/javac/comp/Check checkOverride (Lcom/sun/tools/javac/comp/Env;Lcom/sun/tools/javac/tree/JCTree$JCMethodDecl;Lcom/sun/tools/javac/code/Symbol$MethodSymbol;)V 100 <appendix> member <vmtarget> ; # com/sun/tools/javac/comp/Check$$Lambda+0x000000002d264db0
instanceKlass  @bci com/sun/tools/javac/comp/Check checkOverride (Lcom/sun/tools/javac/tree/JCTree;Lcom/sun/tools/javac/code/Symbol$MethodSymbol;Lcom/sun/tools/javac/code/Symbol$MethodSymbol;Lcom/sun/tools/javac/code/Symbol$ClassSymbol;)V 812 <appendix> member <vmtarget> ; # com/sun/tools/javac/comp/Check$$Lambda+0x000000002d264b80
instanceKlass  @bci com/sun/tools/javac/tree/TreeInfo mapSuperCalls (Lcom/sun/tools/javac/tree/JCTree$JCBlock;Ljava/util/function/Function;)V 13 <appendix> member <vmtarget> ; # com/sun/tools/javac/tree/TreeInfo$$Lambda+0x000000002d264930
instanceKlass  @bci com/sun/tools/javac/jvm/Gen normalizeMethod (Lcom/sun/tools/javac/tree/JCTree$JCMethodDecl;Lcom/sun/tools/javac/util/List;Lcom/sun/tools/javac/util/List;)V 27 <appendix> member <vmtarget> ; # com/sun/tools/javac/jvm/Gen$$Lambda+0x000000002d264258
instanceKlass  @bci com/sun/tools/javac/jvm/ClassWriter requiresParamFlags (Lcom/sun/tools/javac/code/Symbol$MethodSymbol;)Z 17 <appendix> argL0 ; # com/sun/tools/javac/jvm/ClassWriter$$Lambda+0x000000002d264000
instanceKlass  @bci com/sun/tools/javac/jvm/Items$StaticItem store ()V 14 <appendix> argL0 ; # com/sun/tools/javac/jvm/Items$StaticItem$$Lambda+0x000000002d259d10
instanceKlass  @bci com/sun/tools/javac/jvm/Items$StaticItem load ()Lcom/sun/tools/javac/jvm/Items$Item; 14 <appendix> argL0 ; # com/sun/tools/javac/jvm/Items$StaticItem$$Lambda+0x000000002d259ae8
instanceKlass  @bci com/sun/tools/javac/comp/Check checkType (Lcom/sun/tools/javac/util/JCDiagnostic$DiagnosticPosition;Lcom/sun/tools/javac/code/Type;Lcom/sun/tools/javac/code/Type;Lcom/sun/tools/javac/comp/Check$CheckContext;)Lcom/sun/tools/javac/code/Type; 40 <appendix> member <vmtarget> ; # com/sun/tools/javac/comp/Check$$Lambda+0x000000002d2598b8
instanceKlass  @cpi com/sun/tools/javac/comp/Check 4330 form vmentry <vmtarget> ; # java/lang/invoke/LambdaForm$DMH+0x000000002d260000
instanceKlass  @bci com/sun/tools/javac/comp/Attr visitClassDef (Lcom/sun/tools/javac/tree/JCTree$JCClassDecl;)V 198 <appendix> argL0 ; # com/sun/tools/javac/comp/Attr$$Lambda+0x000000002d259680
instanceKlass  @bci com/sun/tools/javac/jvm/PoolConstant$Dynamic$BsmKey <init> (Lcom/sun/tools/javac/code/Types;Lcom/sun/tools/javac/jvm/PoolConstant$LoadableConstant;[Lcom/sun/tools/javac/jvm/PoolConstant$LoadableConstant;)V 31 <appendix> member <vmtarget> ; # com/sun/tools/javac/jvm/PoolConstant$Dynamic$BsmKey$$Lambda+0x000000002d259430
instanceKlass com/sun/tools/javac/jvm/PoolConstant$Dynamic$BsmKey
instanceKlass  @bci com/sun/tools/javac/jvm/Items$MemberItem load ()Lcom/sun/tools/javac/jvm/Items$Item; 14 <appendix> argL0 ; # com/sun/tools/javac/jvm/Items$MemberItem$$Lambda+0x000000002d25b378
instanceKlass  @bci com/sun/tools/javac/jvm/Gen visitTypeCast (Lcom/sun/tools/javac/tree/JCTree$JCTypeCast;)V 116 <appendix> argL0 ; # com/sun/tools/javac/jvm/Gen$$Lambda+0x000000002d25b150
instanceKlass  @bci com/sun/tools/javac/jvm/Gen visitNewClass (Lcom/sun/tools/javac/tree/JCTree$JCNewClass;)V 49 <appendix> argL0 ; # com/sun/tools/javac/jvm/Gen$$Lambda+0x000000002d25af28
instanceKlass  @bci com/sun/tools/javac/jvm/Items$MemberItem store ()V 14 <appendix> argL0 ; # com/sun/tools/javac/jvm/Items$MemberItem$$Lambda+0x000000002d25ad00
instanceKlass java/util/function/ToIntBiFunction
instanceKlass com/sun/tools/javac/tree/TreeInfo$1
instanceKlass com/sun/tools/javac/code/Kinds$1
instanceKlass com/sun/tools/javac/code/Kinds
instanceKlass com/sun/tools/javac/code/Types$MethodFilter
instanceKlass com/sun/tools/javac/code/Types$CandidatesCache$Entry
instanceKlass com/sun/tools/javac/code/Types$DescriptorFilter
instanceKlass com/sun/tools/javac/comp/Resolve$MostSpecificCheck
instanceKlass java/util/EnumMap$EntryIterator$Entry
instanceKlass java/util/EnumMap$EnumMapIterator
instanceKlass  @bci com/sun/tools/javac/code/Type$UndetVar substBounds (Lcom/sun/tools/javac/util/List;Lcom/sun/tools/javac/util/List;Lcom/sun/tools/javac/code/Types;)V 19 <appendix> member <vmtarget> ; # com/sun/tools/javac/code/Type$UndetVar$$Lambda+0x000000002d25e550
instanceKlass  @cpi com/sun/tools/javac/code/Type$UndetVar 405 form vmentry <vmtarget> ; # java/lang/invoke/LambdaForm$DMH+0x000000002d258c00
instanceKlass com/sun/tools/javac/comp/Infer$BoundFilter
instanceKlass com/sun/tools/javac/util/GraphUtils$Tarjan
instanceKlass com/sun/tools/javac/util/GraphUtils
instanceKlass com/sun/tools/javac/util/GraphUtils$AbstractNode
instanceKlass com/sun/tools/javac/util/GraphUtils$DottableNode
instanceKlass com/sun/tools/javac/util/GraphUtils$Node
instanceKlass  @bci com/sun/tools/javac/comp/InferenceContext restvars ()Lcom/sun/tools/javac/util/List; 1 <appendix> argL0 ; # com/sun/tools/javac/comp/InferenceContext$$Lambda+0x000000002d25c240
instanceKlass com/sun/tools/javac/comp/Infer$GraphSolver$InferenceGraph
instanceKlass  @bci com/sun/tools/javac/code/Types closureCollector (ZLjava/util/function/BiPredicate;)Ljava/util/stream/Collector; 18 <appendix> argL0 ; # com/sun/tools/javac/code/Types$$Lambda+0x000000002d257c58
instanceKlass  @bci com/sun/tools/javac/code/Types closureCollector (ZLjava/util/function/BiPredicate;)Ljava/util/stream/Collector; 13 <appendix> argL0 ; # com/sun/tools/javac/code/Types$$Lambda+0x000000002d257a08
instanceKlass  @bci com/sun/tools/javac/code/Types closureCollector (ZLjava/util/function/BiPredicate;)Ljava/util/stream/Collector; 8 <appendix> argL0 ; # com/sun/tools/javac/code/Types$$Lambda+0x000000002d2577d0
instanceKlass  @bci com/sun/tools/javac/code/Types closureCollector (ZLjava/util/function/BiPredicate;)Ljava/util/stream/Collector; 3 <adapter> ; # java/lang/invoke/LambdaForm$MH+0x000000002d258800
instanceKlass  @bci com/sun/tools/javac/code/Types closureCollector (ZLjava/util/function/BiPredicate;)Ljava/util/stream/Collector; 3 <appendix> form vmentry <vmtarget> ; # java/lang/invoke/LambdaForm$DMH+0x000000002d258400
instanceKlass  @bci com/sun/tools/javac/code/Types closureCollector (ZLjava/util/function/BiPredicate;)Ljava/util/stream/Collector; 3 <appendix> member <vmtarget> ; # com/sun/tools/javac/code/Types$$Lambda+0x000000002d2575a0
instanceKlass com/sun/tools/javac/code/Types$ClosureHolder
instanceKlass  @bci com/sun/tools/javac/comp/Infer$CheckUpperBounds apply (Lcom/sun/tools/javac/comp/InferenceContext;Lcom/sun/tools/javac/util/Warner;)V 40 <appendix> member <vmtarget> ; # com/sun/tools/javac/comp/Infer$CheckUpperBounds$$Lambda+0x000000002d257110
instanceKlass  @cpi com/sun/tools/javac/comp/Infer$CheckUpperBounds 177 form vmentry <vmtarget> ; # java/lang/invoke/LambdaForm$DMH+0x000000002d258000
instanceKlass com/sun/tools/javac/comp/Infer$GraphSolver
instanceKlass com/sun/tools/javac/comp/Infer$LeafSolver
instanceKlass  @bci com/sun/tools/javac/comp/InferenceContext boundedVars ()Lcom/sun/tools/javac/util/List; 1 <appendix> argL0 ; # com/sun/tools/javac/comp/InferenceContext$$Lambda+0x000000002d256a50
instanceKlass  @bci java/util/ArrayDeque copyElements (Ljava/util/Collection;)V 2 <appendix> member <vmtarget> ; # java/util/ArrayDeque$$Lambda+0x000000002d134890
instanceKlass  @bci com/sun/tools/javac/comp/Infer$CheckBounds <init> (Lcom/sun/tools/javac/comp/Infer;Lcom/sun/tools/javac/code/Type$UndetVar;Lcom/sun/tools/javac/code/Type;Lcom/sun/tools/javac/code/Type$UndetVar$InferenceBound;)V 4 <appendix> argL0 ; # com/sun/tools/javac/comp/Infer$CheckBounds$$Lambda+0x000000002d256388
instanceKlass com/sun/tools/javac/comp/Infer$IncorporationAction
instanceKlass  @bci com/sun/tools/javac/comp/DeferredAttr$FilterScanner <init> (Ljava/util/Set;)V 6 <appendix> member <vmtarget> ; # com/sun/tools/javac/comp/DeferredAttr$FilterScanner$$Lambda+0x000000002d2545e8
instanceKlass com/sun/tools/javac/comp/Infer$FreeTypeListener
instanceKlass com/sun/tools/javac/comp/Resolve$19
instanceKlass  @bci com/sun/tools/javac/util/JCDiagnostic$Factory normalize (Lcom/sun/tools/javac/util/JCDiagnostic$DiagnosticInfo;)Lcom/sun/tools/javac/util/JCDiagnostic$DiagnosticInfo; 42 <appendix> member <vmtarget> ; # com/sun/tools/javac/util/JCDiagnostic$Factory$$Lambda+0x000000002d2521e0
instanceKlass com/sun/tools/javac/comp/DeferredAttr$DeferredType$SpeculativeCache
instanceKlass  @bci com/sun/tools/javac/comp/ArgumentAttr processArg (Lcom/sun/tools/javac/tree/JCTree$JCExpression;Ljava/util/function/Function;)V 16 <appendix> member <vmtarget> ; # com/sun/tools/javac/comp/ArgumentAttr$$Lambda+0x000000002d251930
instanceKlass com/sun/tools/javac/comp/ArgumentAttr$UniquePos
instanceKlass  @bci com/sun/tools/javac/comp/ArgumentAttr visitApply (Lcom/sun/tools/javac/tree/JCTree$JCMethodInvocation;)V 14 <appendix> member <vmtarget> ; # com/sun/tools/javac/comp/ArgumentAttr$$Lambda+0x000000002d2514c8
instanceKlass com/sun/tools/javac/code/Types$TypePair
instanceKlass sun/nio/fs/WindowsUriSupport
instanceKlass  @bci com/sun/tools/javac/jvm/ClassWriter requiresParamFlags (Lcom/sun/tools/javac/code/Symbol$MethodSymbol;)Z 42 <appendix> argL0 ; # com/sun/tools/javac/jvm/ClassWriter$$Lambda+0x000000002d250ae0
instanceKlass com/sun/tools/javac/jvm/ClassWriter$1
instanceKlass java/nio/file/Path$1
instanceKlass com/sun/tools/javac/jvm/ClassWriter$StackMapTableFrame
instanceKlass com/sun/tools/javac/jvm/Code$StackMapFrame
instanceKlass com/sun/tools/javac/jvm/PoolConstant$LoadableConstant$BasicConstant
instanceKlass com/sun/tools/javac/jvm/Code$Chain
instanceKlass com/sun/tools/javac/jvm/PoolWriter$1
instanceKlass com/sun/tools/javac/jvm/PoolConstant$NameAndType
instanceKlass com/sun/tools/javac/code/Types$UniqueType
instanceKlass  @bci com/sun/tools/javac/model/FilteredMemberList iterator ()Ljava/util/Iterator; 4 <appendix> argL0 ; # com/sun/tools/javac/model/FilteredMemberList$$Lambda+0x000000002d24ec50
instanceKlass com/sun/tools/javac/jvm/Code$LocalVar$Range
instanceKlass com/sun/tools/javac/jvm/Items
instanceKlass com/sun/tools/javac/jvm/Code$LocalVar
instanceKlass com/sun/tools/javac/jvm/Code$State
instanceKlass com/sun/tools/javac/jvm/Gen$GenContext
instanceKlass com/sun/tools/javac/jvm/Gen$3
instanceKlass com/sun/tools/javac/comp/Lower$4
instanceKlass  @bci com/sun/tools/javac/comp/Lower visitApply (Lcom/sun/tools/javac/tree/JCTree$JCMethodInvocation;)V 581 <appendix> argL0 ; # com/sun/tools/javac/comp/Lower$$Lambda+0x000000002d24b510
instanceKlass  @bci com/sun/tools/javac/comp/Flow$FlowAnalyzer visitApply (Lcom/sun/tools/javac/tree/JCTree$JCMethodInvocation;)V 81 <appendix> member <vmtarget> ; # com/sun/tools/javac/comp/Flow$FlowAnalyzer$$Lambda+0x000000002d249e98
instanceKlass  @bci com/sun/tools/javac/comp/Flow$FlowAnalyzer visitClassDef (Lcom/sun/tools/javac/tree/JCTree$JCClassDecl;)V 176 <appendix> member <vmtarget> ; # com/sun/tools/javac/comp/Flow$FlowAnalyzer$$Lambda+0x000000002d249c58
instanceKlass com/sun/tools/javac/comp/Flow$1
instanceKlass  @bci com/sun/tools/javac/comp/Flow$AssignAnalyzer visitApply (Lcom/sun/tools/javac/tree/JCTree$JCMethodInvocation;)V 52 <appendix> member <vmtarget> ; # com/sun/tools/javac/comp/Flow$AssignAnalyzer$$Lambda+0x000000002d249140
instanceKlass  @bci com/sun/tools/javac/comp/Flow$AssignAnalyzer visitClassDef (Lcom/sun/tools/javac/tree/JCTree$JCClassDecl;)V 195 <appendix> member <vmtarget> ; # com/sun/tools/javac/comp/Flow$AssignAnalyzer$$Lambda+0x000000002d248f00
instanceKlass com/sun/tools/javac/util/Bits
instanceKlass  @bci com/sun/tools/javac/comp/Flow$AliveAnalyzer visitClassDef (Lcom/sun/tools/javac/tree/JCTree$JCClassDecl;)V 128 <appendix> member <vmtarget> ; # com/sun/tools/javac/comp/Flow$AliveAnalyzer$$Lambda+0x000000002d246490
instanceKlass  @bci com/sun/tools/javac/comp/Flow$AliveAnalyzer visitClassDef (Lcom/sun/tools/javac/tree/JCTree$JCClassDecl;)V 116 <appendix> member <vmtarget> ; # com/sun/tools/javac/comp/Flow$AliveAnalyzer$$Lambda+0x000000002d246250
instanceKlass  @bci com/sun/tools/javac/comp/Attr condType (Lcom/sun/tools/javac/util/List;Lcom/sun/tools/javac/util/List;)Lcom/sun/tools/javac/code/Type; 32 <appendix> member <vmtarget> ; # com/sun/tools/javac/comp/Attr$$Lambda+0x000000002d245b88
instanceKlass  @bci com/sun/tools/javac/code/DeferredCompletionFailureHandler$2 uninstall ()V 9 <appendix> argL0 ; # com/sun/tools/javac/code/DeferredCompletionFailureHandler$2$$Lambda+0x000000002d2454f0
instanceKlass com/sun/tools/javac/comp/Annotate$Queues
instanceKlass  @bci com/sun/tools/javac/util/Log$DeferredDiagnosticHandler <init> (Lcom/sun/tools/javac/util/Log;Ljava/util/function/Predicate;Z)V 28 <appendix> argL0 ; # com/sun/tools/javac/util/Log$DeferredDiagnosticHandler$$Lambda+0x000000002d245080
instanceKlass  @bci com/sun/tools/javac/comp/DeferredAttr$DeferredAttrDiagHandler <init> (Lcom/sun/tools/javac/util/Log;Lcom/sun/tools/javac/tree/JCTree;)V 8 <appendix> member <vmtarget> ; # com/sun/tools/javac/comp/DeferredAttr$DeferredAttrDiagHandler$$Lambda+0x000000002d244e20
instanceKlass com/sun/tools/javac/comp/ArgumentAttr$LocalCacheContext
instanceKlass com/sun/tools/javac/comp/Resolve$MethodCheckContext
instanceKlass  @bci com/sun/tools/javac/comp/Operators$UnaryOperatorHelper doLookup (Lcom/sun/tools/javac/code/Type;)Lcom/sun/tools/javac/code/Symbol$OperatorSymbol; 3 <appendix> member <vmtarget> ; # com/sun/tools/javac/comp/Operators$UnaryOperatorHelper$$Lambda+0x000000002d2442d8
instanceKlass  @bci com/sun/tools/javac/comp/Operators resolveUnary (Lcom/sun/tools/javac/util/JCDiagnostic$DiagnosticPosition;Lcom/sun/tools/javac/tree/JCTree$Tag;Lcom/sun/tools/javac/code/Type;)Lcom/sun/tools/javac/code/Symbol$OperatorSymbol; 22 <appendix> member <vmtarget> ; # com/sun/tools/javac/comp/Operators$$Lambda+0x000000002d2440a8
instanceKlass  @bci com/sun/tools/javac/comp/Operators resolveUnary (Lcom/sun/tools/javac/util/JCDiagnostic$DiagnosticPosition;Lcom/sun/tools/javac/tree/JCTree$Tag;Lcom/sun/tools/javac/code/Type;)Lcom/sun/tools/javac/code/Symbol$OperatorSymbol; 13 <appendix> member <vmtarget> ; # com/sun/tools/javac/comp/Operators$$Lambda+0x000000002d243e58
instanceKlass  @bci com/sun/tools/javac/comp/Operators resolveUnary (Lcom/sun/tools/javac/util/JCDiagnostic$DiagnosticPosition;Lcom/sun/tools/javac/tree/JCTree$Tag;Lcom/sun/tools/javac/code/Type;)Lcom/sun/tools/javac/code/Symbol$OperatorSymbol; 7 <appendix> member <vmtarget> ; # com/sun/tools/javac/comp/Operators$$Lambda+0x000000002d243bf8
instanceKlass com/sun/tools/javac/comp/Operators$1
instanceKlass com/sun/tools/javac/comp/Flow$BaseAnalyzer$PendingExit
instanceKlass  @bci com/sun/tools/javac/comp/Operators makeOperator (Lcom/sun/tools/javac/util/Name;Lcom/sun/tools/javac/util/List;Lcom/sun/tools/javac/comp/Operators$OperatorType;[I)Lcom/sun/tools/javac/code/Symbol$OperatorSymbol; 9 <appendix> member <vmtarget> ; # com/sun/tools/javac/comp/Operators$$Lambda+0x000000002d240f00
instanceKlass  @bci com/sun/tools/javac/comp/Operators$OperatorHelper initOperators ()[Lcom/sun/tools/javac/code/Symbol$OperatorSymbol; 17 <appendix> argL0 ; # com/sun/tools/javac/comp/Operators$OperatorHelper$$Lambda+0x000000002d240cd8
instanceKlass  @bci com/sun/tools/javac/comp/Operators$OperatorHelper initOperators ()[Lcom/sun/tools/javac/code/Symbol$OperatorSymbol; 7 <appendix> argL0 ; # com/sun/tools/javac/comp/Operators$OperatorHelper$$Lambda+0x000000002d240a90
instanceKlass  @bci com/sun/tools/javac/comp/Operators$OperatorHelper doLookup (Ljava/util/function/Predicate;)Lcom/sun/tools/javac/code/Symbol$OperatorSymbol; 5 <appendix> member <vmtarget> ; # com/sun/tools/javac/comp/Operators$OperatorHelper$$Lambda+0x000000002d240860
instanceKlass  @bci com/sun/tools/javac/comp/Operators$BinaryOperatorHelper doLookup (Lcom/sun/tools/javac/code/Type;Lcom/sun/tools/javac/code/Type;)Lcom/sun/tools/javac/code/Symbol$OperatorSymbol; 4 <appendix> member <vmtarget> ; # com/sun/tools/javac/comp/Operators$BinaryOperatorHelper$$Lambda+0x000000002d240000
instanceKlass  @bci com/sun/tools/javac/comp/Operators resolveBinary (Lcom/sun/tools/javac/util/JCDiagnostic$DiagnosticPosition;Lcom/sun/tools/javac/tree/JCTree$Tag;Lcom/sun/tools/javac/code/Type;Lcom/sun/tools/javac/code/Type;)Lcom/sun/tools/javac/code/Symbol$OperatorSymbol; 28 <appendix> member <vmtarget> ; # com/sun/tools/javac/comp/Operators$$Lambda+0x000000002d23f878
instanceKlass  @bci com/sun/tools/javac/comp/Operators resolveBinary (Lcom/sun/tools/javac/util/JCDiagnostic$DiagnosticPosition;Lcom/sun/tools/javac/tree/JCTree$Tag;Lcom/sun/tools/javac/code/Type;Lcom/sun/tools/javac/code/Type;)Lcom/sun/tools/javac/code/Symbol$OperatorSymbol; 17 <appendix> member <vmtarget> ; # com/sun/tools/javac/comp/Operators$$Lambda+0x000000002d23f628
instanceKlass  @bci com/sun/tools/javac/comp/Operators resolveBinary (Lcom/sun/tools/javac/util/JCDiagnostic$DiagnosticPosition;Lcom/sun/tools/javac/tree/JCTree$Tag;Lcom/sun/tools/javac/code/Type;Lcom/sun/tools/javac/code/Type;)Lcom/sun/tools/javac/code/Symbol$OperatorSymbol; 9 <appendix> member <vmtarget> ; # com/sun/tools/javac/comp/Operators$$Lambda+0x000000002d23f3c8
instanceKlass  @bci com/sun/tools/javac/comp/Attr bindingEnv (Lcom/sun/tools/javac/comp/Env;Lcom/sun/tools/javac/tree/JCTree;Lcom/sun/tools/javac/util/List;)Lcom/sun/tools/javac/comp/Env; 47 <appendix> member <vmtarget> ; # com/sun/tools/javac/comp/Attr$$Lambda+0x000000002d23f188
instanceKlass com/sun/tools/javac/code/Flags
instanceKlass  @bci com/sun/tools/javac/code/Types$MembersClosureCache$MembersScope combine (Ljava/util/function/Predicate;)Ljava/util/function/Predicate; 1 <appendix> member <vmtarget> ; # com/sun/tools/javac/code/Types$MembersClosureCache$MembersScope$$Lambda+0x000000002d23ed18
instanceKlass com/sun/tools/javac/comp/Resolve$6
instanceKlass  @bci com/sun/tools/javac/comp/Resolve superclasses (Lcom/sun/tools/javac/code/Type;)Ljava/lang/Iterable; 2 <appendix> member <vmtarget> ; # com/sun/tools/javac/comp/Resolve$$Lambda+0x000000002d23e850
instanceKlass  @bci com/sun/tools/javac/comp/Check checkOverrideClashes (Lcom/sun/tools/javac/util/JCDiagnostic$DiagnosticPosition;Lcom/sun/tools/javac/code/Type;Lcom/sun/tools/javac/code/Symbol$MethodSymbol;)V 45 <appendix> member <vmtarget> ; # com/sun/tools/javac/comp/Check$$Lambda+0x000000002d23e1a8
instanceKlass com/sun/tools/javac/comp/Check$ClashFilter
instanceKlass  @bci com/sun/tools/javac/code/Scope$CompoundScope lambda$getSymbols$0 (Ljava/util/function/Predicate;Lcom/sun/tools/javac/code/Scope$LookupKind;)Ljava/util/Iterator; 6 <appendix> member <vmtarget> ; # com/sun/tools/javac/code/Scope$CompoundScope$$Lambda+0x000000002d23dce0
instanceKlass  @bci com/sun/tools/javac/code/Scope$CompoundScope getSymbols (Ljava/util/function/Predicate;Lcom/sun/tools/javac/code/Scope$LookupKind;)Ljava/lang/Iterable; 3 <appendix> member <vmtarget> ; # com/sun/tools/javac/code/Scope$CompoundScope$$Lambda+0x000000002d23da90
instanceKlass com/sun/tools/javac/comp/Check$DefaultMethodClashFilter
instanceKlass  @bci com/sun/tools/javac/comp/Check checkRequiresIdentity (Lcom/sun/tools/javac/tree/JCTree;Lcom/sun/tools/javac/code/Lint;)V 13 <appendix> member <vmtarget> ; # com/sun/tools/javac/comp/Check$$TypeSwitch+0x000000002d23d610
instanceKlass  @bci com/sun/tools/javac/code/DeferredLintHandler flush (Lcom/sun/tools/javac/tree/JCTree;Lcom/sun/tools/javac/code/Lint;)V 35 <appendix> member <vmtarget> ; # com/sun/tools/javac/code/DeferredLintHandler$$Lambda+0x000000002d23cf68
instanceKlass  @bci com/sun/tools/javac/code/DeferredLintHandler flush (Lcom/sun/tools/javac/tree/JCTree;Lcom/sun/tools/javac/code/Lint;)V 24 <appendix> argL0 ; # com/sun/tools/javac/code/DeferredLintHandler$$Lambda+0x000000002d23cd20
instanceKlass  @bci com/sun/tools/javac/code/DeferredLintHandler flush (Lcom/sun/tools/javac/tree/JCTree;Lcom/sun/tools/javac/code/Lint;)V 13 <appendix> member <vmtarget> ; # com/sun/tools/javac/code/DeferredLintHandler$$Lambda+0x000000002d23cad0
instanceKlass  @bci com/sun/tools/javac/comp/Attr attribClass (Lcom/sun/tools/javac/code/Symbol$ClassSymbol;)V 919 <appendix> argL0 ; # com/sun/tools/javac/comp/Attr$$Lambda+0x000000002d23c888
instanceKlass  @bci com/sun/tools/javac/comp/Attr attribClass (Lcom/sun/tools/javac/code/Symbol$ClassSymbol;)V 909 <appendix> argL0 ; # com/sun/tools/javac/comp/Attr$$Lambda+0x000000002d23c630
instanceKlass  @bci com/sun/tools/javac/code/Lint suppressionsFrom (Ljava/util/stream/Stream;)Ljava/util/EnumSet; 37 <appendix> member <vmtarget> ; # com/sun/tools/javac/code/Lint$$Lambda+0x000000002d23c3f0
instanceKlass  @bci com/sun/tools/javac/code/Lint suppressionsFrom (Ljava/util/stream/Stream;)Ljava/util/EnumSet; 21 <appendix> member <vmtarget> ; # com/sun/tools/javac/code/Lint$$Lambda+0x000000002d23c1a0
instanceKlass  @bci com/sun/tools/javac/code/Lint suppressionsFrom (Ljava/util/stream/Stream;)Ljava/util/EnumSet; 10 <appendix> member <vmtarget> ; # com/sun/tools/javac/code/Lint$$Lambda+0x000000002d23bf40
instanceKlass  @bci com/sun/tools/javac/code/TypeAnnotations annotationTargetType (Lcom/sun/tools/javac/tree/JCTree;Lcom/sun/tools/javac/code/Attribute$Compound;Lcom/sun/tools/javac/code/Symbol;)Lcom/sun/tools/javac/code/TypeAnnotations$AnnotationType; 64 <appendix> member <vmtarget> ; # com/sun/tools/javac/code/TypeAnnotations$$Lambda+0x000000002d23bce8
instanceKlass  @bci com/sun/tools/javac/code/TypeAnnotations annotationTargetType (Lcom/sun/tools/javac/tree/JCTree;Lcom/sun/tools/javac/code/Attribute$Compound;Lcom/sun/tools/javac/code/Symbol;)Lcom/sun/tools/javac/code/TypeAnnotations$AnnotationType; 50 <appendix> member <vmtarget> ; # com/sun/tools/javac/code/TypeAnnotations$$Lambda+0x000000002d23b898
instanceKlass  @bci com/sun/tools/javac/code/TypeAnnotations annotationTargets (Lcom/sun/tools/javac/code/Symbol$TypeSymbol;)Lcom/sun/tools/javac/util/List; 56 <appendix> argL0 ; # com/sun/tools/javac/code/TypeAnnotations$$Lambda+0x000000002d23b3f0
instanceKlass com/sun/tools/javac/code/TypeAnnotationPosition
instanceKlass  @bci com/sun/tools/javac/code/TypeAnnotations$TypeAnnotationPositions visitClassDef (Lcom/sun/tools/javac/tree/JCTree$JCClassDecl;)V 78 <appendix> member <vmtarget> ; # com/sun/tools/javac/code/TypeAnnotations$TypeAnnotationPositions$$Lambda+0x000000002d23af48
instanceKlass  @bci com/sun/tools/javac/code/Type constValue ()Ljava/lang/Object; 3 <appendix> argL0 ; # com/sun/tools/javac/code/Type$$Lambda+0x000000002d23a890
instanceKlass  @bci java/util/function/Function identity ()Ljava/util/function/Function; 0 <appendix> argL0 ; # java/util/function/Function$$Lambda+0x000000002d133ba8
instanceKlass com/sun/tools/javac/comp/Resolve$MethodResolutionContext$Candidate
instanceKlass com/sun/tools/javac/code/Types$ImplementationCache$Entry
instanceKlass  @bci com/sun/tools/javac/code/Types membersClosure (Lcom/sun/tools/javac/code/Type;Z)Lcom/sun/tools/javac/code/Scope$CompoundScope; 15 <appendix> member <vmtarget> ; # com/sun/tools/javac/code/Types$$Lambda+0x000000002d239d90
instanceKlass com/sun/tools/javac/comp/Resolve$LookupFilter
instanceKlass com/sun/tools/javac/comp/Resolve$MethodResolutionContext
instanceKlass com/sun/tools/javac/jvm/ClassReader$CompleterDeproxy
instanceKlass  @bci com/sun/tools/javac/jvm/ClassReader$ProxyType resolve ()Lcom/sun/tools/javac/code/Type; 13 <appendix> member <vmtarget> ; # com/sun/tools/javac/jvm/ClassReader$ProxyType$$Lambda+0x000000002d2386b0
instanceKlass  @bci com/sun/tools/javac/code/Types$TypeMapping visit (Lcom/sun/tools/javac/util/List;Ljava/lang/Object;)Lcom/sun/tools/javac/util/List; 3 <appendix> member <vmtarget> ; # com/sun/tools/javac/code/Types$TypeMapping$$Lambda+0x000000002d238460
instanceKlass  @bci com/sun/tools/javac/comp/Annotate annotateLater (Lcom/sun/tools/javac/util/List;Lcom/sun/tools/javac/comp/Env;Lcom/sun/tools/javac/code/Symbol;Lcom/sun/tools/javac/tree/JCTree;)V 32 <appendix> member <vmtarget> ; # com/sun/tools/javac/comp/Annotate$$Lambda+0x000000002d238230
instanceKlass  @bci com/sun/tools/javac/comp/Annotate annotateLater (Lcom/sun/tools/javac/util/List;Lcom/sun/tools/javac/comp/Env;Lcom/sun/tools/javac/code/Symbol;Lcom/sun/tools/javac/tree/JCTree;)V 19 <appendix> member <vmtarget> ; # com/sun/tools/javac/comp/Annotate$$Lambda+0x000000002d238000
instanceKlass com/sun/tools/javac/code/SymbolMetadata
instanceKlass com/sun/tools/javac/comp/TypeEnter$1
instanceKlass  @bci com/sun/tools/javac/comp/TypeEnter$MembersPhase addAccessor (Lcom/sun/tools/javac/tree/JCTree$JCVariableDecl;Lcom/sun/tools/javac/comp/Env;)V 129 <appendix> member <vmtarget> ; # com/sun/tools/javac/comp/TypeEnter$MembersPhase$$Lambda+0x000000002d2378b8
instanceKlass  @bci com/sun/tools/javac/comp/TypeEnter$MembersPhase addRecordMembersIfNeeded (Lcom/sun/tools/javac/tree/JCTree$JCClassDecl;Lcom/sun/tools/javac/comp/Env;)V 464 <appendix> member <vmtarget> ; # com/sun/tools/javac/comp/TypeEnter$MembersPhase$$Lambda+0x000000002d237678
instanceKlass  @bci com/sun/tools/javac/comp/TypeEnter$MembersPhase addRecordMembersIfNeeded (Lcom/sun/tools/javac/tree/JCTree$JCClassDecl;Lcom/sun/tools/javac/comp/Env;)V 452 <appendix> member <vmtarget> ; # com/sun/tools/javac/comp/TypeEnter$MembersPhase$$Lambda+0x000000002d237418
instanceKlass  @bci com/sun/tools/javac/comp/TypeEnter lookupMethod (Lcom/sun/tools/javac/code/Symbol$TypeSymbol;Lcom/sun/tools/javac/util/Name;Lcom/sun/tools/javac/util/List;)Lcom/sun/tools/javac/code/Symbol$MethodSymbol; 5 <appendix> argL0 ; # com/sun/tools/javac/comp/TypeEnter$$Lambda+0x000000002d2371c0
instanceKlass  @bci com/sun/tools/javac/comp/TypeEnter$MembersPhase finishClass (Lcom/sun/tools/javac/tree/JCTree$JCClassDecl;Lcom/sun/tools/javac/tree/JCTree;Lcom/sun/tools/javac/comp/Env;)V 123 <appendix> member <vmtarget> ; # com/sun/tools/javac/comp/TypeEnter$MembersPhase$$Lambda+0x000000002d236f60
instanceKlass  @bci com/sun/tools/javac/comp/TypeEnter$RecordConstructorHelper <init> (Lcom/sun/tools/javac/comp/TypeEnter;Lcom/sun/tools/javac/code/Symbol$ClassSymbol;Lcom/sun/tools/javac/util/List;)V 29 <appendix> argL0 ; # com/sun/tools/javac/comp/TypeEnter$RecordConstructorHelper$$Lambda+0x000000002d236d08
instanceKlass  @bci com/sun/tools/javac/tree/TreeInfo recordFields (Lcom/sun/tools/javac/tree/JCTree$JCClassDecl;)Lcom/sun/tools/javac/util/List; 27 <appendix> argL0 ; # com/sun/tools/javac/tree/TreeInfo$$Lambda+0x000000002d236828
instanceKlass  @bci com/sun/tools/javac/tree/TreeInfo recordFields (Lcom/sun/tools/javac/tree/JCTree$JCClassDecl;)Lcom/sun/tools/javac/util/List; 17 <appendix> argL0 ; # com/sun/tools/javac/tree/TreeInfo$$Lambda+0x000000002d2365e0
instanceKlass  @bci com/sun/tools/javac/tree/TreeInfo recordFields (Lcom/sun/tools/javac/tree/JCTree$JCClassDecl;)Lcom/sun/tools/javac/util/List; 7 <appendix> argL0 ; # com/sun/tools/javac/tree/TreeInfo$$Lambda+0x000000002d236388
instanceKlass  @bci com/sun/tools/javac/code/Symbol$VarSymbol setLazyConstValue (Lcom/sun/tools/javac/comp/Env;Lcom/sun/tools/javac/comp/Env;Lcom/sun/tools/javac/comp/Attr;Lcom/sun/tools/javac/tree/JCTree$JCVariableDecl;)V 7 <appendix> member <vmtarget> ; # com/sun/tools/javac/code/Symbol$VarSymbol$$Lambda+0x000000002d236158
instanceKlass  @bci com/sun/tools/javac/comp/Check checkUniqueImport (Lcom/sun/tools/javac/util/JCDiagnostic$DiagnosticPosition;Lcom/sun/tools/javac/code/Scope;Lcom/sun/tools/javac/code/Scope;Lcom/sun/tools/javac/code/Scope;Lcom/sun/tools/javac/code/Symbol;Z)Z 2 <appendix> member <vmtarget> ; # com/sun/tools/javac/comp/Check$$Lambda+0x000000002d235ef8
instanceKlass  @bci com/sun/tools/javac/comp/Check checkImportsUnique (Lcom/sun/tools/javac/tree/JCTree$JCCompilationUnit;)V 90 <appendix> argL0 ; # com/sun/tools/javac/comp/Check$$Lambda+0x000000002d235ca0
instanceKlass com/sun/tools/javac/code/Types$25
instanceKlass com/sun/tools/javac/tree/TreeMaker$2
instanceKlass  @bci com/sun/tools/javac/comp/TypeEnter defaultConstructor (Lcom/sun/tools/javac/tree/TreeMaker;Lcom/sun/tools/javac/comp/TypeEnter$DefaultConstructorHelper;)Lcom/sun/tools/javac/tree/JCTree; 144 <appendix> member <vmtarget> ; # com/sun/tools/javac/comp/TypeEnter$$Lambda+0x000000002d235630
instanceKlass com/sun/tools/javac/comp/TypeEnter$BasicConstructorHelper
instanceKlass  @bci com/sun/tools/javac/code/Scope$NamedImportScope lambda$getSymbolsByName$0 ([Lcom/sun/tools/javac/code/Scope;Lcom/sun/tools/javac/util/Name;Ljava/util/function/Predicate;Lcom/sun/tools/javac/code/Scope$LookupKind;)Ljava/util/Iterator; 7 <appendix> member <vmtarget> ; # com/sun/tools/javac/code/Scope$NamedImportScope$$Lambda+0x000000002d235158
instanceKlass  @bci com/sun/tools/javac/code/Scope$NamedImportScope getSymbolsByName (Lcom/sun/tools/javac/util/Name;Ljava/util/function/Predicate;Lcom/sun/tools/javac/code/Scope$LookupKind;)Ljava/lang/Iterable; 29 <appendix> member <vmtarget> ; # com/sun/tools/javac/code/Scope$NamedImportScope$$Lambda+0x000000002d234f08
instanceKlass  @bci com/sun/tools/javac/code/ClassFinder classFileNotFound (Lcom/sun/tools/javac/code/Symbol$ClassSymbol;)Lcom/sun/tools/javac/code/Symbol$CompletionFailure; 4 <appendix> member <vmtarget> ; # com/sun/tools/javac/code/ClassFinder$$Lambda+0x000000002d234ad8
instanceKlass  @bci com/sun/tools/javac/comp/TypeEnter complete (Lcom/sun/tools/javac/code/Symbol;)V 191 <appendix> argL0 ; # com/sun/tools/javac/comp/TypeEnter$$Lambda+0x000000002d2348b0
instanceKlass  @bci com/sun/tools/javac/code/TypeAnnotations validateTypeAnnotationsSignatures (Lcom/sun/tools/javac/comp/Env;Lcom/sun/tools/javac/tree/JCTree$JCClassDecl;)V 7 <appendix> member <vmtarget> ; # com/sun/tools/javac/code/TypeAnnotations$$Lambda+0x000000002d234680
instanceKlass  @bci com/sun/tools/javac/code/TypeAnnotations organizeTypeAnnotationsSignatures (Lcom/sun/tools/javac/comp/Env;Lcom/sun/tools/javac/tree/JCTree$JCClassDecl;)V 7 <appendix> member <vmtarget> ; # com/sun/tools/javac/code/TypeAnnotations$$Lambda+0x000000002d234450
instanceKlass com/sun/tools/javac/comp/MatchBindingsComputer$1
instanceKlass  @bci com/sun/tools/javac/comp/Check checkDeprecated (Lcom/sun/tools/javac/util/JCDiagnostic$DiagnosticPosition;Lcom/sun/tools/javac/code/Symbol;Lcom/sun/tools/javac/code/Symbol;)V 2 <appendix> member <vmtarget> ; # com/sun/tools/javac/comp/Check$$Lambda+0x000000002d234010
instanceKlass com/sun/tools/javac/comp/Attr$13
instanceKlass  @bci com/sun/tools/javac/code/ClassFinder loadClass (Lcom/sun/tools/javac/code/Symbol$ModuleSymbol;Lcom/sun/tools/javac/util/Name;)Lcom/sun/tools/javac/code/Symbol$ClassSymbol; 28 <appendix> member <vmtarget> ; # com/sun/tools/javac/code/ClassFinder$$Lambda+0x000000002d233bd0
instanceKlass com/sun/tools/javac/jvm/ClassReader$28
instanceKlass  @bci com/sun/tools/javac/jvm/ClassReader readInnerClasses (Lcom/sun/tools/javac/code/Symbol$ClassSymbol;)V 67 <appendix> member <vmtarget> ; # com/sun/tools/javac/jvm/ClassReader$$Lambda+0x000000002d232300
instanceKlass  @bci com/sun/tools/javac/jvm/ClassReader readInnerClasses (Lcom/sun/tools/javac/code/Symbol$ClassSymbol;)V 41 <appendix> member <vmtarget> ; # com/sun/tools/javac/jvm/ClassReader$$Lambda+0x000000002d2320d0
instanceKlass  @bci com/sun/tools/javac/jvm/ClassReader$11 read (Lcom/sun/tools/javac/code/Symbol;I)V 79 <appendix> member <vmtarget> ; # com/sun/tools/javac/jvm/ClassReader$11$$Lambda+0x000000002d231ea0
instanceKlass com/sun/tools/javac/util/Iterators$1
instanceKlass  @bci com/sun/tools/javac/code/Scope$FilterImportScope lambda$getSymbolsByName$0 (Lcom/sun/tools/javac/util/List;)Ljava/util/Iterator; 10 <appendix> member <vmtarget> ; # com/sun/tools/javac/code/Scope$FilterImportScope$$Lambda+0x000000002d2319d8
instanceKlass  @bci com/sun/tools/javac/code/Scope$FilterImportScope lambda$getSymbolsByName$0 (Lcom/sun/tools/javac/util/List;)Ljava/util/Iterator; 1 <appendix> argL0 ; # com/sun/tools/javac/code/Scope$FilterImportScope$$Lambda+0x000000002d231790
instanceKlass  @bci com/sun/tools/javac/code/Scope$FilterImportScope getSymbolsByName (Lcom/sun/tools/javac/util/Name;Ljava/util/function/Predicate;Lcom/sun/tools/javac/code/Scope$LookupKind;)Ljava/lang/Iterable; 62 <appendix> member <vmtarget> ; # com/sun/tools/javac/code/Scope$FilterImportScope$$Lambda+0x000000002d231540
instanceKlass com/sun/tools/javac/util/Iterators$CompoundIterator
instanceKlass  @bci com/sun/tools/javac/code/Scope$CompoundScope lambda$getSymbolsByName$0 (Lcom/sun/tools/javac/util/Name;Ljava/util/function/Predicate;Lcom/sun/tools/javac/code/Scope$LookupKind;)Ljava/util/Iterator; 7 <appendix> member <vmtarget> ; # com/sun/tools/javac/code/Scope$CompoundScope$$Lambda+0x000000002d231088
instanceKlass  @bci com/sun/tools/javac/code/Scope$CompoundScope getSymbolsByName (Lcom/sun/tools/javac/util/Name;Ljava/util/function/Predicate;Lcom/sun/tools/javac/code/Scope$LookupKind;)Ljava/lang/Iterable; 4 <appendix> member <vmtarget> ; # com/sun/tools/javac/code/Scope$CompoundScope$$Lambda+0x000000002d230e38
instanceKlass  @bci com/sun/tools/javac/comp/Annotate queueScanTreeAndTypeAnnotate (Lcom/sun/tools/javac/tree/JCTree;Lcom/sun/tools/javac/comp/Env;Lcom/sun/tools/javac/code/Symbol;Lcom/sun/tools/javac/tree/JCTree;)V 12 <appendix> member <vmtarget> ; # com/sun/tools/javac/comp/Annotate$$Lambda+0x000000002d230c08
instanceKlass com/sun/tools/javac/jvm/Code$1
instanceKlass  @bci com/sun/tools/javac/code/Symtab lookupPackage (Lcom/sun/tools/javac/code/Symbol$ModuleSymbol;Lcom/sun/tools/javac/util/Name;Z)Lcom/sun/tools/javac/code/Symbol$PackageSymbol; 112 <appendix> member <vmtarget> ; # com/sun/tools/javac/code/Symtab$$Lambda+0x000000002d230248
instanceKlass  @bci com/sun/tools/javac/code/Symtab lookupPackage (Lcom/sun/tools/javac/code/Symbol$ModuleSymbol;Lcom/sun/tools/javac/util/Name;Z)Lcom/sun/tools/javac/code/Symbol$PackageSymbol; 101 <appendix> argL0 ; # com/sun/tools/javac/code/Symtab$$Lambda+0x000000002d230000
instanceKlass  @bci com/sun/tools/javac/jvm/PoolReader getType (I)Lcom/sun/tools/javac/code/Type; 14 <appendix> member <vmtarget> ; # com/sun/tools/javac/jvm/PoolReader$$Lambda+0x000000002d228c68
instanceKlass  @cpi com/sun/tools/javac/jvm/PoolReader 361 form vmentry <vmtarget> ; # java/lang/invoke/LambdaForm$DMH+0x000000002d228400
instanceKlass com/sun/tools/javac/util/Name$NameMapper
instanceKlass com/sun/tools/javac/code/Scope$FilterImportScope$SymbolImporter
instanceKlass  @bci com/sun/tools/javac/comp/TypeEnter$ImportsPhase resolveImports (Lcom/sun/tools/javac/tree/JCTree$JCCompilationUnit;Lcom/sun/tools/javac/comp/Env;)V 94 <appendix> member <vmtarget> ; # com/sun/tools/javac/comp/TypeEnter$ImportsPhase$$Lambda+0x000000002d22b678
instanceKlass  @bci com/sun/tools/javac/comp/TypeEnter$ImportsPhase resolveImports (Lcom/sun/tools/javac/tree/JCTree$JCCompilationUnit;Lcom/sun/tools/javac/comp/Env;)V 82 <appendix> member <vmtarget> ; # com/sun/tools/javac/comp/TypeEnter$ImportsPhase$$Lambda+0x000000002d22b448
instanceKlass com/sun/tools/javac/code/Scope$ImportFilter
instanceKlass  @bci com/sun/tools/javac/code/Scope$ScopeImpl remove (Lcom/sun/tools/javac/code/Symbol;)V 21 <appendix> member <vmtarget> ; # com/sun/tools/javac/code/Scope$ScopeImpl$$Lambda+0x000000002d22b1e8
instanceKlass com/sun/tools/javac/code/Scope$ScopeImpl$2
instanceKlass  @bci com/sun/tools/javac/code/Scope$ScopeImpl getSymbolsByName (Lcom/sun/tools/javac/util/Name;Ljava/util/function/Predicate;Lcom/sun/tools/javac/code/Scope$LookupKind;)Ljava/lang/Iterable; 4 <appendix> member <vmtarget> ; # com/sun/tools/javac/code/Scope$ScopeImpl$$Lambda+0x000000002d22ad28
instanceKlass com/sun/tools/javac/comp/Check$6
instanceKlass com/sun/tools/javac/comp/AttrContext
instanceKlass  @bci com/sun/tools/javac/comp/Enter visitTopLevel (Lcom/sun/tools/javac/tree/JCTree$JCCompilationUnit;)V 287 <appendix> member <vmtarget> ; # com/sun/tools/javac/comp/Enter$$Lambda+0x000000002d22f850
instanceKlass  @bci com/sun/tools/javac/comp/Enter visitTopLevel (Lcom/sun/tools/javac/tree/JCTree$JCCompilationUnit;)V 273 <appendix> member <vmtarget> ; # com/sun/tools/javac/comp/Enter$$Lambda+0x000000002d22f5f0
instanceKlass com/sun/tools/javac/code/Scope$ScopeImpl$1
instanceKlass  @bci com/sun/tools/javac/code/Scope$ScopeImpl getSymbols (Ljava/util/function/Predicate;Lcom/sun/tools/javac/code/Scope$LookupKind;)Ljava/lang/Iterable; 3 <appendix> member <vmtarget> ; # com/sun/tools/javac/code/Scope$ScopeImpl$$Lambda+0x000000002d22f128
instanceKlass com/sun/tools/javac/code/ClassFinder$2
instanceKlass com/sun/tools/javac/code/ClassFinder$1
instanceKlass  @bci com/sun/tools/javac/code/ClassFinder list (Ljavax/tools/JavaFileManager$Location;Lcom/sun/tools/javac/code/Symbol$PackageSymbol;Ljava/lang/String;Ljava/util/Set;)Ljava/lang/Iterable; 26 <appendix> member <vmtarget> ; # com/sun/tools/javac/code/ClassFinder$$Lambda+0x000000002d22e608
instanceKlass  @bci java/nio/file/Files asUncheckedRunnable (Ljava/io/Closeable;)Ljava/lang/Runnable; 1 <appendix> member <vmtarget> ; # java/nio/file/Files$$Lambda+0x000000002d133378
instanceKlass java/nio/file/Files$2
instanceKlass  @bci com/sun/tools/javac/file/JavacFileManager pathsAndContainers (Ljavax/tools/JavaFileManager$Location;Lcom/sun/tools/javac/file/RelativePath$RelativeDirectory;)Ljava/util/List; 22 <appendix> member <vmtarget> ; # com/sun/tools/javac/file/JavacFileManager$$Lambda+0x000000002d22e3b8
instanceKlass  @bci com/sun/tools/javac/file/JavacFileManager indexPathsAndContainersByRelativeDirectory (Ljavax/tools/JavaFileManager$Location;)Ljava/util/Map; 213 <appendix> argL0 ; # com/sun/tools/javac/file/JavacFileManager$$Lambda+0x000000002d22e180
instanceKlass com/sun/tools/javac/file/JavacFileManager$PathAndContainer
instanceKlass  @bci com/sun/tools/javac/file/JavacFileManager pathsAndContainers (Ljavax/tools/JavaFileManager$Location;Lcom/sun/tools/javac/file/RelativePath$RelativeDirectory;)Ljava/util/List; 6 <appendix> member <vmtarget> ; # com/sun/tools/javac/file/JavacFileManager$$Lambda+0x000000002d22dcf0
instanceKlass java/util/RegularEnumSet$EnumSetIterator
instanceKlass  @bci com/sun/tools/javac/code/ClassFinder fillIn (Lcom/sun/tools/javac/code/Symbol$PackageSymbol;)V 27 <appendix> member <vmtarget> ; # com/sun/tools/javac/code/ClassFinder$$Lambda+0x000000002d22dac0
instanceKlass  @bci com/sun/tools/javac/comp/Modules completeModule (Lcom/sun/tools/javac/code/Symbol$ModuleSymbol;)V 327 <appendix> member <vmtarget> ; # com/sun/tools/javac/comp/Modules$$Lambda+0x000000002d22d890
instanceKlass  @bci com/sun/tools/javac/comp/Modules initVisiblePackages (Lcom/sun/tools/javac/code/Symbol$ModuleSymbol;Ljava/util/Collection;)V 103 <appendix> member <vmtarget> ; # com/sun/tools/javac/comp/Modules$$Lambda+0x000000002d22d650
instanceKlass javax/lang/model/element/ModuleElement$OpensDirective
instanceKlass com/sun/tools/javac/jvm/ClassReader$AnnotationDeproxy
instanceKlass com/sun/tools/javac/jvm/ClassReader$ProxyVisitor
instanceKlass  @bci com/sun/tools/javac/comp/Modules lambda$setupAllModules$2 (Lcom/sun/tools/javac/code/Symbol$ModuleSymbol;)Z 11 <appendix> argL0 ; # com/sun/tools/javac/comp/Modules$$Lambda+0x000000002d22c708
instanceKlass  @bci com/sun/tools/javac/comp/Modules setupAllModules ()V 400 <appendix> argL0 ; # com/sun/tools/javac/comp/Modules$$Lambda+0x000000002d22c4b0
instanceKlass  @bci com/sun/tools/javac/comp/Modules setupAllModules ()V 329 <appendix> argL0 ; # com/sun/tools/javac/comp/Modules$$Lambda+0x000000002d22c258
instanceKlass  @bci com/sun/tools/javac/comp/Modules setupAllModules ()V 285 <appendix> argL0 ; # com/sun/tools/javac/comp/Modules$$Lambda+0x000000002d22c000
instanceKlass  @bci com/sun/tools/javac/comp/Modules setupAllModules ()V 279 <appendix> member <vmtarget> ; # com/sun/tools/javac/comp/Modules$$Lambda+0x000000002d227b70
instanceKlass  @bci com/sun/tools/javac/comp/Modules completeModule (Lcom/sun/tools/javac/code/Symbol$ModuleSymbol;)V 10 <appendix> member <vmtarget> ; # com/sun/tools/javac/comp/Modules$$Lambda+0x000000002d227930
instanceKlass com/sun/tools/javac/jvm/ClassReader$UsesProvidesCompleter
instanceKlass  @bci com/sun/tools/javac/jvm/ClassReader readClass (Lcom/sun/tools/javac/code/Symbol$ClassSymbol;)V 419 <appendix> member <vmtarget> ; # com/sun/tools/javac/jvm/ClassReader$$Lambda+0x000000002d2274c0
instanceKlass  @bci com/sun/tools/javac/util/List collector ()Ljava/util/stream/Collector; 15 <appendix> argL0 ; # com/sun/tools/javac/util/List$$Lambda+0x000000002d227278
instanceKlass  @bci com/sun/tools/javac/util/List collector ()Ljava/util/stream/Collector; 10 <appendix> argL0 ; # com/sun/tools/javac/util/List$$Lambda+0x000000002d227028
instanceKlass  @bci com/sun/tools/javac/util/List collector ()Ljava/util/stream/Collector; 5 <appendix> argL0 ; # com/sun/tools/javac/util/List$$Lambda+0x000000002d226df0
instanceKlass  @bci com/sun/tools/javac/util/List collector ()Ljava/util/stream/Collector; 0 <appendix> argL0 ; # com/sun/tools/javac/util/List$$Lambda+0x000000002d226bc8
instanceKlass  @bci com/sun/tools/javac/code/Symbol$ClassSymbol getPermittedSubclasses ()Lcom/sun/tools/javac/util/List; 9 <appendix> argL0 ; # com/sun/tools/javac/code/Symbol$ClassSymbol$$Lambda+0x000000002d226980
instanceKlass com/sun/tools/javac/jvm/ClassReader$InterimProvidesDirective
instanceKlass  @bci com/sun/tools/javac/jvm/ClassReader$24 read (Lcom/sun/tools/javac/code/Symbol;I)V 977 <appendix> member <vmtarget> ; # com/sun/tools/javac/jvm/ClassReader$24$$Lambda+0x000000002d226320
instanceKlass  @bci com/sun/tools/javac/jvm/ClassReader$24 read (Lcom/sun/tools/javac/code/Symbol;I)V 919 <appendix> member <vmtarget> ; # com/sun/tools/javac/jvm/ClassReader$24$$Lambda+0x000000002d2260f0
instanceKlass com/sun/tools/javac/jvm/ClassReader$InterimUsesDirective
instanceKlass  @bci com/sun/tools/javac/jvm/ClassReader$24 read (Lcom/sun/tools/javac/code/Symbol;I)V 830 <appendix> member <vmtarget> ; # com/sun/tools/javac/jvm/ClassReader$24$$Lambda+0x000000002d225ca8
instanceKlass javax/lang/model/element/ModuleElement$ExportsDirective
instanceKlass  @bci com/sun/tools/javac/jvm/ClassReader$24 read (Lcom/sun/tools/javac/code/Symbol;I)V 175 <appendix> member <vmtarget> ; # com/sun/tools/javac/jvm/ClassReader$24$$Lambda+0x000000002d2253a8
instanceKlass  @cpi com/sun/tools/javac/jvm/ClassReader$24 373 form vmentry <vmtarget> ; # java/lang/invoke/LambdaForm$DMH+0x000000002d228000
instanceKlass  @bci com/sun/tools/javac/jvm/ClassReader$24 read (Lcom/sun/tools/javac/code/Symbol;I)V 63 <appendix> member <vmtarget> ; # com/sun/tools/javac/jvm/ClassReader$24$$Lambda+0x000000002d225178
instanceKlass com/sun/tools/javac/jvm/PoolReader$Utf8Mapper
instanceKlass com/sun/tools/javac/jvm/ClassReader$SourceFileObject
instanceKlass com/sun/tools/javac/jvm/PoolReader$ImmutablePoolHelper
instanceKlass com/sun/tools/javac/jvm/PoolReader
instanceKlass com/sun/tools/javac/comp/Modules$3
instanceKlass com/sun/tools/javac/code/ModuleFinder$1
instanceKlass javax/tools/StandardLocation$LazyPatternHolder
instanceKlass  @bci java/util/stream/Collectors toSet ()Ljava/util/stream/Collector; 14 <appendix> argL0 ; # java/util/stream/Collectors$$Lambda+0x800000040
instanceKlass  @bci java/util/stream/Collectors toSet ()Ljava/util/stream/Collector; 9 <appendix> argL0 ; # java/util/stream/Collectors$$Lambda+0x800000038
instanceKlass  @bci java/util/stream/Collectors toSet ()Ljava/util/stream/Collector; 4 <appendix> argL0 ; # java/util/stream/Collectors$$Lambda+0x800000045
instanceKlass jdk/internal/jrtfs/JrtFileAttributes
instanceKlass  @bci java/util/stream/StreamSpliterators$WrappingSpliterator initPartialTraversalState ()V 37 <appendix> member <vmtarget> ; # java/util/stream/StreamSpliterators$WrappingSpliterator$$Lambda+0x000000002d131f48
instanceKlass java/util/function/BooleanSupplier
instanceKlass  @bci java/util/stream/StreamSpliterators$WrappingSpliterator initPartialTraversalState ()V 24 <appendix> member <vmtarget> ; # java/util/stream/StreamSpliterators$WrappingSpliterator$$Lambda+0x000000002d131c90
instanceKlass java/util/stream/StreamSpliterators
instanceKlass jdk/internal/jrtfs/JrtDirectoryStream$1
instanceKlass java/util/stream/StreamSpliterators$AbstractWrappingSpliterator
instanceKlass  @bci java/util/stream/AbstractPipeline spliterator ()Ljava/util/Spliterator; 103 <appendix> member <vmtarget> ; # java/util/stream/AbstractPipeline$$Lambda+0x000000002d131340
instanceKlass  @bci jdk/internal/jrtfs/JrtFileSystem iteratorOf (Ljdk/internal/jrtfs/JrtPath;Ljava/nio/file/DirectoryStream$Filter;)Ljava/util/Iterator; 82 <appendix> member <vmtarget> ; # jdk/internal/jrtfs/JrtFileSystem$$Lambda+0x000000002d1310e0
instanceKlass  @bci jdk/internal/jrtfs/JrtFileSystem iteratorOf (Ljdk/internal/jrtfs/JrtPath;Ljava/nio/file/DirectoryStream$Filter;)Ljava/util/Iterator; 71 <appendix> member <vmtarget> ; # jdk/internal/jrtfs/JrtFileSystem$$Lambda+0x000000002d130e90
instanceKlass  @bci jdk/internal/jimage/ImageReader$SharedImageReader handleModulesSubTree (Ljava/lang/String;Ljdk/internal/jimage/ImageLocation;)Ljdk/internal/jimage/ImageReader$Node; 37 <appendix> member <vmtarget> ; # jdk/internal/jimage/ImageReader$SharedImageReader$$Lambda+0x000000002d1308a0
instanceKlass jdk/internal/jimage/ImageReader$SharedImageReader$LocationVisitor
instanceKlass jdk/internal/jrtfs/JrtDirectoryStream
instanceKlass  @bci com/sun/tools/javac/file/Locations$SystemModulesLocationHandler initSystemModules ()V 250 <appendix> argL0 ; # com/sun/tools/javac/file/Locations$SystemModulesLocationHandler$$Lambda+0x000000002d223960
instanceKlass com/sun/tools/javac/file/JavacFileManager$DirectoryContainer
instanceKlass  @bci com/sun/tools/javac/comp/Modules initModules (Lcom/sun/tools/javac/util/List;)V 30 <appendix> member <vmtarget> ; # com/sun/tools/javac/comp/Modules$$Lambda+0x000000002d223260
instanceKlass  @bci com/sun/tools/javac/code/DeferredLintHandler lambda$push$0 (Lcom/sun/tools/javac/tree/JCTree;Lcom/sun/tools/javac/code/DeferredLintHandler$LintLogger;)V 5 <appendix> argL0 ; # com/sun/tools/javac/code/DeferredLintHandler$$Lambda+0x000000002d222bc8
instanceKlass  @bci com/sun/tools/javac/parser/JavacParser reportDanglingDocComment (Lcom/sun/tools/javac/parser/Tokens$Comment;)V 18 <appendix> member <vmtarget> ; # com/sun/tools/javac/parser/JavacParser$$Lambda+0x000000002d222998
instanceKlass  @bci com/sun/tools/javac/parser/JavacParser reportDanglingComments (Lcom/sun/tools/javac/tree/JCTree;Lcom/sun/tools/javac/parser/Tokens$Comment;)V 28 <appendix> member <vmtarget> ; # com/sun/tools/javac/parser/JavacParser$$Lambda+0x000000002d222758
instanceKlass  @bci com/sun/tools/javac/code/DeferredLintHandler push (Lcom/sun/tools/javac/tree/JCTree;)V 64 <appendix> member <vmtarget> ; # com/sun/tools/javac/code/DeferredLintHandler$$Lambda+0x000000002d222518
instanceKlass  @bci com/sun/tools/javac/parser/JavacParser methodDeclaratorRest (ILcom/sun/tools/javac/tree/JCTree$JCModifiers;Lcom/sun/tools/javac/tree/JCTree$JCExpression;Lcom/sun/tools/javac/util/Name;Lcom/sun/tools/javac/util/List;ZZZLcom/sun/tools/javac/parser/Tokens$Comment;)Lcom/sun/tools/javac/tree/JCTree; 224 <appendix> argL0 ; # com/sun/tools/javac/parser/JavacParser$$Lambda+0x000000002d2222d0
instanceKlass  @bci com/sun/tools/javac/parser/JavacParser switchBlockStatementGroup ()Lcom/sun/tools/javac/util/List; 469 <appendix> argL0 ; # com/sun/tools/javac/parser/JavacParser$$Lambda+0x000000002d222088
instanceKlass  @bci com/sun/tools/javac/parser/JavacParser switchBlockStatementGroup ()Lcom/sun/tools/javac/util/List; 250 <appendix> argL0 ; # com/sun/tools/javac/parser/JavacParser$$Lambda+0x000000002d221e40
instanceKlass  @bci java/lang/String stripIndent ()Ljava/lang/String; 73 <appendix> member <vmtarget> ; # java/lang/String$$Lambda+0x000000002d1303b8
instanceKlass java/util/AbstractList$RandomAccessSpliterator
instanceKlass java/lang/StringUTF16$LinesSpliterator
instanceKlass  @bci com/sun/tools/javac/parser/JavacParser analyzePattern (I)Lcom/sun/tools/javac/parser/JavacParser$PatternResult; 446 <appendix> argL0 ; # com/sun/tools/javac/parser/JavacParser$$Lambda+0x000000002d221be8
instanceKlass com/sun/tools/javac/tree/JCTree$1
instanceKlass  @bci java/util/stream/Collectors joining ()Ljava/util/stream/Collector; 19 <appendix> argL0 ; # java/util/stream/Collectors$$Lambda+0x000000002d12fef0
instanceKlass  @bci java/util/stream/Collectors joining ()Ljava/util/stream/Collector; 14 <appendix> argL0 ; # java/util/stream/Collectors$$Lambda+0x000000002d12fca0
instanceKlass  @bci java/util/stream/Collectors joining ()Ljava/util/stream/Collector; 9 <appendix> argL0 ; # java/util/stream/Collectors$$Lambda+0x000000002d123310
instanceKlass  @bci java/util/stream/Collectors joining ()Ljava/util/stream/Collector; 4 <appendix> argL0 ; # java/util/stream/Collectors$$Lambda+0x000000002d1589b0
instanceKlass  @bci com/sun/tools/javac/parser/JavacParser merge (Lcom/sun/tools/javac/util/ListBuffer;Lcom/sun/tools/javac/util/ListBuffer;)Z 55 <appendix> argL0 ; # com/sun/tools/javac/parser/JavacParser$$Lambda+0x000000002d220650
instanceKlass com/sun/tools/javac/parser/JavacParser$LambdaClassifier
instanceKlass java/util/BitSet
instanceKlass com/sun/tools/javac/util/Position$LineMapImpl
instanceKlass com/sun/tools/javac/util/Position$LineMap
instanceKlass com/sun/tools/javac/util/Position
instanceKlass  @bci com/sun/tools/javac/tree/TreeMaker TopLevel (Lcom/sun/tools/javac/util/List;)Lcom/sun/tools/javac/tree/JCTree$JCCompilationUnit; 117 <appendix> member <vmtarget> ; # com/sun/tools/javac/tree/TreeMaker$$Lambda+0x000000002d21e768
instanceKlass com/sun/tools/javac/parser/LazyDocCommentTable$Entry
instanceKlass  @bci com/sun/tools/javac/parser/JavacParser arguments ()Lcom/sun/tools/javac/util/List; 80 <appendix> argL0 ; # com/sun/tools/javac/parser/JavacParser$$Lambda+0x000000002d21da68
instanceKlass com/sun/tools/javac/tree/TreeInfo$2
instanceKlass com/sun/tools/javac/tree/TreeInfo
instanceKlass com/sun/tools/javac/parser/Scanner$1
instanceKlass com/sun/tools/javac/parser/JavadocTokenizer$OffsetMap
instanceKlass com/sun/tools/javac/util/JCDiagnostic$SimpleDiagnosticPosition
instanceKlass com/sun/tools/javac/parser/JavacParser$2
instanceKlass  @bci com/sun/tools/javac/parser/JavacParser accept (Lcom/sun/tools/javac/parser/Tokens$TokenKind;)V 2 <appendix> argL0 ; # com/sun/tools/javac/parser/JavacParser$$Lambda+0x000000002d21a518
instanceKlass com/sun/tools/javac/resources/CompilerProperties$Errors
instanceKlass com/sun/tools/javac/util/IntHashTable
instanceKlass com/sun/tools/javac/parser/LazyDocCommentTable
instanceKlass  @bci com/sun/tools/javac/parser/JavacParser <init> (Lcom/sun/tools/javac/parser/ParserFactory;Lcom/sun/tools/javac/parser/Lexer;ZZZZ)V 70 <appendix> argL0 ; # com/sun/tools/javac/parser/JavacParser$$Lambda+0x000000002d219bd8
instanceKlass com/sun/tools/javac/parser/JavacParser$ErrorRecoveryAction
instanceKlass com/sun/tools/javac/parser/JavacParser$AbstractEndPosTable
instanceKlass com/sun/tools/javac/tree/EndPosTable
instanceKlass com/sun/tools/javac/parser/JavacParser
instanceKlass com/sun/tools/javac/parser/Scanner
instanceKlass com/sun/source/tree/LineMap
instanceKlass java/nio/file/attribute/FileTime
instanceKlass com/sun/tools/javac/file/BaseFileManager$ContentCacheEntry
instanceKlass com/sun/tools/javac/util/ArrayUtils
instanceKlass com/sun/tools/javac/util/DiagnosticSource
instanceKlass com/sun/tools/javac/main/JavaCompiler$InitialFileParser
instanceKlass com/sun/tools/javac/main/JavaCompiler$InitialFileParserIntf
instanceKlass java/net/URLClassLoader$1
instanceKlass java/util/Spliterators$EmptySpliterator
instanceKlass com/sun/tools/javac/file/JavacFileManager$3
instanceKlass  @bci com/sun/tools/javac/file/JavacFileManager asFiles (Ljava/lang/Iterable;)Ljava/lang/Iterable; 7 <appendix> member <vmtarget> ; # com/sun/tools/javac/file/JavacFileManager$$Lambda+0x000000002d216000
instanceKlass com/sun/tools/javac/model/JavacTypes
instanceKlass com/sun/tools/javac/processing/JavacMessager
instanceKlass com/sun/tools/javac/processing/JavacFiler
instanceKlass com/sun/tools/javac/util/ForwardingDiagnosticFormatter$ForwardingConfiguration
instanceKlass com/sun/tools/javac/code/Types$DefaultSymbolVisitor
instanceKlass com/sun/tools/javac/util/ForwardingDiagnosticFormatter
instanceKlass  @bci com/sun/tools/javac/main/JavaCompiler <init> (Lcom/sun/tools/javac/util/Context;)V 408 <appendix> member <vmtarget> ; # com/sun/tools/javac/main/JavaCompiler$$Lambda+0x000000002d2132d0
instanceKlass com/sun/tools/javac/code/ModuleFinder$ModuleNameFromSourceReader
instanceKlass  @bci com/sun/tools/javac/main/JavaCompiler <init> (Lcom/sun/tools/javac/util/Context;)V 395 <appendix> member <vmtarget> ; # com/sun/tools/javac/main/JavaCompiler$$Lambda+0x000000002d2130a0
instanceKlass com/sun/tools/javac/comp/Modules$PackageNameFinder
instanceKlass com/sun/tools/javac/api/MultiTaskListener
instanceKlass com/sun/tools/javac/comp/ThisEscapeAnalyzer$Ref
instanceKlass com/sun/tools/javac/comp/WarningAnalyzer
instanceKlass com/sun/tools/javac/parser/UnicodeReader
instanceKlass com/sun/tools/javac/parser/ScannerFactory
instanceKlass com/sun/tools/javac/parser/Tokens$Token
instanceKlass com/sun/tools/javac/parser/Tokens
instanceKlass com/sun/tools/javac/tree/DCTree
instanceKlass com/sun/tools/javac/tree/DocTreeMaker$SentenceBreaker
instanceKlass com/sun/tools/javac/parser/ReferenceParser
instanceKlass com/sun/tools/javac/model/JavacElements
instanceKlass com/sun/source/util/DocSourcePositions
instanceKlass com/sun/tools/javac/tree/DocCommentTable
instanceKlass com/sun/tools/javac/api/JavacTrees$DocCommentTreeTransformer
instanceKlass com/sun/source/tree/Scope
instanceKlass com/sun/source/util/SourcePositions
instanceKlass com/sun/source/doctree/SinceTree
instanceKlass com/sun/source/doctree/SerialFieldTree
instanceKlass com/sun/source/doctree/DocTypeTree
instanceKlass com/sun/source/doctree/IndexTree
instanceKlass com/sun/source/doctree/SnippetTree
instanceKlass com/sun/source/doctree/CommentTree
instanceKlass com/sun/source/doctree/AuthorTree
instanceKlass com/sun/source/doctree/SpecTree
instanceKlass com/sun/source/doctree/EscapeTree
instanceKlass com/sun/source/doctree/UnknownBlockTagTree
instanceKlass com/sun/source/doctree/SystemPropertyTree
instanceKlass com/sun/source/doctree/ProvidesTree
instanceKlass com/sun/source/doctree/ErroneousTree
instanceKlass com/sun/source/doctree/TextTree
instanceKlass com/sun/source/doctree/HiddenTree
instanceKlass com/sun/source/doctree/IdentifierTree
instanceKlass com/sun/source/doctree/LiteralTree
instanceKlass com/sun/source/doctree/SerialDataTree
instanceKlass com/sun/source/doctree/SummaryTree
instanceKlass com/sun/source/doctree/LinkTree
instanceKlass com/sun/source/doctree/EntityTree
instanceKlass com/sun/source/doctree/DocRootTree
instanceKlass com/sun/source/doctree/AttributeTree
instanceKlass com/sun/source/doctree/EndElementTree
instanceKlass com/sun/source/doctree/ThrowsTree
instanceKlass com/sun/source/doctree/StartElementTree
instanceKlass com/sun/source/doctree/ParamTree
instanceKlass com/sun/source/doctree/SerialTree
instanceKlass com/sun/source/doctree/DeprecatedTree
instanceKlass com/sun/source/doctree/RawTextTree
instanceKlass com/sun/source/doctree/UsesTree
instanceKlass com/sun/source/doctree/VersionTree
instanceKlass com/sun/source/doctree/ValueTree
instanceKlass com/sun/source/doctree/ReturnTree
instanceKlass com/sun/source/doctree/ReferenceTree
instanceKlass com/sun/source/doctree/InheritDocTree
instanceKlass com/sun/source/doctree/DocCommentTree
instanceKlass com/sun/tools/javac/parser/Tokens$Comment
instanceKlass com/sun/source/doctree/UnknownInlineTagTree
instanceKlass com/sun/source/doctree/InlineTagTree
instanceKlass com/sun/source/doctree/SeeTree
instanceKlass com/sun/source/doctree/BlockTagTree
instanceKlass com/sun/source/doctree/DocTree
instanceKlass com/sun/tools/javac/tree/DocTreeMaker
instanceKlass com/sun/source/util/DocTreeFactory
instanceKlass com/sun/tools/javac/parser/Lexer
instanceKlass com/sun/tools/javac/parser/ParserFactory
instanceKlass  @bci com/sun/tools/javac/code/ClassFinder <init> (Lcom/sun/tools/javac/util/Context;)V 330 <appendix> argL0 ; # com/sun/tools/javac/code/ClassFinder$$Lambda+0x000000002d20e230
instanceKlass jdk/internal/jimage/ImageReader$Node
instanceKlass jdk/internal/jrtfs/SystemImage$2
instanceKlass java/lang/Class$Holder
instanceKlass  @bci jdk/internal/jrtfs/SystemImage <clinit> ()V 0 <appendix> argL0 ; # jdk/internal/jrtfs/SystemImage$$Lambda+0x000000002d12e818
instanceKlass jdk/internal/jrtfs/SystemImage
instanceKlass jdk/internal/jrtfs/JrtPath
instanceKlass jdk/internal/jimage/ImageBufferCache$2
instanceKlass jdk/internal/jimage/ImageBufferCache
instanceKlass sun/net/www/MessageHeader
instanceKlass java/net/URLConnection
instanceKlass java/nio/channels/AsynchronousFileChannel
instanceKlass java/nio/channels/AsynchronousChannel
instanceKlass java/nio/file/FileStore
instanceKlass com/sun/tools/javac/file/JRTIndex
instanceKlass  @bci com/sun/tools/javac/file/CacheFSInfo isFile (Ljava/nio/file/Path;)Z 5 <appendix> argL0 ; # com/sun/tools/javac/file/CacheFSInfo$$Lambda+0x000000002d20bda8
instanceKlass  @cpi com/sun/tools/javac/file/CacheFSInfo 178 form vmentry <vmtarget> ; # java/lang/invoke/LambdaForm$DMH+0x000000002d20c000
instanceKlass  @bci com/sun/tools/javac/file/CacheFSInfo getAttributes (Ljava/nio/file/Path;)Ljava/util/Optional; 6 <appendix> member <vmtarget> ; # com/sun/tools/javac/file/CacheFSInfo$$Lambda+0x000000002d20bb58
instanceKlass com/sun/tools/javac/main/DelegatingJavaFileManager
instanceKlass com/sun/tools/javac/jvm/ClassReader$AttributeReader
instanceKlass com/sun/tools/javac/comp/Analyzer$2
instanceKlass com/sun/tools/javac/comp/Analyzer$1
instanceKlass com/sun/tools/javac/comp/Analyzer$StatementAnalyzer
instanceKlass com/sun/tools/javac/comp/Analyzer$DeferredAnalysisHelper
instanceKlass com/sun/tools/javac/comp/Analyzer
instanceKlass  @bci com/sun/tools/javac/code/Symtab <init> (Lcom/sun/tools/javac/util/Context;)V 2310 <appendix> member <vmtarget> ; # com/sun/tools/javac/code/Symtab$$Lambda+0x000000002d206c30
instanceKlass com/sun/tools/javac/code/Symtab$2
instanceKlass com/sun/tools/javac/code/Symtab$1
instanceKlass  @bci com/sun/tools/javac/code/Symtab doEnterClass (Lcom/sun/tools/javac/code/Symbol$ModuleSymbol;Lcom/sun/tools/javac/code/Symbol$ClassSymbol;)V 8 <appendix> argL0 ; # com/sun/tools/javac/code/Symtab$$Lambda+0x000000002d205f08
instanceKlass  @bci com/sun/tools/javac/code/Symtab getClass (Lcom/sun/tools/javac/code/Symbol$ModuleSymbol;Lcom/sun/tools/javac/util/Name;)Lcom/sun/tools/javac/code/Symbol$ClassSymbol; 7 <appendix> member <vmtarget> ; # com/sun/tools/javac/code/Symtab$$Lambda+0x000000002d205cd8
instanceKlass  @bci com/sun/tools/javac/code/Symtab enterPackage (Lcom/sun/tools/javac/code/Symbol$ModuleSymbol;Lcom/sun/tools/javac/util/Name;)Lcom/sun/tools/javac/code/Symbol$PackageSymbol; 29 <appendix> member <vmtarget> ; # com/sun/tools/javac/code/Symtab$$Lambda+0x000000002d205aa8
instanceKlass com/sun/tools/javac/util/Convert
instanceKlass com/sun/tools/javac/jvm/JNIWriter
instanceKlass com/sun/tools/javac/jvm/Code
instanceKlass com/sun/tools/javac/jvm/PoolWriter$WriteablePoolHelper
instanceKlass com/sun/tools/javac/code/Types$SignatureGenerator
instanceKlass com/sun/tools/javac/jvm/PoolWriter
instanceKlass  @bci com/sun/tools/javac/jvm/PoolConstant$Dynamic$PoolKey hashCode ()I 1 <appendix> form vmentry <vmtarget> ; # java/lang/invoke/LambdaForm$MH+0x000000002d200000
instanceKlass  @bci com/sun/tools/javac/jvm/PoolConstant$Dynamic$PoolKey hashCode ()I 1 <appendix> argL1 form vmentry <vmtarget> ; # java/lang/invoke/LambdaForm$MH+0x000000002d1fd400
instanceKlass  @bci com/sun/tools/javac/jvm/PoolConstant$Dynamic$PoolKey hashCode ()I 1 <appendix> argL2 argL2 argL2 form vmentry <vmtarget> ; # java/lang/invoke/LambdaForm$MH+0x000000002d1fd000
instanceKlass  @bci java/lang/runtime/ObjectMethods bootstrap (Ljava/lang/invoke/MethodHandles$Lookup;Ljava/lang/String;Ljava/lang/invoke/TypeDescriptor;Ljava/lang/Class;Ljava/lang/String;[Ljava/lang/invoke/MethodHandle;)Ljava/lang/Object; 37 <appendix> argL0 ; # java/lang/runtime/ObjectMethods$$Lambda+0x800000015
instanceKlass sun/invoke/util/ValueConversions$WrapperCache
instanceKlass java/lang/invoke/MethodHandleImpl$2
instanceKlass java/lang/runtime/ObjectMethods
instanceKlass com/sun/tools/javac/code/Preview$1
instanceKlass  @bci com/sun/tools/javac/util/Options lambda$getBoolean$0 (Ljava/lang/String;Z)Ljava/lang/Boolean; 21 <appendix> argL0 ; # com/sun/tools/javac/util/Options$$Lambda+0x000000002d1feff0
instanceKlass  @bci com/sun/tools/javac/util/Options lambda$getBoolean$0 (Ljava/lang/String;Z)Ljava/lang/Boolean; 13 <appendix> member <vmtarget> ; # com/sun/tools/javac/util/Options$$Lambda+0x000000002d1feda0
instanceKlass  @cpi com/sun/tools/javac/tree/TreeInfo 1299 form vmentry <vmtarget> ; # java/lang/invoke/LambdaForm$DMH+0x000000002d1fcc00
instanceKlass  @bci com/sun/tools/javac/util/Options getBoolean (Ljava/lang/String;Z)Z 4 <adapter> ; # java/lang/invoke/LambdaForm$MH+0x000000002d1fc800
instanceKlass  @bci com/sun/tools/javac/util/Options getBoolean (Ljava/lang/String;Z)Z 4 <appendix> form vmentry <vmtarget> ; # java/lang/invoke/LambdaForm$DMH+0x000000002d1fc400
instanceKlass  @bci com/sun/tools/javac/util/Options getBoolean (Ljava/lang/String;Z)Z 4 <appendix> member <vmtarget> ; # com/sun/tools/javac/util/Options$$Lambda+0x000000002d1feb70
instanceKlass com/sun/tools/javac/comp/ConstFold
instanceKlass  @bci com/sun/tools/javac/comp/Operators initBinaryOperators ()V 1049 <appendix> argL0 ; # com/sun/tools/javac/comp/Operators$$Lambda+0x000000002d1fb790
instanceKlass  @bci com/sun/tools/javac/comp/Operators initBinaryOperators ()V 951 <appendix> argL0 ; # com/sun/tools/javac/comp/Operators$$Lambda+0x000000002d1fb538
instanceKlass  @bci com/sun/tools/javac/comp/Operators initBinaryOperators ()V 855 <appendix> argL0 ; # com/sun/tools/javac/comp/Operators$$Lambda+0x000000002d1fb2e0
instanceKlass  @bci com/sun/tools/javac/comp/Operators$BinaryNumericOperator <init> (Lcom/sun/tools/javac/comp/Operators;Lcom/sun/tools/javac/tree/JCTree$Tag;)V 3 <appendix> argL0 ; # com/sun/tools/javac/comp/Operators$BinaryNumericOperator$$Lambda+0x000000002d1fae08
instanceKlass  @bci jdk/internal/foreign/abi/UpcallLinker makeFactory (Ljava/lang/invoke/MethodType;Ljdk/internal/foreign/abi/ABIDescriptor;Ljdk/internal/foreign/abi/CallingSequence;)Ljdk/internal/foreign/abi/AbstractLinker$UpcallStubFactory; 229 <appendix> form vmentry <vmtarget> ; # java/lang/invoke/LambdaForm$DMH+0x000000002d1fc000
instanceKlass  @bci com/sun/tools/javac/comp/Operators$BinaryOperatorHelper addBinaryOperator (Lcom/sun/tools/javac/comp/Operators$OperatorType;Lcom/sun/tools/javac/comp/Operators$OperatorType;Lcom/sun/tools/javac/comp/Operators$OperatorType;[I)Lcom/sun/tools/javac/comp/Operators$BinaryOperatorHelper; 11 <appendix> member <vmtarget> ; # com/sun/tools/javac/comp/Operators$BinaryOperatorHelper$$Lambda+0x000000002d1fa958
instanceKlass  @bci com/sun/tools/javac/comp/Operators initUnaryOperators ()V 180 <appendix> argL0 ; # com/sun/tools/javac/comp/Operators$$Lambda+0x000000002d1f9b00
instanceKlass  @bci com/sun/tools/javac/comp/Operators$UnaryOperatorHelper addUnaryOperator (Lcom/sun/tools/javac/comp/Operators$OperatorType;Lcom/sun/tools/javac/comp/Operators$OperatorType;[I)Lcom/sun/tools/javac/comp/Operators$UnaryOperatorHelper; 9 <appendix> member <vmtarget> ; # com/sun/tools/javac/comp/Operators$UnaryOperatorHelper$$Lambda+0x000000002d1f98d0
instanceKlass  @bci com/sun/tools/javac/comp/Operators$OperatorType <clinit> ()V 192 <appendix> argL0 ; # com/sun/tools/javac/comp/Operators$OperatorType$$Lambda+0x000000002d1f9488
instanceKlass  @bci com/sun/tools/javac/comp/Operators$OperatorType <clinit> ()V 173 <appendix> argL0 ; # com/sun/tools/javac/comp/Operators$OperatorType$$Lambda+0x000000002d1f9240
instanceKlass  @bci com/sun/tools/javac/comp/Operators$OperatorType <clinit> ()V 154 <appendix> argL0 ; # com/sun/tools/javac/comp/Operators$OperatorType$$Lambda+0x000000002d1f8ff8
instanceKlass  @bci com/sun/tools/javac/comp/Operators$OperatorType <clinit> ()V 135 <appendix> argL0 ; # com/sun/tools/javac/comp/Operators$OperatorType$$Lambda+0x000000002d1f8db0
instanceKlass  @bci com/sun/tools/javac/comp/Operators$OperatorType <clinit> ()V 116 <appendix> argL0 ; # com/sun/tools/javac/comp/Operators$OperatorType$$Lambda+0x000000002d1f8b68
instanceKlass  @bci com/sun/tools/javac/comp/Operators$OperatorType <clinit> ()V 97 <appendix> argL0 ; # com/sun/tools/javac/comp/Operators$OperatorType$$Lambda+0x000000002d1f8920
instanceKlass  @bci com/sun/tools/javac/comp/Operators$OperatorType <clinit> ()V 79 <appendix> argL0 ; # com/sun/tools/javac/comp/Operators$OperatorType$$Lambda+0x000000002d1f86d8
instanceKlass  @bci com/sun/tools/javac/comp/Operators$OperatorType <clinit> ()V 61 <appendix> argL0 ; # com/sun/tools/javac/comp/Operators$OperatorType$$Lambda+0x000000002d1f8490
instanceKlass  @bci com/sun/tools/javac/comp/Operators$OperatorType <clinit> ()V 43 <appendix> argL0 ; # com/sun/tools/javac/comp/Operators$OperatorType$$Lambda+0x000000002d1f8248
instanceKlass  @bci com/sun/tools/javac/comp/Operators$OperatorType <clinit> ()V 25 <appendix> argL0 ; # com/sun/tools/javac/comp/Operators$OperatorType$$Lambda+0x000000002d1f8000
instanceKlass  @bci com/sun/tools/javac/comp/Operators$OperatorType <clinit> ()V 7 <appendix> argL0 ; # com/sun/tools/javac/comp/Operators$OperatorType$$Lambda+0x000000002d1f7d70
instanceKlass  @bci com/sun/tools/javac/comp/Operators$UnaryNumericOperator <init> (Lcom/sun/tools/javac/comp/Operators;Lcom/sun/tools/javac/tree/JCTree$Tag;)V 3 <appendix> argL0 ; # com/sun/tools/javac/comp/Operators$UnaryNumericOperator$$Lambda+0x000000002d1f78c8
instanceKlass  @bci com/sun/tools/javac/code/Symbol$MethodSymbol <clinit> ()V 0 <appendix> argL0 ; # com/sun/tools/javac/code/Symbol$MethodSymbol$$Lambda+0x000000002d1f6ff0
instanceKlass com/sun/tools/javac/comp/Operators$OperatorHelper
instanceKlass com/sun/tools/javac/comp/Operators
instanceKlass com/sun/tools/javac/comp/Lower$EnumMapping
instanceKlass com/sun/tools/javac/jvm/PoolConstant$Dynamic
instanceKlass com/sun/tools/javac/jvm/StringConcat
instanceKlass com/sun/tools/javac/jvm/Gen$GenFinalizer
instanceKlass com/sun/tools/javac/jvm/Items$Item
instanceKlass com/sun/tools/javac/jvm/ClassWriter$AttributeWriter
instanceKlass com/sun/tools/javac/jvm/ClassFile
instanceKlass com/sun/tools/javac/util/MandatoryWarningHandler
instanceKlass  @bci com/sun/tools/javac/util/Options isLintExplicitlyEnabled (Lcom/sun/tools/javac/code/Lint$LintCategory;)Z 10 <appendix> member <vmtarget> ; # com/sun/tools/javac/util/Options$$Lambda+0x000000002d1f0770
instanceKlass com/sun/tools/javac/code/Preview
instanceKlass com/sun/tools/javac/code/ModuleFinder$ModuleLocationIterator
instanceKlass com/sun/tools/javac/code/ModuleFinder
instanceKlass com/sun/tools/javac/comp/Flow$PatternDescription
instanceKlass com/sun/tools/javac/comp/Flow
instanceKlass com/sun/tools/javac/comp/Infer$GraphStrategy
instanceKlass com/sun/tools/javac/comp/InferenceContext
instanceKlass com/sun/tools/javac/comp/Infer$IncorporationEngine
instanceKlass com/sun/tools/javac/code/Type$UndetVar$UndetVarListener
instanceKlass javax/lang/model/element/TypeParameterElement
instanceKlass com/sun/tools/javac/comp/Infer
instanceKlass com/sun/tools/javac/util/Dependencies
instanceKlass com/sun/tools/javac/comp/TypeEnvs
instanceKlass com/sun/tools/javac/code/TypeAnnotations
instanceKlass  @bci com/sun/tools/javac/code/DeferredLintHandler pushImmediate (Lcom/sun/tools/javac/code/Lint;)V 5 <appendix> member <vmtarget> ; # com/sun/tools/javac/code/DeferredLintHandler$$Lambda+0x000000002d1ec430
instanceKlass com/sun/tools/javac/code/DeferredLintHandler$LintLogger
instanceKlass com/sun/tools/javac/code/DeferredLintHandler
instanceKlass  @bci com/sun/tools/javac/comp/TypeEnter$ImportsPhase <init> (Lcom/sun/tools/javac/comp/TypeEnter;)V 28 <appendix> member <vmtarget> ; # com/sun/tools/javac/comp/TypeEnter$ImportsPhase$$Lambda+0x000000002d1eb898
instanceKlass com/sun/tools/javac/comp/TypeEnter$DefaultConstructorHelper
instanceKlass com/sun/tools/javac/util/GraphUtils$DependencyKind
instanceKlass com/sun/tools/javac/comp/TypeEnter$Phase
instanceKlass com/sun/tools/javac/comp/TypeEnter
instanceKlass  @bci com/sun/tools/javac/code/Types <init> (Lcom/sun/tools/javac/util/Context;)V 360 <appendix> argL0 ; # com/sun/tools/javac/code/Types$$Lambda+0x000000002d1e9c68
instanceKlass com/sun/tools/javac/code/Types$CandidatesCache
instanceKlass com/sun/tools/javac/code/Types$ImplementationCache
instanceKlass com/sun/tools/javac/code/Types$3
instanceKlass com/sun/tools/javac/code/Types$DescriptorCache
instanceKlass com/sun/tools/javac/code/Types
instanceKlass com/sun/tools/javac/tree/TreeMaker$AnnotationBuilder
instanceKlass com/sun/tools/javac/code/Attribute$Visitor
instanceKlass com/sun/tools/javac/tree/TreeMaker
instanceKlass com/sun/tools/javac/tree/JCTree$Factory
instanceKlass com/sun/tools/javac/comp/DeferredAttr$4
instanceKlass com/sun/tools/javac/tree/TreeCopier
instanceKlass com/sun/tools/javac/comp/DeferredAttr$DeferredAttrContext
instanceKlass com/sun/tools/javac/comp/DeferredAttr$DeferredStuckPolicy
instanceKlass com/sun/tools/javac/comp/AttrRecover
instanceKlass com/sun/tools/javac/comp/Resolve$ReferenceLookupResult
instanceKlass com/sun/tools/javac/api/Formattable$LocalizedString
instanceKlass com/sun/tools/javac/comp/Resolve$10
instanceKlass com/sun/tools/javac/comp/Resolve$9
instanceKlass com/sun/tools/javac/comp/Resolve$8
instanceKlass  @bci com/sun/tools/javac/comp/Resolve onDemandImportScopeRecovery (Z)Lcom/sun/tools/javac/comp/Resolve$RecoveryLoadClass; 2 <appendix> form vmentry <vmtarget> ; # java/lang/invoke/LambdaForm$DMH+0x000000002d1d0400
instanceKlass  @bci com/sun/tools/javac/comp/Resolve onDemandImportScopeRecovery (Z)Lcom/sun/tools/javac/comp/Resolve$RecoveryLoadClass; 2 <appendix> member <vmtarget> ; # com/sun/tools/javac/comp/Resolve$$Lambda+0x000000002d1dad30
instanceKlass  @bci com/sun/tools/javac/comp/Resolve <init> (Lcom/sun/tools/javac/util/Context;)V 86 <appendix> member <vmtarget> ; # com/sun/tools/javac/comp/Resolve$$Lambda+0x000000002d1dab00
instanceKlass com/sun/tools/javac/comp/Resolve$7
instanceKlass  @bci com/sun/tools/javac/comp/Resolve <init> (Lcom/sun/tools/javac/util/Context;)V 64 <appendix> argL0 ; # com/sun/tools/javac/comp/Resolve$$Lambda+0x000000002d1da6a0
instanceKlass com/sun/tools/javac/comp/Env
instanceKlass com/sun/tools/javac/comp/Resolve$AbstractMethodCheck
instanceKlass com/sun/tools/javac/comp/Resolve$2
instanceKlass com/sun/tools/javac/comp/Resolve$LookupHelper
instanceKlass com/sun/tools/javac/code/Scope$ScopeListener
instanceKlass com/sun/tools/javac/comp/Resolve$ReferenceChooser
instanceKlass com/sun/tools/javac/comp/Resolve$LogResolveHelper
instanceKlass com/sun/tools/javac/comp/Resolve$RecoveryLoadClass
instanceKlass com/sun/tools/javac/comp/Resolve
instanceKlass  @bci com/sun/tools/javac/comp/Check <init> (Lcom/sun/tools/javac/util/Context;)V 62 <appendix> argL0 ; # com/sun/tools/javac/comp/Check$$Lambda+0x000000002d1d55d0
instanceKlass com/sun/tools/javac/comp/Check$1
instanceKlass com/sun/tools/javac/util/Warner
instanceKlass com/sun/tools/javac/comp/Check
instanceKlass com/sun/tools/javac/comp/Modules$1
instanceKlass  @bci com/sun/tools/javac/comp/Modules <clinit> ()V 0 <appendix> argL0 ; # com/sun/tools/javac/comp/Modules$$Lambda+0x000000002d1cf460
instanceKlass  @cpi com/sun/tools/javac/comp/Modules 1632 form vmentry <vmtarget> ; # java/lang/invoke/LambdaForm$DMH+0x000000002d1d0000
instanceKlass com/sun/tools/javac/util/Iterators
instanceKlass com/sun/tools/javac/code/Directive
instanceKlass javax/lang/model/element/ModuleElement$RequiresDirective
instanceKlass javax/lang/model/element/ModuleElement$Directive
instanceKlass  @bci com/sun/tools/javac/code/Symtab enterModule (Lcom/sun/tools/javac/util/Name;)Lcom/sun/tools/javac/code/Symbol$ModuleSymbol; 37 <appendix> member <vmtarget> ; # com/sun/tools/javac/code/Symtab$$Lambda+0x000000002d1cda58
instanceKlass com/sun/tools/javac/code/Scope$ScopeListenerList
instanceKlass com/sun/tools/javac/code/Scope$Entry
instanceKlass com/sun/tools/javac/comp/Annotate$AnnotationTypeMetadata
instanceKlass com/sun/tools/javac/resources/CompilerProperties$Fragments
instanceKlass  @bci com/sun/tools/javac/code/Symtab addRootPackageFor (Lcom/sun/tools/javac/code/Symbol$ModuleSymbol;)V 36 <appendix> member <vmtarget> ; # com/sun/tools/javac/code/Symtab$$Lambda+0x000000002d1cb878
instanceKlass  @bci com/sun/tools/javac/code/Symtab doEnterPackage (Lcom/sun/tools/javac/code/Symbol$ModuleSymbol;Lcom/sun/tools/javac/code/Symbol$PackageSymbol;)V 8 <appendix> argL0 ; # com/sun/tools/javac/code/Symtab$$Lambda+0x000000002d1cb630
instanceKlass com/sun/tools/javac/api/Formattable
instanceKlass com/sun/tools/javac/code/Kinds$KindSelector
instanceKlass com/sun/tools/javac/code/MissingInfoHandler
instanceKlass com/sun/tools/javac/code/TypeMetadata
instanceKlass javax/lang/model/type/NullType
instanceKlass com/sun/tools/javac/code/Symtab
instanceKlass com/sun/tools/javac/comp/MatchBindingsComputer$MatchBindings
instanceKlass com/sun/source/util/SimpleTreeVisitor
instanceKlass javax/lang/model/type/UnionType
instanceKlass com/sun/tools/javac/comp/Resolve$MethodCheck
instanceKlass javax/lang/model/type/IntersectionType
instanceKlass com/sun/tools/javac/comp/Check$NestedCheckContext
instanceKlass javax/lang/model/element/RecordComponentElement
instanceKlass com/sun/tools/javac/comp/Attr$ResultInfo
instanceKlass com/sun/tools/javac/code/Types$DefaultTypeVisitor
instanceKlass com/sun/tools/javac/comp/Annotate$2
instanceKlass javax/lang/model/element/AnnotationMirror
instanceKlass com/sun/tools/javac/comp/Check$CheckContext
instanceKlass com/sun/tools/javac/comp/Annotate
instanceKlass com/sun/tools/javac/util/ByteBuffer
instanceKlass com/sun/tools/javac/code/Attribute
instanceKlass javax/lang/model/element/AnnotationValue
instanceKlass com/sun/tools/javac/comp/Annotate$AnnotationTypeCompleter
instanceKlass javax/lang/model/type/PrimitiveType
instanceKlass com/sun/tools/javac/jvm/ClassReader
instanceKlass  @bci com/sun/tools/javac/code/ClassFinder <init> (Lcom/sun/tools/javac/util/Context;)V 23 <appendix> member <vmtarget> ; # com/sun/tools/javac/code/ClassFinder$$Lambda+0x000000002d1b4a88
instanceKlass com/sun/tools/javac/code/Scope
instanceKlass com/sun/tools/javac/code/ClassFinder
instanceKlass com/sun/tools/javac/util/Name
instanceKlass javax/lang/model/element/Name
instanceKlass com/sun/tools/javac/util/Name$Table
instanceKlass com/sun/tools/javac/util/Names
instanceKlass com/sun/tools/javac/code/Symbol$Completer$1
instanceKlass  @bci com/sun/tools/javac/main/JavaCompiler <init> (Lcom/sun/tools/javac/util/Context;)V 6 <appendix> member <vmtarget> ; # com/sun/tools/javac/main/JavaCompiler$$Lambda+0x000000002d1b2f30
instanceKlass javax/lang/model/element/ModuleElement
instanceKlass javax/lang/model/element/PackageElement
instanceKlass com/sun/tools/javac/main/JavaCompiler
instanceKlass javax/lang/model/element/TypeElement
instanceKlass javax/lang/model/element/QualifiedNameable
instanceKlass com/sun/source/tree/YieldTree
instanceKlass com/sun/source/tree/OpensTree
instanceKlass com/sun/source/tree/UsesTree
instanceKlass com/sun/source/tree/IfTree
instanceKlass com/sun/source/tree/TryTree
instanceKlass com/sun/source/tree/BlockTree
instanceKlass com/sun/source/tree/BreakTree
instanceKlass com/sun/source/tree/CaseTree
instanceKlass com/sun/source/tree/UnaryTree
instanceKlass com/sun/source/tree/ThrowTree
instanceKlass com/sun/source/tree/CatchTree
instanceKlass com/sun/source/tree/InstanceOfTree
instanceKlass com/sun/source/tree/MethodTree
instanceKlass com/sun/source/tree/CompoundAssignmentTree
instanceKlass com/sun/source/tree/ConditionalExpressionTree
instanceKlass com/sun/source/tree/ClassTree
instanceKlass com/sun/source/tree/AssignmentTree
instanceKlass com/sun/source/tree/ParenthesizedTree
instanceKlass com/sun/source/tree/LabeledStatementTree
instanceKlass com/sun/source/tree/LambdaExpressionTree
instanceKlass com/sun/source/tree/VariableTree
instanceKlass com/sun/source/tree/IntersectionTypeTree
instanceKlass com/sun/source/tree/ParameterizedTypeTree
instanceKlass com/sun/source/tree/EnhancedForLoopTree
instanceKlass com/sun/source/tree/PrimitiveTypeTree
instanceKlass com/sun/source/tree/PackageTree
instanceKlass com/sun/source/tree/DeconstructionPatternTree
instanceKlass com/sun/source/tree/ArrayTypeTree
instanceKlass com/sun/source/tree/DoWhileLoopTree
instanceKlass com/sun/source/tree/ModuleTree
instanceKlass com/sun/source/tree/UnionTypeTree
instanceKlass com/sun/source/tree/MemberReferenceTree
instanceKlass com/sun/source/tree/MemberSelectTree
instanceKlass com/sun/source/tree/ArrayAccessTree
instanceKlass com/sun/source/tree/NewClassTree
instanceKlass com/sun/source/tree/ErroneousTree
instanceKlass com/sun/source/tree/ContinueTree
instanceKlass com/sun/source/tree/DefaultCaseLabelTree
instanceKlass com/sun/source/tree/ModifiersTree
instanceKlass com/sun/source/tree/TypeCastTree
instanceKlass com/sun/source/tree/AssertTree
instanceKlass com/sun/source/tree/PatternCaseLabelTree
instanceKlass com/sun/source/tree/ReturnTree
instanceKlass com/sun/source/tree/SynchronizedTree
instanceKlass com/sun/source/tree/SwitchExpressionTree
instanceKlass com/sun/source/tree/BinaryTree
instanceKlass com/sun/source/tree/AnyPatternTree
instanceKlass com/sun/source/tree/RequiresTree
instanceKlass com/sun/source/tree/ExportsTree
instanceKlass com/sun/source/tree/AnnotatedTypeTree
instanceKlass com/sun/source/tree/SwitchTree
instanceKlass com/sun/source/tree/ConstantCaseLabelTree
instanceKlass com/sun/source/tree/CaseLabelTree
instanceKlass com/sun/source/tree/TypeParameterTree
instanceKlass com/sun/source/tree/BindingPatternTree
instanceKlass com/sun/source/tree/PatternTree
instanceKlass com/sun/source/tree/ForLoopTree
instanceKlass com/sun/source/tree/LiteralTree
instanceKlass com/sun/source/tree/NewArrayTree
instanceKlass com/sun/source/tree/AnnotationTree
instanceKlass com/sun/source/tree/ProvidesTree
instanceKlass com/sun/source/tree/DirectiveTree
instanceKlass com/sun/source/tree/WhileLoopTree
instanceKlass com/sun/source/tree/ImportTree
instanceKlass com/sun/source/tree/WildcardTree
instanceKlass com/sun/source/tree/IdentifierTree
instanceKlass com/sun/source/tree/MethodInvocationTree
instanceKlass com/sun/source/tree/EmptyStatementTree
instanceKlass com/sun/source/tree/ExpressionStatementTree
instanceKlass com/sun/source/tree/StatementTree
instanceKlass  @bci java/util/regex/Pattern negate (Ljava/util/regex/Pattern$CharPredicate;)Ljava/util/regex/Pattern$CharPredicate; 1 <appendix> member <vmtarget> ; # java/util/regex/Pattern$$Lambda+0x80000002f
instanceKlass javax/annotation/processing/Messager
instanceKlass javax/annotation/processing/RoundEnvironment
instanceKlass com/sun/tools/javac/processing/JavacProcessingEnvironment$ServiceIterator
instanceKlass javax/annotation/processing/Filer
instanceKlass com/sun/tools/javac/tree/JCTree$Visitor
instanceKlass com/sun/tools/javac/processing/JavacProcessingEnvironment
instanceKlass javax/annotation/processing/ProcessingEnvironment
instanceKlass com/sun/tools/javac/platform/PlatformDescription
instanceKlass java/lang/Runtime$Version
instanceKlass  @bci com/sun/tools/javac/main/Arguments validate ()Z 1326 <appendix> member <vmtarget> ; # com/sun/tools/javac/main/Arguments$$Lambda+0x000000002d19d6d0
instanceKlass  @bci com/sun/tools/javac/main/Arguments checkOptionAllowed (ZLcom/sun/tools/javac/main/Arguments$ErrorReporter;[Lcom/sun/tools/javac/main/Option;)V 33 <appendix> member <vmtarget> ; # com/sun/tools/javac/main/Arguments$$Lambda+0x000000002d19d490
instanceKlass  @cpi com/sun/tools/javac/code/Symtab 1381 form vmentry <vmtarget> ; # java/lang/invoke/LambdaForm$DMH+0x000000002d1a0000
instanceKlass  @bci com/sun/tools/javac/main/Arguments checkOptionAllowed (ZLcom/sun/tools/javac/main/Arguments$ErrorReporter;[Lcom/sun/tools/javac/main/Option;)V 17 <appendix> member <vmtarget> ; # com/sun/tools/javac/main/Arguments$$Lambda+0x000000002d19d230
instanceKlass  @cpi com/sun/tools/javac/jvm/Items$StaticItem 112 form vmentry <vmtarget> ; # java/lang/invoke/LambdaForm$DMH+0x000000002d19cc00
instanceKlass  @bci com/sun/tools/javac/main/Arguments validate ()Z 1236 <appendix> member <vmtarget> ; # com/sun/tools/javac/main/Arguments$$Lambda+0x000000002d19d000
instanceKlass  @bci com/sun/tools/javac/util/Options isSet (Lcom/sun/tools/javac/main/Option;Ljava/lang/String;)Z 4 <appendix> member <vmtarget> ; # com/sun/tools/javac/util/Options$$Lambda+0x000000002d19fbb0
instanceKlass  @bci com/sun/tools/javac/util/Options isLintExplicitlyDisabled (Lcom/sun/tools/javac/code/Lint$LintCategory;)Z 10 <appendix> member <vmtarget> ; # com/sun/tools/javac/util/Options$$Lambda+0x000000002d19f950
instanceKlass com/sun/tools/javac/util/Pair
instanceKlass  @bci com/sun/tools/javac/code/DeferredCompletionFailureHandler$1 uninstall ()V 9 <appendix> argL0 ; # com/sun/tools/javac/code/DeferredCompletionFailureHandler$1$$Lambda+0x000000002d19f500
instanceKlass  @bci com/sun/tools/javac/api/JavacTaskImpl doCall ()Lcom/sun/tools/javac/main/Main$Result; 2 <appendix> member <vmtarget> ; # com/sun/tools/javac/api/JavacTaskImpl$$Lambda+0x000000002d19f2d0
instanceKlass  @bci com/sun/tools/javac/code/DeferredCompletionFailureHandler$1 install ()V 9 <appendix> argL0 ; # com/sun/tools/javac/code/DeferredCompletionFailureHandler$1$$Lambda+0x000000002d19ee48
instanceKlass com/sun/tools/javac/code/DeferredCompletionFailureHandler$FlipSymbolDescription
instanceKlass com/sun/tools/javac/code/DeferredCompletionFailureHandler$3
instanceKlass com/sun/tools/javac/code/DeferredCompletionFailureHandler$2
instanceKlass com/sun/tools/javac/code/Symbol$Completer
instanceKlass com/sun/tools/javac/code/DeferredCompletionFailureHandler$1
instanceKlass com/sun/tools/javac/code/DeferredCompletionFailureHandler$Handler
instanceKlass com/sun/tools/javac/code/DeferredCompletionFailureHandler
instanceKlass com/sun/tools/javac/parser/Parser
instanceKlass com/sun/tools/javac/api/JavacTaskImpl$Filter
instanceKlass  @bci com/sun/tools/javac/util/Options get (Ljava/lang/String;)Ljava/lang/String; 3 <appendix> member <vmtarget> ; # com/sun/tools/javac/util/Options$$Lambda+0x000000002d19ad48
instanceKlass  @bci com/sun/tools/javac/util/Options isSet (Ljava/lang/String;)Z 3 <appendix> member <vmtarget> ; # com/sun/tools/javac/util/Options$$Lambda+0x000000002d19ab18
instanceKlass  @bci com/sun/tools/javac/util/Options isSet (Lcom/sun/tools/javac/main/Option;)Z 3 <appendix> member <vmtarget> ; # com/sun/tools/javac/util/Options$$Lambda+0x000000002d19a8e8
instanceKlass  @bci com/sun/tools/javac/main/Arguments handleReleaseOptions (Ljava/util/function/Predicate;)Z 22 <appendix> member <vmtarget> ; # com/sun/tools/javac/main/Arguments$$Lambda+0x000000002d19a6b8
instanceKlass com/sun/tools/javac/main/Arguments$ErrorReporter
instanceKlass  @bci com/sun/tools/javac/util/Options get (Lcom/sun/tools/javac/main/Option;)Ljava/lang/String; 3 <appendix> member <vmtarget> ; # com/sun/tools/javac/util/Options$$Lambda+0x000000002d19a488
instanceKlass  @bci com/sun/tools/javac/main/Arguments processArgs (Ljava/lang/Iterable;Ljava/util/Set;Lcom/sun/tools/javac/main/OptionHelper;ZZ)Z 24 <adapter> ; # java/lang/invoke/LambdaForm$MH+0x000000002d19c800
# instanceKlass java/lang/invoke/LambdaForm$DMH+0x000000002d19c400
instanceKlass  @bci com/sun/tools/javac/main/Arguments processArgs (Ljava/lang/Iterable;Ljava/util/Set;Lcom/sun/tools/javac/main/OptionHelper;ZZ)Z 24 <appendix> form vmentry <vmtarget> ; # java/lang/invoke/LambdaForm$DMH+0x000000002d19c000
instanceKlass  @bci com/sun/tools/javac/main/Arguments processArgs (Ljava/lang/Iterable;Ljava/util/Set;Lcom/sun/tools/javac/main/OptionHelper;ZZ)Z 24 <appendix> member <vmtarget> ; # com/sun/tools/javac/main/Arguments$$Lambda+0x000000002d19a228
instanceKlass  @cpi com/sun/tools/javac/main/Arguments 1141 form vmentry <vmtarget> ; # java/lang/invoke/LambdaForm$DMH+0x000000002d188400
instanceKlass com/sun/tools/javac/file/BaseFileManager$3
instanceKlass com/sun/tools/doclint/DocLint$1
instanceKlass com/sun/source/tree/CompilationUnitTree
instanceKlass com/sun/source/util/TreePath
instanceKlass javax/lang/model/util/Types
instanceKlass javax/lang/model/util/Elements
instanceKlass com/sun/source/util/Trees
instanceKlass com/sun/source/util/TreeScanner
instanceKlass com/sun/source/tree/TreeVisitor
instanceKlass java/util/stream/FindOps$FindOp
instanceKlass  @bci java/util/stream/FindOps$FindSink$OfRef <clinit> ()V 6 <appendix> argL0 ; # java/util/stream/FindOps$FindSink$OfRef$$Lambda+0x800000048
instanceKlass  @bci java/util/stream/FindOps$FindSink$OfRef <clinit> ()V 0 <appendix> argL0 ; # java/util/stream/FindOps$FindSink$OfRef$$Lambda+0x800000049
instanceKlass java/util/stream/FindOps$FindSink
instanceKlass java/util/stream/FindOps
instanceKlass  @bci com/sun/tools/doclint/DocLint newDocLint ()Lcom/sun/tools/doclint/DocLint; 17 <appendix> argL0 ; # com/sun/tools/doclint/DocLint$$Lambda+0x000000002d196e60
instanceKlass java/util/ServiceLoader$ProviderSpliterator
instanceKlass com/sun/tools/doclint/DocLint
instanceKlass com/sun/source/util/Plugin
instanceKlass com/sun/tools/javac/util/ListBuffer$1
instanceKlass com/sun/tools/javac/main/Arguments
instanceKlass com/sun/tools/javac/api/ClientCodeWrapper$WrappedDiagnosticListener
instanceKlass java/lang/Class$AnnotationData
instanceKlass com/sun/tools/javac/api/ClientCodeWrapper$Trusted
instanceKlass com/sun/tools/javac/api/ClientCodeWrapper$WrappedJavaFileManager
instanceKlass com/sun/source/util/TaskListener
instanceKlass com/sun/tools/javac/api/ClientCodeWrapper
instanceKlass com/sun/tools/javac/file/PathFileObject
instanceKlass  @bci com/sun/tools/javac/file/CacheFSInfo getCanonicalFile (Ljava/nio/file/Path;)Ljava/nio/file/Path; 6 <appendix> member <vmtarget> ; # com/sun/tools/javac/file/CacheFSInfo$$Lambda+0x000000002d193c20
instanceKlass  @bci com/sun/tools/javac/file/BaseFileManager setContext (Lcom/sun/tools/javac/util/Context;)V 48 <appendix> member <vmtarget> ; # com/sun/tools/javac/file/BaseFileManager$$Lambda+0x000000002d1939e0
instanceKlass  @bci com/sun/tools/javac/util/Log <init> (Lcom/sun/tools/javac/util/Context;Ljava/util/Map;)V 152 <appendix> member <vmtarget> ; # com/sun/tools/javac/util/Log$$Lambda+0x000000002d1937a0
instanceKlass  @bci com/sun/tools/javac/util/JCDiagnostic$Factory <init> (Lcom/sun/tools/javac/util/Context;)V 23 <appendix> member <vmtarget> ; # com/sun/tools/javac/util/JCDiagnostic$Factory$$Lambda+0x000000002d193560
instanceKlass com/sun/tools/javac/util/JCDiagnostic
instanceKlass  @bci com/sun/tools/javac/util/Options whenReady (Ljava/util/function/Consumer;)V 20 <appendix> member <vmtarget> ; # com/sun/tools/javac/util/Options$$Lambda+0x000000002d192de0
instanceKlass  @bci com/sun/tools/javac/util/JavacMessages <init> (Lcom/sun/tools/javac/util/Context;)V 45 <appendix> member <vmtarget> ; # com/sun/tools/javac/util/JavacMessages$$Lambda+0x000000002d192ba0
instanceKlass com/sun/tools/javac/util/Options
instanceKlass javax/lang/model/element/ExecutableElement
instanceKlass javax/lang/model/element/Parameterizable
instanceKlass javax/lang/model/type/ExecutableType
instanceKlass javax/lang/model/type/ArrayType
instanceKlass javax/lang/model/type/WildcardType
instanceKlass javax/lang/model/element/VariableElement
instanceKlass javax/lang/model/type/TypeVariable
instanceKlass javax/lang/model/type/ErrorType
instanceKlass com/sun/tools/javac/jvm/PoolConstant$LoadableConstant
instanceKlass javax/lang/model/type/DeclaredType
instanceKlass javax/lang/model/type/ReferenceType
instanceKlass javax/lang/model/type/NoType
instanceKlass javax/lang/model/type/TypeMirror
instanceKlass com/sun/tools/javac/code/AnnoConstruct
instanceKlass javax/lang/model/element/Element
instanceKlass javax/lang/model/AnnotatedConstruct
instanceKlass com/sun/tools/javac/jvm/PoolConstant
instanceKlass com/sun/tools/javac/util/AbstractDiagnosticFormatter$SimpleConfiguration
instanceKlass com/sun/tools/javac/api/DiagnosticFormatter$Configuration
instanceKlass com/sun/source/tree/ExpressionTree
instanceKlass com/sun/tools/javac/tree/JCTree
instanceKlass com/sun/source/tree/Tree
instanceKlass com/sun/tools/javac/code/Printer
instanceKlass com/sun/tools/javac/code/Symbol$Visitor
instanceKlass com/sun/tools/javac/code/Type$Visitor
instanceKlass com/sun/tools/javac/util/List$2
instanceKlass  @bci com/sun/tools/javac/util/JavacMessages add (Ljava/lang/String;)V 2 <appendix> member <vmtarget> ; # com/sun/tools/javac/util/JavacMessages$$Lambda+0x000000002d18d1c0
instanceKlass com/sun/tools/javac/util/JavacMessages$ResourceBundleHelper
instanceKlass com/sun/tools/javac/util/JavacMessages
instanceKlass com/sun/tools/javac/api/Messages
instanceKlass com/sun/tools/javac/util/JCDiagnostic$Factory
instanceKlass  @bci com/sun/tools/javac/file/JavacFileManager <init> (Lcom/sun/tools/javac/util/Context;ZLjava/nio/charset/Charset;)V 11 <appendix> argL0 ; # com/sun/tools/javac/file/JavacFileManager$$Lambda+0x000000002d186e88
instanceKlass java/util/JumboEnumSet$EnumSetIterator
instanceKlass com/sun/tools/javac/file/Locations$ModuleTable
instanceKlass  @bci com/sun/tools/javac/file/Locations$ModuleSourcePathLocationHandler <init> (Lcom/sun/tools/javac/file/Locations;)V 28 <appendix> argL0 ; # com/sun/tools/javac/file/Locations$ModuleSourcePathLocationHandler$$Lambda+0x000000002d186428
instanceKlass  @bci com/sun/tools/javac/file/Locations <init> ()V 5 <appendix> argL0 ; # com/sun/tools/javac/file/Locations$$Lambda+0x000000002d185578
instanceKlass  @cpi jdk/internal/foreign/SystemLookup 281 form vmentry <vmtarget> ; # java/lang/invoke/LambdaForm$DMH+0x000000002d188000
instanceKlass java/nio/file/Paths
instanceKlass javax/tools/StandardJavaFileManager$PathFactory
instanceKlass com/sun/tools/javac/file/Locations$LocationHandler
instanceKlass com/sun/tools/javac/file/Locations
instanceKlass com/sun/tools/javac/file/JavacFileManager$1
instanceKlass  @bci java/util/stream/Collectors castingIdentity ()Ljava/util/function/Function; 0 <appendix> argL0 ; # java/util/stream/Collectors$$Lambda+0x800000042
instanceKlass  @bci java/util/stream/Collectors toCollection (Ljava/util/function/Supplier;)Ljava/util/stream/Collector; 10 <appendix> argL0 ; # java/util/stream/Collectors$$Lambda+0x000000002d1299f8
instanceKlass  @bci java/util/stream/Collectors toCollection (Ljava/util/function/Supplier;)Ljava/util/stream/Collector; 5 <appendix> argL0 ; # java/util/stream/Collectors$$Lambda+0x000000002d1297c0
instanceKlass  @bci com/sun/tools/javac/main/Option getOptions (Lcom/sun/tools/javac/main/Option$OptionGroup;)Ljava/util/Set; 17 <appendix> argL0 ; # com/sun/tools/javac/main/Option$$Lambda+0x000000002d1845b0
instanceKlass  @bci com/sun/tools/javac/main/Option getOptions (Lcom/sun/tools/javac/main/Option$OptionGroup;)Ljava/util/Set; 7 <appendix> member <vmtarget> ; # com/sun/tools/javac/main/Option$$Lambda+0x000000002d184350
instanceKlass java/util/stream/ReferencePipeline$7$1FlatMap
instanceKlass java/util/stream/ForEachOps$ForEachOp
instanceKlass java/util/stream/ForEachOps
instanceKlass  @bci com/sun/tools/javac/main/Option getXLintChoices ()Ljava/util/Set; 42 <appendix> member <vmtarget> ; # com/sun/tools/javac/main/Option$$Lambda+0x000000002d183f10
instanceKlass  @bci com/sun/tools/javac/main/Option getXLintChoices ()Ljava/util/Set; 26 <appendix> argL0 ; # com/sun/tools/javac/main/Option$$Lambda+0x000000002d183cc8
instanceKlass  @bci com/sun/tools/javac/code/Lint$LintCategory <init> (Ljava/lang/String;ILjava/lang/String;Z[Ljava/lang/String;)V 60 <appendix> member <vmtarget> ; # com/sun/tools/javac/code/Lint$LintCategory$$Lambda+0x000000002d183638
instanceKlass com/sun/tools/javac/code/Lint
instanceKlass com/sun/tools/javac/util/Assert
instanceKlass com/sun/tools/javac/file/RelativePath
instanceKlass javax/tools/JavaFileObject
instanceKlass javax/tools/JavaFileManager$Location
instanceKlass javax/tools/FileObject
instanceKlass com/sun/tools/javac/file/JavacFileManager$Container
instanceKlass com/sun/tools/javac/util/JCDiagnostic$DiagnosticInfo
instanceKlass com/sun/tools/javac/main/OptionHelper
instanceKlass  @bci com/sun/tools/javac/file/CacheFSInfo preRegister (Lcom/sun/tools/javac/util/Context;)V 3 <appendix> argL0 ; # com/sun/tools/javac/file/CacheFSInfo$$Lambda+0x000000002d11c4a8
instanceKlass com/sun/tools/javac/file/FSInfo
instanceKlass com/sun/tools/javac/util/AbstractDiagnosticFormatter
instanceKlass javax/tools/Diagnostic
instanceKlass com/sun/tools/javac/api/DiagnosticFormatter
instanceKlass com/sun/tools/javac/util/Log$DiagnosticHandler
instanceKlass com/sun/tools/javac/util/JCDiagnostic$DiagnosticPosition
instanceKlass com/sun/tools/javac/util/AbstractLog
instanceKlass com/sun/tools/javac/util/Context$Factory
instanceKlass com/sun/tools/javac/util/Context$Key
instanceKlass sun/nio/fs/WindowsPath$1
instanceKlass sun/security/provider/AbstractDrbg$NonceProvider
instanceKlass  @bci sun/security/provider/AbstractDrbg$SeederHolder <clinit> ()V 42 <appendix> member <vmtarget> ; # sun/security/provider/AbstractDrbg$SeederHolder$$Lambda+0x000000002d127448
instanceKlass  @cpi sun/security/provider/AbstractDrbg$SeederHolder 91 form vmentry <vmtarget> ; # java/lang/invoke/LambdaForm$DMH+0x000000002d119000
instanceKlass sun/nio/fs/BasicFileAttributesHolder
instanceKlass sun/nio/fs/WindowsDirectoryStream$WindowsDirectoryIterator
instanceKlass sun/nio/fs/WindowsDirectoryStream
instanceKlass java/nio/file/DirectoryStream
instanceKlass java/nio/file/Files$AcceptAllFilter
instanceKlass java/nio/file/DirectoryStream$Filter
instanceKlass java/net/NetworkInterface$1
instanceKlass java/net/DefaultInterface
instanceKlass java/net/Inet6Address$Inet6AddressHolder
instanceKlass java/net/InetAddress$PlatformResolver
instanceKlass java/net/spi/InetAddressResolver
instanceKlass java/net/spi/InetAddressResolver$LookupPolicy
instanceKlass java/net/Inet4AddressImpl
instanceKlass java/net/Inet6AddressImpl
instanceKlass java/net/InetAddressImpl
instanceKlass java/util/concurrent/ConcurrentSkipListMap$Node
instanceKlass java/util/concurrent/ConcurrentSkipListMap$Index
instanceKlass java/util/concurrent/ConcurrentNavigableMap
instanceKlass java/net/InetAddress$InetAddressHolder
instanceKlass sun/security/util/SecurityProperties
instanceKlass jdk/internal/util/Exceptions
instanceKlass java/net/InetAddress$1
instanceKlass jdk/internal/access/JavaNetInetAddressAccess
instanceKlass java/net/InetAddress
instanceKlass java/net/InterfaceAddress
instanceKlass java/net/NetworkInterface
instanceKlass sun/security/provider/ByteArrayAccess$BE
instanceKlass sun/security/provider/ByteArrayAccess
instanceKlass java/util/Properties$EntrySet
instanceKlass sun/security/util/MessageDigestSpi2
instanceKlass sun/security/jca/GetInstance$Instance
instanceKlass sun/security/jca/GetInstance
instanceKlass java/security/MessageDigestSpi
instanceKlass sun/security/provider/SeedGenerator
instanceKlass sun/security/provider/AbstractDrbg$SeederHolder
instanceKlass java/security/DrbgParameters$NextBytes
instanceKlass  @bci sun/security/provider/AbstractDrbg <clinit> ()V 12 <appendix> argL0 ; # sun/security/provider/AbstractDrbg$$Lambda+0x000000002d1246d8
instanceKlass  @cpi sun/security/provider/AbstractDrbg 383 form vmentry <vmtarget> ; # java/lang/invoke/LambdaForm$DMH+0x000000002d118800
instanceKlass sun/security/provider/EntropySource
instanceKlass sun/security/provider/AbstractDrbg
instanceKlass java/security/DrbgParameters$Instantiation
instanceKlass java/security/DrbgParameters
instanceKlass sun/security/provider/MoreDrbgParameters
instanceKlass java/security/SecureRandomSpi
instanceKlass sun/security/util/SecurityProviderConstants
instanceKlass java/security/Provider$UString
instanceKlass java/security/Provider$Service
instanceKlass sun/security/provider/NativePRNG$NonBlocking
instanceKlass sun/security/provider/NativePRNG$Blocking
instanceKlass sun/security/provider/NativePRNG
instanceKlass sun/security/provider/SunEntries
instanceKlass java/security/Permission
instanceKlass java/security/Guard
instanceKlass sun/security/util/SecurityConstants
instanceKlass java/security/Security$2
instanceKlass jdk/internal/access/JavaSecurityPropertiesAccess
instanceKlass java/util/concurrent/ConcurrentHashMap$MapEntry
instanceKlass sun/nio/fs/WindowsLinkSupport
instanceKlass sun/nio/fs/WindowsFileAttributes
instanceKlass java/nio/file/attribute/DosFileAttributes
instanceKlass sun/nio/fs/AbstractBasicFileAttributeView
instanceKlass sun/nio/fs/DynamicFileAttributeView
instanceKlass sun/nio/fs/WindowsFileAttributeViews
instanceKlass sun/nio/fs/Util
instanceKlass java/nio/file/attribute/BasicFileAttributeView
instanceKlass java/nio/file/attribute/FileAttributeView
instanceKlass java/nio/file/attribute/AttributeView
instanceKlass java/nio/file/attribute/BasicFileAttributes
instanceKlass java/nio/file/CopyOption
instanceKlass java/security/Security$SecPropLoader
instanceKlass java/security/Security
instanceKlass jdk/internal/math/FloatingDecimal$ASCIIToBinaryBuffer
instanceKlass jdk/internal/math/MathUtils
instanceKlass jdk/internal/math/FloatingDecimal$PreparedASCIIToBinaryBuffer
instanceKlass jdk/internal/math/FloatingDecimal$ASCIIToBinaryConverter
instanceKlass jdk/internal/math/FloatingDecimal$BinaryToASCIIBuffer
instanceKlass jdk/internal/math/FloatingDecimal$ExceptionalBinaryToASCIIBuffer
instanceKlass jdk/internal/math/FloatingDecimal$BinaryToASCIIConverter
instanceKlass jdk/internal/math/FloatingDecimal
instanceKlass javax/security/auth/login/Configuration$Parameters
instanceKlass java/security/Policy$Parameters
instanceKlass javax/crypto/KDFParameters
instanceKlass java/security/cert/CertStoreParameters
instanceKlass java/security/SecureRandomParameters
instanceKlass java/security/Provider$EngineDescription
instanceKlass  @bci java/security/Provider <clinit> ()V 28 <appendix> argL0 ; # java/security/Provider$$Lambda+0x000000002d120000
instanceKlass java/security/Provider$ServiceKey
instanceKlass sun/security/jca/ProviderConfig
instanceKlass sun/security/jca/ProviderList
instanceKlass sun/security/jca/Providers
instanceKlass sun/security/util/Debug
instanceKlass java/util/Random
instanceKlass java/util/random/RandomGenerator
instanceKlass java/nio/file/TempFileHelper
instanceKlass javax/tools/DiagnosticCollector
instanceKlass com/sun/tools/javac/util/Context
instanceKlass com/sun/tools/javac/file/BaseFileManager
instanceKlass com/sun/source/util/JavacTask
instanceKlass javax/tools/JavaCompiler$CompilationTask
instanceKlass javax/tools/StandardJavaFileManager
instanceKlass com/sun/tools/javac/api/JavacTool
instanceKlass javax/tools/JavaCompiler
instanceKlass javax/tools/Tool
instanceKlass javax/tools/ToolProvider
instanceKlass javax/tools/JavaFileManager
instanceKlass javax/tools/OptionChecker
instanceKlass javax/tools/DiagnosticListener
instanceKlass wv/codeclip/patch/JavaCompileChecker
instanceKlass  @bci wv/codeclip/patch/PostPatchVerifier runCompileCheckAsync (Ljava/util/List;Ljavax/swing/JFrame;Ljava/util/function/Consumer;)V 28 <appendix> form vmentry <vmtarget> ; # java/lang/invoke/LambdaForm$MH+0x000000002d112c00
instanceKlass  @bci wv/codeclip/patch/PostPatchVerifier countMethodNames (Ljava/lang/String;)Ljava/util/Map; 33 <appendix> argL0 ; # wv/codeclip/patch/PostPatchVerifier$$Lambda+0x000000002d115550
instanceKlass  @bci java/util/regex/Pattern ALL ()Ljava/util/regex/Pattern$CharPredicate; 0 <appendix> argL0 ; # java/util/regex/Pattern$$Lambda+0x000000002d17ce90
instanceKlass wv/codeclip/patch/PostPatchVerifier
instanceKlass  @bci wv/codeclip/CodeClipFrame refreshVersionPanel ()V 152 <appendix> member <vmtarget> ; # wv/codeclip/CodeClipFrame$$Lambda+0x000000002d114e18
instanceKlass  @bci wv/codeclip/CodeClipFrame addVersionEventFromUndoTop ()V 56 <appendix> argL0 ; # wv/codeclip/CodeClipFrame$$Lambda+0x000000002d1148f8
instanceKlass  @bci wv/codeclip/CodeClipFrame addVersionEventFromUndoTop ()V 46 <appendix> member <vmtarget> ; # wv/codeclip/CodeClipFrame$$Lambda+0x000000002d1146a8
instanceKlass  @bci wv/codeclip/io/PasteClassHandler handlePatch (Ljava/lang/String;)Z 341 <adapter> ; # java/lang/invoke/LambdaForm$MH+0x000000002d112400
instanceKlass  @bci wv/codeclip/io/PasteClassHandler handlePatch (Ljava/lang/String;)Z 341 <appendix> form vmentry <vmtarget> ; # java/lang/invoke/LambdaForm$MH+0x000000002d112000
instanceKlass  @bci wv/codeclip/io/PasteClassHandler handlePatch (Ljava/lang/String;)Z 341 <appendix> form names 7 function resolvedHandle form vmentry <vmtarget> ; # java/lang/invoke/LambdaForm$DMH+0x000000002d111800
instanceKlass  @bci wv/codeclip/io/PasteClassHandler handlePatch (Ljava/lang/String;)Z 341 <appendix> argL0 form vmentry <vmtarget> ; # java/lang/invoke/LambdaForm$DMH+0x000000002d111400
instanceKlass java/util/stream/DistinctOps
instanceKlass  @bci wv/codeclip/io/PasteClassHandler handlePatch (Ljava/lang/String;)Z 259 <appendix> argL0 ; # wv/codeclip/io/PasteClassHandler$$Lambda+0x000000002d114460
instanceKlass  @cpi jdk/internal/foreign/abi/UpcallLinker 546 form vmentry <vmtarget> ; # java/lang/invoke/LambdaForm$DMH+0x000000002d110c00
instanceKlass java/util/ArrayList$ArrayListSpliterator
instanceKlass javax/swing/text/DefaultHighlighter$HighlightInfo
instanceKlass javax/swing/plaf/basic/BasicToolTipUI$PropertyChangeHandler
instanceKlass  @bci wv/codeclip/patch/PatchErrorDialog buildResultPanel (Ljava/lang/String;Ljava/util/Map;Lwv/codeclip/patch/PatchApplier$PatchResult;)Ljavax/swing/JPanel; 1317 <appendix> member <vmtarget> ; # wv/codeclip/patch/PatchErrorDialog$$Lambda+0x000000002d114230
instanceKlass  @bci com/sun/tools/javac/comp/Attr check (Lcom/sun/tools/javac/tree/JCTree;Lcom/sun/tools/javac/code/Type;Lcom/sun/tools/javac/code/Kinds$KindSelector;Lcom/sun/tools/javac/comp/Attr$ResultInfo;)Lcom/sun/tools/javac/code/Type; 163 <appendix> form vmentry <vmtarget> ; # java/lang/invoke/LambdaForm$DMH+0x000000002d110800
instanceKlass  @bci wv/codeclip/patch/PatchErrorDialog buildResultPanel (Ljava/lang/String;Ljava/util/Map;Lwv/codeclip/patch/PatchApplier$PatchResult;)Ljavax/swing/JPanel; 1273 <appendix> member <vmtarget> ; # wv/codeclip/patch/PatchErrorDialog$$Lambda+0x000000002d114000
instanceKlass  @cpi com/sun/tools/javac/comp/TransPatterns 1812 form vmentry <vmtarget> ; # java/lang/invoke/LambdaForm$DMH+0x000000002d110400
instanceKlass  @bci wv/codeclip/patch/PatchErrorDialog buildResultPanel (Ljava/lang/String;Ljava/util/Map;Lwv/codeclip/patch/PatchApplier$PatchResult;)Ljavax/swing/JPanel; 1198 <appendix> member <vmtarget> ; # wv/codeclip/patch/PatchErrorDialog$$Lambda+0x000000002d10fcd8
instanceKlass  @bci wv/codeclip/patch/PatchErrorDialog buildResultPanel (Ljava/lang/String;Ljava/util/Map;Lwv/codeclip/patch/PatchApplier$PatchResult;)Ljavax/swing/JPanel; 1163 <appendix> member <vmtarget> ; # wv/codeclip/patch/PatchErrorDialog$$Lambda+0x000000002d10faa8
instanceKlass  @bci wv/codeclip/patch/PatchErrorDialog buildResultPanel (Ljava/lang/String;Ljava/util/Map;Lwv/codeclip/patch/PatchApplier$PatchResult;)Ljavax/swing/JPanel; 1124 <adapter> ; # java/lang/invoke/LambdaForm$MH+0x000000002d110000
# instanceKlass java/lang/invoke/LambdaForm$DMH+0x000000002d10bc00
instanceKlass  @bci wv/codeclip/patch/PatchErrorDialog buildResultPanel (Ljava/lang/String;Ljava/util/Map;Lwv/codeclip/patch/PatchApplier$PatchResult;)Ljavax/swing/JPanel; 1124 <appendix> form vmentry <vmtarget> ; # java/lang/invoke/LambdaForm$DMH+0x000000002d10b800
instanceKlass  @bci wv/codeclip/patch/PatchErrorDialog buildResultPanel (Ljava/lang/String;Ljava/util/Map;Lwv/codeclip/patch/PatchApplier$PatchResult;)Ljavax/swing/JPanel; 1124 <appendix> member <vmtarget> ; # wv/codeclip/patch/PatchErrorDialog$$Lambda+0x000000002d10f878
instanceKlass  @cpi wv/codeclip/patch/PatchErrorDialog 810 form vmentry <vmtarget> ; # java/lang/invoke/LambdaForm$DMH+0x000000002d10b400
instanceKlass  @bci wv/codeclip/patch/PatchErrorDialog buildResultPanel (Ljava/lang/String;Ljava/util/Map;Lwv/codeclip/patch/PatchApplier$PatchResult;)Ljavax/swing/JPanel; 1073 <appendix> member <vmtarget> ; # wv/codeclip/patch/PatchErrorDialog$$Lambda+0x000000002d10f648
instanceKlass  @bci javax/swing/border/TitledBorder installPropertyChangeListeners ()V 32 <appendix> member <vmtarget> ; # javax/swing/border/TitledBorder$$Lambda+0x000000002d17a900
instanceKlass  @bci javax/swing/border/TitledBorder installPropertyChangeListeners ()V 10 <appendix> member <vmtarget> ; # javax/swing/border/TitledBorder$$Lambda+0x000000002d17a448
instanceKlass  @bci wv/codeclip/patch/PatchErrorDialog buildResultPanel (Ljava/lang/String;Ljava/util/Map;Lwv/codeclip/patch/PatchApplier$PatchResult;)Ljavax/swing/JPanel; 765 <appendix> member <vmtarget> ; # wv/codeclip/patch/PatchErrorDialog$$Lambda+0x000000002d10f418
instanceKlass  @cpi jdk/internal/foreign/abi/BindingSpecializer 1379 form vmentry <vmtarget> ; # java/lang/invoke/LambdaForm$DMH+0x000000002d10b000
instanceKlass  @bci wv/codeclip/patch/PatchErrorDialog$1ErrorNav jumpTo (I)V 31 <adapter> ; # java/lang/invoke/LambdaForm$MH+0x000000002d10ac00
instanceKlass  @bci wv/codeclip/patch/PatchErrorDialog$1ErrorNav jumpTo (I)V 31 <appendix> form vmentry <vmtarget> ; # java/lang/invoke/LambdaForm$MH+0x000000002d10a800
instanceKlass  @bci wv/codeclip/patch/PatchErrorDialog$1ErrorNav jumpTo (I)V 31 <appendix> form names 6 function resolvedHandle form vmentry <vmtarget> ; # java/lang/invoke/LambdaForm$DMH+0x000000002d10a000
instanceKlass  @bci wv/codeclip/patch/PatchErrorDialog$1ErrorNav jumpTo (I)V 31 <appendix> argL0 form vmentry <vmtarget> ; # java/lang/invoke/LambdaForm$DMH+0x000000002d109c00
instanceKlass  @bci wv/codeclip/patch/PatchErrorDialog buildResultPanel (Ljava/lang/String;Ljava/util/Map;Lwv/codeclip/patch/PatchApplier$PatchResult;)Ljavax/swing/JPanel; 513 <appendix> member <vmtarget> ; # wv/codeclip/patch/PatchErrorDialog$$Lambda+0x000000002d10f1e8
instanceKlass  @bci wv/codeclip/patch/PatchErrorDialog buildResultPanel (Ljava/lang/String;Ljava/util/Map;Lwv/codeclip/patch/PatchApplier$PatchResult;)Ljavax/swing/JPanel; 497 <appendix> member <vmtarget> ; # wv/codeclip/patch/PatchErrorDialog$$Lambda+0x000000002d10efb8
instanceKlass  @cpi wv/codeclip/patch/PatchErrorDialog 794 form vmentry <vmtarget> ; # java/lang/invoke/LambdaForm$DMH+0x000000002d109400
instanceKlass  @bci wv/codeclip/patch/PatchApplier$PatchResult errorsByFile ()Ljava/util/Map; 42 <appendix> argL0 ; # wv/codeclip/patch/PatchApplier$PatchResult$$Lambda+0x000000002d10ed70
instanceKlass  @bci wv/codeclip/patch/PatchApplier$PatchResult buildErrorReport ()Ljava/lang/String; 66 <appendix> argL0 ; # wv/codeclip/patch/PatchApplier$PatchResult$$Lambda+0x000000002d10eb28
# instanceKlass java/lang/invoke/LambdaForm$MH+0x000000002d109000
instanceKlass wv/codeclip/patch/PatchErrorDialog$1ErrorNav
instanceKlass  @bci wv/codeclip/model/PatchChange preview ()Ljava/lang/String; 11 <appendix> member <vmtarget> ; # wv/codeclip/model/PatchChange$$TypeSwitch+0x000000002d10cf70
instanceKlass  @bci wv/codeclip/patch/PatchApplier apply (Ljava/util/List;)Lwv/codeclip/patch/PatchApplier$PatchResult; 189 <appendix> argL0 ; # wv/codeclip/patch/PatchApplier$$Lambda+0x000000002d10cb10
instanceKlass  @bci wv/codeclip/patch/PatchApplier apply (Ljava/util/List;)Lwv/codeclip/patch/PatchApplier$PatchResult; 682 <appendix> argL0 ; # wv/codeclip/patch/PatchApplier$$Lambda+0x000000002d10c8c8
instanceKlass  @bci wv/codeclip/patch/PatchApplier apply (Ljava/util/List;)Lwv/codeclip/patch/PatchApplier$PatchResult; 576 <appendix> argL0 ; # wv/codeclip/patch/PatchApplier$$Lambda+0x000000002d10c680
instanceKlass  @bci wv/codeclip/patch/PatchApplier apply (Ljava/util/List;)Lwv/codeclip/patch/PatchApplier$PatchResult; 513 <appendix> argL0 ; # wv/codeclip/patch/PatchApplier$$Lambda+0x000000002d10c438
instanceKlass  @bci wv/codeclip/patch/PatchApplier apply (Ljava/util/List;)Lwv/codeclip/patch/PatchApplier$PatchResult; 442 <appendix> member <vmtarget> ; # wv/codeclip/patch/PatchApplier$$TypeSwitch+0x000000002d10c228
instanceKlass java/lang/classfile/MethodModel
instanceKlass java/lang/classfile/FieldModel
instanceKlass  @bci jdk/internal/classfile/impl/ClassFileImpl attributeMapper ()Ljava/util/function/Function; 7 <appendix> argL0 ; # jdk/internal/classfile/impl/ClassFileImpl$$Lambda+0x80000004b
instanceKlass java/lang/classfile/ClassModel
instanceKlass java/lang/classfile/AttributedElement
instanceKlass java/lang/classfile/CompoundElement
instanceKlass jdk/internal/classfile/impl/StackMapDecoder$1
instanceKlass jdk/internal/classfile/impl/StackMapDecoder
instanceKlass java/lang/classfile/attribute/StackMapTableAttribute
instanceKlass java/lang/classfile/instruction/SwitchCase
instanceKlass java/lang/classfile/attribute/StackMapFrameInfo
instanceKlass  @bci java/lang/runtime/SwitchBootstraps generateTypeSwitchSkeleton (Ljava/lang/Class;[Ljava/lang/Object;Ljava/util/List;Ljava/util/List;)Ljava/util/function/Consumer; 45 <appendix> member <vmtarget> ; # java/lang/runtime/SwitchBootstraps$$Lambda+0x800000019
instanceKlass java/lang/classfile/AccessFlags
instanceKlass  @bci java/lang/runtime/SwitchBootstraps generateTypeSwitch (Ljava/lang/invoke/MethodHandles$Lookup;Ljava/lang/Class;[Ljava/lang/Object;)Ljava/lang/invoke/MethodHandle; 70 <appendix> member <vmtarget> ; # java/lang/runtime/SwitchBootstraps$$Lambda+0x800000018
instanceKlass java/lang/classfile/ClassFile$Option
instanceKlass java/lang/invoke/DirectMethodHandle$1
instanceKlass java/lang/classfile/attribute/StackMapFrameInfo$ObjectVerificationTypeInfo
instanceKlass java/lang/classfile/attribute/StackMapFrameInfo$VerificationTypeInfo
instanceKlass java/util/function/BiPredicate
instanceKlass jdk/internal/misc/PreviewFeatures
instanceKlass java/lang/runtime/SwitchBootstraps
instanceKlass wv/codeclip/patch/PatchApplier
instanceKlass wv/codeclip/model/PatchChange
instanceKlass  @bci wv/codeclip/patch/PatchParser parse (Ljava/lang/String;)Ljava/util/List; 4 <appendix> argL0 ; # wv/codeclip/patch/PatchParser$$Lambda+0x000000002d1073f0
instanceKlass java/util/stream/AbstractSpinedBuffer
instanceKlass java/lang/StringLatin1$LinesSpliterator
instanceKlass wv/codeclip/patch/PatchParser
instanceKlass java/rmi/MarshalledObject
instanceKlass java/rmi/Remote
instanceKlass sun/datatransfer/DataFlavorUtil$RMI
instanceKlass sun/datatransfer/DataFlavorUtil$DataFlavorComparator
instanceKlass sun/awt/datatransfer/ClipboardTransferable$DataFactory
instanceKlass  @bci sun/awt/datatransfer/ClipboardTransferable <init> (Lsun/awt/datatransfer/SunClipboard;)V 71 <appendix> member <vmtarget> ; # sun/awt/datatransfer/ClipboardTransferable$$Lambda+0x000000002d176b20
instanceKlass java/util/AbstractMap$SimpleEntry
instanceKlass sun/awt/datatransfer/ClipboardTransferable
instanceKlass  @bci sun/awt/datatransfer/SunClipboard lostOwnershipLater (Lsun/awt/AppContext;)V 18 <appendix> member <vmtarget> ; # sun/awt/datatransfer/SunClipboard$$Lambda+0x000000002d176430
instanceKlass java/text/BreakIterator$BreakIteratorCache
instanceKlass sun/text/SupplementaryCharacterData
instanceKlass sun/text/CompactByteArray
instanceKlass  @bci wv/codeclip/CodeClipFrame insertPersistentLogLine (Ljava/lang/String;Z)V 66 <appendix> member <vmtarget> ; # wv/codeclip/CodeClipFrame$$Lambda+0x000000002d106b58
instanceKlass sun/nio/cs/Surrogate
instanceKlass sun/nio/cs/Surrogate$Parser
instanceKlass sun/datatransfer/DataFlavorUtil$IndexOrderComparator
instanceKlass java/util/Collections$ReverseComparator2
instanceKlass java/util/Collections$ReverseComparator
instanceKlass sun/datatransfer/DataFlavorUtil$CharsetComparator
instanceKlass java/util/NavigableSet
instanceKlass java/util/SortedSet
instanceKlass sun/datatransfer/DataFlavorUtil$StandardEncodingsHolder
instanceKlass sun/awt/Mutex
instanceKlass sun/awt/datatransfer/ToolkitThreadBlockedHandler
instanceKlass sun/awt/datatransfer/DataTransferer
instanceKlass sun/awt/datatransfer/TransferableProxy
instanceKlass java/awt/datatransfer/MimeType
instanceKlass java/awt/datatransfer/MimeTypeParameterList
instanceKlass java/awt/datatransfer/StringSelection
instanceKlass java/awt/datatransfer/Clipboard
instanceKlass  @bci wv/codeclip/CodeClipFrame lambda$buildUI$37 (Ljava/awt/event/ActionEvent;)V 5 <appendix> member <vmtarget> ; # wv/codeclip/CodeClipFrame$$Lambda+0x000000002d106928
instanceKlass javax/swing/JComponent$ActionStandin
instanceKlass java/util/Vector$1
instanceKlass javax/swing/JComponent$IntVector
instanceKlass javax/swing/JComponent$KeyboardState
instanceKlass sun/awt/DebugSettings
instanceKlass javax/swing/Autoscroller
instanceKlass javax/swing/text/JTextComponent$InputMethodRequestsHandler
instanceKlass java/awt/desktop/SystemSleepListener
instanceKlass java/awt/desktop/SystemEventListener
instanceKlass  @bci wv/codeclip/CodeClipFrame appendTempLog (Ljava/lang/String;)V 41 <appendix> member <vmtarget> ; # wv/codeclip/CodeClipFrame$$Lambda+0x000000002d1066f8
instanceKlass  @bci wv/codeclip/CodeClipFrame insertPersistentLogLine (Ljava/lang/String;Z)V 167 <appendix> member <vmtarget> ; # wv/codeclip/CodeClipFrame$$Lambda+0x000000002d1064c8
instanceKlass java/time/format/DateTimeFormatterBuilder$2
instanceKlass java/time/LocalTime$1
instanceKlass sun/util/locale/provider/CalendarDataUtility$CalendarFieldValueNameGetter
instanceKlass  @bci java/util/regex/Pattern DOT ()Ljava/util/regex/Pattern$CharPredicate; 0 <appendix> argL0 ; # java/util/regex/Pattern$$Lambda+0x000000002d16e9c0
instanceKlass java/util/TreeMap$PrivateEntryIterator
instanceKlass java/util/TreeMap$Entry
instanceKlass java/util/concurrent/atomic/AtomicMarkableReference$Pair
instanceKlass java/util/concurrent/atomic/AtomicMarkableReference
instanceKlass sun/util/resources/Bundles$CacheKeyReference
instanceKlass  @bci sun/util/cldr/CLDRLocaleProviderAdapter applyAliases (Ljava/util/Locale;)Ljava/util/Locale; 4 <appendix> argL0 ; # sun/util/cldr/CLDRLocaleProviderAdapter$$Lambda+0x80000005a
instanceKlass sun/util/resources/LocaleData$LocaleDataResourceBundleProvider
instanceKlass java/util/spi/ResourceBundleProvider
instanceKlass sun/util/resources/Bundles$CacheKey
instanceKlass sun/util/resources/Bundles
instanceKlass sun/util/resources/LocaleData$LocaleDataStrategy
instanceKlass sun/util/resources/Bundles$Strategy
instanceKlass sun/util/resources/LocaleData
instanceKlass sun/util/locale/provider/LocaleResources
instanceKlass sun/util/locale/provider/CalendarNameProviderImpl$LengthBasedComparator
instanceKlass java/util/NavigableMap
instanceKlass java/util/SortedMap
instanceKlass sun/util/resources/provider/NonBaseLocaleDataMetaInfo
instanceKlass sun/util/locale/provider/BaseLocaleDataMetaInfo
instanceKlass java/util/regex/IntHashSet
instanceKlass java/util/regex/Matcher
instanceKlass java/util/regex/MatchResult
instanceKlass sun/util/locale/provider/AvailableLanguageTags
instanceKlass sun/util/resources/cldr/provider/CLDRLocaleDataMetaInfo
instanceKlass jdk/internal/module/ModulePatcher$PatchedModuleReader
instanceKlass sun/util/cldr/CLDRBaseLocaleDataMetaInfo
instanceKlass sun/util/locale/provider/LocaleDataMetaInfo
instanceKlass sun/util/locale/provider/ResourceBundleBasedAdapter
instanceKlass sun/util/locale/provider/LocaleProviderAdapter
instanceKlass sun/util/locale/provider/CalendarDataUtility$CalendarFieldValueNamesMapGetter
instanceKlass sun/util/locale/provider/LocaleServiceProviderPool$LocalizedObjectGetter
instanceKlass sun/util/locale/provider/LocaleServiceProviderPool
instanceKlass java/util/spi/LocaleServiceProvider
instanceKlass java/util/Locale$Builder
instanceKlass sun/util/locale/provider/CalendarDataUtility
instanceKlass java/time/temporal/TemporalQueries$7
instanceKlass java/time/temporal/TemporalQueries$6
instanceKlass java/time/temporal/TemporalQueries$5
instanceKlass java/time/temporal/TemporalQueries$4
instanceKlass java/time/temporal/TemporalQueries$3
instanceKlass java/time/temporal/TemporalQueries$2
instanceKlass java/time/temporal/TemporalQueries$1
instanceKlass java/time/temporal/TemporalQueries
instanceKlass java/time/format/DateTimePrintContext
instanceKlass  @bci java/time/format/DateTimeFormatter <clinit> ()V 1075 <appendix> argL0 ; # java/time/format/DateTimeFormatter$$Lambda+0x80000001b
instanceKlass  @bci java/time/format/DateTimeFormatter <clinit> ()V 1067 <appendix> argL0 ; # java/time/format/DateTimeFormatter$$Lambda+0x80000001a
instanceKlass java/time/Period
instanceKlass java/time/chrono/ChronoPeriod
instanceKlass java/time/format/DateTimeFormatterBuilder$TextPrinterParser
instanceKlass java/time/format/DateTimeTextProvider$1
instanceKlass java/time/format/DateTimeTextProvider
instanceKlass java/util/Collections$1
instanceKlass java/util/AbstractMap$SimpleImmutableEntry
instanceKlass java/time/format/DateTimeTextProvider$LocaleStore
instanceKlass java/time/format/DateTimeFormatterBuilder$InstantPrinterParser
instanceKlass java/time/format/DateTimeFormatterBuilder$StringLiteralPrinterParser
instanceKlass java/time/format/DateTimeFormatterBuilder$ZoneIdPrinterParser
instanceKlass java/time/format/DateTimeFormatterBuilder$OffsetIdPrinterParser
instanceKlass java/time/format/DecimalStyle
instanceKlass java/time/format/DateTimeFormatterBuilder$CharLiteralPrinterParser
instanceKlass java/time/format/DateTimeFormatter
instanceKlass java/time/format/DateTimeFormatterBuilder$CompositePrinterParser
instanceKlass java/time/format/DateTimeFormatterBuilder$NumberPrinterParser
instanceKlass java/time/format/DateTimeFormatterBuilder$DateTimePrinterParser
instanceKlass java/time/temporal/JulianFields
instanceKlass java/time/temporal/IsoFields
instanceKlass java/util/regex/ASCII
instanceKlass  @bci java/time/format/DateTimeFormatterBuilder <clinit> ()V 0 <appendix> argL0 ; # java/time/format/DateTimeFormatterBuilder$$Lambda+0x80000001c
instanceKlass java/time/temporal/TemporalQuery
instanceKlass java/time/format/DateTimeFormatterBuilder
instanceKlass java/time/Year
instanceKlass java/time/chrono/AbstractChronology
instanceKlass java/time/chrono/Chronology
instanceKlass java/time/LocalDate$1
instanceKlass  @bci java/time/temporal/TemporalAdjusters nextOrSame (Ljava/time/DayOfWeek;)Ljava/time/temporal/TemporalAdjuster; 6 <appendix> member <vmtarget> ; # java/time/temporal/TemporalAdjusters$$Lambda+0x000000002d16a5d8
instanceKlass java/time/temporal/TemporalAdjusters
instanceKlass java/time/zone/ZoneOffsetTransition
instanceKlass java/time/zone/ZoneOffsetTransitionRule
instanceKlass java/time/zone/ZoneRules
instanceKlass java/time/zone/Ser
instanceKlass java/time/zone/ZoneRulesProvider
instanceKlass java/util/zip/Checksum$1
instanceKlass java/util/zip/CRC32
instanceKlass java/util/zip/Checksum
instanceKlass sun/util/calendar/CalendarUtils
instanceKlass sun/util/calendar/ZoneInfoFile$ZoneOffsetTransitionRule
instanceKlass jdk/internal/util/ByteArray
instanceKlass sun/util/calendar/ZoneInfoFile
instanceKlass java/util/TimeZone
instanceKlass java/util/concurrent/atomic/AtomicReferenceArray
instanceKlass java/time/ZoneId
instanceKlass java/time/Clock
instanceKlass java/time/InstantSource
instanceKlass java/time/LocalTime
instanceKlass java/time/Instant
instanceKlass java/time/temporal/ValueRange
instanceKlass java/time/Duration
instanceKlass java/time/temporal/TemporalAmount
instanceKlass java/time/temporal/TemporalUnit
instanceKlass java/time/temporal/TemporalField
instanceKlass java/time/LocalDate
instanceKlass java/time/chrono/ChronoLocalDate
instanceKlass java/time/LocalDateTime
instanceKlass java/time/chrono/ChronoLocalDateTime
instanceKlass java/time/temporal/TemporalAdjuster
instanceKlass java/time/temporal/Temporal
instanceKlass java/time/temporal/TemporalAccessor
instanceKlass javax/swing/text/GapContent$UndoPosRef
instanceKlass sun/nio/fs/WindowsChannelFactory$2
instanceKlass java/awt/WaitDispatchSupport$2
instanceKlass java/awt/WaitDispatchSupport$1
instanceKlass java/awt/WaitDispatchSupport$4
instanceKlass java/awt/WaitDispatchSupport
instanceKlass java/awt/SecondaryLoop
instanceKlass  @bci java/awt/Dialog show ()V 192 <appendix> argL0 ; # java/awt/Dialog$$Lambda+0x000000002d165058
instanceKlass  @cpi java/awt/Dialog 812 form vmentry <vmtarget> ; # java/lang/invoke/LambdaForm$DMH+0x000000002d108000
instanceKlass java/util/Vector$Itr
instanceKlass java/awt/ModalEventFilter$1
instanceKlass java/awt/peer/FileDialogPeer
instanceKlass java/util/AbstractList$Itr
instanceKlass javax/swing/JOptionPane$1
instanceKlass javax/swing/plaf/basic/BasicOptionPaneUI$Handler
instanceKlass javax/swing/plaf/basic/BasicOptionPaneUI$2
instanceKlass javax/swing/plaf/basic/BasicOptionPaneUI$ButtonActionListener
instanceKlass javax/swing/plaf/basic/BasicOptionPaneUI$ButtonFactory
instanceKlass javax/swing/plaf/basic/BasicOptionPaneUI$ButtonAreaLayout
instanceKlass sun/awt/image/PNGImageDecoder$Chromaticities
instanceKlass java/util/zip/Inflater$InflaterZStreamRef
instanceKlass java/util/zip/ZipUtils
instanceKlass java/util/zip/Inflater
instanceKlass sun/awt/image/ImageDecoder
instanceKlass java/awt/MediaEntry
instanceKlass sun/awt/image/FetcherInfo
instanceKlass sun/awt/image/ImageConsumerQueue
instanceKlass sun/awt/image/ImageWatched$Link
instanceKlass sun/awt/image/ImageWatched
instanceKlass java/awt/image/ImageConsumer
instanceKlass sun/awt/image/InputStreamImageSource
instanceKlass sun/awt/image/ImageFetchable
instanceKlass java/awt/image/ImageProducer
instanceKlass java/awt/MediaTracker
instanceKlass javax/swing/ImageIcon
instanceKlass  @bci wv/codeclip/CodeClipFrame openCheckpointDialog ()V 47 <appendix> member <vmtarget> ; # wv/codeclip/CodeClipFrame$$Lambda+0x000000002d106080
instanceKlass java/awt/KeyboardFocusManager$2
instanceKlass sun/awt/SunToolkit$1
instanceKlass  @bci wv/codeclip/CodeClipFrame openCheckpointDialog ()V 60 <appendix> member <vmtarget> ; # wv/codeclip/CodeClipFrame$$Lambda+0x000000002d105e50
instanceKlass java/awt/peer/DialogPeer
instanceKlass  @bci wv/codeclip/ui/CheckpointDialog buildUI ()V 302 <appendix> member <vmtarget> ; # wv/codeclip/ui/CheckpointDialog$$Lambda+0x000000002d105c20
instanceKlass  @bci wv/codeclip/ui/CheckpointDialog buildUI ()V 282 <appendix> member <vmtarget> ; # wv/codeclip/ui/CheckpointDialog$$Lambda+0x000000002d1059f0
instanceKlass  @bci wv/codeclip/ui/CheckpointDialog buildUI ()V 269 <appendix> member <vmtarget> ; # wv/codeclip/ui/CheckpointDialog$$Lambda+0x000000002d1057c0
instanceKlass  @bci wv/codeclip/ui/CheckpointDialog buildUI ()V 256 <appendix> member <vmtarget> ; # wv/codeclip/ui/CheckpointDialog$$Lambda+0x000000002d105590
instanceKlass  @bci wv/codeclip/CodeClipFrame openCheckpointDialog ()V 28 <appendix> member <vmtarget> ; # wv/codeclip/CodeClipFrame$$Lambda+0x000000002d105360
instanceKlass jdk/internal/event/Event
instanceKlass javax/swing/Popup
instanceKlass javax/swing/PopupFactory$1
instanceKlass sun/swing/SwingAccessor$PopupFactoryAccessor
instanceKlass javax/swing/PopupFactory
instanceKlass javax/sound/sampled/LineListener
instanceKlass javax/swing/event/MenuListener
instanceKlass java/text/AttributedString$AttributedStringIterator
instanceKlass java/text/AttributedCharacterIterator
instanceKlass java/text/AttributedString
instanceKlass sun/awt/im/CompositionAreaHandler
instanceKlass java/awt/Window$1DisposeAction
instanceKlass  @bci java/util/Comparator comparingInt (Ljava/util/function/ToIntFunction;)Ljava/util/Comparator; 6 <appendix> member <vmtarget> ; # java/util/Comparator$$Lambda+0x000000002d152830
instanceKlass java/lang/classfile/constantpool/IntegerEntry
instanceKlass sun/invoke/util/BytecodeDescriptor
instanceKlass java/lang/classfile/constantpool/StringEntry
instanceKlass java/lang/classfile/constantpool/ConstantValueEntry
instanceKlass java/lang/invoke/InnerClassLambdaMetafactory$4
instanceKlass java/lang/invoke/InnerClassLambdaMetafactory$SerializationSupport
instanceKlass  @cpi com/sun/tools/javac/comp/Operators 745 form vmentry <vmtarget> ; # java/lang/invoke/LambdaForm$DMH+0x000000002d103000
instanceKlass  @bci wv/codeclip/CodeClipFrame refreshPanels ()V 412 <appendix> argL0 ; # wv/codeclip/CodeClipFrame$$Lambda+0x000000002d104000
instanceKlass java/util/stream/ReduceOps$5ReducingSink
instanceKlass java/util/stream/Sink$OfInt
instanceKlass java/util/function/IntConsumer
instanceKlass  @bci java/util/stream/IntPipeline sum ()I 2 <appendix> argL0 ; # java/util/stream/IntPipeline$$Lambda+0x000000002d151018
instanceKlass java/util/function/IntBinaryOperator
instanceKlass java/util/stream/IntStream
instanceKlass  @bci wv/codeclip/CodeClipFrame refreshStats ()V 68 <appendix> argL0 ; # wv/codeclip/CodeClipFrame$$Lambda+0x000000002d0d3d68
instanceKlass java/util/function/ToIntFunction
instanceKlass  @bci wv/codeclip/CodeClipFrame refreshStats ()V 58 <appendix> member <vmtarget> ; # wv/codeclip/CodeClipFrame$$Lambda+0x000000002d0d3b08
instanceKlass java/util/Spliterators$IteratorSpliterator
instanceKlass  @bci wv/codeclip/CodeClipFrame refreshStats ()V 32 <appendix> form vmentry <vmtarget> ; # java/lang/invoke/LambdaForm$MH+0x000000002d102c00
instanceKlass  @bci wv/codeclip/CodeClipFrame refreshText ()V 22 <appendix> member <vmtarget> ; # wv/codeclip/CodeClipFrame$$Lambda+0x000000002d0d38c8
instanceKlass wv/codeclip/modecontext/ModeContext$1
instanceKlass java/util/Locale$LocaleCache
instanceKlass jdk/internal/util/ReferencedKeyMap$1
instanceKlass sun/util/locale/BaseLocale$1InterningCache
instanceKlass sun/util/locale/InternalLocaleBuilder$CaseInsensitiveChar
instanceKlass sun/util/locale/InternalLocaleBuilder
instanceKlass sun/util/locale/StringTokenIterator
instanceKlass java/text/ParsePosition
instanceKlass sun/awt/im/InputMethodAdapter
instanceKlass java/awt/im/spi/InputMethod
instanceKlass java/awt/im/spi/InputMethodContext
instanceKlass java/awt/im/InputMethodRequests
instanceKlass java/awt/im/InputContext
instanceKlass java/awt/Container$MouseEventTargetFilter
instanceKlass java/awt/Container$EventTargetFilter
instanceKlass java/awt/KeyboardFocusManager$LightweightFocusRequest
instanceKlass java/awt/DefaultKeyboardFocusManager$TypeAheadMarker
instanceKlass java/awt/KeyboardFocusManager$HeavyweightFocusRequest
instanceKlass sun/awt/KeyboardFocusManagerPeerImpl$KfmAccessor
instanceKlass  @bci wv/codeclip/CodeClipFrame$8 done ()V 141 <appendix> member <vmtarget> ; # wv/codeclip/CodeClipFrame$8$$Lambda+0x000000002d0d3488
# instanceKlass java/lang/invoke/LambdaForm$MH+0x000000002d102800
instanceKlass java/lang/invoke/MethodHandle$1
instanceKlass  @bci wv/codeclip/CodeClipFrame$8 done ()V 122 <adapter> ; # java/lang/invoke/LambdaForm$MH+0x000000002d102400
instanceKlass  @bci wv/codeclip/CodeClipFrame$8 done ()V 122 <appendix> form vmentry <vmtarget> ; # java/lang/invoke/LambdaForm$DMH+0x000000002d102000
instanceKlass  @bci wv/codeclip/CodeClipFrame$8 done ()V 122 <appendix> member <vmtarget> ; # wv/codeclip/CodeClipFrame$8$$Lambda+0x000000002d0d3258
instanceKlass  @cpi wv/codeclip/CodeClipFrame$8 168 form vmentry <vmtarget> ; # java/lang/invoke/LambdaForm$DMH+0x000000002d101c00
instanceKlass  @bci wv/codeclip/CodeClipFrame addClassPanel (Ljava/lang/String;Ljava/lang/String;)V 140 <appendix> member <vmtarget> ; # wv/codeclip/CodeClipFrame$$Lambda+0x000000002d0d3028
instanceKlass  @bci wv/codeclip/CodeClipFrame addClassPanel (Ljava/lang/String;Ljava/lang/String;)V 127 <appendix> member <vmtarget> ; # wv/codeclip/CodeClipFrame$$Lambda+0x000000002d0d2df8
instanceKlass  @bci wv/codeclip/CodeClipFrame addClassPanel (Ljava/lang/String;Ljava/lang/String;)V 114 <appendix> member <vmtarget> ; # wv/codeclip/CodeClipFrame$$Lambda+0x000000002d0d2bc8
instanceKlass  @cpi com/sun/tools/javac/comp/Annotate 1389 form vmentry <vmtarget> ; # java/lang/invoke/LambdaForm$DMH+0x000000002d101800
instanceKlass wv/codeclip/modecontext/ModeColors$1
instanceKlass wv/codeclip/modecontext/ModeColors
instanceKlass java/awt/geom/RectIterator
instanceKlass  @bci javax/swing/border/LineBorder paintBorder (Ljava/awt/Component;Ljava/awt/Graphics;IIII)V 10 <appendix> member <vmtarget> ; # javax/swing/border/LineBorder$$Lambda+0x000000002d14d448
instanceKlass  @cpi javax/swing/border/LineBorder 153 form vmentry <vmtarget> ; # java/lang/invoke/LambdaForm$DMH+0x000000002d101400
instanceKlass com/sun/java/swing/SwingUtilities3$UnscaledBorderPainter
instanceKlass javax/swing/plaf/metal/BumpBuffer
instanceKlass java/awt/geom/Path2D$Iterator
instanceKlass sun/java2d/pipe/ShapeSpanIterator
instanceKlass sun/awt/geom/PathConsumer2D
instanceKlass sun/java2d/pipe/SpanIterator
instanceKlass sun/java2d/loops/FontInfo
instanceKlass java/awt/PrintGraphics
instanceKlass java/awt/print/PrinterGraphics
instanceKlass sun/swing/MenuItemLayoutHelper$ColumnAlignment
instanceKlass sun/swing/MenuItemLayoutHelper$LayoutResult
instanceKlass sun/swing/ImageCache$Entry
instanceKlass sun/swing/ImageCache
instanceKlass sun/swing/CachedPainter
instanceKlass javax/swing/plaf/metal/MetalUtils
instanceKlass sun/awt/SunGraphicsCallback
instanceKlass sun/java2d/pipe/hw/AccelSurface
instanceKlass java/util/LinkedList$ListItr
instanceKlass java/awt/event/MouseEvent$1
instanceKlass sun/awt/AWTAccessor$MouseEventAccessor
instanceKlass java/awt/MenuComponent
instanceKlass wv/codeclip/io/FileDropHandler$1
instanceKlass java/awt/Cursor$CursorDisposer
instanceKlass java/text/BreakIterator
instanceKlass javax/swing/text/GlyphView$GlyphPainter
instanceKlass java/awt/GridBagLayoutInfo
instanceKlass sun/swing/MenuItemLayoutHelper$RectSize
instanceKlass  @bci wv/codeclip/CodeClipFrame <init> ()V 850 <appendix> member <vmtarget> ; # wv/codeclip/CodeClipFrame$$Lambda+0x000000002d0d2018
instanceKlass  @bci wv/codeclip/CodeClipFrame <init> ()V 803 <appendix> member <vmtarget> ; # wv/codeclip/CodeClipFrame$$Lambda+0x000000002d0d1b20
instanceKlass javax/swing/SwingWorker$4
instanceKlass sun/nio/ch/SelChImpl
instanceKlass java/nio/channels/NetworkChannel
instanceKlass sun/nio/ch/Streams
instanceKlass java/nio/channels/Channels
instanceKlass sun/nio/ch/FileChannelImpl$Closer
instanceKlass sun/nio/fs/NativeBuffer$Deallocator
instanceKlass sun/nio/fs/NativeBuffer
instanceKlass sun/nio/fs/NativeBuffers
instanceKlass sun/nio/fs/WindowsNativeDispatcher$CompletionStatus
instanceKlass sun/nio/fs/WindowsNativeDispatcher$AclInformation
instanceKlass sun/nio/fs/WindowsNativeDispatcher$Account
instanceKlass sun/nio/fs/WindowsNativeDispatcher$DiskFreeSpace
instanceKlass sun/nio/fs/WindowsNativeDispatcher$VolumeInformation
instanceKlass sun/nio/fs/WindowsNativeDispatcher$FirstStream
instanceKlass sun/nio/fs/WindowsNativeDispatcher$FirstFile
instanceKlass sun/nio/fs/WindowsNativeDispatcher
instanceKlass java/util/Collections$EmptyIterator
instanceKlass sun/nio/fs/WindowsChannelFactory$Flags
instanceKlass sun/nio/fs/WindowsChannelFactory$1
instanceKlass sun/nio/fs/WindowsChannelFactory
instanceKlass sun/nio/fs/WindowsSecurityDescriptor
instanceKlass java/nio/file/Files
instanceKlass java/net/URI$Parser
instanceKlass java/nio/file/FileSystems$DefaultFileSystemHolder
instanceKlass java/nio/file/FileSystems
instanceKlass javax/swing/TimerQueue$DelayedTimer
instanceKlass java/util/concurrent/Delayed
instanceKlass javax/swing/SwingWorker$SwingWorkerPropertyChangeSupport$1
instanceKlass javax/swing/SwingWorker$6
instanceKlass java/util/concurrent/LinkedBlockingQueue$Node
instanceKlass java/util/concurrent/ThreadPoolExecutor$AbortPolicy
instanceKlass java/util/concurrent/RejectedExecutionHandler
instanceKlass java/util/concurrent/Executors$DefaultThreadFactory
instanceKlass java/util/concurrent/Executors
instanceKlass javax/swing/SwingWorker$5
instanceKlass java/util/concurrent/FutureTask$WaitNode
instanceKlass java/util/concurrent/FutureTask
instanceKlass javax/swing/SwingWorker$1
instanceKlass java/util/concurrent/Callable
instanceKlass sun/swing/AccumulativeRunnable
instanceKlass sun/awt/GlobalCursorManager$NativeUpdater
instanceKlass sun/awt/GlobalCursorManager
instanceKlass java/awt/SplashScreen
# instanceKlass java/lang/invoke/LambdaForm$MH+0x000000002d101000
# instanceKlass java/lang/invoke/LambdaForm$DMH+0x000000002d100800
# instanceKlass java/lang/invoke/LambdaForm$DMH+0x000000002d100400
# instanceKlass java/lang/invoke/LambdaForm$MH+0x000000002d100000
# instanceKlass java/lang/invoke/LambdaForm$DMH+0x000000002d0d6c00
instanceKlass java/lang/invoke/ClassSpecializer$Factory$1$5$1
instanceKlass java/lang/classfile/attribute/ExceptionsAttribute
instanceKlass java/lang/invoke/ClassSpecializer$Factory$1$5
instanceKlass java/lang/invoke/ClassSpecializer$Factory$1$4
instanceKlass java/lang/invoke/ClassSpecializer$Factory$1$3
instanceKlass java/lang/invoke/ClassSpecializer$Factory$1$2
instanceKlass java/lang/invoke/ClassSpecializer$Factory$1$1Var
instanceKlass java/lang/invoke/ClassSpecializer$Factory$1$1
instanceKlass java/lang/invoke/ClassSpecializer$Factory$1
instanceKlass java/lang/invoke/MethodHandles$1
# instanceKlass java/lang/invoke/LambdaForm$DMH+0x000000002d0d6400
# instanceKlass java/lang/invoke/LambdaForm$DMH+0x000000002d0d6000
instanceKlass java/lang/invoke/VarHandle$AccessDescriptor
instanceKlass sun/font/CMap
instanceKlass sun/font/FontScaler
instanceKlass sun/font/TrueTypeFont$DirectoryEntry
instanceKlass sun/nio/ch/Util$BufferCache
instanceKlass sun/nio/ch/Util
instanceKlass jdk/internal/misc/Blocker
instanceKlass sun/nio/ch/IOStatus
instanceKlass sun/nio/ch/NativeThread
instanceKlass sun/nio/ch/NativeThreadSet
instanceKlass java/nio/channels/spi/AbstractInterruptibleChannel$1
instanceKlass sun/nio/ch/Interruptible
instanceKlass sun/nio/ch/IOUtil
instanceKlass sun/nio/ch/NativeDispatcher
instanceKlass java/nio/file/attribute/FileAttribute
instanceKlass java/nio/channels/ScatteringByteChannel
instanceKlass java/nio/channels/GatheringByteChannel
instanceKlass java/nio/channels/SeekableByteChannel
instanceKlass java/nio/channels/ByteChannel
instanceKlass java/nio/channels/WritableByteChannel
instanceKlass java/nio/channels/ReadableByteChannel
instanceKlass java/nio/channels/spi/AbstractInterruptibleChannel
instanceKlass java/nio/channels/InterruptibleChannel
instanceKlass java/nio/channels/Channel
instanceKlass java/io/RandomAccessFile$2
instanceKlass jdk/internal/access/JavaIORandomAccessFileAccess
instanceKlass java/io/RandomAccessFile
instanceKlass java/io/DataOutput
instanceKlass sun/font/TrueTypeFont$TTDisposerRecord
instanceKlass sun/font/StrikeCache$DisposableStrike
instanceKlass sun/font/FontStrikeDisposer
instanceKlass sun/java2d/Disposer$PollDisposable
instanceKlass sun/font/FontStrikeDesc
instanceKlass sun/font/FontDesignMetrics$MetricsKey
instanceKlass java/awt/FontMetrics
instanceKlass sun/swing/SwingUtilities2$KeyPair
instanceKlass javax/swing/SizeRequirements
instanceKlass sun/awt/ModalExclude
instanceKlass sun/awt/NullComponentPeer
instanceKlass sun/awt/LightweightPeerHolder
instanceKlass java/awt/peer/LightweightPeer
instanceKlass sun/awt/im/InputMethodLocator
instanceKlass sun/awt/windows/WInputMethodDescriptor
instanceKlass java/awt/im/spi/InputMethodDescriptor
instanceKlass sun/awt/im/InputMethodManager
instanceKlass java/awt/image/MultiResolutionImage
instanceKlass  @bci sun/awt/windows/WToolkit getFontPeer (Ljava/lang/String;I)Ljava/awt/peer/FontPeer; 89 <appendix> form vmentry <vmtarget> ; # java/lang/invoke/LambdaForm$MH+0x000000002d0d5c00
instanceKlass sun/font/FontFamily
instanceKlass sun/font/CompositeFontDescriptor
instanceKlass sun/font/SunFontManager$FontRegistrationInfo
instanceKlass java/io/DataInput
instanceKlass sun/awt/FontDescriptor
instanceKlass sun/awt/FontConfiguration
instanceKlass  @bci sun/awt/Win32FontManager <clinit> ()V 0 <appendix> argL0 ; # sun/awt/Win32FontManager$$Lambda+0x000000002d0f9cd0
instanceKlass sun/font/PlatformFontInfo
instanceKlass sun/font/FontManagerFactory
instanceKlass sun/font/GlyphList
instanceKlass  @bci java/lang/invoke/VarHandles filterValue (Ljava/lang/invoke/VarHandle;Ljava/lang/invoke/MethodHandle;Ljava/lang/invoke/MethodHandle;)Ljava/lang/invoke/VarHandle; 391 <appendix> member <vmtarget> ; # java/lang/invoke/VarHandles$$Lambda+0x000000002d0f8d68
instanceKlass  @bci java/util/stream/MatchOps makeRef (Ljava/util/function/Predicate;Ljava/util/stream/MatchOps$MatchKind;)Ljava/util/stream/TerminalOp; 20 <appendix> member <vmtarget> ; # java/util/stream/MatchOps$$Lambda+0x800000004
instanceKlass java/util/stream/MatchOps$BooleanTerminalSink
instanceKlass java/util/stream/MatchOps$MatchOp
instanceKlass java/util/stream/MatchOps
instanceKlass  @bci java/lang/invoke/VarHandles adaptForCheckedExceptions (Ljava/lang/invoke/MethodHandle;)Ljava/lang/invoke/MethodHandle; 13 <appendix> argL0 ; # java/lang/invoke/VarHandles$$Lambda+0x000000002d0f8b10
instanceKlass jdk/internal/foreign/abi/AbstractLinker$UpcallStubFactory
instanceKlass jdk/internal/foreign/abi/CallingSequence
instanceKlass jdk/internal/foreign/abi/LinkerOptions
instanceKlass java/lang/foreign/FunctionDescriptor
instanceKlass java/lang/foreign/Linker
instanceKlass java/lang/invoke/VarHandleSegmentAsLongs
instanceKlass java/lang/invoke/VarHandleSegmentAsBytes
instanceKlass java/lang/invoke/VarHandleSegmentAsChars
instanceKlass  @bci java/lang/invoke/VarHandles insertCoordinates (Ljava/lang/invoke/VarHandle;I[Ljava/lang/Object;)Ljava/lang/invoke/VarHandle; 204 <appendix> form vmentry <vmtarget> ; # java/lang/invoke/LambdaForm$DMH+0x000000002d0d5400
instanceKlass  @bci java/lang/invoke/VarHandles insertCoordinates (Ljava/lang/invoke/VarHandle;I[Ljava/lang/Object;)Ljava/lang/invoke/VarHandle; 204 <appendix> member <vmtarget> ; # java/lang/invoke/VarHandles$$Lambda+0x000000002d0f7988
instanceKlass  @cpi java/lang/invoke/VarHandles 962 form vmentry <vmtarget> ; # java/lang/invoke/LambdaForm$DMH+0x000000002d0d5000
instanceKlass java/lang/invoke/VarHandleSegmentAsFloats
instanceKlass  @bci jdk/internal/foreign/layout/AbstractLayout varHandleInternal ([Ljava/lang/foreign/MemoryLayout$PathElement;)Ljava/lang/invoke/VarHandle; 7 <appendix> argL0 ; # jdk/internal/foreign/layout/AbstractLayout$$Lambda+0x000000002d0f6df0
# instanceKlass java/lang/invoke/LambdaForm$DMH+0x000000002d0d4c00
# instanceKlass java/lang/invoke/LambdaForm$DMH+0x000000002d0d4800
# instanceKlass java/lang/invoke/LambdaForm$DMH+0x000000002d0d4000
# instanceKlass java/lang/invoke/LambdaForm$DMH+0x000000002d0cdc00
# instanceKlass java/lang/invoke/LambdaForm$DMH+0x000000002d0cd800
instanceKlass jdk/internal/foreign/LayoutPath
instanceKlass java/util/function/UnaryOperator
instanceKlass java/lang/foreign/MemoryLayout$PathElement
instanceKlass java/util/stream/Nodes$ArrayNode
instanceKlass java/util/stream/Node$Builder
instanceKlass java/util/stream/Node$OfDouble
instanceKlass java/util/stream/Node$OfLong
instanceKlass java/util/stream/Node$OfInt
instanceKlass java/util/stream/Node$OfPrimitive
instanceKlass java/util/stream/Nodes$EmptyNode
instanceKlass java/util/stream/Node
instanceKlass java/util/stream/Nodes
instanceKlass  @bci java/util/stream/ReferencePipeline toArray ()[Ljava/lang/Object; 1 <appendix> argL0 ; # java/util/stream/ReferencePipeline$$Lambda+0x000000002d0f55f0
instanceKlass java/util/function/IntFunction
instanceKlass  @bci java/lang/foreign/MemoryLayout lambda$structLayout$0 ([Ljava/lang/foreign/MemoryLayout;)Ljava/lang/foreign/StructLayout; 4 <appendix> argL0 ; # java/lang/foreign/MemoryLayout$$Lambda+0x000000002d0f53a8
instanceKlass  @bci java/lang/foreign/MemoryLayout structLayout ([Ljava/lang/foreign/MemoryLayout;)Ljava/lang/foreign/StructLayout; 6 <appendix> member <vmtarget> ; # java/lang/foreign/MemoryLayout$$Lambda+0x000000002d0f5178
instanceKlass java/lang/classfile/constantpool/InterfaceMethodRefEntry
instanceKlass java/lang/foreign/StructLayout
instanceKlass java/lang/foreign/GroupLayout
instanceKlass java/lang/foreign/PaddingLayout
instanceKlass java/lang/foreign/ValueLayout$OfDouble
instanceKlass java/lang/foreign/ValueLayout$OfFloat
instanceKlass java/lang/foreign/ValueLayout$OfLong
instanceKlass java/lang/foreign/ValueLayout$OfInt
instanceKlass java/lang/foreign/ValueLayout$OfShort
instanceKlass java/lang/foreign/ValueLayout$OfChar
instanceKlass java/lang/foreign/ValueLayout$OfBoolean
instanceKlass java/lang/foreign/ValueLayout$OfByte
instanceKlass jdk/internal/foreign/layout/MemoryLayoutUtil
instanceKlass jdk/internal/foreign/layout/ValueLayouts
instanceKlass jdk/internal/foreign/layout/AbstractLayout
instanceKlass sun/font/StrikeCache
instanceKlass sun/font/FontStrike
instanceKlass sun/font/CharToGlyphMapper
instanceKlass sun/font/StrikeMetrics
instanceKlass sun/font/Font2D
instanceKlass sun/font/FontManagerNativeLibrary
instanceKlass sun/font/SunFontManager$T1Filter
instanceKlass sun/font/SunFontManager$TTFilter
instanceKlass java/io/FilenameFilter
instanceKlass sun/font/Font2DHandle
instanceKlass sun/font/SunFontManager
instanceKlass sun/font/FontManagerForSGE
instanceKlass sun/font/FontManager
instanceKlass sun/java2d/FontSupport
instanceKlass sun/awt/NativeLibLoader
instanceKlass sun/awt/PlatformFont
instanceKlass java/awt/peer/FontPeer
instanceKlass  @bci java/awt/SystemColor <clinit> ()V 643 <appendix> argL0 ; # java/awt/SystemColor$$Lambda+0x000000002d0efda0
instanceKlass  @cpi java/awt/SystemColor 241 form vmentry <vmtarget> ; # java/lang/invoke/LambdaForm$DMH+0x000000002d0cd000
instanceKlass sun/awt/AWTAccessor$SystemColorAccessor
instanceKlass sun/java2d/StateTracker$2
instanceKlass sun/java2d/StateTracker$1
instanceKlass sun/java2d/StateTracker
instanceKlass sun/java2d/SurfaceDataProxy
instanceKlass sun/awt/image/SurfaceManager$FlushableCacheData
instanceKlass sun/java2d/windows/GDIRenderer
instanceKlass sun/awt/image/SurfaceManager$Factory
instanceKlass sun/java2d/pipe/hw/AccelGraphicsConfig
instanceKlass sun/java2d/pipe/hw/BufferedContextProvider
instanceKlass  @bci sun/java2d/d3d/D3DScreenUpdateManager <init> ()V 21 <appendix> member <vmtarget> ; # sun/java2d/d3d/D3DScreenUpdateManager$$Lambda+0x000000002d0edce0
instanceKlass sun/java2d/ScreenUpdateManager
instanceKlass java/awt/SequencedEvent$1
instanceKlass sun/awt/AWTAccessor$SequencedEventAccessor
instanceKlass  @bci sun/awt/windows/WWindowPeer displayChanged ()V 5 <appendix> member <vmtarget> ; # sun/awt/windows/WWindowPeer$$Lambda+0x000000002d0ecc68
instanceKlass java/lang/WeakPairMap$Pair$Lookup
instanceKlass java/lang/WeakPairMap$Pair
instanceKlass java/lang/WeakPairMap
instanceKlass java/lang/Module$ReflectionData
instanceKlass  @cpi com/sun/tools/javac/comp/Attr 5317 form vmentry <vmtarget> ; # java/lang/invoke/LambdaForm$DMH+0x000000002d0ccc00
instanceKlass sun/awt/windows/WComponentPeer$2
instanceKlass sun/awt/im/InputMethodWindow
instanceKlass sun/awt/ExtendedKeyCodes
instanceKlass sun/awt/RepaintArea
instanceKlass sun/awt/windows/WWindowPeer$GuiDisposedListener
instanceKlass sun/awt/windows/WWindowPeer$ActiveWindowListener
instanceKlass java/awt/peer/CanvasPeer
instanceKlass java/awt/peer/PanelPeer
instanceKlass java/awt/peer/FramePeer
instanceKlass java/awt/peer/WindowPeer
instanceKlass java/awt/peer/ContainerPeer
instanceKlass javax/swing/BorderFactory
instanceKlass javax/swing/plaf/basic/BasicProgressBarUI$Handler
instanceKlass javax/swing/JProgressBar$ModelListener
instanceKlass jdk/internal/vm/ThreadContainers
instanceKlass java/util/concurrent/ForkJoinPool$DefaultForkJoinWorkerThreadFactory
instanceKlass java/util/concurrent/ForkJoinPool$1
instanceKlass jdk/internal/access/JavaUtilConcurrentFJPAccess
instanceKlass java/util/concurrent/ForkJoinTask
instanceKlass java/util/concurrent/ForkJoinPool$WorkQueue
instanceKlass jdk/internal/vm/StackableScope
instanceKlass java/util/function/Predicate
instanceKlass java/util/concurrent/CountDownLatch
instanceKlass java/util/concurrent/ForkJoinPool$ForkJoinWorkerThreadFactory
instanceKlass java/util/concurrent/ScheduledExecutorService
instanceKlass java/util/concurrent/AbstractExecutorService
instanceKlass java/util/concurrent/ExecutorService
instanceKlass java/util/concurrent/Executor
instanceKlass java/util/concurrent/ForkJoinPool$ManagedBlocker
instanceKlass java/util/concurrent/locks/AbstractQueuedSynchronizer$Node
instanceKlass javax/swing/event/UndoableEditListener
instanceKlass javax/swing/text/DefaultCaret$1
instanceKlass java/util/concurrent/BlockingQueue
instanceKlass javax/swing/TimerQueue
instanceKlass javax/swing/text/AbstractDocument$UndoRedoDocumentEvent
instanceKlass javax/swing/text/SegmentCache
instanceKlass javax/swing/event/DocumentEvent$ElementChange
instanceKlass javax/swing/text/DefaultStyledDocument$ElementBuffer$ElemChanges
instanceKlass javax/swing/text/Utilities
instanceKlass javax/swing/text/DefaultStyledDocument$ElementSpec
instanceKlass javax/swing/text/Segment
instanceKlass java/text/CharacterIterator
instanceKlass wv/codeclip/ui/SmartPasteSettings
instanceKlass  @bci wv/codeclip/CodeClipFrame wireConflictResolver ()V 1 <appendix> member <vmtarget> ; # wv/codeclip/CodeClipFrame$$Lambda+0x000000002d0d16e0
instanceKlass  @cpi com/sun/tools/javac/comp/Operators$BinaryOperatorHelper 128 form vmentry <vmtarget> ; # java/lang/invoke/LambdaForm$DMH+0x000000002d0cc800
instanceKlass wv/codeclip/patch/PatchApplier$InsertConflictResolver
instanceKlass wv/codeclip/modecontext/ModeContext
instanceKlass  @bci wv/codeclip/io/FileDropHandler install (Ljava/awt/Component;)V 55 <appendix> member <vmtarget> ; # wv/codeclip/io/FileDropHandler$$Lambda+0x000000002d0d12a0
instanceKlass java/awt/GridBagConstraints
instanceKlass java/awt/GridBagLayout
instanceKlass  @bci wv/codeclip/CodeClipFrame installDnD ()V 6 <appendix> member <vmtarget> ; # wv/codeclip/CodeClipFrame$$Lambda+0x000000002d0d1060
instanceKlass java/awt/dnd/DropTargetAdapter
instanceKlass  @bci wv/codeclip/CodeClipFrame buildUI ()V 2070 <appendix> member <vmtarget> ; # wv/codeclip/CodeClipFrame$$Lambda+0x000000002d0cf678
instanceKlass  @bci wv/codeclip/CodeClipFrame buildUI ()V 2059 <appendix> member <vmtarget> ; # wv/codeclip/CodeClipFrame$$Lambda+0x000000002d0cf448
instanceKlass  @bci wv/codeclip/CodeClipFrame buildUI ()V 2048 <appendix> member <vmtarget> ; # wv/codeclip/CodeClipFrame$$Lambda+0x000000002d0cf218
instanceKlass  @bci wv/codeclip/CodeClipFrame buildUI ()V 2037 <appendix> member <vmtarget> ; # wv/codeclip/CodeClipFrame$$Lambda+0x000000002d0cefe8
instanceKlass  @bci wv/codeclip/CodeClipFrame buildUI ()V 2026 <appendix> member <vmtarget> ; # wv/codeclip/CodeClipFrame$$Lambda+0x000000002d0cedb8
instanceKlass  @bci wv/codeclip/CodeClipFrame buildUI ()V 2015 <appendix> member <vmtarget> ; # wv/codeclip/CodeClipFrame$$Lambda+0x000000002d0ceb88
instanceKlass  @bci wv/codeclip/CodeClipFrame buildUI ()V 1909 <appendix> member <vmtarget> ; # wv/codeclip/CodeClipFrame$$Lambda+0x000000002d0ce958
instanceKlass javax/swing/plaf/basic/BasicSplitPaneUI$Handler
instanceKlass javax/swing/plaf/basic/BasicSplitPaneUI$BasicHorizontalLayoutManager
instanceKlass javax/swing/plaf/basic/BasicBorders$SplitPaneDividerBorder
instanceKlass javax/swing/plaf/basic/BasicSplitPaneDivider$DividerLayout
instanceKlass javax/swing/plaf/basic/BasicBorders$SplitPaneBorder
instanceKlass javax/accessibility/AccessibleRelationSet
instanceKlass javax/accessibility/AccessibleContext$1
instanceKlass sun/awt/AWTAccessor$AccessibleContextAccessor
instanceKlass javax/accessibility/AccessibleContext
instanceKlass javax/accessibility/AccessibleValue
instanceKlass javax/accessibility/AccessibleComponent
instanceKlass javax/swing/plaf/basic/BasicTabbedPaneUI$Handler
instanceKlass javax/swing/plaf/basic/BasicTabbedPaneUI$TabbedPaneLayout
instanceKlass javax/swing/JTabbedPane$ModelListener
instanceKlass  @bci wv/codeclip/CodeClipFrame buildUI ()V 1744 <appendix> member <vmtarget> ; # wv/codeclip/CodeClipFrame$$Lambda+0x000000002d0ce728
instanceKlass  @bci wv/codeclip/CodeClipFrame buildUI ()V 1501 <appendix> member <vmtarget> ; # wv/codeclip/CodeClipFrame$$Lambda+0x000000002d0ce4f8
instanceKlass java/awt/GridLayout
instanceKlass  @bci wv/codeclip/CodeClipFrame buildUI ()V 1316 <appendix> member <vmtarget> ; # wv/codeclip/CodeClipFrame$$Lambda+0x000000002d0ce000
instanceKlass  @bci wv/codeclip/CodeClipFrame buildUI ()V 1286 <appendix> member <vmtarget> ; # wv/codeclip/CodeClipFrame$$Lambda+0x000000002d0cbbf0
instanceKlass  @bci wv/codeclip/CodeClipFrame buildUI ()V 1275 <appendix> member <vmtarget> ; # wv/codeclip/CodeClipFrame$$Lambda+0x000000002d0cb9c0
instanceKlass  @bci wv/codeclip/CodeClipFrame buildUI ()V 1240 <appendix> member <vmtarget> ; # wv/codeclip/CodeClipFrame$$Lambda+0x000000002d0cb790
instanceKlass  @cpi com/sun/tools/javac/parser/JavacParser 3443 form vmentry <vmtarget> ; # java/lang/invoke/LambdaForm$DMH+0x000000002d0cc400
instanceKlass java/awt/CardLayout$Card
instanceKlass java/awt/CardLayout
instanceKlass wv/codeclip/ui/ClassTreePanel$FolderNode
instanceKlass  @bci wv/codeclip/CodeClipFrame buildUI ()V 1120 <appendix> member <vmtarget> ; # wv/codeclip/CodeClipFrame$$Lambda+0x000000002d0cb348
instanceKlass  @bci wv/codeclip/CodeClipFrame buildUI ()V 1113 <appendix> member <vmtarget> ; # wv/codeclip/CodeClipFrame$$Lambda+0x000000002d0cb118
instanceKlass  @bci wv/codeclip/CodeClipFrame buildUI ()V 993 <appendix> member <vmtarget> ; # wv/codeclip/CodeClipFrame$$Lambda+0x000000002d0cac10
instanceKlass  @bci wv/codeclip/CodeClipFrame buildUI ()V 978 <appendix> member <vmtarget> ; # wv/codeclip/CodeClipFrame$$Lambda+0x000000002d0ca9e0
instanceKlass wv/codeclip/ui/SimpleDocumentListener
instanceKlass javax/swing/JTextField$ScrollRepainter
instanceKlass javax/swing/plaf/metal/MetalScrollPaneUI$1
instanceKlass javax/swing/plaf/basic/BasicScrollPaneUI$Handler
instanceKlass java/awt/event/ComponentAdapter
instanceKlass javax/swing/plaf/basic/BasicScrollBarUI$ScrollListener
instanceKlass javax/swing/plaf/basic/BasicScrollBarUI$Handler
instanceKlass javax/swing/plaf/basic/BasicScrollBarUI$PropertyChangeHandler
instanceKlass javax/swing/plaf/basic/BasicScrollBarUI$ModelListener
instanceKlass javax/swing/plaf/metal/MetalBumps
instanceKlass javax/swing/DefaultBoundedRangeModel
instanceKlass javax/swing/BoundedRangeModel
instanceKlass javax/swing/JScrollBar$ModelListener
instanceKlass java/awt/Adjustable
instanceKlass javax/swing/ViewportLayout
instanceKlass javax/swing/ScrollPaneLayout
instanceKlass  @bci wv/codeclip/CodeClipFrame buildUI ()V 846 <appendix> member <vmtarget> ; # wv/codeclip/CodeClipFrame$$Lambda+0x000000002d0ca548
instanceKlass  @bci wv/codeclip/CodeClipFrame buildUI ()V 833 <appendix> member <vmtarget> ; # wv/codeclip/CodeClipFrame$$Lambda+0x000000002d0ca308
instanceKlass  @bci wv/codeclip/CodeClipFrame buildUI ()V 820 <appendix> member <vmtarget> ; # wv/codeclip/CodeClipFrame$$Lambda+0x000000002d0ca0c8
instanceKlass  @bci wv/codeclip/CodeClipFrame buildUI ()V 807 <appendix> member <vmtarget> ; # wv/codeclip/CodeClipFrame$$Lambda+0x000000002d0c9e88
instanceKlass  @bci wv/codeclip/CodeClipFrame buildUI ()V 794 <appendix> member <vmtarget> ; # wv/codeclip/CodeClipFrame$$Lambda+0x000000002d0c9c58
instanceKlass  @bci wv/codeclip/CodeClipFrame buildUI ()V 783 <appendix> member <vmtarget> ; # wv/codeclip/CodeClipFrame$$Lambda+0x000000002d0c9a28
instanceKlass  @bci wv/codeclip/CodeClipFrame buildUI ()V 772 <appendix> member <vmtarget> ; # wv/codeclip/CodeClipFrame$$Lambda+0x000000002d0c97f8
instanceKlass javax/swing/plaf/metal/MetalBorders
instanceKlass javax/swing/KeyboardManager$ComponentKeyStrokePair
instanceKlass  @bci wv/codeclip/CodeClipFrame buildUI ()V 700 <appendix> member <vmtarget> ; # wv/codeclip/CodeClipFrame$$Lambda+0x000000002d0c95c8
instanceKlass  @bci wv/codeclip/CodeClipFrame buildUI ()V 657 <appendix> member <vmtarget> ; # wv/codeclip/CodeClipFrame$$Lambda+0x000000002d0c9398
instanceKlass  @bci wv/codeclip/CodeClipFrame buildUI ()V 626 <appendix> member <vmtarget> ; # wv/codeclip/CodeClipFrame$$Lambda+0x000000002d0c9168
instanceKlass  @bci wv/codeclip/CodeClipFrame buildUI ()V 574 <appendix> argL0 ; # wv/codeclip/CodeClipFrame$$Lambda+0x000000002d0c8f40
instanceKlass  @bci wv/codeclip/CodeClipFrame buildUI ()V 540 <appendix> argL0 ; # wv/codeclip/CodeClipFrame$$Lambda+0x000000002d0c8d18
instanceKlass  @bci wv/codeclip/CodeClipFrame buildUI ()V 510 <appendix> argL0 ; # wv/codeclip/CodeClipFrame$$Lambda+0x000000002d0c8af0
instanceKlass  @cpi com/sun/tools/javac/comp/Attr 5431 form vmentry <vmtarget> ; # java/lang/invoke/LambdaForm$DMH+0x000000002d0cc000
instanceKlass  @bci wv/codeclip/CodeClipFrame buildUI ()V 480 <appendix> member <vmtarget> ; # wv/codeclip/CodeClipFrame$$Lambda+0x000000002d0c88c0
instanceKlass  @bci wv/codeclip/CodeClipFrame buildUI ()V 449 <appendix> member <vmtarget> ; # wv/codeclip/CodeClipFrame$$Lambda+0x000000002d0c8690
instanceKlass  @bci wv/codeclip/CodeClipFrame buildUI ()V 391 <appendix> member <vmtarget> ; # wv/codeclip/CodeClipFrame$$Lambda+0x000000002d0c8460
instanceKlass  @bci wv/codeclip/CodeClipFrame buildUI ()V 347 <appendix> member <vmtarget> ; # wv/codeclip/CodeClipFrame$$Lambda+0x000000002d0c8230
instanceKlass  @bci wv/codeclip/CodeClipFrame buildUI ()V 303 <appendix> member <vmtarget> ; # wv/codeclip/CodeClipFrame$$Lambda+0x000000002d0c8000
instanceKlass  @bci wv/codeclip/CodeClipFrame buildUI ()V 259 <appendix> member <vmtarget> ; # wv/codeclip/CodeClipFrame$$Lambda+0x000000002d0c4c00
instanceKlass  @bci wv/codeclip/CodeClipFrame buildUI ()V 215 <appendix> member <vmtarget> ; # wv/codeclip/CodeClipFrame$$Lambda+0x000000002d0c5dc8
instanceKlass  @bci wv/codeclip/CodeClipFrame buildUI ()V 126 <appendix> member <vmtarget> ; # wv/codeclip/CodeClipFrame$$Lambda+0x000000002d0c5b98
instanceKlass  @bci wv/codeclip/CodeClipFrame buildUI ()V 96 <appendix> member <vmtarget> ; # wv/codeclip/CodeClipFrame$$Lambda+0x000000002d0c5968
instanceKlass  @cpi com/sun/tools/javac/code/DeferredLintHandler 210 form vmentry <vmtarget> ; # java/lang/invoke/LambdaForm$DMH+0x000000002d0c4800
instanceKlass java/awt/event/KeyAdapter
instanceKlass java/awt/event/MouseMotionAdapter
instanceKlass javax/swing/ToolTipManager$stillInsideTimerAction
instanceKlass javax/swing/ToolTipManager$outsideTimerAction
instanceKlass javax/swing/ToolTipManager$insideTimerAction
instanceKlass java/util/prefs/NodeChangeListener
instanceKlass java/util/prefs/PreferenceChangeListener
instanceKlass java/util/prefs/WindowsPreferencesFactory
instanceKlass java/util/prefs/Preferences$1
instanceKlass java/util/prefs/PreferencesFactory
instanceKlass java/util/prefs/Preferences
instanceKlass wv/codeclip/patch/PostPatchVerifierSettings
instanceKlass java/awt/event/WindowAdapter
instanceKlass java/awt/event/FocusAdapter
instanceKlass javax/swing/plaf/basic/BasicPopupMenuUI$MenuKeyboardHelper
instanceKlass javax/swing/plaf/basic/BasicPopupMenuUI$MouseGrabber
instanceKlass javax/swing/plaf/basic/BasicPopupMenuUI$BasicMenuKeyListener
instanceKlass javax/swing/plaf/basic/BasicPopupMenuUI$BasicPopupMenuListener
instanceKlass javax/swing/event/PopupMenuListener
instanceKlass javax/swing/plaf/basic/BasicLookAndFeel$1
instanceKlass java/awt/Toolkit$SelectiveAWTEventListener
instanceKlass javax/swing/plaf/basic/BasicLookAndFeel$AWTEventHelper
instanceKlass  @bci wv/codeclip/CodeClipFrame buildUI ()V 55 <appendix> member <vmtarget> ; # wv/codeclip/CodeClipFrame$$Lambda+0x000000002d0c5528
instanceKlass javax/swing/plaf/metal/MetalIconFactory$CheckBoxMenuItemIcon
instanceKlass javax/swing/plaf/metal/MetalIconFactory$MenuItemArrowIcon
instanceKlass javax/swing/MenuSelectionManager
instanceKlass javax/swing/plaf/basic/BasicMenuItemUI$Handler
instanceKlass javax/swing/event/MenuDragMouseListener
instanceKlass javax/swing/event/MenuKeyListener
instanceKlass sun/swing/MenuItemLayoutHelper
instanceKlass javax/swing/plaf/basic/BasicGraphicsUtils
instanceKlass javax/swing/plaf/metal/MetalIconFactory$MenuArrowIcon
instanceKlass javax/swing/JMenuItem$MenuItemFocusListener
instanceKlass javax/swing/JMenu$MenuChangeListener
instanceKlass javax/swing/KeyboardManager
instanceKlass javax/swing/plaf/basic/BasicMenuBarUI$Handler
instanceKlass javax/swing/BoxLayout
instanceKlass javax/swing/DefaultSingleSelectionModel
instanceKlass javax/swing/SingleSelectionModel
instanceKlass java/awt/geom/EllipseIterator
instanceKlass java/awt/geom/LineIterator
instanceKlass java/awt/geom/Line2D
instanceKlass sun/java2d/marlin/ArrayCacheConst
instanceKlass sun/java2d/pipe/AlphaPaintPipe$TileContext
instanceKlass java/awt/GradientPaintContext
instanceKlass java/awt/PaintContext
instanceKlass sun/java2d/marlin/Helpers
instanceKlass java/awt/geom/RoundRectIterator
instanceKlass sun/java2d/marlin/DPQSSorterContext
instanceKlass sun/java2d/marlin/MarlinUtils
instanceKlass sun/java2d/marlin/MergeSort
instanceKlass sun/java2d/marlin/Dasher$LengthIterator
instanceKlass sun/java2d/marlin/Dasher
instanceKlass sun/java2d/marlin/Stroker
instanceKlass sun/java2d/marlin/MarlinTileGenerator
instanceKlass sun/java2d/pipe/AATileGenerator
instanceKlass sun/java2d/marlin/Renderer
instanceKlass sun/java2d/marlin/ArrayCacheIntClean$Reference
instanceKlass  @bci sun/java2d/marlin/OffHeapArray <init> (Ljava/lang/Object;J)V 52 <appendix> member <vmtarget> ; # sun/java2d/marlin/OffHeapArray$$Lambda+0x000000002d09cf10
instanceKlass sun/java2d/marlin/OffHeapArray
instanceKlass sun/java2d/marlin/MarlinCache
instanceKlass sun/java2d/marlin/ArrayCacheInt$Reference
instanceKlass sun/java2d/marlin/Helpers$IndexStack
instanceKlass sun/java2d/marlin/TransformingPathConsumer2D$PathClipFilter
instanceKlass sun/java2d/marlin/TransformingPathConsumer2D$StartFlagPathConsumer2D
instanceKlass sun/java2d/marlin/ArrayCacheByte$Reference
instanceKlass sun/java2d/marlin/ArrayCacheDouble$Reference
instanceKlass sun/java2d/marlin/Helpers$PolyStack
instanceKlass sun/java2d/marlin/TransformingPathConsumer2D$ClosedPathDetector
instanceKlass sun/java2d/marlin/TransformingPathConsumer2D$PathTracer
instanceKlass sun/java2d/marlin/TransformingPathConsumer2D$DeltaTransformFilter
instanceKlass sun/java2d/marlin/TransformingPathConsumer2D$DeltaScaleFilter
instanceKlass sun/java2d/marlin/TransformingPathConsumer2D$Path2DWrapper
instanceKlass sun/java2d/marlin/TransformingPathConsumer2D
instanceKlass sun/java2d/marlin/TransformingPathConsumer2D$CurveClipSplitter
instanceKlass sun/java2d/marlin/TransformingPathConsumer2D$CurveBasicMonotonizer
instanceKlass sun/java2d/marlin/DMarlinRenderingEngine$NormalizingPathIterator
instanceKlass java/awt/geom/PathIterator
instanceKlass sun/java2d/marlin/RendererContext$PathConsumer2DAdapter
instanceKlass sun/java2d/marlin/ArrayCacheByte
instanceKlass sun/java2d/marlin/ArrayCacheDouble
instanceKlass sun/java2d/marlin/ArrayCacheInt
instanceKlass sun/java2d/marlin/ArrayCacheIntClean
instanceKlass sun/java2d/marlin/PathSimplifier
instanceKlass sun/java2d/marlin/CollinearSimplifier
instanceKlass sun/java2d/marlin/DPathConsumer2D
instanceKlass sun/java2d/marlin/Curve
instanceKlass sun/java2d/ReentrantContext
instanceKlass java/awt/GradientPaint
instanceKlass java/util/TimSort
instanceKlass sun/java2d/loops/GraphicsPrimitiveMgr$PrimitiveSpec
instanceKlass sun/java2d/loops/GraphicsPrimitiveMgr$2
instanceKlass sun/java2d/loops/GraphicsPrimitiveMgr$1
instanceKlass sun/java2d/loops/GeneralRenderer
instanceKlass sun/java2d/loops/CustomComponent
instanceKlass sun/java2d/pipe/ValidatePipe
instanceKlass java/awt/BasicStroke
instanceKlass sun/java2d/loops/GraphicsPrimitiveMgr$GeneralPrimitives
instanceKlass java/awt/geom/Path2D
instanceKlass java/awt/AlphaComposite
instanceKlass sun/java2d/loops/XORComposite
instanceKlass java/awt/Composite
instanceKlass sun/awt/ConstrainableGraphics
instanceKlass sun/java2d/loops/GraphicsPrimitiveMgr
instanceKlass sun/java2d/loops/GraphicsPrimitive
instanceKlass sun/java2d/loops/CompositeType
instanceKlass sun/java2d/DefaultDisposerRecord
instanceKlass sun/java2d/loops/RenderLoops
instanceKlass sun/awt/image/BufImgSurfaceData$ICMColorData
instanceKlass sun/awt/image/NativeLibLoader
instanceKlass java/awt/image/SampleModel
instanceKlass java/awt/image/DataBuffer$1
instanceKlass sun/awt/image/SunWritableRaster$DataStealer
instanceKlass java/awt/image/DataBuffer
instanceKlass java/awt/image/Raster
instanceKlass  @bci wv/codeclip/CodeClipFrame <init> ()V 575 <appendix> member <vmtarget> ; # wv/codeclip/CodeClipFrame$$Lambda+0x000000002d0c52f8
instanceKlass wv/codeclip/ui/ClassActions
instanceKlass  @bci wv/codeclip/CodeClipFrame <init> ()V 536 <appendix> member <vmtarget> ; # wv/codeclip/CodeClipFrame$$Lambda+0x000000002d0c78c8
instanceKlass  @bci wv/codeclip/CodeClipFrame <init> ()V 523 <appendix> member <vmtarget> ; # wv/codeclip/CodeClipFrame$$Lambda+0x000000002d0c7688
instanceKlass  @bci wv/codeclip/CodeClipFrame <init> ()V 503 <appendix> member <vmtarget> ; # wv/codeclip/CodeClipFrame$$Lambda+0x000000002d0c7448
instanceKlass  @bci wv/codeclip/CodeClipFrame <init> ()V 497 <appendix> member <vmtarget> ; # wv/codeclip/CodeClipFrame$$Lambda+0x000000002d0c7208
instanceKlass  @bci wv/codeclip/CodeClipFrame <init> ()V 491 <appendix> member <vmtarget> ; # wv/codeclip/CodeClipFrame$$Lambda+0x000000002d0c6fc8
instanceKlass  @bci wv/codeclip/CodeClipFrame <init> ()V 485 <appendix> member <vmtarget> ; # wv/codeclip/CodeClipFrame$$Lambda+0x000000002d0c6d98
instanceKlass wv/codeclip/generic/GenericPasteHandler
instanceKlass  @bci wv/codeclip/CodeClipFrame <init> ()V 459 <appendix> member <vmtarget> ; # wv/codeclip/CodeClipFrame$$Lambda+0x000000002d0c6920
instanceKlass  @bci wv/codeclip/CodeClipFrame <init> ()V 453 <appendix> member <vmtarget> ; # wv/codeclip/CodeClipFrame$$Lambda+0x000000002d0c66e0
instanceKlass  @bci wv/codeclip/CodeClipFrame <init> ()V 447 <appendix> member <vmtarget> ; # wv/codeclip/CodeClipFrame$$Lambda+0x000000002d0c64a0
instanceKlass  @bci wv/codeclip/CodeClipFrame <init> ()V 441 <appendix> member <vmtarget> ; # wv/codeclip/CodeClipFrame$$Lambda+0x000000002d0c6270
instanceKlass wv/codeclip/html/HtmlPasteHandler
instanceKlass  @bci wv/codeclip/CodeClipFrame <init> ()V 422 <appendix> member <vmtarget> ; # wv/codeclip/CodeClipFrame$$Lambda+0x000000002d0c39a8
instanceKlass wv/codeclip/godot/GodotSourceParser
instanceKlass  @bci wv/codeclip/CodeClipFrame <init> ()V 402 <appendix> member <vmtarget> ; # wv/codeclip/CodeClipFrame$$Lambda+0x000000002d0c3560
instanceKlass  @bci wv/codeclip/CodeClipFrame <init> ()V 388 <appendix> member <vmtarget> ; # wv/codeclip/CodeClipFrame$$Lambda+0x000000002d0c3320
instanceKlass  @bci wv/codeclip/CodeClipFrame <init> ()V 382 <appendix> member <vmtarget> ; # wv/codeclip/CodeClipFrame$$Lambda+0x000000002d0c30e0
instanceKlass  @bci wv/codeclip/CodeClipFrame <init> ()V 376 <appendix> member <vmtarget> ; # wv/codeclip/CodeClipFrame$$Lambda+0x000000002d0c2ea0
instanceKlass  @bci wv/codeclip/CodeClipFrame <init> ()V 370 <appendix> member <vmtarget> ; # wv/codeclip/CodeClipFrame$$Lambda+0x000000002d0c2c70
instanceKlass wv/codeclip/godot/GodotPasteHandler
instanceKlass  @bci wv/codeclip/CodeClipFrame <init> ()V 351 <appendix> member <vmtarget> ; # wv/codeclip/CodeClipFrame$$Lambda+0x000000002d0c27f8
instanceKlass wv/codeclip/io/ClassFileWriter
instanceKlass  @bci java/util/regex/CharPredicates ASCII_WORD ()Ljava/util/regex/Pattern$BmpCharPredicate; 0 <appendix> argL0 ; # java/util/regex/CharPredicates$$Lambda+0x000000002d08eb68
instanceKlass wv/codeclip/parse/SourceRootDetector
instanceKlass java/util/regex/Pattern$TreeInfo
instanceKlass  @bci java/util/regex/Pattern Single (I)Ljava/util/regex/Pattern$BmpCharPredicate; 1 <appendix> member <vmtarget> ; # java/util/regex/Pattern$$Lambda+0x800000027
instanceKlass  @bci java/util/regex/Pattern union (Ljava/util/regex/Pattern$CharPredicate;Ljava/util/regex/Pattern$CharPredicate;Z)Ljava/util/regex/Pattern$CharPredicate; 6 <appendix> member <vmtarget> ; # java/util/regex/Pattern$$Lambda+0x800000030
instanceKlass  @bci java/util/regex/Pattern Range (II)Ljava/util/regex/Pattern$CharPredicate; 23 <appendix> member <vmtarget> ; # java/util/regex/Pattern$$Lambda+0x800000028
instanceKlass java/util/regex/Pattern$BitClass
instanceKlass  @bci java/util/regex/CharPredicates ASCII_SPACE ()Ljava/util/regex/Pattern$BmpCharPredicate; 0 <appendix> argL0 ; # java/util/regex/CharPredicates$$Lambda+0x800000025
instanceKlass java/util/regex/Pattern$BmpCharPredicate
instanceKlass java/util/regex/Pattern$CharPredicate
instanceKlass java/util/regex/CharPredicates
instanceKlass java/util/regex/Pattern$Node
instanceKlass java/util/regex/Pattern
instanceKlass wv/codeclip/parse/JavaSourceParser
instanceKlass wv/codeclip/commands/EnablerCommand
instanceKlass wv/codeclip/commands/CopierCommand
instanceKlass wv/codeclip/patch/PatchDuplicateDetector
instanceKlass  @bci wv/codeclip/CodeClipFrame <init> ()V 331 <appendix> member <vmtarget> ; # wv/codeclip/CodeClipFrame$$Lambda+0x000000002d0c18e0
instanceKlass java/lang/invoke/TypeConvertingMethodAdapter$BoxHolder
instanceKlass java/lang/invoke/TypeConvertingMethodAdapter$1
instanceKlass  @cpi com/sun/tools/javac/comp/Operators$UnaryNumericOperator 71 form vmentry <vmtarget> ; # java/lang/invoke/LambdaForm$DMH+0x000000002d0c4400
instanceKlass  @bci wv/codeclip/CodeClipFrame <init> ()V 317 <appendix> member <vmtarget> ; # wv/codeclip/CodeClipFrame$$Lambda+0x000000002d0c16a0
instanceKlass  @bci wv/codeclip/CodeClipFrame <init> ()V 311 <appendix> member <vmtarget> ; # wv/codeclip/CodeClipFrame$$Lambda+0x000000002d0c1460
instanceKlass  @cpi wv/codeclip/CodeClipFrame 2972 form vmentry <vmtarget> ; # java/lang/invoke/LambdaForm$DMH+0x000000002d0c4000
instanceKlass  @bci wv/codeclip/CodeClipFrame <init> ()V 305 <appendix> member <vmtarget> ; # wv/codeclip/CodeClipFrame$$Lambda+0x000000002d0c1220
instanceKlass  @bci wv/codeclip/CodeClipFrame <init> ()V 299 <appendix> member <vmtarget> ; # wv/codeclip/CodeClipFrame$$Lambda+0x000000002d0c0ff0
instanceKlass wv/codeclip/io/PasteClassHandler
instanceKlass wv/codeclip/patch/PatchUndoManager
instanceKlass wv/codeclip/generic/GenericDirectory
instanceKlass wv/codeclip/html/HtmlDirectory
instanceKlass wv/codeclip/godot/GodotDirectory
instanceKlass wv/codeclip/config/CodeClipBuildInfo
instanceKlass java/nio/charset/CoderResult
instanceKlass java/util/Properties$LineReader
instanceKlass java/io/Reader
instanceKlass java/lang/Readable
instanceKlass wv/codeclip/io/SettingsManager
instanceKlass wv/codeclip/model/ClassRepository
instanceKlass wv/codeclip/html/HtmlExtensions
instanceKlass javax/swing/plaf/basic/BasicHTML
instanceKlass java/beans/VetoableChangeListener
instanceKlass javax/swing/event/AncestorListener
instanceKlass javax/swing/plaf/basic/BasicButtonUI$KeyHandler
instanceKlass javax/swing/plaf/basic/BasicButtonListener
instanceKlass javax/swing/plaf/metal/MetalIconFactory$CheckBoxIcon
instanceKlass javax/swing/Icon
instanceKlass javax/swing/plaf/metal/MetalIconFactory
instanceKlass javax/swing/plaf/basic/BasicBorders
instanceKlass javax/swing/AbstractButton$Handler
instanceKlass javax/swing/DefaultButtonModel
instanceKlass javax/swing/ButtonModel
instanceKlass java/util/Collections$UnmodifiableCollection$1
instanceKlass java/util/Hashtable$Enumerator
instanceKlass javax/swing/text/TabableView
instanceKlass java/util/Arrays$ArrayItr
instanceKlass javax/swing/text/FlowView$FlowStrategy
instanceKlass javax/swing/text/DefaultStyledDocument$AbstractChangeHandler
instanceKlass sun/swing/text/UndoableEditLockSupport
instanceKlass javax/swing/event/DocumentEvent$EventType
instanceKlass javax/swing/event/DocumentEvent
instanceKlass javax/swing/undo/AbstractUndoableEdit
instanceKlass javax/swing/undo/UndoableEdit
instanceKlass javax/swing/text/DefaultStyledDocument$ElementBuffer
instanceKlass javax/swing/text/StyledEditorKit$AttributeTracker
instanceKlass javax/swing/event/CaretListener
instanceKlass javax/swing/text/StyledEditorKit$StyledViewFactory
instanceKlass javax/swing/plaf/synth/SynthUI
instanceKlass javax/swing/plaf/synth/SynthConstants
instanceKlass javax/swing/text/JTextComponent$DefaultKeymap
instanceKlass javax/swing/text/Keymap
instanceKlass java/awt/Graphics
instanceKlass javax/swing/text/PlainView$FPMethodItem
instanceKlass javax/swing/text/TabExpander
instanceKlass javax/swing/text/StyleContext$KeyEnumeration
instanceKlass javax/swing/text/GapContent$StickyPosition
instanceKlass javax/swing/text/Position
instanceKlass javax/swing/text/AbstractDocument$AbstractElement
instanceKlass javax/swing/tree/TreeNode
instanceKlass java/util/LinkedHashMap$LinkedHashIterator
instanceKlass java/util/Collections$3
instanceKlass javax/swing/text/StyleContext$SmallAttributeSet
instanceKlass javax/swing/text/StyleContext$NamedStyle
instanceKlass java/util/SequencedMap
instanceKlass javax/swing/text/SimpleAttributeSet$EmptyAttributeSet
instanceKlass javax/swing/text/SimpleAttributeSet
instanceKlass javax/swing/text/StyleContext$FontKey
instanceKlass javax/swing/text/AttributeSet$ParagraphAttribute
instanceKlass javax/swing/text/AttributeSet$ColorAttribute
instanceKlass javax/swing/text/AttributeSet$FontAttribute
instanceKlass javax/swing/text/AttributeSet$CharacterAttribute
instanceKlass javax/swing/text/StyleConstants
instanceKlass javax/swing/text/StyleContext
instanceKlass javax/swing/text/AbstractDocument$AttributeContext
instanceKlass javax/swing/text/GapVector
instanceKlass javax/swing/text/AbstractDocument$Content
instanceKlass javax/swing/text/AbstractDocument
instanceKlass javax/swing/TransferHandler$TransferSupport
instanceKlass javax/swing/TransferHandler$DropHandler
instanceKlass java/awt/datatransfer/SystemFlavorMap$SoftCache
instanceKlass  @bci java/awt/datatransfer/SystemFlavorMap getDefaultFlavorMap ()Ljava/awt/datatransfer/FlavorMap; 3 <appendix> argL0 ; # java/awt/datatransfer/SystemFlavorMap$$Lambda+0x000000002d05e2c0
instanceKlass java/awt/datatransfer/DataFlavor
instanceKlass java/io/Externalizable
instanceKlass java/util/SequencedSet
instanceKlass sun/awt/datatransfer/DesktopDatatransferServiceImpl
instanceKlass sun/datatransfer/DataFlavorUtil$DefaultDesktopDatatransferService
instanceKlass sun/datatransfer/DesktopDatatransferService
instanceKlass sun/datatransfer/DataFlavorUtil
instanceKlass java/awt/datatransfer/SystemFlavorMap
instanceKlass java/awt/datatransfer/FlavorTable
instanceKlass java/awt/datatransfer/FlavorMap
instanceKlass java/awt/dnd/DropTargetContext$1
instanceKlass sun/awt/AWTAccessor$DropTargetContextAccessor
instanceKlass java/awt/dnd/DropTargetContext
instanceKlass java/awt/dnd/DropTarget
instanceKlass java/awt/dnd/DropTargetListener
instanceKlass javax/swing/ClientPropertyKey$1
instanceKlass sun/awt/AWTAccessor$ClientPropertyKeyAccessor
instanceKlass javax/swing/text/DefaultHighlighter$SafeDamager
instanceKlass javax/swing/text/LayeredHighlighter$LayerPainter
instanceKlass javax/swing/text/Highlighter$HighlightPainter
instanceKlass javax/swing/text/Highlighter$Highlight
instanceKlass javax/swing/text/LayeredHighlighter
instanceKlass javax/swing/text/Highlighter
instanceKlass javax/swing/Timer$DoPostEvent
instanceKlass javax/swing/text/DefaultCaret$Handler
instanceKlass java/awt/datatransfer/ClipboardOwner
instanceKlass javax/swing/text/Caret
instanceKlass java/awt/event/MouseAdapter
instanceKlass javax/swing/event/MouseInputListener
instanceKlass javax/swing/plaf/basic/DragRecognitionSupport$BeforeDrag
instanceKlass javax/swing/plaf/basic/BasicTextUI$UpdateHandler
instanceKlass javax/swing/text/View
instanceKlass javax/swing/text/Element
instanceKlass javax/swing/text/Position$Bias
instanceKlass sun/swing/UIAction
instanceKlass javax/swing/TransferHandler
instanceKlass javax/swing/AbstractAction
instanceKlass javax/swing/text/EditorKit
instanceKlass javax/swing/text/ViewFactory
instanceKlass java/awt/AWTEventMulticaster
instanceKlass java/awt/event/MouseWheelListener
instanceKlass java/awt/event/HierarchyBoundsListener
instanceKlass java/awt/event/HierarchyListener
instanceKlass java/awt/event/InputMethodListener
instanceKlass java/awt/event/TextListener
instanceKlass java/awt/event/AdjustmentListener
instanceKlass java/awt/event/ItemListener
instanceKlass java/awt/event/WindowStateListener
instanceKlass java/awt/event/WindowFocusListener
instanceKlass java/awt/event/MouseMotionListener
instanceKlass java/awt/event/KeyListener
instanceKlass java/awt/event/ContainerListener
instanceKlass java/awt/event/ComponentListener
instanceKlass javax/swing/event/ChangeListener
instanceKlass com/sun/beans/util/Cache$CacheEntry
instanceKlass com/sun/beans/util/Cache
instanceKlass javax/swing/text/JTextComponent$1
instanceKlass sun/swing/SwingAccessor$JTextComponentAccessor
instanceKlass javax/swing/ActionMap
instanceKlass  @bci jdk/internal/reflect/MethodHandleIntegerFieldAccessorImpl getInt (Ljava/lang/Object;)I 11 <adapter> ; # java/lang/invoke/LambdaForm$MH+0x000000002d04ac00
instanceKlass jdk/internal/reflect/FieldAccessorImpl
instanceKlass jdk/internal/reflect/FieldAccessor
instanceKlass java/awt/event/KeyEvent$1
instanceKlass sun/awt/AWTAccessor$KeyEventAccessor
instanceKlass java/awt/VKCollection
instanceKlass java/util/StringTokenizer
instanceKlass javax/swing/InputMap
instanceKlass javax/swing/LayoutComparator
instanceKlass javax/swing/RepaintManager$PaintManager
instanceKlass javax/swing/JRootPane$RootLayout
instanceKlass javax/swing/ArrayTable
instanceKlass com/sun/java/swing/SwingUtilities3
instanceKlass javax/swing/RepaintManager$ProcessingRunnable
# instanceKlass java/lang/invoke/LambdaForm$MH+0x000000002d04a800
instanceKlass  @bci wv/codeclip/patch/PatchErrorDialog$1ErrorNav jumpTo (I)V 87 <appendix> form vmentry <vmtarget> ; # java/lang/invoke/LambdaForm$MH+0x000000002d04a400
instanceKlass javax/swing/plaf/ComponentUI
instanceKlass sun/util/ResourceBundleEnumeration
instanceKlass java/util/LinkedList$Node
instanceKlass javax/swing/UIManager$1
instanceKlass sun/awt/PaintEventDispatcher
instanceKlass javax/swing/RepaintManager$1
instanceKlass sun/swing/SwingAccessor$RepaintManagerAccessor
instanceKlass javax/swing/RepaintManager$DisplayChangedHandler
instanceKlass javax/swing/RepaintManager
instanceKlass javax/swing/plaf/metal/OceanTheme$6
instanceKlass javax/swing/plaf/metal/OceanTheme$5
instanceKlass javax/swing/plaf/metal/OceanTheme$4
instanceKlass javax/swing/plaf/metal/OceanTheme$3
instanceKlass javax/swing/plaf/metal/OceanTheme$2
instanceKlass javax/swing/plaf/metal/OceanTheme$1
instanceKlass  @bci javax/swing/plaf/metal/OceanTheme addCustomEntriesToTable (Ljavax/swing/UIDefaults;)V 1 <appendix> member <vmtarget> ; # javax/swing/plaf/metal/OceanTheme$$Lambda+0x000000002d0776b8
instanceKlass java/util/EventListenerProxy
instanceKlass  @bci javax/swing/plaf/metal/MetalLookAndFeel initComponentDefaults (Ljavax/swing/UIDefaults;)V 12018 <appendix> argL0 ; # javax/swing/plaf/metal/MetalLookAndFeel$$Lambda+0x000000002d076fb8
instanceKlass  @bci javax/swing/plaf/metal/MetalLookAndFeel initComponentDefaults (Ljavax/swing/UIDefaults;)V 11955 <appendix> argL0 ; # javax/swing/plaf/metal/MetalLookAndFeel$$Lambda+0x000000002d076d90
instanceKlass  @bci javax/swing/plaf/metal/MetalLookAndFeel initComponentDefaults (Ljavax/swing/UIDefaults;)V 11907 <appendix> argL0 ; # javax/swing/plaf/metal/MetalLookAndFeel$$Lambda+0x000000002d076b68
instanceKlass  @bci javax/swing/plaf/metal/MetalLookAndFeel initComponentDefaults (Ljavax/swing/UIDefaults;)V 11758 <appendix> argL0 ; # javax/swing/plaf/metal/MetalLookAndFeel$$Lambda+0x000000002d076940
instanceKlass  @bci javax/swing/plaf/metal/MetalLookAndFeel initComponentDefaults (Ljavax/swing/UIDefaults;)V 11740 <appendix> argL0 ; # javax/swing/plaf/metal/MetalLookAndFeel$$Lambda+0x000000002d076718
instanceKlass  @bci javax/swing/plaf/metal/MetalLookAndFeel initComponentDefaults (Ljavax/swing/UIDefaults;)V 10675 <appendix> argL0 ; # javax/swing/plaf/metal/MetalLookAndFeel$$Lambda+0x000000002d0764f0
instanceKlass  @bci javax/swing/plaf/metal/MetalLookAndFeel initComponentDefaults (Ljavax/swing/UIDefaults;)V 10657 <appendix> argL0 ; # javax/swing/plaf/metal/MetalLookAndFeel$$Lambda+0x000000002d0762c8
instanceKlass  @bci javax/swing/plaf/metal/MetalLookAndFeel initComponentDefaults (Ljavax/swing/UIDefaults;)V 10639 <appendix> argL0 ; # javax/swing/plaf/metal/MetalLookAndFeel$$Lambda+0x000000002d0760a0
instanceKlass  @bci javax/swing/plaf/metal/MetalLookAndFeel initComponentDefaults (Ljavax/swing/UIDefaults;)V 10621 <appendix> argL0 ; # javax/swing/plaf/metal/MetalLookAndFeel$$Lambda+0x000000002d075e78
instanceKlass  @bci javax/swing/plaf/metal/MetalLookAndFeel initComponentDefaults (Ljavax/swing/UIDefaults;)V 10603 <appendix> argL0 ; # javax/swing/plaf/metal/MetalLookAndFeel$$Lambda+0x000000002d075c50
instanceKlass  @bci javax/swing/plaf/metal/MetalLookAndFeel initComponentDefaults (Ljavax/swing/UIDefaults;)V 10124 <appendix> argL0 ; # javax/swing/plaf/metal/MetalLookAndFeel$$Lambda+0x000000002d075a28
instanceKlass  @bci javax/swing/plaf/metal/MetalLookAndFeel initComponentDefaults (Ljavax/swing/UIDefaults;)V 10106 <appendix> argL0 ; # javax/swing/plaf/metal/MetalLookAndFeel$$Lambda+0x000000002d075800
instanceKlass  @bci javax/swing/plaf/metal/MetalLookAndFeel initComponentDefaults (Ljavax/swing/UIDefaults;)V 9938 <appendix> argL0 ; # javax/swing/plaf/metal/MetalLookAndFeel$$Lambda+0x000000002d0755d8
instanceKlass  @bci javax/swing/plaf/metal/MetalLookAndFeel initComponentDefaults (Ljavax/swing/UIDefaults;)V 9920 <appendix> argL0 ; # javax/swing/plaf/metal/MetalLookAndFeel$$Lambda+0x000000002d0753b0
instanceKlass  @bci javax/swing/plaf/metal/MetalLookAndFeel initComponentDefaults (Ljavax/swing/UIDefaults;)V 9259 <appendix> argL0 ; # javax/swing/plaf/metal/MetalLookAndFeel$$Lambda+0x000000002d075188
instanceKlass  @bci javax/swing/plaf/metal/MetalLookAndFeel initComponentDefaults (Ljavax/swing/UIDefaults;)V 9241 <appendix> argL0 ; # javax/swing/plaf/metal/MetalLookAndFeel$$Lambda+0x000000002d074f60
instanceKlass  @bci javax/swing/plaf/metal/MetalLookAndFeel initComponentDefaults (Ljavax/swing/UIDefaults;)V 9074 <appendix> argL0 ; # javax/swing/plaf/metal/MetalLookAndFeel$$Lambda+0x000000002d074d38
instanceKlass  @bci javax/swing/plaf/metal/MetalLookAndFeel initComponentDefaults (Ljavax/swing/UIDefaults;)V 9056 <appendix> argL0 ; # javax/swing/plaf/metal/MetalLookAndFeel$$Lambda+0x000000002d074b10
instanceKlass  @bci javax/swing/plaf/metal/MetalLookAndFeel initComponentDefaults (Ljavax/swing/UIDefaults;)V 8779 <appendix> argL0 ; # javax/swing/plaf/metal/MetalLookAndFeel$$Lambda+0x000000002d0748e8
instanceKlass  @bci javax/swing/plaf/metal/MetalLookAndFeel initComponentDefaults (Ljavax/swing/UIDefaults;)V 5003 <appendix> member <vmtarget> ; # javax/swing/plaf/metal/MetalLookAndFeel$$Lambda+0x000000002d0746c0
instanceKlass  @bci javax/swing/plaf/metal/MetalLookAndFeel initComponentDefaults (Ljavax/swing/UIDefaults;)V 4983 <appendix> member <vmtarget> ; # javax/swing/plaf/metal/MetalLookAndFeel$$Lambda+0x000000002d074498
instanceKlass  @bci javax/swing/plaf/metal/MetalLookAndFeel initComponentDefaults (Ljavax/swing/UIDefaults;)V 4963 <appendix> member <vmtarget> ; # javax/swing/plaf/metal/MetalLookAndFeel$$Lambda+0x000000002d074270
instanceKlass  @bci javax/swing/plaf/metal/MetalLookAndFeel initComponentDefaults (Ljavax/swing/UIDefaults;)V 4943 <appendix> member <vmtarget> ; # javax/swing/plaf/metal/MetalLookAndFeel$$Lambda+0x000000002d074048
instanceKlass  @bci javax/swing/plaf/metal/MetalLookAndFeel initComponentDefaults (Ljavax/swing/UIDefaults;)V 4923 <appendix> argL0 ; # javax/swing/plaf/metal/MetalLookAndFeel$$Lambda+0x000000002d073e20
instanceKlass  @bci javax/swing/plaf/metal/MetalLookAndFeel initComponentDefaults (Ljavax/swing/UIDefaults;)V 4887 <appendix> argL0 ; # javax/swing/plaf/metal/MetalLookAndFeel$$Lambda+0x000000002d073bf8
instanceKlass  @bci javax/swing/plaf/metal/MetalLookAndFeel initComponentDefaults (Ljavax/swing/UIDefaults;)V 4869 <appendix> argL0 ; # javax/swing/plaf/metal/MetalLookAndFeel$$Lambda+0x000000002d0739d0
instanceKlass  @bci javax/swing/plaf/metal/MetalLookAndFeel initComponentDefaults (Ljavax/swing/UIDefaults;)V 4851 <appendix> argL0 ; # javax/swing/plaf/metal/MetalLookAndFeel$$Lambda+0x000000002d0737a8
instanceKlass  @bci javax/swing/plaf/metal/MetalLookAndFeel initComponentDefaults (Ljavax/swing/UIDefaults;)V 4833 <appendix> argL0 ; # javax/swing/plaf/metal/MetalLookAndFeel$$Lambda+0x000000002d073580
instanceKlass  @bci javax/swing/plaf/metal/MetalLookAndFeel initComponentDefaults (Ljavax/swing/UIDefaults;)V 4204 <appendix> argL0 ; # javax/swing/plaf/metal/MetalLookAndFeel$$Lambda+0x000000002d073358
instanceKlass  @bci javax/swing/plaf/metal/MetalLookAndFeel initComponentDefaults (Ljavax/swing/UIDefaults;)V 4186 <appendix> argL0 ; # javax/swing/plaf/metal/MetalLookAndFeel$$Lambda+0x000000002d073130
instanceKlass  @bci javax/swing/plaf/metal/MetalLookAndFeel initComponentDefaults (Ljavax/swing/UIDefaults;)V 3874 <appendix> argL0 ; # javax/swing/plaf/metal/MetalLookAndFeel$$Lambda+0x000000002d072f08
instanceKlass  @bci javax/swing/plaf/metal/MetalLookAndFeel initComponentDefaults (Ljavax/swing/UIDefaults;)V 3858 <appendix> argL0 ; # javax/swing/plaf/metal/MetalLookAndFeel$$Lambda+0x000000002d072ce0
instanceKlass  @bci javax/swing/plaf/metal/MetalLookAndFeel initComponentDefaults (Ljavax/swing/UIDefaults;)V 3842 <appendix> argL0 ; # javax/swing/plaf/metal/MetalLookAndFeel$$Lambda+0x000000002d072ab8
instanceKlass  @bci javax/swing/plaf/metal/MetalLookAndFeel initComponentDefaults (Ljavax/swing/UIDefaults;)V 3826 <appendix> argL0 ; # javax/swing/plaf/metal/MetalLookAndFeel$$Lambda+0x000000002d072890
instanceKlass  @bci javax/swing/plaf/metal/MetalLookAndFeel initComponentDefaults (Ljavax/swing/UIDefaults;)V 3810 <appendix> argL0 ; # javax/swing/plaf/metal/MetalLookAndFeel$$Lambda+0x000000002d072668
instanceKlass  @bci javax/swing/plaf/metal/MetalLookAndFeel initComponentDefaults (Ljavax/swing/UIDefaults;)V 3794 <appendix> argL0 ; # javax/swing/plaf/metal/MetalLookAndFeel$$Lambda+0x000000002d072440
instanceKlass  @bci javax/swing/plaf/metal/MetalLookAndFeel initComponentDefaults (Ljavax/swing/UIDefaults;)V 3778 <appendix> argL0 ; # javax/swing/plaf/metal/MetalLookAndFeel$$Lambda+0x000000002d072218
instanceKlass  @bci javax/swing/plaf/metal/MetalLookAndFeel initComponentDefaults (Ljavax/swing/UIDefaults;)V 3762 <appendix> argL0 ; # javax/swing/plaf/metal/MetalLookAndFeel$$Lambda+0x000000002d071ff0
instanceKlass  @bci javax/swing/plaf/metal/MetalLookAndFeel initComponentDefaults (Ljavax/swing/UIDefaults;)V 3746 <appendix> argL0 ; # javax/swing/plaf/metal/MetalLookAndFeel$$Lambda+0x000000002d071dc8
instanceKlass  @bci javax/swing/plaf/metal/MetalLookAndFeel initComponentDefaults (Ljavax/swing/UIDefaults;)V 3730 <appendix> argL0 ; # javax/swing/plaf/metal/MetalLookAndFeel$$Lambda+0x000000002d071ba0
instanceKlass  @bci javax/swing/plaf/metal/MetalLookAndFeel initComponentDefaults (Ljavax/swing/UIDefaults;)V 3509 <appendix> argL0 ; # javax/swing/plaf/metal/MetalLookAndFeel$$Lambda+0x000000002d071978
instanceKlass  @bci javax/swing/plaf/metal/MetalLookAndFeel initComponentDefaults (Ljavax/swing/UIDefaults;)V 3399 <appendix> argL0 ; # javax/swing/plaf/metal/MetalLookAndFeel$$Lambda+0x000000002d071750
instanceKlass javax/swing/plaf/metal/MetalLookAndFeel$FontActiveValue
instanceKlass  @bci javax/swing/plaf/metal/MetalLookAndFeel initComponentDefaults (Ljavax/swing/UIDefaults;)V 2174 <appendix> member <vmtarget> ; # javax/swing/plaf/metal/MetalLookAndFeel$$Lambda+0x000000002d0712e8
instanceKlass  @bci javax/swing/plaf/metal/MetalLookAndFeel initComponentDefaults (Ljavax/swing/UIDefaults;)V 2165 <appendix> member <vmtarget> ; # javax/swing/plaf/metal/MetalLookAndFeel$$Lambda+0x000000002d0710b8
instanceKlass  @bci javax/swing/plaf/metal/MetalLookAndFeel initComponentDefaults (Ljavax/swing/UIDefaults;)V 2156 <appendix> member <vmtarget> ; # javax/swing/plaf/metal/MetalLookAndFeel$$Lambda+0x000000002d070e88
instanceKlass  @bci javax/swing/plaf/metal/MetalLookAndFeel initComponentDefaults (Ljavax/swing/UIDefaults;)V 2147 <appendix> member <vmtarget> ; # javax/swing/plaf/metal/MetalLookAndFeel$$Lambda+0x000000002d070c58
instanceKlass  @bci javax/swing/plaf/metal/MetalLookAndFeel initComponentDefaults (Ljavax/swing/UIDefaults;)V 2138 <appendix> argL0 ; # javax/swing/plaf/metal/MetalLookAndFeel$$Lambda+0x000000002d070a30
instanceKlass  @bci javax/swing/plaf/metal/MetalLookAndFeel initComponentDefaults (Ljavax/swing/UIDefaults;)V 2126 <appendix> argL0 ; # javax/swing/plaf/metal/MetalLookAndFeel$$Lambda+0x000000002d070808
instanceKlass  @bci javax/swing/plaf/metal/MetalLookAndFeel initComponentDefaults (Ljavax/swing/UIDefaults;)V 2119 <appendix> argL0 ; # javax/swing/plaf/metal/MetalLookAndFeel$$Lambda+0x000000002d0705e0
instanceKlass  @bci javax/swing/plaf/metal/MetalLookAndFeel initComponentDefaults (Ljavax/swing/UIDefaults;)V 2112 <appendix> argL0 ; # javax/swing/plaf/metal/MetalLookAndFeel$$Lambda+0x000000002d0703b8
instanceKlass  @bci javax/swing/plaf/metal/MetalLookAndFeel initComponentDefaults (Ljavax/swing/UIDefaults;)V 2105 <appendix> argL0 ; # javax/swing/plaf/metal/MetalLookAndFeel$$Lambda+0x000000002d070190
instanceKlass  @bci javax/swing/plaf/metal/MetalLookAndFeel initComponentDefaults (Ljavax/swing/UIDefaults;)V 2098 <appendix> member <vmtarget> ; # javax/swing/plaf/metal/MetalLookAndFeel$$Lambda+0x000000002d06ff60
instanceKlass  @bci javax/swing/plaf/metal/MetalLookAndFeel initComponentDefaults (Ljavax/swing/UIDefaults;)V 2089 <appendix> argL0 ; # javax/swing/plaf/metal/MetalLookAndFeel$$Lambda+0x000000002d06fd38
instanceKlass  @bci javax/swing/plaf/metal/MetalLookAndFeel initComponentDefaults (Ljavax/swing/UIDefaults;)V 2082 <appendix> argL0 ; # javax/swing/plaf/metal/MetalLookAndFeel$$Lambda+0x000000002d06fb10
instanceKlass  @bci javax/swing/plaf/metal/MetalLookAndFeel initComponentDefaults (Ljavax/swing/UIDefaults;)V 2075 <appendix> argL0 ; # javax/swing/plaf/metal/MetalLookAndFeel$$Lambda+0x000000002d06f8e8
instanceKlass  @bci javax/swing/plaf/metal/MetalLookAndFeel initComponentDefaults (Ljavax/swing/UIDefaults;)V 126 <appendix> argL0 ; # javax/swing/plaf/metal/MetalLookAndFeel$$Lambda+0x000000002d06f6c0
instanceKlass  @bci javax/swing/plaf/metal/MetalLookAndFeel initComponentDefaults (Ljavax/swing/UIDefaults;)V 119 <appendix> argL0 ; # javax/swing/plaf/metal/MetalLookAndFeel$$Lambda+0x000000002d06f498
instanceKlass  @bci javax/swing/plaf/metal/MetalLookAndFeel initComponentDefaults (Ljavax/swing/UIDefaults;)V 112 <appendix> argL0 ; # javax/swing/plaf/metal/MetalLookAndFeel$$Lambda+0x000000002d06f270
instanceKlass  @bci javax/swing/plaf/basic/BasicLookAndFeel initComponentDefaults (Ljavax/swing/UIDefaults;)V 10900 <appendix> argL0 ; # javax/swing/plaf/basic/BasicLookAndFeel$$Lambda+0x000000002d06f048
instanceKlass  @bci javax/swing/plaf/basic/BasicLookAndFeel initComponentDefaults (Ljavax/swing/UIDefaults;)V 10882 <appendix> argL0 ; # javax/swing/plaf/basic/BasicLookAndFeel$$Lambda+0x000000002d06ee20
instanceKlass  @bci javax/swing/plaf/basic/BasicLookAndFeel initComponentDefaults (Ljavax/swing/UIDefaults;)V 2622 <appendix> argL0 ; # javax/swing/plaf/basic/BasicLookAndFeel$$Lambda+0x000000002d06ebf8
instanceKlass  @bci javax/swing/plaf/basic/BasicLookAndFeel initComponentDefaults (Ljavax/swing/UIDefaults;)V 2604 <appendix> argL0 ; # javax/swing/plaf/basic/BasicLookAndFeel$$Lambda+0x000000002d06e9d0
instanceKlass  @bci javax/swing/plaf/basic/BasicLookAndFeel initComponentDefaults (Ljavax/swing/UIDefaults;)V 2586 <appendix> argL0 ; # javax/swing/plaf/basic/BasicLookAndFeel$$Lambda+0x000000002d06e7a8
instanceKlass  @bci javax/swing/plaf/basic/BasicLookAndFeel initComponentDefaults (Ljavax/swing/UIDefaults;)V 2568 <appendix> argL0 ; # javax/swing/plaf/basic/BasicLookAndFeel$$Lambda+0x000000002d06e580
instanceKlass javax/swing/UIDefaults$LazyInputMap
instanceKlass  @bci javax/swing/plaf/basic/BasicLookAndFeel initComponentDefaults (Ljavax/swing/UIDefaults;)V 789 <appendix> argL0 ; # javax/swing/plaf/basic/BasicLookAndFeel$$Lambda+0x000000002d06e120
instanceKlass  @bci javax/swing/plaf/basic/BasicLookAndFeel initComponentDefaults (Ljavax/swing/UIDefaults;)V 730 <appendix> argL0 ; # javax/swing/plaf/basic/BasicLookAndFeel$$Lambda+0x000000002d06def8
instanceKlass  @bci javax/swing/plaf/basic/BasicLookAndFeel initComponentDefaults (Ljavax/swing/UIDefaults;)V 723 <appendix> argL0 ; # javax/swing/plaf/basic/BasicLookAndFeel$$Lambda+0x000000002d06dcd0
instanceKlass  @bci javax/swing/plaf/basic/BasicLookAndFeel initComponentDefaults (Ljavax/swing/UIDefaults;)V 671 <appendix> argL0 ; # javax/swing/plaf/basic/BasicLookAndFeel$$Lambda+0x000000002d06daa8
instanceKlass  @bci javax/swing/plaf/basic/BasicLookAndFeel initComponentDefaults (Ljavax/swing/UIDefaults;)V 664 <appendix> member <vmtarget> ; # javax/swing/plaf/basic/BasicLookAndFeel$$Lambda+0x000000002d06d880
instanceKlass  @bci javax/swing/plaf/basic/BasicLookAndFeel initComponentDefaults (Ljavax/swing/UIDefaults;)V 655 <appendix> member <vmtarget> ; # javax/swing/plaf/basic/BasicLookAndFeel$$Lambda+0x000000002d06d658
instanceKlass  @bci javax/swing/plaf/basic/BasicLookAndFeel initComponentDefaults (Ljavax/swing/UIDefaults;)V 642 <appendix> member <vmtarget> ; # javax/swing/plaf/basic/BasicLookAndFeel$$Lambda+0x000000002d06d430
instanceKlass  @cpi java/time/temporal/TemporalAdjusters 209 form vmentry <vmtarget> ; # java/lang/invoke/LambdaForm$DMH+0x000000002d049c00
instanceKlass  @bci javax/swing/plaf/basic/BasicLookAndFeel initComponentDefaults (Ljavax/swing/UIDefaults;)V 611 <appendix> argL0 ; # javax/swing/plaf/basic/BasicLookAndFeel$$Lambda+0x000000002d06cfc0
instanceKlass  @bci javax/swing/plaf/basic/BasicLookAndFeel initComponentDefaults (Ljavax/swing/UIDefaults;)V 604 <appendix> argL0 ; # javax/swing/plaf/basic/BasicLookAndFeel$$Lambda+0x000000002d06cd98
instanceKlass  @bci javax/swing/plaf/basic/BasicLookAndFeel initComponentDefaults (Ljavax/swing/UIDefaults;)V 597 <appendix> argL0 ; # javax/swing/plaf/basic/BasicLookAndFeel$$Lambda+0x000000002d06cb70
instanceKlass  @bci javax/swing/plaf/basic/BasicLookAndFeel initComponentDefaults (Ljavax/swing/UIDefaults;)V 590 <appendix> argL0 ; # javax/swing/plaf/basic/BasicLookAndFeel$$Lambda+0x000000002d06c948
instanceKlass  @bci javax/swing/plaf/basic/BasicLookAndFeel initComponentDefaults (Ljavax/swing/UIDefaults;)V 583 <appendix> argL0 ; # javax/swing/plaf/basic/BasicLookAndFeel$$Lambda+0x000000002d06c720
instanceKlass  @bci javax/swing/plaf/basic/BasicLookAndFeel initComponentDefaults (Ljavax/swing/UIDefaults;)V 576 <appendix> argL0 ; # javax/swing/plaf/basic/BasicLookAndFeel$$Lambda+0x000000002d06c4f8
instanceKlass  @bci javax/swing/plaf/basic/BasicLookAndFeel initComponentDefaults (Ljavax/swing/UIDefaults;)V 569 <appendix> argL0 ; # javax/swing/plaf/basic/BasicLookAndFeel$$Lambda+0x000000002d06c2d0
instanceKlass  @bci javax/swing/plaf/basic/BasicLookAndFeel initComponentDefaults (Ljavax/swing/UIDefaults;)V 562 <appendix> argL0 ; # javax/swing/plaf/basic/BasicLookAndFeel$$Lambda+0x000000002d06c0a8
instanceKlass javax/swing/plaf/basic/BasicLookAndFeel$2
instanceKlass  @bci javax/swing/plaf/basic/BasicLookAndFeel initComponentDefaults (Ljavax/swing/UIDefaults;)V 545 <appendix> argL0 ; # javax/swing/plaf/basic/BasicLookAndFeel$$Lambda+0x000000002d06bc50
instanceKlass  @bci sun/swing/SwingUtilities2 makeIcon (Ljava/lang/Class;Ljava/lang/Class;Ljava/lang/String;)Ljava/lang/Object; 3 <appendix> member <vmtarget> ; # sun/swing/SwingUtilities2$$Lambda+0x000000002d06ba20
instanceKlass  @bci javax/swing/plaf/basic/BasicLookAndFeel initComponentDefaults (Ljavax/swing/UIDefaults;)V 398 <appendix> argL0 ; # javax/swing/plaf/basic/BasicLookAndFeel$$Lambda+0x000000002d06b7f8
instanceKlass  @bci javax/swing/plaf/basic/BasicLookAndFeel initComponentDefaults (Ljavax/swing/UIDefaults;)V 391 <appendix> argL0 ; # javax/swing/plaf/basic/BasicLookAndFeel$$Lambda+0x000000002d06b5d0
instanceKlass  @bci javax/swing/plaf/basic/BasicLookAndFeel initComponentDefaults (Ljavax/swing/UIDefaults;)V 384 <appendix> argL0 ; # javax/swing/plaf/basic/BasicLookAndFeel$$Lambda+0x000000002d06b3a8
instanceKlass  @bci jdk/internal/foreign/abi/BindingSpecializer specializeHelper (Ljava/lang/invoke/MethodType;Ljava/lang/invoke/MethodType;Ljdk/internal/foreign/abi/CallingSequence;Ljdk/internal/foreign/abi/ABIDescriptor;)[B 28 <appendix> form vmentry <vmtarget> ; # java/lang/invoke/LambdaForm$DMH+0x000000002d049800
instanceKlass  @bci javax/swing/plaf/basic/BasicLookAndFeel initComponentDefaults (Ljavax/swing/UIDefaults;)V 377 <appendix> member <vmtarget> ; # javax/swing/plaf/basic/BasicLookAndFeel$$Lambda+0x000000002d06b178
instanceKlass javax/swing/border/AbstractBorder
instanceKlass  @bci javax/swing/plaf/basic/BasicLookAndFeel initComponentDefaults (Ljavax/swing/UIDefaults;)V 349 <appendix> member <vmtarget> ; # javax/swing/plaf/basic/BasicLookAndFeel$$Lambda+0x000000002d06aa58
instanceKlass  @bci javax/swing/plaf/basic/BasicLookAndFeel initComponentDefaults (Ljavax/swing/UIDefaults;)V 340 <appendix> argL0 ; # javax/swing/plaf/basic/BasicLookAndFeel$$Lambda+0x000000002d06a830
instanceKlass  @bci javax/swing/plaf/basic/BasicLookAndFeel initComponentDefaults (Ljavax/swing/UIDefaults;)V 333 <appendix> argL0 ; # javax/swing/plaf/basic/BasicLookAndFeel$$Lambda+0x000000002d06a608
instanceKlass  @bci javax/swing/plaf/basic/BasicLookAndFeel initComponentDefaults (Ljavax/swing/UIDefaults;)V 326 <appendix> argL0 ; # javax/swing/plaf/basic/BasicLookAndFeel$$Lambda+0x000000002d06a3e0
instanceKlass  @bci javax/swing/plaf/basic/BasicLookAndFeel initComponentDefaults (Ljavax/swing/UIDefaults;)V 319 <appendix> argL0 ; # javax/swing/plaf/basic/BasicLookAndFeel$$Lambda+0x000000002d06a1b8
instanceKlass  @bci javax/swing/plaf/basic/BasicLookAndFeel initComponentDefaults (Ljavax/swing/UIDefaults;)V 312 <appendix> argL0 ; # javax/swing/plaf/basic/BasicLookAndFeel$$Lambda+0x000000002d069f90
instanceKlass javax/swing/UIDefaults$ActiveValue
instanceKlass  @bci javax/swing/plaf/basic/BasicLookAndFeel initComponentDefaults (Ljavax/swing/UIDefaults;)V 47 <appendix> argL0 ; # javax/swing/plaf/basic/BasicLookAndFeel$$Lambda+0x000000002d069b50
instanceKlass  @bci javax/swing/plaf/basic/BasicLookAndFeel initComponentDefaults (Ljavax/swing/UIDefaults;)V 40 <appendix> argL0 ; # javax/swing/plaf/basic/BasicLookAndFeel$$Lambda+0x000000002d069928
instanceKlass  @bci javax/swing/plaf/basic/BasicLookAndFeel initComponentDefaults (Ljavax/swing/UIDefaults;)V 33 <appendix> argL0 ; # javax/swing/plaf/basic/BasicLookAndFeel$$Lambda+0x000000002d069700
instanceKlass  @bci javax/swing/plaf/basic/BasicLookAndFeel initComponentDefaults (Ljavax/swing/UIDefaults;)V 26 <appendix> argL0 ; # javax/swing/plaf/basic/BasicLookAndFeel$$Lambda+0x000000002d0694d8
instanceKlass  @bci javax/swing/plaf/basic/BasicLookAndFeel initComponentDefaults (Ljavax/swing/UIDefaults;)V 19 <appendix> argL0 ; # javax/swing/plaf/basic/BasicLookAndFeel$$Lambda+0x000000002d0692b0
instanceKlass javax/swing/UIDefaults$LazyValue
instanceKlass javax/swing/plaf/metal/DefaultMetalTheme$FontDelegate
instanceKlass javax/swing/plaf/UIResource
instanceKlass javax/swing/plaf/metal/MetalTheme
instanceKlass sun/swing/DefaultLookup
instanceKlass javax/swing/LookAndFeel
instanceKlass  @bci javax/swing/UIDefaults <clinit> ()V 10 <appendix> argL0 ; # javax/swing/UIDefaults$$Lambda+0x000000002d0672c0
instanceKlass  @cpi jdk/internal/foreign/abi/AbstractLinker 619 form vmentry <vmtarget> ; # java/lang/invoke/LambdaForm$DMH+0x000000002d049400
instanceKlass sun/swing/SwingAccessor$UIDefaultsAccessor
instanceKlass javax/swing/UIManager$LAFState
instanceKlass sun/swing/SwingUtilities2$LSBCacheEntry
instanceKlass sun/swing/StringUIClientPropertyKey
instanceKlass javax/swing/UIClientPropertyKey
instanceKlass java/awt/font/FontRenderContext
instanceKlass sun/swing/SwingUtilities2
instanceKlass java/util/IdentityHashMap$IdentityHashMapIterator
instanceKlass java/util/Collections$SynchronizedCollection
instanceKlass java/awt/Toolkit$DesktopPropertyChangeSupport$1
instanceKlass java/util/ComparableTimSort
instanceKlass java/util/Arrays$LegacyMergeSort
instanceKlass sun/awt/SunHints$Value
instanceKlass java/awt/RenderingHints$Key
instanceKlass sun/awt/SunHints
instanceKlass java/awt/RenderingHints
instanceKlass sun/awt/windows/WDesktopProperties$WinPlaySound
instanceKlass  @bci wv/codeclip/patch/PatchApplier isMethodSignatureLine (Ljava/lang/String;Ljava/lang/String;)Z 95 <appendix> form vmentry <vmtarget> ; # java/lang/invoke/LambdaForm$MH+0x000000002d049000
instanceKlass java/util/concurrent/locks/ReentrantReadWriteLock$WriteLock
instanceKlass java/util/concurrent/locks/ReentrantReadWriteLock$ReadLock
instanceKlass java/util/concurrent/locks/ReentrantReadWriteLock
instanceKlass java/util/concurrent/locks/ReadWriteLock
instanceKlass sun/awt/windows/ThemeReader
instanceKlass sun/awt/windows/WDesktopProperties
instanceKlass javax/swing/UIManager$LookAndFeelInfo
instanceKlass javax/swing/UIManager
instanceKlass java/awt/FlowLayout
instanceKlass javax/swing/JComponent$2
instanceKlass javax/swing/JComponent$1
instanceKlass sun/swing/SwingAccessor$JComponentAccessor
instanceKlass sun/awt/KeyboardFocusManagerPeerImpl
instanceKlass java/awt/peer/KeyboardFocusManagerPeer
instanceKlass javax/swing/KeyStroke$1
instanceKlass sun/swing/SwingAccessor$KeyStrokeAccessor
instanceKlass sun/swing/SwingAccessor
instanceKlass java/awt/AWTKeyStroke
instanceKlass java/awt/FocusTraversalPolicy
instanceKlass java/awt/DefaultKeyboardFocusManager$1
instanceKlass sun/awt/AWTAccessor$DefaultKeyboardFocusManagerAccessor
instanceKlass java/awt/KeyboardFocusManager$1
instanceKlass sun/awt/AWTAccessor$KeyboardFocusManagerAccessor
instanceKlass java/awt/KeyboardFocusManager
instanceKlass java/awt/KeyEventPostProcessor
instanceKlass java/awt/KeyEventDispatcher
instanceKlass java/awt/Window$WindowDisposerRecord
instanceKlass java/awt/geom/RectangularShape
instanceKlass java/awt/Shape
instanceKlass java/awt/BorderLayout
instanceKlass java/awt/LayoutManager2
instanceKlass java/awt/GraphicsConfiguration
instanceKlass sun/awt/image/SurfaceManager$ProxiedGraphicsConfig
instanceKlass sun/awt/image/SurfaceManager$ProxyCache
instanceKlass sun/java2d/pipe/hw/ContextCapabilities
instanceKlass sun/java2d/d3d/D3DGraphicsDevice$1
instanceKlass sun/java2d/d3d/D3DGraphicsDevice$1Result
instanceKlass sun/java2d/d3d/D3DRenderQueue$1
instanceKlass jdk/internal/foreign/MemorySessionImpl$ResourceList$ResourceCleanup
# instanceKlass java/lang/invoke/LambdaForm$DMH+0x000000002d048c00
# instanceKlass java/lang/invoke/LambdaForm$DMH+0x000000002d048800
instanceKlass java/lang/foreign/AddressLayout
instanceKlass java/lang/foreign/ValueLayout
instanceKlass java/lang/foreign/MemoryLayout
instanceKlass jdk/internal/foreign/abi/SharedUtils
instanceKlass jdk/internal/foreign/Utils
instanceKlass jdk/internal/foreign/AbstractMemorySegmentImpl
instanceKlass java/lang/foreign/MemorySegment
instanceKlass jdk/internal/foreign/SegmentFactories
instanceKlass jdk/internal/foreign/ArenaImpl
instanceKlass  @bci jdk/internal/foreign/MemorySessionImpl <clinit> ()V 47 <appendix> argL0 ; # jdk/internal/foreign/MemorySessionImpl$$Lambda+0x000000002d039500
instanceKlass  @bci jdk/internal/foreign/MemorySessionImpl <clinit> ()V 32 <appendix> argL0 ; # jdk/internal/foreign/MemorySessionImpl$$Lambda+0x000000002d039070
instanceKlass jdk/internal/foreign/MemorySessionImpl
instanceKlass java/lang/foreign/MemorySegment$Scope
instanceKlass java/lang/foreign/Arena$1Holder
instanceKlass java/lang/foreign/Arena
instanceKlass java/lang/foreign/SegmentAllocator
instanceKlass sun/java2d/pipe/RenderBuffer
instanceKlass sun/java2d/pipe/RenderQueue
instanceKlass java/awt/GraphicsDevice
instanceKlass sun/awt/SunDisplayChanger
instanceKlass sun/java2d/windows/WindowsFlags
instanceKlass java/awt/GraphicsEnvironment$LocalGE
instanceKlass java/awt/Cursor$1
instanceKlass sun/awt/AWTAccessor$CursorAccessor
instanceKlass java/awt/geom/Point2D
instanceKlass java/awt/Cursor
instanceKlass java/util/stream/Sink$ChainedReference
instanceKlass java/util/stream/ReduceOps$AccumulatingSink
instanceKlass java/util/stream/TerminalSink
instanceKlass java/util/stream/Sink
instanceKlass java/util/stream/ReduceOps$Box
instanceKlass java/util/stream/ReduceOps$ReduceOp
instanceKlass java/util/stream/TerminalOp
instanceKlass java/util/stream/ReduceOps
instanceKlass  @bci java/util/stream/Collectors joining (Ljava/lang/CharSequence;Ljava/lang/CharSequence;Ljava/lang/CharSequence;)Ljava/util/stream/Collector; 22 <appendix> argL0 ; # java/util/stream/Collectors$$Lambda+0x800000043
instanceKlass  @bci java/util/stream/Collectors joining (Ljava/lang/CharSequence;Ljava/lang/CharSequence;Ljava/lang/CharSequence;)Ljava/util/stream/Collector; 17 <appendix> argL0 ; # java/util/stream/Collectors$$Lambda+0x800000041
instanceKlass java/util/function/BinaryOperator
instanceKlass  @bci java/util/stream/Collectors joining (Ljava/lang/CharSequence;Ljava/lang/CharSequence;Ljava/lang/CharSequence;)Ljava/util/stream/Collector; 12 <appendix> argL0 ; # java/util/stream/Collectors$$Lambda+0x80000003e
instanceKlass java/util/function/BiConsumer
instanceKlass  @bci java/util/stream/Collectors joining (Ljava/lang/CharSequence;Ljava/lang/CharSequence;Ljava/lang/CharSequence;)Ljava/util/stream/Collector; 7 <appendix> member <vmtarget> ; # java/util/stream/Collectors$$Lambda+0x800000046
instanceKlass java/util/StringJoiner
instanceKlass java/util/stream/Collector
instanceKlass java/util/Collections$UnmodifiableCollection
instanceKlass java/util/stream/Collectors
instanceKlass  @bci java/lang/Class methodToString (Ljava/lang/String;[Ljava/lang/Class;)Ljava/lang/String; 42 <appendix> argL0 ; # java/lang/Class$$Lambda+0x000000002d036830
instanceKlass javax/swing/Timer
instanceKlass wv/codeclip/CodeClipFrame$VersionEvent
instanceKlass javax/swing/text/Style
instanceKlass javax/swing/text/StyledDocument
instanceKlass javax/swing/text/Document
instanceKlass wv/codeclip/io/ClipboardService
instanceKlass java/awt/ComponentOrientation
instanceKlass java/awt/Color
instanceKlass java/awt/Frame$1
instanceKlass sun/awt/AWTAccessor$FrameAccessor
instanceKlass java/awt/Window$1
instanceKlass sun/awt/AWTAccessor$WindowAccessor
instanceKlass jdk/internal/invoke/MhUtil
instanceKlass java/util/concurrent/atomic/AtomicBoolean
instanceKlass java/awt/Container$1
instanceKlass sun/awt/AWTAccessor$ContainerAccessor
instanceKlass java/awt/geom/Dimension2D
instanceKlass java/awt/LightweightDispatcher
instanceKlass java/awt/event/AWTEventListener
instanceKlass sun/awt/dnd/SunDragSourceContextPeer
instanceKlass java/awt/dnd/peer/DragSourceContextPeer
instanceKlass java/awt/ModalEventFilter
instanceKlass java/awt/EventDispatchThread$HierarchyEventFilter
instanceKlass java/awt/EventFilter
instanceKlass java/awt/EventDispatchThread$1
instanceKlass java/awt/Conditional
instanceKlass sun/awt/EventQueueItem
instanceKlass java/awt/event/InvocationEvent$1
instanceKlass sun/awt/AWTAccessor$InvocationEventAccessor
instanceKlass java/awt/ActiveEvent
instanceKlass sun/awt/PostEventQueue
instanceKlass sun/awt/MostRecentKeyValue
instanceKlass java/awt/Queue
instanceKlass java/lang/ThreadLocal$ThreadLocalMap
instanceKlass sun/awt/AppContext$3
instanceKlass jdk/internal/access/JavaAWTAccess
instanceKlass sun/awt/AppContext$GetAppContextLock
instanceKlass sun/awt/AppContext
instanceKlass java/lang/Shutdown$Lock
instanceKlass java/lang/Shutdown
instanceKlass java/lang/ApplicationShutdownHooks$1
instanceKlass java/lang/ApplicationShutdownHooks
instanceKlass  @bci sun/awt/windows/WToolkit registerShutdownHook ()V 8 <appendix> member <vmtarget> ; # sun/awt/windows/WToolkit$$Lambda+0x000000002d0307f0
instanceKlass sun/awt/AWTAutoShutdown
instanceKlass java/util/concurrent/ConcurrentLinkedDeque$Node
instanceKlass sun/awt/util/ThreadGroupUtils
instanceKlass sun/java2d/Disposer
instanceKlass sun/awt/windows/WToolkit$ToolkitDisposer
instanceKlass sun/java2d/DisposerRecord
instanceKlass  @bci sun/java2d/marlin/RendererContext createContext ()Lsun/java2d/marlin/RendererContext; 10 <appendix> form vmentry <vmtarget> ; # java/lang/invoke/LambdaForm$MH+0x000000002d046800
instanceKlass sun/awt/util/PerformanceLogger$TimeData
instanceKlass sun/awt/util/PerformanceLogger
instanceKlass sun/awt/SunToolkit$ModalityListenerList
instanceKlass sun/awt/ModalityListener
instanceKlass java/beans/PropertyChangeListener
instanceKlass java/beans/ChangeListenerMap
instanceKlass java/beans/PropertyChangeSupport
instanceKlass sun/util/logging/PlatformLogger$ConfigurableBridge$LoggerConfiguration
instanceKlass jdk/internal/logger/BootstrapLogger$RedirectedLoggers
instanceKlass javax/swing/event/EventListenerList
instanceKlass sun/awt/windows/WDesktopPeer
instanceKlass java/awt/peer/DesktopPeer
instanceKlass java/awt/Component$DummyRequestFocusController
instanceKlass sun/awt/RequestFocusController
instanceKlass java/awt/Component$1
instanceKlass sun/awt/AWTAccessor$ComponentAccessor
instanceKlass java/awt/font/JavaAWTFontAccessImpl
instanceKlass jdk/internal/access/JavaAWTFontAccess
instanceKlass java/text/AttributedCharacterIterator$Attribute
instanceKlass sun/font/AttributeValues
instanceKlass java/awt/geom/AffineTransform
instanceKlass sun/font/FontAccess
instanceKlass java/awt/Font
instanceKlass sun/awt/windows/WObjectPeer
instanceKlass java/awt/dnd/peer/DropTargetPeer
instanceKlass java/awt/peer/ComponentPeer
instanceKlass java/awt/event/InputEvent$1
instanceKlass sun/awt/AWTAccessor$InputEventAccessor
instanceKlass java/awt/event/NativeLibLoader
instanceKlass java/awt/AWTEvent$1
instanceKlass sun/awt/AWTAccessor$AWTEventAccessor
instanceKlass java/util/EventObject
instanceKlass java/awt/Component$AWTTreeLock
instanceKlass sun/awt/DisplayChangedListener
instanceKlass sun/awt/image/SurfaceManager
instanceKlass sun/awt/image/SurfaceManager$ImageAccessor
instanceKlass java/awt/ImageCapabilities
instanceKlass sun/java2d/DestSurfaceProvider
instanceKlass sun/java2d/loops/RenderCache$Entry
instanceKlass sun/java2d/loops/RenderCache
instanceKlass sun/java2d/pipe/DrawImage
instanceKlass sun/java2d/pipe/GeneralCompositePipe
instanceKlass sun/java2d/pipe/SpanShapeRenderer
instanceKlass sun/java2d/pipe/AlphaPaintPipe
instanceKlass sun/java2d/pipe/AAShapePipe
instanceKlass sun/java2d/pipe/RegionIterator
instanceKlass sun/java2d/pipe/Region
instanceKlass sun/java2d/pipe/SpanClipRenderer
instanceKlass sun/java2d/pipe/PixelToShapeConverter
instanceKlass sun/java2d/pipe/AlphaColorPipe
instanceKlass sun/java2d/pipe/CompositePipe
instanceKlass  @bci wv/codeclip/patch/PatchDuplicateDetector check (Ljava/lang/String;)Lwv/codeclip/patch/PatchDuplicateDetector$Result; 187 <appendix> form vmentry <vmtarget> ; # java/lang/invoke/LambdaForm$MH+0x000000002d046400
instanceKlass sun/awt/OSInfo$1
instanceKlass  @cpi jdk/internal/jrtfs/SystemImage 218 form vmentry <vmtarget> ; # java/lang/invoke/LambdaForm$DMH+0x000000002d041c00
instanceKlass sun/awt/OSInfo$WindowsVersion
instanceKlass sun/awt/OSInfo
instanceKlass sun/font/FontUtilities
instanceKlass sun/java2d/pipe/GlyphListPipe
instanceKlass sun/java2d/pipe/OutlineTextRenderer
instanceKlass java/lang/invoke/VarForm
instanceKlass java/lang/invoke/VarHandleGuards
instanceKlass java/lang/invoke/VarHandles
instanceKlass java/util/concurrent/ConcurrentLinkedQueue$Node
instanceKlass java/lang/ThreadLocal
instanceKlass sun/java2d/ReentrantContextProvider
instanceKlass sun/java2d/marlin/FloatMath
instanceKlass sun/java2d/marlin/MarlinProperties
instanceKlass sun/java2d/marlin/MarlinConst
instanceKlass sun/java2d/pipe/RenderingEngine
instanceKlass sun/java2d/pipe/LoopPipe
instanceKlass sun/java2d/pipe/LoopBasedPipe
instanceKlass sun/java2d/pipe/ParallelogramPipe
instanceKlass sun/java2d/pipe/NullPipe
instanceKlass sun/java2d/pipe/DrawImagePipe
instanceKlass sun/java2d/pipe/TextPipe
instanceKlass sun/java2d/pipe/ShapeDrawPipe
instanceKlass sun/java2d/pipe/PixelFillPipe
instanceKlass sun/java2d/pipe/PixelDrawPipe
instanceKlass sun/java2d/StateTrackableDelegate$2
instanceKlass sun/java2d/StateTrackableDelegate
instanceKlass sun/java2d/cmm/ProfileDeferralInfo
instanceKlass java/awt/color/ICC_Profile$BuiltInProfile
instanceKlass  @bci java/awt/color/ICC_Profile <clinit> ()V 0 <appendix> argL0 ; # java/awt/color/ICC_Profile$$Lambda+0x000000002d022078
instanceKlass sun/java2d/cmm/Profile
instanceKlass sun/awt/AWTAccessor$ICC_ProfileAccessor
instanceKlass java/awt/color/ICC_Profile
instanceKlass java/awt/color/ColorSpace$BuiltInSpace
instanceKlass java/awt/color/ColorSpace
instanceKlass java/awt/image/ColorModel$1RGBdefault
instanceKlass java/awt/image/ColorModel
instanceKlass sun/awt/image/PixelConverter
instanceKlass sun/java2d/loops/SurfaceType
instanceKlass sun/java2d/SurfaceData
instanceKlass sun/java2d/Surface
instanceKlass sun/java2d/StateTrackable
instanceKlass sun/java2d/DisposerTarget
instanceKlass jdk/internal/logger/LazyLoggers$LazyLoggerAccessor
instanceKlass jdk/internal/logger/LazyLoggers$LoggerAccessor
instanceKlass jdk/internal/logger/AbstractLoggerWrapper
instanceKlass java/util/ServiceLoader$ProviderImpl
instanceKlass java/util/ServiceLoader$Provider
instanceKlass sun/util/logging/internal/LoggingProviderImpl$LogManagerAccess
instanceKlass java/util/concurrent/CopyOnWriteArrayList$COWIterator
instanceKlass jdk/internal/loader/URLClassPath$1
instanceKlass java/lang/CompoundEnumeration
instanceKlass jdk/internal/loader/BuiltinClassLoader$1
instanceKlass java/util/Collections$EmptyEnumeration
instanceKlass java/util/ServiceLoader$2
instanceKlass java/util/ServiceLoader$1
instanceKlass java/util/ServiceLoader$LazyClassPathLookupIterator
instanceKlass java/util/ArrayList$Itr
instanceKlass java/util/ImmutableCollections$SetN$SetNIterator
instanceKlass java/util/ImmutableCollections$Set12$1
instanceKlass java/util/Spliterators$1Adapter
instanceKlass java/util/EnumMap$1
instanceKlass java/util/stream/StreamOpFlag$MaskBuilder
instanceKlass java/util/stream/Stream
instanceKlass java/util/stream/BaseStream
instanceKlass java/util/stream/PipelineHelper
instanceKlass java/util/stream/StreamSupport
instanceKlass java/util/Spliterators$ArraySpliterator
instanceKlass java/util/Spliterator
instanceKlass java/util/Spliterators
instanceKlass jdk/internal/loader/AbstractClassLoaderValue$Memoizer
instanceKlass java/util/ServiceLoader$ModuleServicesLookupIterator
instanceKlass java/util/ServiceLoader
instanceKlass java/lang/System$LoggerFinder
instanceKlass jdk/internal/logger/BootstrapLogger$DetectBackend
instanceKlass jdk/internal/logger/BootstrapLogger
instanceKlass sun/util/logging/PlatformLogger$ConfigurableBridge
instanceKlass sun/util/logging/PlatformLogger$Bridge
instanceKlass java/lang/System$Logger
instanceKlass jdk/internal/logger/LazyLoggers$LazyLoggerFactories
instanceKlass jdk/internal/logger/LazyLoggers$1
instanceKlass jdk/internal/logger/LazyLoggers
instanceKlass sun/util/logging/PlatformLogger
instanceKlass java/util/Collections$SynchronizedMap
instanceKlass sun/awt/WeakIdentityHashMap
instanceKlass java/util/concurrent/locks/AbstractQueuedSynchronizer$ConditionObject
instanceKlass java/util/concurrent/locks/Condition
instanceKlass sun/awt/KeyboardFocusManagerPeerProvider
instanceKlass sun/awt/InputMethodSupport
instanceKlass sun/awt/ComponentFactory
instanceKlass sun/awt/PlatformGraphicsInfo
instanceKlass java/awt/GraphicsEnvironment
instanceKlass java/awt/Insets
instanceKlass  @bci wv/codeclip/patch/PostPatchVerifier auditOverloads (Lwv/codeclip/model/ClassRepository;Ljava/util/function/Consumer;)V 188 <appendix> form vmentry <vmtarget> ; # java/lang/invoke/LambdaForm$MH+0x000000002d041800
instanceKlass  @bci wv/codeclip/patch/PatchApplier apply (Ljava/util/List;)Lwv/codeclip/patch/PatchApplier$PatchResult; 227 <appendix> form vmentry <vmtarget> ; # java/lang/invoke/LambdaForm$MH+0x000000002d041000
instanceKlass java/lang/StringConcatHelper$StringConcatBase
instanceKlass java/lang/invoke/StringConcatFactory$InlineHiddenClassStrategy$6
instanceKlass java/lang/invoke/StringConcatFactory$InlineHiddenClassStrategy$3$4
instanceKlass java/lang/invoke/StringConcatFactory$InlineHiddenClassStrategy$4
instanceKlass java/lang/invoke/StringConcatFactory$InlineHiddenClassStrategy$3$1
instanceKlass jdk/internal/classfile/impl/BytecodeHelpers$1
instanceKlass java/lang/invoke/StringConcatFactory$InlineHiddenClassStrategy$7
instanceKlass java/lang/invoke/StringConcatFactory$InlineHiddenClassStrategy$3$2
instanceKlass java/lang/invoke/StringConcatFactory$InlineHiddenClassStrategy$5
instanceKlass java/lang/invoke/StringConcatFactory$InlineHiddenClassStrategy$3$3
instanceKlass java/lang/invoke/StringConcatFactory$InlineHiddenClassStrategy$3
instanceKlass java/lang/invoke/StringConcatFactory$InlineHiddenClassStrategy$2
instanceKlass java/lang/invoke/StringConcatFactory$InlineHiddenClassStrategy$1
instanceKlass java/lang/invoke/StringConcatFactory$InlineHiddenClassStrategy
instanceKlass java/lang/invoke/StringConcatFactory
instanceKlass  @bci jdk/internal/module/SystemModuleFinders$SystemModuleReader open (Ljava/lang/String;)Ljava/util/Optional; 6 <appendix> member <vmtarget> ; # jdk/internal/module/SystemModuleFinders$SystemModuleReader$$Lambda+0x000000002d01a540
instanceKlass jdk/internal/module/SystemModuleFinders
instanceKlass jdk/internal/jimage/ImageLocation
instanceKlass jdk/internal/jimage/decompressor/Decompressor
instanceKlass jdk/internal/jimage/ImageStringsReader
instanceKlass jdk/internal/jimage/ImageStrings
instanceKlass jdk/internal/jimage/ImageHeader
instanceKlass java/nio/Bits$1
instanceKlass jdk/internal/misc/VM$BufferPool
instanceKlass java/nio/Bits
instanceKlass sun/nio/ch/DirectBuffer
instanceKlass java/util/Enumeration
instanceKlass java/util/concurrent/ConcurrentHashMap$Traverser
instanceKlass jdk/internal/loader/NativeLibraries$2
instanceKlass jdk/internal/loader/NativeLibrary
instanceKlass java/util/ArrayDeque$DeqIterator
instanceKlass jdk/internal/loader/NativeLibraries$NativeLibraryContext$1
instanceKlass jdk/internal/loader/NativeLibraries$NativeLibraryContext
instanceKlass jdk/internal/loader/NativeLibraries$1
instanceKlass jdk/internal/loader/NativeLibraries$LibraryPaths
instanceKlass jdk/internal/reflect/Reflection$1Holder
instanceKlass jdk/internal/jimage/NativeImageBuffer$1
instanceKlass jdk/internal/jimage/NativeImageBuffer
instanceKlass java/security/AccessControlContext
instanceKlass java/security/AccessController
instanceKlass jdk/internal/jimage/BasicImageReader$1
instanceKlass java/security/PrivilegedAction
instanceKlass jdk/internal/jimage/BasicImageReader
instanceKlass jdk/internal/jimage/ImageReader
instanceKlass jdk/internal/jimage/ImageReaderFactory$1
instanceKlass sun/nio/fs/WindowsPath
instanceKlass java/nio/file/Path
instanceKlass java/nio/file/Watchable
instanceKlass jdk/internal/classfile/impl/AnnotationReader
instanceKlass jdk/internal/classfile/impl/TerminalFieldBuilder
instanceKlass java/lang/classfile/FieldBuilder
instanceKlass java/lang/invoke/InvokerBytecodeGenerator$2
instanceKlass jdk/internal/classfile/impl/DirectCodeBuilder$8
instanceKlass java/lang/invoke/InvokerBytecodeGenerator$4$1
instanceKlass java/lang/classfile/constantpool/FieldRefEntry
instanceKlass java/lang/invoke/InvokerBytecodeGenerator$4
instanceKlass java/lang/classfile/attribute/SourceFileAttribute
instanceKlass java/lang/classfile/Superclass
instanceKlass java/lang/invoke/InvokerBytecodeGenerator$1
instanceKlass java/lang/invoke/InvokerBytecodeGenerator$3
instanceKlass java/lang/invoke/LambdaFormBuffer
instanceKlass java/lang/invoke/LambdaFormEditor$TransformKey
instanceKlass java/lang/invoke/LambdaFormEditor
instanceKlass java/lang/invoke/DelegatingMethodHandle$Holder
instanceKlass sun/reflect/annotation/AnnotationParser
instanceKlass sun/nio/fs/WindowsPathParser
instanceKlass java/nio/file/FileSystem
instanceKlass java/nio/file/OpenOption
instanceKlass java/nio/file/spi/FileSystemProvider
instanceKlass sun/nio/fs/DefaultFileSystemProvider
instanceKlass jdk/internal/jimage/ImageReaderFactory
instanceKlass jdk/internal/module/SystemModuleFinders$SystemImage
instanceKlass jdk/internal/module/SystemModuleFinders$SystemModuleReader
instanceKlass java/lang/module/ModuleReader
instanceKlass jdk/internal/loader/BuiltinClassLoader$2
instanceKlass jdk/internal/module/Checks
instanceKlass jdk/internal/module/Resources
instanceKlass sun/invoke/empty/Empty
instanceKlass sun/invoke/util/VerifyType
instanceKlass jdk/internal/reflect/MethodHandleAccessorFactory$LazyStaticHolder
instanceKlass java/util/ResourceBundle$ResourceBundleProviderHelper
instanceKlass java/util/ImmutableCollections$ListItr
instanceKlass java/util/ListIterator
instanceKlass  @bci java/util/ResourceBundle$Control getCandidateLocales (Ljava/lang/String;Ljava/util/Locale;)Ljava/util/List; 23 <appendix> argL0 ; # java/util/ResourceBundle$Control$$Lambda+0x80000001d
instanceKlass java/util/ResourceBundle$CacheKeyReference
instanceKlass java/util/ResourceBundle$CacheKey
instanceKlass  @bci java/util/ResourceBundle$Control <clinit> ()V 39 <appendix> argL0 ; # java/util/ResourceBundle$Control$$Lambda+0x80000001e
instanceKlass java/util/ResourceBundle$Control
instanceKlass java/util/Optional
instanceKlass sun/util/locale/LocaleUtils
instanceKlass java/util/Locale
instanceKlass java/util/ResourceBundle$1
instanceKlass jdk/internal/access/JavaUtilResourceBundleAccess
instanceKlass java/util/ResourceBundle
instanceKlass java/awt/Toolkit$1
instanceKlass sun/awt/AWTAccessor$ToolkitAccessor
instanceKlass java/awt/Toolkit
instanceKlass sun/awt/AWTAccessor
instanceKlass java/awt/EventQueue$2
instanceKlass sun/awt/AWTAccessor$EventQueueAccessor
instanceKlass java/awt/EventQueue$1
instanceKlass java/awt/EventQueue
instanceKlass javax/swing/SwingUtilities
instanceKlass java/lang/invoke/Invokers$Holder
instanceKlass java/lang/invoke/DirectMethodHandle$2
instanceKlass java/lang/invoke/ClassSpecializer$Factory
instanceKlass java/lang/invoke/ClassSpecializer$SpeciesData
instanceKlass java/lang/invoke/ClassSpecializer$1
instanceKlass jdk/internal/vm/annotation/Stable
instanceKlass java/lang/invoke/ClassSpecializer
instanceKlass java/lang/invoke/MethodHandleImpl$1
instanceKlass jdk/internal/access/JavaLangInvokeAccess
instanceKlass  @bci wv/codeclip/CodeClip main ([Ljava/lang/String;)V 0 <appendix> argL0 ; # wv/codeclip/CodeClip$$Lambda+0x000000002d045950
instanceKlass jdk/internal/util/ModifiedUtf
instanceKlass jdk/internal/classfile/impl/ClassReaderImpl
instanceKlass java/lang/classfile/ClassReader
instanceKlass jdk/internal/classfile/impl/ClassHierarchyImpl$CachedClassHierarchyResolver$1
instanceKlass java/lang/classfile/ClassHierarchyResolver$ClassHierarchyInfo
instanceKlass jdk/internal/classfile/impl/ClassHierarchyImpl$CachedClassHierarchyResolver
instanceKlass jdk/internal/classfile/impl/ClassHierarchyImpl$ClassLoadingClassHierarchyResolver$1
instanceKlass jdk/internal/classfile/impl/ClassHierarchyImpl$ClassLoadingClassHierarchyResolver
instanceKlass java/lang/classfile/ClassHierarchyResolver
instanceKlass jdk/internal/classfile/impl/ClassHierarchyImpl
instanceKlass jdk/internal/classfile/impl/RawBytecodeHelper$1
instanceKlass jdk/internal/classfile/impl/RawBytecodeHelper
instanceKlass jdk/internal/classfile/impl/StackMapGenerator$Frame
instanceKlass jdk/internal/classfile/impl/StackMapGenerator
instanceKlass java/lang/classfile/CustomAttribute
instanceKlass jdk/internal/classfile/impl/BytecodeHelpers
instanceKlass java/lang/invoke/TypeConvertingMethodAdapter
instanceKlass java/lang/invoke/InnerClassLambdaMetafactory$6
instanceKlass java/lang/classfile/constantpool/MethodRefEntry
instanceKlass java/lang/classfile/constantpool/MemberRefEntry
instanceKlass java/lang/classfile/constantpool/NameAndTypeEntry
instanceKlass java/lang/classfile/instruction/LabelTarget
instanceKlass java/lang/classfile/Label
instanceKlass jdk/internal/classfile/impl/BufWriterImpl
instanceKlass java/lang/classfile/BufWriter
instanceKlass java/lang/classfile/instruction/LocalVariableType
instanceKlass java/lang/classfile/instruction/LocalVariable
instanceKlass java/lang/classfile/instruction/CharacterRange
instanceKlass java/lang/classfile/PseudoInstruction
instanceKlass java/lang/classfile/CodeElement
instanceKlass jdk/internal/classfile/impl/TerminalCodeBuilder
instanceKlass jdk/internal/classfile/impl/LabelContext
instanceKlass java/lang/classfile/CodeBuilder
instanceKlass jdk/internal/classfile/impl/TerminalMethodBuilder
instanceKlass jdk/internal/classfile/impl/MethodInfo
instanceKlass java/lang/classfile/MethodBuilder
instanceKlass java/lang/invoke/InnerClassLambdaMetafactory$3
instanceKlass java/lang/classfile/Interfaces
instanceKlass java/util/ImmutableCollections$Access$1
instanceKlass jdk/internal/access/JavaUtilCollectionAccess
instanceKlass java/util/ImmutableCollections$Access
instanceKlass jdk/internal/classfile/impl/AttributeHolder
instanceKlass java/lang/classfile/ClassBuilder
instanceKlass java/lang/classfile/ClassFileBuilder
instanceKlass jdk/internal/classfile/impl/AbstractDirectBuilder
instanceKlass java/lang/invoke/InnerClassLambdaMetafactory$1
instanceKlass java/util/function/Consumer
instanceKlass jdk/internal/classfile/impl/ClassFileImpl
instanceKlass java/lang/classfile/ClassFile
instanceKlass java/lang/invoke/LambdaProxyClassArchive
instanceKlass java/lang/classfile/constantpool/ClassEntry
instanceKlass java/lang/classfile/constantpool/LoadableConstantEntry
instanceKlass jdk/internal/classfile/impl/Util
instanceKlass jdk/internal/classfile/impl/EntryMap
instanceKlass jdk/internal/classfile/impl/BootstrapMethodEntryImpl
instanceKlass java/lang/classfile/BootstrapMethodEntry
instanceKlass jdk/internal/classfile/impl/SplitConstantPool
instanceKlass java/lang/invoke/InfoFromMemberName
instanceKlass java/lang/invoke/MethodHandleInfo
instanceKlass java/lang/invoke/AbstractValidatingLambdaMetafactory
instanceKlass java/lang/invoke/BootstrapMethodInvoker
instanceKlass java/awt/datatransfer/Transferable
instanceKlass javax/swing/SwingWorker
instanceKlass java/util/concurrent/RunnableFuture
instanceKlass java/util/concurrent/Future
instanceKlass javax/swing/border/Border
instanceKlass javax/swing/text/MutableAttributeSet
instanceKlass javax/swing/text/AttributeSet
instanceKlass java/awt/image/WritableRenderedImage
instanceKlass java/awt/image/RenderedImage
instanceKlass java/awt/Image
instanceKlass java/awt/Stroke
instanceKlass java/awt/Paint
instanceKlass java/awt/Transparency
instanceKlass javax/swing/ScrollPaneConstants
instanceKlass javax/swing/Action
instanceKlass java/awt/event/ActionListener
instanceKlass javax/swing/SwingConstants
instanceKlass java/awt/ItemSelectable
instanceKlass javax/swing/MenuElement
instanceKlass java/awt/event/WindowListener
instanceKlass javax/swing/event/DocumentListener
instanceKlass java/awt/event/MouseListener
instanceKlass java/awt/LayoutManager
instanceKlass javax/swing/Scrollable
instanceKlass java/awt/Component
instanceKlass java/awt/image/ImageObserver
instanceKlass java/awt/MenuContainer
instanceKlass javax/swing/TransferHandler$HasGetTransferHandler
instanceKlass javax/swing/RootPaneContainer
instanceKlass javax/accessibility/Accessible
instanceKlass javax/swing/WindowConstants
instanceKlass java/awt/event/FocusListener
instanceKlass java/util/EventListener
instanceKlass java/lang/invoke/InvokerBytecodeGenerator$8
instanceKlass jdk/internal/classfile/impl/AbstractAttributeMapper
instanceKlass java/lang/classfile/AttributeMapper
instanceKlass java/lang/classfile/Attributes
instanceKlass jdk/internal/classfile/impl/Util$Writable
instanceKlass jdk/internal/classfile/impl/AbstractElement
instanceKlass java/lang/classfile/attribute/RuntimeVisibleAnnotationsAttribute
instanceKlass java/lang/classfile/FieldElement
instanceKlass java/lang/classfile/MethodElement
instanceKlass java/lang/classfile/ClassElement
instanceKlass java/lang/classfile/Attribute
instanceKlass java/lang/classfile/ClassFileElement
instanceKlass java/lang/classfile/constantpool/Utf8Entry
instanceKlass java/lang/classfile/constantpool/AnnotationConstantValueEntry
instanceKlass java/lang/classfile/constantpool/PoolEntry
instanceKlass jdk/internal/classfile/impl/AbstractPoolEntry
instanceKlass jdk/internal/classfile/impl/TemporaryConstantPool
instanceKlass java/lang/classfile/constantpool/ConstantPoolBuilder
instanceKlass java/lang/classfile/constantpool/ConstantPool
instanceKlass java/lang/classfile/Annotation
instanceKlass java/lang/classfile/AnnotationElement
instanceKlass java/lang/invoke/InvokerBytecodeGenerator
instanceKlass java/lang/invoke/LambdaForm$Holder
instanceKlass java/lang/invoke/LambdaForm$Name
instanceKlass java/lang/reflect/Array
instanceKlass java/lang/invoke/Invokers
instanceKlass sun/invoke/util/ValueConversions
instanceKlass java/lang/invoke/DirectMethodHandle$Holder
instanceKlass java/lang/invoke/LambdaForm$NamedFunction
instanceKlass java/lang/constant/DynamicConstantDesc
instanceKlass jdk/internal/constant/DirectMethodHandleDescImpl$1
instanceKlass jdk/internal/constant/DirectMethodHandleDescImpl
instanceKlass java/lang/constant/DirectMethodHandleDesc
instanceKlass java/lang/constant/MethodHandleDesc$1
instanceKlass java/lang/constant/MethodHandleDesc
instanceKlass jdk/internal/constant/MethodTypeDescImpl
instanceKlass java/lang/constant/MethodTypeDesc
instanceKlass jdk/internal/constant/ConstantUtils
instanceKlass jdk/internal/constant/ArrayClassDescImpl
instanceKlass jdk/internal/constant/ClassOrInterfaceDescImpl
instanceKlass java/lang/constant/ClassDesc
instanceKlass java/lang/constant/ConstantDescs
instanceKlass sun/invoke/util/Wrapper$Format
instanceKlass java/lang/invoke/MethodTypeForm
instanceKlass jdk/internal/util/StrongReferenceKey
instanceKlass jdk/internal/util/ReferenceKey
instanceKlass jdk/internal/util/ReferencedKeyMap
instanceKlass java/lang/invoke/MethodType$1
instanceKlass java/lang/invoke/LambdaMetafactory
instanceKlass java/lang/PublicMethods$Key
instanceKlass java/lang/PublicMethods$MethodList
instanceKlass jdk/internal/misc/MethodFinder
instanceKlass wv/codeclip/CodeClip
instanceKlass java/security/PermissionCollection
instanceKlass java/security/SecureClassLoader$1
instanceKlass java/io/FileInputStream$1
instanceKlass sun/nio/ByteBuffered
instanceKlass jdk/internal/ref/CleanerImpl$CleanableList$Node
instanceKlass jdk/internal/ref/CleanerImpl$CleanableList
instanceKlass jdk/internal/ref/CleanerImpl
instanceKlass java/lang/ref/Cleaner$1
instanceKlass java/lang/ref/Cleaner
instanceKlass jdk/internal/ref/CleanerFactory$1
instanceKlass java/util/concurrent/ThreadFactory
instanceKlass jdk/internal/ref/CleanerFactory
instanceKlass java/lang/ref/Cleaner$Cleanable
instanceKlass java/lang/Package$VersionInfo
instanceKlass java/lang/NamedPackage
instanceKlass jdk/internal/loader/Resource
instanceKlass jdk/internal/loader/URLClassPath$Loader
instanceKlass sun/net/util/URLUtil
instanceKlass java/lang/StringCoding
instanceKlass sun/nio/cs/ArrayDecoder
instanceKlass java/nio/charset/CharsetDecoder
instanceKlass sun/launcher/LauncherHelper
instanceKlass jdk/internal/vm/ContinuationSupport
instanceKlass java/util/Deque
instanceKlass java/util/Queue
instanceKlass sun/net/util/IPAddressUtil$MASKS
instanceKlass sun/net/util/IPAddressUtil
instanceKlass java/net/URLStreamHandler
instanceKlass sun/net/www/ParseUtil
instanceKlass java/net/URL$1
instanceKlass jdk/internal/access/JavaNetURLAccess
instanceKlass java/net/URL$DefaultFactory
instanceKlass java/net/URLStreamHandlerFactory
instanceKlass jdk/internal/loader/URLClassPath
instanceKlass java/lang/Module$EnableNativeAccess
instanceKlass jdk/internal/loader/BootLoader
instanceKlass java/util/concurrent/ConcurrentHashMap$CollectionView
instanceKlass jdk/internal/loader/ClassLoaderHelper
instanceKlass java/lang/ClassLoader$ParallelLoaders
instanceKlass java/security/cert/Certificate
instanceKlass java/net/URI$1
instanceKlass jdk/internal/access/JavaNetUriAccess
instanceKlass jdk/internal/loader/AbstractClassLoaderValue
instanceKlass jdk/internal/module/ModuleBootstrap$Counters
instanceKlass jdk/internal/module/ModuleLoaderMap$Modules
instanceKlass jdk/internal/module/ModuleLoaderMap
instanceKlass jdk/internal/module/ModulePatcher
instanceKlass jdk/internal/util/DecimalDigits
instanceKlass java/io/FileSystem
instanceKlass java/io/DefaultFileSystem
instanceKlass java/io/File
instanceKlass java/lang/module/ModuleDescriptor$1
instanceKlass jdk/internal/access/JavaLangModuleAccess
instanceKlass sun/invoke/util/VerifyAccess
instanceKlass java/util/KeyValueHolder
instanceKlass java/util/ImmutableCollections$MapN$MapNIterator
instanceKlass java/lang/invoke/MethodHandles$Lookup
instanceKlass java/lang/invoke/MemberName$Factory
instanceKlass java/lang/invoke/MethodHandles
instanceKlass jdk/internal/module/ModuleBootstrap
instanceKlass java/util/HexFormat
instanceKlass jdk/internal/util/ClassFileDumper
instanceKlass java/lang/CharacterData
instanceKlass java/lang/invoke/MethodHandleStatics
instanceKlass java/util/Collections
instanceKlass java/lang/Thread$ThreadIdentifiers
instanceKlass sun/io/Win32ErrorMode
instanceKlass jdk/internal/misc/OSEnvironment
instanceKlass jdk/internal/misc/Signal$NativeHandler
instanceKlass java/util/Hashtable$Entry
instanceKlass jdk/internal/misc/Signal
instanceKlass java/lang/Terminator$1
instanceKlass jdk/internal/misc/Signal$Handler
instanceKlass java/lang/Terminator
instanceKlass java/nio/ByteOrder
instanceKlass java/nio/Buffer$2
instanceKlass jdk/internal/access/JavaNioAccess
instanceKlass java/nio/Buffer$1
instanceKlass jdk/internal/misc/ScopedMemoryAccess
instanceKlass java/nio/charset/CodingErrorAction
instanceKlass sun/nio/cs/SingleByte
instanceKlass java/lang/StringUTF16
instanceKlass sun/nio/cs/MS1252$Holder
instanceKlass sun/nio/cs/ArrayEncoder
instanceKlass java/nio/charset/CharsetEncoder
instanceKlass java/io/Writer
instanceKlass java/io/OutputStream
instanceKlass java/io/Flushable
instanceKlass java/io/FileDescriptor$1
instanceKlass jdk/internal/access/JavaIOFileDescriptorAccess
instanceKlass java/io/FileDescriptor
instanceKlass jdk/internal/util/StaticProperty
instanceKlass jdk/internal/reflect/MethodHandleAccessorFactory
instanceKlass jdk/internal/reflect/Reflection
instanceKlass java/lang/reflect/Modifier
instanceKlass java/lang/Class$Atomic
instanceKlass java/lang/Class$ReflectionData
instanceKlass java/nio/charset/StandardCharsets
instanceKlass sun/nio/cs/HistoricallyNamedCharset
instanceKlass java/util/Arrays
instanceKlass jdk/internal/util/Preconditions$3
instanceKlass jdk/internal/util/Preconditions$2
instanceKlass jdk/internal/util/Preconditions$4
instanceKlass java/util/function/BiFunction
instanceKlass jdk/internal/util/Preconditions$1
instanceKlass jdk/internal/util/Preconditions
instanceKlass java/nio/charset/spi/CharsetProvider
instanceKlass java/nio/charset/Charset
instanceKlass java/util/HashMap$HashIterator
instanceKlass java/util/Objects
instanceKlass java/util/concurrent/locks/LockSupport
instanceKlass java/util/concurrent/ConcurrentHashMap$CounterCell
instanceKlass java/util/concurrent/locks/ReentrantLock
instanceKlass java/util/concurrent/locks/Lock
instanceKlass java/lang/Runtime
instanceKlass java/lang/VersionProps
instanceKlass java/lang/StringConcatHelper
instanceKlass jdk/internal/util/ArraysSupport
instanceKlass java/lang/StringLatin1
instanceKlass java/lang/StrictMath
instanceKlass jdk/internal/util/SystemProps$Raw
instanceKlass jdk/internal/util/SystemProps
instanceKlass java/lang/System$1
instanceKlass jdk/internal/access/JavaLangAccess
instanceKlass java/lang/ref/ReferenceQueue$Lock
instanceKlass java/lang/ref/ReferenceQueue
instanceKlass java/lang/ref/Reference$1
instanceKlass jdk/internal/access/JavaLangRefAccess
instanceKlass java/lang/Math
instanceKlass java/io/ObjectStreamClass
instanceKlass jdk/internal/reflect/ReflectionFactory
instanceKlass jdk/internal/access/SharedSecrets
instanceKlass java/lang/reflect/ReflectAccess
instanceKlass jdk/internal/access/JavaLangReflectAccess
instanceKlass jdk/internal/misc/CDS
instanceKlass jdk/internal/misc/VM
instanceKlass java/lang/String$CaseInsensitiveComparator
instanceKlass java/util/Comparator
instanceKlass java/io/ObjectStreamField
instanceKlass java/lang/Module$ArchivedData
instanceKlass jdk/internal/module/ArchivedBootLayer
instanceKlass jdk/internal/loader/BuiltinClassLoader$LoadedModule
instanceKlass jdk/internal/module/ServicesCatalog$ServiceProvider
instanceKlass java/util/concurrent/CopyOnWriteArrayList
instanceKlass jdk/internal/module/ServicesCatalog
instanceKlass java/util/concurrent/ConcurrentHashMap$Node
instanceKlass jdk/internal/loader/NativeLibraries
instanceKlass java/security/Principal
instanceKlass jdk/internal/loader/ArchivedClassLoaders
instanceKlass jdk/internal/math/FDBigInteger
instanceKlass java/lang/ModuleLayer
instanceKlass java/util/ImmutableCollections
instanceKlass jdk/internal/module/ModuleLoaderMap$Mapper
instanceKlass java/util/function/Function
instanceKlass java/lang/module/ResolvedModule
instanceKlass java/lang/module/Configuration
instanceKlass java/util/HashMap$Node
instanceKlass java/util/Map$Entry
instanceKlass java/util/Collections$UnmodifiableMap
instanceKlass jdk/internal/module/ModuleHashes
instanceKlass jdk/internal/module/ModuleTarget
instanceKlass java/lang/module/ModuleDescriptor$Opens
instanceKlass java/lang/module/ModuleDescriptor$Provides
instanceKlass jdk/internal/module/SystemModuleFinders$2
instanceKlass jdk/internal/module/ModuleHashes$HashSupplier
instanceKlass jdk/internal/module/SystemModuleFinders$1
instanceKlass java/util/function/Supplier
instanceKlass java/net/URI
instanceKlass java/lang/module/ModuleDescriptor$Exports
instanceKlass java/lang/module/ModuleDescriptor$Requires
instanceKlass java/lang/module/ModuleDescriptor$Version
instanceKlass java/lang/module/ModuleDescriptor
instanceKlass java/lang/module/ModuleReference
instanceKlass java/util/Set
instanceKlass jdk/internal/module/SystemModuleFinders$SystemModuleFinder
instanceKlass java/lang/module/ModuleFinder
instanceKlass jdk/internal/module/ArchivedModuleGraph
instanceKlass sun/util/locale/BaseLocale
instanceKlass java/util/jar/Attributes$Name
instanceKlass java/lang/Character$CharacterCache
instanceKlass java/lang/Short$ShortCache
instanceKlass java/lang/Byte$ByteCache
instanceKlass java/lang/Long$LongCache
instanceKlass java/lang/Integer$IntegerCache
instanceKlass jdk/internal/vm/FillerObject
instanceKlass jdk/internal/vm/vector/VectorSupport$VectorPayload
instanceKlass jdk/internal/vm/vector/VectorSupport
instanceKlass java/lang/reflect/RecordComponent
instanceKlass java/util/Iterator
instanceKlass java/lang/Void
instanceKlass java/lang/Number
instanceKlass java/lang/Character
instanceKlass java/lang/Boolean
instanceKlass java/util/concurrent/locks/AbstractOwnableSynchronizer
instanceKlass java/lang/LiveStackFrame
instanceKlass java/lang/ClassFrameInfo
instanceKlass java/lang/StackWalker$StackFrame
instanceKlass java/lang/StackStreamFactory$AbstractStackWalker
instanceKlass java/lang/StackWalker
instanceKlass java/nio/Buffer
instanceKlass java/lang/StackTraceElement
instanceKlass java/util/RandomAccess
instanceKlass java/util/List
instanceKlass java/util/SequencedCollection
instanceKlass java/util/AbstractCollection
instanceKlass java/util/Collection
instanceKlass java/lang/Iterable
instanceKlass java/util/concurrent/ConcurrentMap
instanceKlass java/util/AbstractMap
instanceKlass java/security/CodeSource
instanceKlass jdk/internal/loader/ClassLoaders
instanceKlass java/util/jar/Manifest
instanceKlass java/lang/Enum
instanceKlass java/net/URL
instanceKlass java/io/InputStream
instanceKlass java/io/Closeable
instanceKlass java/lang/AutoCloseable
instanceKlass jdk/internal/module/Modules
instanceKlass jdk/internal/misc/Unsafe
instanceKlass jdk/internal/misc/UnsafeConstants
instanceKlass java/lang/AbstractStringBuilder
instanceKlass java/lang/Appendable
instanceKlass java/lang/AssertionStatusDirectives
instanceKlass jdk/internal/foreign/abi/ABIDescriptor
instanceKlass jdk/internal/foreign/abi/NativeEntryPoint
instanceKlass java/lang/invoke/CallSite
instanceKlass java/lang/invoke/MethodType
instanceKlass java/lang/invoke/TypeDescriptor$OfMethod
instanceKlass java/lang/invoke/LambdaForm
instanceKlass java/lang/invoke/MethodHandleNatives
instanceKlass java/lang/invoke/MethodHandleImpl
instanceKlass java/lang/invoke/ResolvedMethodName
instanceKlass java/lang/invoke/MemberName
instanceKlass java/lang/invoke/VarHandle
instanceKlass java/lang/invoke/MethodHandle
instanceKlass jdk/internal/reflect/ConstructorAccessorImpl
instanceKlass jdk/internal/reflect/ConstructorAccessor
instanceKlass jdk/internal/reflect/CallerSensitive
instanceKlass java/lang/annotation/Annotation
instanceKlass jdk/internal/reflect/ConstantPool
instanceKlass jdk/internal/reflect/MethodAccessorImpl
instanceKlass jdk/internal/reflect/MethodAccessor
instanceKlass jdk/internal/vm/StackChunk
instanceKlass jdk/internal/vm/Continuation
instanceKlass jdk/internal/vm/ContinuationScope
instanceKlass java/lang/reflect/Parameter
instanceKlass java/lang/reflect/Member
instanceKlass java/lang/reflect/AccessibleObject
instanceKlass java/lang/Module
instanceKlass java/util/Map
instanceKlass java/util/Dictionary
instanceKlass java/lang/ThreadGroup
instanceKlass java/lang/Thread$UncaughtExceptionHandler
instanceKlass java/lang/Thread$Constants
instanceKlass java/lang/Thread$FieldHolder
instanceKlass java/lang/Thread
instanceKlass java/lang/Runnable
instanceKlass java/lang/ref/Reference
instanceKlass java/lang/Record
instanceKlass java/security/ProtectionDomain
instanceKlass java/lang/Throwable
instanceKlass java/lang/System
instanceKlass java/lang/ClassLoader
instanceKlass java/lang/Cloneable
instanceKlass java/lang/Class
instanceKlass java/lang/invoke/TypeDescriptor$OfField
instanceKlass java/lang/invoke/TypeDescriptor
instanceKlass java/lang/reflect/Type
instanceKlass java/lang/reflect/GenericDeclaration
instanceKlass java/lang/reflect/AnnotatedElement
instanceKlass java/lang/String
instanceKlass java/lang/constant/ConstantDesc
instanceKlass java/lang/constant/Constable
instanceKlass java/lang/CharSequence
instanceKlass java/lang/Comparable
instanceKlass java/io/Serializable
ciInstanceKlass java/lang/Object 1 1 115 100 1 10 12 1 1 10 7 12 1 1 1 10 100 12 1 1 1 10 12 1 1 8 1 10 12 1 1 10 100 12 1 1 1 10 12 1 10 12 1 1 100 1 8 1 10 12 1 10 7 12 1 1 1 7 1 10 12 1 100 1 10 12 1 1 8 1 3 8 1 100 1 5 0 1 1 1 1 1 1 1 1 1 1 1 1 1 1 1 1 100 1 1 1 1 1 1 1 1 1 1 1 1 1 100 1 1 1 1 1 1 3 1 1
ciMethod java/lang/Object clone ()Ljava/lang/Object; 256 0 128 0 -1
ciInstanceKlass java/io/Serializable 1 0 7 100 1 100 1 1 1
ciInstanceKlass java/lang/System 1 1 591 10 100 12 1 1 1 10 7 12 1 1 1 10 12 1 1 10 12 1 9 12 1 1 10 7 12 1 1 1 11 100 12 1 1 1 10 100 12 1 1 1 10 12 1 1 100 1 8 1 10 12 1 9 12 1 1 9 12 1 1 10 7 12 1 1 1 10 7 12 1 1 1 10 12 1 1 10 12 1 10 7 12 1 1 1 10 12 1 10 12 1 1 7 1 10 12 1 1 100 1 8 1 10 10 12 1 1 100 1 8 1 10 10 7 12 1 1 10 12 10 100 12 1 1 10 7 12 1 1 1 100 1 8 1 10 10 100 12 1 1 1 10 100 12 1 1 1 100 1 10 100 12 1 1 1 10 12 1 1 10 7 12 1 1 1 10 12 1 1 10 12 1 10 12 1 8 1 10 12 1 1 10 12 1 1 8 1 10 12 1 7 1 7 1 10 12 1 9 7 12 1 1 1 10 7 12 1 1 1 10 12 1 10 12 1 10 7 12 1 1 1 100 1 8 1 10 9 12 1 1 9 12 1 10 12 1 10 100 12 1 1 10 12 1 10 12 1 1 100 1 10 8 1 10 12 1 1 10 12 1 10 12 1 1 10 12 1 1 8 1 11 7 12 1 1 10 12 11 12 1 1 11 7 12 1 1 1 11 7 12 1 1 11 12 1 1 7 1 11 12 1 10 12 1 8 1 10 12 1 1 8 1 8 1 8 1 8 1 11 12 1 10 12 1 1 10 12 1 10 12 1 8 1 10 12 1 1 8 1 9 12 1 8 1 10 7 12 1 1 8 1 7 1 9 7 12 1 1 1 10 12 1 7 1 9 12 10 9 12 7 1 10 12 9 12 1 1 8 1 10 12 1 1 8 1 9 12 1 10 7 12 1 1 10 12 1 10 12 1 1 11 7 12 1 1 10 12 10 7 12 1 1 1 9 12 1 1 100 1 100 1 8 1 10 12 1 1 10 12 1 8 1 8 1 10 8 1 8 1 8 1 8 1 8 1 10 8 1 10 7 12 1 1 1 10 7 12 1 1 1 10 12 1 1 7 1 10 10 12 1 10 12 1 9 12 1 1 1 1 1 1 1 1 1 1 1 1 100 1 1 100 1 1 1 1 1 1 1 1 1 1 3 1 1 1 1 1 1 1 1 1 1 1 1 1 1 1 1 1 1 1 1 1 1 1 1 1 1 1 1 1 1 1 1 1 1 1 1 1 1 1 1 1 1 1 1 1 1 1 1 1 1 1 100 1 1 1 1 1 1 1 1 1 1 1 1 1 1 1 1 1 1 1 1 1 1 1 1 1 100 1 100 1 1 1 1 1 1 1 1
staticfield java/lang/System in Ljava/io/InputStream; java/io/BufferedInputStream
staticfield java/lang/System out Ljava/io/PrintStream; java/io/PrintStream
staticfield java/lang/System err Ljava/io/PrintStream; java/io/PrintStream
instanceKlass java/security/Security$1
instanceKlass java/security/Provider
ciInstanceKlass java/util/Properties 1 1 690 10 7 12 1 1 1 100 1 10 7 12 1 1 7 1 10 12 1 9 12 1 1 9 12 1 1 9 12 1 1 10 7 12 1 1 1 10 12 1 1 8 1 10 7 12 1 1 1 7 1 10 12 1 10 12 1 1 8 1 10 12 1 7 1 10 12 10 12 1 1 9 12 1 1 10 12 1 1 7 1 10 12 1 10 12 1 10 12 1 1 100 1 8 1 10 12 1 10 12 1 10 12 1 1 10 12 1 100 1 3 10 10 100 12 1 1 1 10 12 1 10 12 1 1 8 1 10 12 1 10 12 1 1 8 1 10 100 12 1 1 10 12 1 1 10 12 1 10 12 1 1 100 1 10 12 1 10 12 1 1 100 1 9 100 12 1 1 1 10 12 1 10 12 1 1 10 12 1 1 10 12 1 1 100 1 9 12 1 1 7 1 100 1 10 12 1 100 1 11 7 12 1 1 1 11 12 1 1 11 100 12 1 1 1 11 7 12 1 1 1 11 12 1 1 11 12 1 11 12 1 10 12 1 1 8 1 10 12 1 10 100 12 1 1 10 12 1 100 1 10 10 12 1 10 12 1 100 1 10 10 12 1 1 10 100 12 1 1 9 100 12 1 1 10 12 1 1 10 100 12 1 1 1 100 1 100 1 100 1 10 8 1 8 1 10 12 1 10 12 1 10 12 1 1 10 10 12 1 1 10 12 1 1 7 1 10 10 12 1 11 7 12 1 1 10 7 12 1 1 1 8 1 10 100 12 1 1 11 11 7 1 8 1 10 100 1 11 10 12 1 10 10 12 1 10 12 1 1 10 12 1 1 10 12 1 1 10 12 1 10 12 1 10 10 12 1 10 12 1 10 12 1 10 10 12 1 1 10 12 1 1 10 10 12 1 10 12 1 10 12 1 10 12 1 10 12 1 1 10 12 1 1 10 12 1 10 12 1 10 12 1 1 10 12 10 12 1 1 10 12 1 1 10 12 1 10 12 1 1 10 12 1 1 10 12 10 11 12 1 4 11 10 12 1 1 10 100 12 1 1 11 12 1 10 12 1 1 10 100 12 1 1 10 12 1 100 1 8 1 10 12 1 10 10 100 12 1 1 1 100 1 6 0 10 12 1 1 11 100 12 1 1 1 10 12 1 10 12 1 1 1 1 1 5 0 1 1 1 1 1 1 1 1 1 1 1 1 1 1 1 1 1 1 1 1 1 1 1 1 1 1 1 1 1 1 1 1 1 1 1 1 1 1 1 100 1 1 1 1 1 1 1 1 1 1 1 1 1 1 1 1 1 1 1 1 100 1 1 1 1 1 1 1 1 1 1 1 1 100 1 100 1 1 1 1 1 100 1 1 1 1 1 1 1 1 1 1 1 1 1 1 1 1 1 1 1 1 1 1 1 1 1 1 1 1 1 1 1 1 1 1 1 1 1 1 1 1 1 1 1 1 1 1 1 1 1 1 1 1 1 1 1 1 1 1 1 1 1 1 1 1 1 1 1 1 1 1 1 1 1 1 1 1 1 100 1 1 1 1 1 1 1 1 1 1 1 100 1 1
staticfield java/util/Properties UNSAFE Ljdk/internal/misc/Unsafe; jdk/internal/misc/Unsafe
instanceKlass java/util/Hashtable
ciInstanceKlass java/util/Dictionary 1 1 36 10 7 12 1 1 1 100 1 1 1 1 1 1 1 1 1 1 1 1 1 1 1 1 1 1 1 1 1 1 1 1 1 1 1 1
instanceKlass javax/swing/UIDefaults
instanceKlass java/util/Properties
ciInstanceKlass java/util/Hashtable 1 1 516 100 1 10 7 12 1 1 1 9 7 12 1 1 1 100 1 100 1 10 8 1 10 12 1 1 10 12 1 10 12 1 1 10 12 1 10 7 12 1 1 1 8 1 10 12 1 9 12 1 1 7 1 9 12 1 1 4 10 7 12 1 1 1 9 12 1 4 10 12 1 11 100 12 1 1 1 10 12 1 1 10 12 1 1 9 12 1 10 12 1 1 100 1 10 9 12 1 1 10 7 12 1 1 1 9 12 1 1 10 12 1 10 12 1 3 9 12 1 9 12 1 3 10 12 1 10 12 1 10 12 1 1 11 12 1 1 11 100 12 1 1 1 11 100 12 1 1 1 11 12 1 100 1 11 12 1 11 12 1 10 12 1 1 10 12 1 1 10 12 1 9 12 1 1 9 12 9 12 1 1 10 100 1 100 1 10 12 1 10 8 1 10 10 12 1 8 1 10 8 1 10 7 12 1 1 1 7 1 10 12 1 10 12 1 100 1 10 12 1 10 12 1 1 7 1 10 100 1 10 10 12 1 1 11 12 1 1 11 12 1 100 1 10 10 10 100 12 1 1 11 100 12 1 1 1 100 1 10 11 100 12 1 1 11 100 12 1 10 12 1 10 12 1 1 10 100 12 1 1 10 12 1 1 10 12 1 1 10 12 1 1 10 100 12 1 1 1 8 10 100 12 1 1 100 1 8 1 10 4 4 10 12 1 1 10 12 1 8 1 4 10 12 10 100 12 1 1 1 100 1 11 100 12 1 1 1 10 100 12 1 1 1 10 12 1 10 12 1 1 10 100 1 100 1 1 1 1 1 1 5 0 1 1 1 1 1 3 1 3 1 3 1 1 1 1 1 1 1 1 1 1 1 1 1 1 1 1 1 1 1 1 1 1 1 1 1 100 1 1 1 1 1 1 1 1 1 1 1 1 1 1 1 1 1 1 1 1 1 1 1 1 1 1 1 1 1 100 1 1 1 1 1 1 1 1 1 1 1 1 1 1 100 1 1 1 1 1 1 1 1 1 1 1 1 1 1 1 1 1 1 1 1 1 1 1 1 1 1 1 1 1 1 1 1 1 1 1 1 1 1 1 1 1 1 1 1 100 1 1 1 100 1 1 1 1 1 100 1 1 1 1 1 1 1 1 1 1 1 1 1 1 1 1 1 1
ciInstanceKlass java/util/Map 1 1 263 11 7 12 1 1 1 11 12 1 1 10 7 12 1 1 11 12 1 1 11 100 12 1 1 1 11 100 12 1 1 1 11 12 1 1 7 1 11 12 1 11 12 1 100 1 100 1 10 12 1 1 11 100 12 1 1 1 11 100 12 1 1 1 11 12 1 11 12 1 10 12 1 1 11 12 1 11 7 12 1 9 7 12 1 1 1 100 1 10 12 7 1 7 1 10 12 1 7 1 10 100 1 11 12 1 11 12 1 1 11 12 1 1 100 1 11 12 1 1 1 1 1 1 1 1 1 1 1 1 1 1 1 1 1 1 1 1 1 1 1 1 1 1 1 1 1 1 1 1 1 1 1 1 1 1 1 1 1 1 1 1 1 1 1 1 1 1 1 1 1 1 1 1 1 1 1 1 1 1 1 1 1 1 1 1 1 1 1 1 1 1 1 1 1 1 1 1 1 1 1 1 1 1 1 1 1 1 1 1 1 1 1 1 1 1 1 1 1 1 1 1 1 1 1 1 1 1 1 1 1 1 1 1 1 1 1 1 1 1 1 1 1 1 100 1 1 1 1 1 1 1 1 1 1 1 1 1 1 1 1 1 1
ciInstanceKlass java/lang/String 1 1 1471 10 7 12 1 1 1 8 1 9 7 12 1 1 1 9 12 1 1 9 12 1 1 9 12 1 1 10 12 1 10 12 1 1 10 12 1 1 9 12 1 10 7 12 1 1 1 10 12 1 1 10 12 1 10 7 12 1 1 1 10 12 1 1 10 12 1 1 10 12 1 10 12 1 1 10 12 1 10 7 12 1 1 1 7 1 9 7 12 1 1 1 10 7 12 1 1 1 10 12 1 1 10 12 1 1 10 7 12 1 1 1 10 12 1 1 9 7 12 1 1 10 12 9 7 12 1 1 10 12 1 1 3 10 12 1 1 7 1 11 12 1 1 11 12 1 11 12 1 1 10 7 12 1 1 1 10 12 1 1 9 7 12 1 1 1 10 12 1 1 10 12 1 11 12 1 1 10 12 1 10 12 10 12 1 1 100 1 100 1 10 12 1 10 12 1 10 7 12 1 1 1 10 12 1 1 100 1 10 12 1 1 100 1 10 12 1 1 10 12 1 1 10 12 1 10 10 12 1 100 1 100 1 100 1 10 12 1 10 12 1 1 10 12 1 1 10 12 1 10 12 1 1 10 12 1 1 10 7 12 1 1 7 1 11 10 7 12 1 1 11 12 1 11 12 1 10 12 1 10 12 1 10 12 10 12 1 1 10 10 7 12 1 1 1 10 7 12 1 1 10 12 1 1 10 7 12 1 1 10 12 1 10 12 1 1 10 12 1 1 10 12 1 10 12 1 10 12 1 1 100 1 10 12 1 1 10 12 10 12 1 10 12 1 1 10 12 1 1 10 7 12 1 1 1 10 12 1 10 12 1 1 10 12 1 10 12 1 3 3 10 12 1 1 10 12 1 10 12 1 1 10 12 1 1 10 12 1 1 10 12 1 10 12 1 1 10 12 1 1 10 12 1 10 12 1 10 12 1 10 12 1 1 10 12 1 10 12 1 10 12 1 10 12 1 10 12 1 10 12 1 10 100 1 10 8 1 10 12 1 1 10 12 1 8 1 10 12 1 1 10 12 10 12 1 8 1 10 10 12 1 1 10 12 1 1 7 1 5 0 100 1 8 1 10 10 12 1 1 5 0 5 0 5 0 10 12 1 1 10 100 1 10 10 12 1 10 12 1 10 12 1 10 10 12 1 10 12 1 10 12 1 10 12 1 10 12 1 10 12 1 10 12 1 1 10 12 1 1 10 12 1 1 10 10 12 1 1 10 10 12 1 100 1 10 9 100 12 1 1 1 11 100 12 1 1 1 10 12 1 1 10 12 1 1 10 7 1 10 12 1 10 12 1 10 7 12 1 1 1 10 12 1 10 12 1 1 10 12 1 11 7 1 11 12 10 12 1 10 12 1 1 10 12 1 1 10 10 12 1 10 12 1 9 12 1 1 11 100 12 1 1 1 10 12 10 10 12 1 10 12 1 1 10 10 12 1 10 12 1 10 12 1 1 10 12 1 1 10 10 12 1 1 10 10 7 12 1 1 1 10 12 1 10 12 1 10 12 10 10 12 10 10 12 1 10 12 1 10 10 12 10 12 1 1 10 12 10 10 12 10 12 1 10 12 10 12 10 10 12 1 10 12 1 1 10 12 1 1 10 10 12 1 10 7 12 1 1 1 10 12 1 1 10 10 7 12 1 1 1 11 10 12 1 10 12 1 1 10 12 1 1 10 7 12 1 1 1 10 12 1 10 12 1 10 12 1 10 12 1 10 12 1 10 12 1 100 1 10 10 12 1 10 12 1 1 8 1 10 12 1 3 3 10 12 1 10 12 1 1 10 12 7 1 10 10 12 1 1 10 12 10 12 1 10 12 1 10 12 1 1 10 12 1 1 11 7 12 1 1 1 7 1 10 12 1 10 12 1 1 8 1 10 12 1 1 10 12 1 11 7 12 1 1 1 11 7 12 1 1 11 12 1 10 12 1 10 12 1 1 10 10 7 12 1 1 1 10 12 1 10 12 1 10 10 12 10 12 1 1 10 10 12 1 10 10 12 1 10 10 12 1 10 10 12 1 10 12 1 1 10 10 12 1 8 1 10 12 1 1 18 12 1 1 11 7 12 1 1 1 3 18 12 1 18 12 1 8 1 10 7 12 1 1 1 11 12 1 1 10 12 10 10 12 1 10 11 12 1 1 10 12 1 1 11 12 1 18 3 11 10 11 11 10 12 1 10 12 1 1 8 1 10 12 1 10 12 1 10 12 1 1 10 10 12 1 11 100 12 1 100 1 100 1 10 12 100 1 10 10 100 12 1 1 1 100 1 10 100 1 10 10 12 1 10 10 12 1 8 1 10 10 12 1 8 1 8 1 10 12 1 10 12 1 10 10 12 10 100 12 1 1 10 100 12 1 1 10 100 12 1 1 8 1 10 12 1 10 12 1 10 9 12 1 10 12 9 7 12 1 1 1 10 12 1 10 12 1 10 12 1 10 12 10 12 1 10 12 1 8 1 10 100 12 1 1 1 10 12 10 12 1 1 10 12 10 12 10 12 7 1 9 12 1 1 7 1 10 100 1 100 1 100 1 100 1 1 1 1 1 1 5 0 1 1 1 1 1 3 1 3 1 1 1 1 1 1 1 1 1 1 1 1 1 1 1 100 1 1 1 1 1 1 1 1 1 1 1 1 1 1 1 1 1 1 1 1 1 1 1 1 1 1 1 1 1 1 1 100 1 1 1 1 1 1 1 1 1 1 1 1 100 1 1 1 1 1 1 1 1 1 1 1 1 1 1 1 1 1 1 1 1 1 1 1 1 1 1 1 1 1 1 1 1 1 1 1 1 1 1 1 1 1 1 1 1 1 1 1 1 1 1 1 1 1 1 1 1 1 1 1 1 1 1 1 1 1 1 1 1 1 1 1 1 1 1 1 1 1 1 1 1 1 1 1 1 1 1 1 1 1 1 1 1 1 1 1 1 1 1 1 1 1 1 1 1 1 1 1 1 1 1 1 1 1 1 1 1 1 1 1 1 1 1 1 1 1 1 1 1 1 1 1 1 1 1 1 1 1 1 1 1 1 1 1 1 1 1 1 1 1 1 1 1 1 1 1 1 1 1 1 1 1 1 1 1 1 1 1 1 1 1 1 1 1 1 1 1 1 1 1 100 1 1 1 1 1 1 1 1 1 1 1 1 1 1 1 1 1 1 1 1 1 1 1 100 1 1 1 1 1 1 1 1 1 1 1 1 1 1 1 100 1 1 1 1 1 1 1 1 1 1 1 1 1 1 1 16 15 10 12 16 15 10 12 15 10 12 15 10 12 15 10 7 12 1 1 1 1 100 1 1 1 1 1 100 1 100 1 1 1
staticfield java/lang/String COMPACT_STRINGS Z 1
staticfield java/lang/String serialPersistentFields [Ljava/io/ObjectStreamField; 0 [Ljava/io/ObjectStreamField;
staticfield java/lang/String CASE_INSENSITIVE_ORDER Ljava/util/Comparator; java/lang/String$CaseInsensitiveComparator
ciInstanceKlass java/lang/Comparable 1 0 12 100 1 100 1 1 1 1 1 1 1 1
ciInstanceKlass java/lang/CharSequence 1 1 145 11 7 12 1 1 1 18 12 1 1 100 1 10 100 12 1 1 1 18 10 100 12 1 1 1 11 12 1 1 11 100 1 11 12 1 1 10 100 12 1 1 1 11 12 1 1 10 12 1 1 10 12 1 100 1 10 12 1 1 10 100 12 1 1 1 100 1 10 10 12 1 1 100 1 1 1 1 1 1 1 1 1 1 1 1 1 1 1 1 1 1 1 1 1 1 1 1 1 1 1 1 1 1 1 1 1 1 1 1 1 1 1 1 16 1 15 11 12 16 15 11 12 15 10 100 12 1 1 1 1 1 100 1 100 1 1 100 1 1 100 1 100 1 1
ciInstanceKlass java/lang/constant/Constable 1 0 11 100 1 100 1 1 1 1 1 1 1
ciInstanceKlass java/lang/constant/ConstantDesc 1 0 37 100 1 100 1 1 1 1 100 1 1 1 1 100 1 100 1 100 1 100 1 100 1 100 1 100 1 100 1 100 1 1 100 1 100 1 1
ciInstanceKlass java/lang/AutoCloseable 1 0 12 100 1 100 1 1 1 1 100 1 1 1
ciInstanceKlass java/io/Closeable 1 0 14 100 1 100 1 100 1 1 1 1 100 1 1 1
ciInstanceKlass java/lang/Appendable 1 0 14 100 1 100 1 1 1 1 100 1 1 1 1 1
ciInstanceKlass java/util/Iterator 1 1 53 100 1 8 1 10 12 1 1 10 7 12 1 1 1 11 7 12 1 1 1 11 12 1 1 11 7 12 1 1 1 100 1 1 1 1 1 1 1 1 1 1 1 1 1 1 1 1 1 1 1 1 1
instanceKlass sun/nio/ch/ChannelInputStream
instanceKlass java/io/FilterInputStream
instanceKlass java/io/FileInputStream
instanceKlass java/io/ByteArrayInputStream
ciInstanceKlass java/io/InputStream 1 1 197 100 1 10 7 12 1 1 1 100 1 10 10 7 12 1 1 1 10 100 12 1 1 1 10 12 1 100 1 100 1 3 10 12 1 1 100 1 8 1 10 12 1 10 7 12 1 1 1 3 100 1 8 1 10 10 7 12 1 1 1 100 1 10 11 100 12 1 1 1 10 12 1 1 11 12 1 1 11 100 12 1 1 1 11 12 1 1 100 1 10 100 12 1 1 1 5 0 10 12 1 10 12 1 1 100 1 10 8 1 10 8 1 8 1 10 12 1 1 10 100 12 1 1 1 100 1 5 0 10 12 1 100 1 100 1 1 1 1 3 1 3 1 1 1 1 1 1 1 1 1 1 1 1 1 1 1 1 1 1 1 1 1 1 1 1 1 1 1 1 1 1 1 1 1 1 1 1 1 1 1 1 1 1 1 1 1 1 1 1 1 1 1 1 1 1 1
instanceKlass java/security/SecureClassLoader
ciInstanceKlass java/lang/ClassLoader 1 1 1076 9 7 12 1 1 1 10 7 12 1 1 1 9 12 1 1 10 7 12 1 1 1 7 1 10 12 1 1 10 12 1 1 9 12 1 1 10 12 1 1 100 1 10 12 1 10 12 1 1 10 7 12 1 1 1 100 1 8 1 10 12 1 10 7 1 10 7 1 7 1 7 1 10 12 1 10 12 1 9 12 1 1 10 10 7 12 1 1 1 9 12 1 1 9 12 1 9 12 1 1 9 12 1 9 12 1 1 9 12 1 1 7 1 10 12 1 9 12 1 1 10 12 1 1 10 7 12 1 1 1 9 12 1 9 12 1 1 9 12 1 10 12 1 1 9 12 10 12 1 1 7 1 10 8 1 10 12 1 1 10 12 1 10 7 1 7 1 10 7 12 1 1 1 10 7 12 1 1 1 8 1 10 12 1 10 12 1 10 12 1 1 10 12 1 1 10 12 1 1 10 12 1 1 10 12 1 1 10 12 1 100 1 10 12 1 10 100 12 1 1 1 10 12 1 1 10 12 1 10 12 1 10 12 1 10 12 1 10 12 1 1 10 10 12 1 10 12 1 10 10 12 1 1 10 12 1 1 100 1 8 1 10 8 1 10 12 1 10 12 1 100 1 8 1 10 12 1 1 10 12 1 1 10 10 12 1 1 10 12 1 1 10 12 1 1 10 7 1 10 12 1 10 12 1 1 10 12 1 1 10 12 1 1 10 12 1 1 10 12 1 1 10 12 1 1 10 12 1 1 10 7 12 1 1 1 10 12 1 10 12 1 10 12 1 1 10 12 1 10 12 1 10 12 1 10 12 1 1 10 12 1 10 12 1 1 8 1 9 12 1 10 12 1 1 8 1 8 1 10 7 12 1 1 100 1 10 10 12 10 12 1 10 12 1 10 12 1 10 12 1 1 10 7 12 1 1 10 12 1 10 7 1 7 1 10 12 1 1 10 12 1 10 7 1 10 12 1 100 1 18 12 1 10 100 12 1 1 1 10 100 12 1 1 1 10 7 12 1 1 10 12 1 10 12 1 100 1 10 12 1 8 1 10 10 12 1 1 10 12 1 10 12 1 1 100 1 10 12 1 1 10 100 12 1 1 10 12 1 10 7 12 1 1 10 12 1 8 1 100 1 10 10 12 1 9 12 1 10 7 12 1 1 10 12 1 100 1 8 1 10 12 1 10 8 1 8 1 10 12 1 1 10 12 1 1 10 12 1 1 10 100 12 1 1 100 1 100 1 10 12 1 1 100 1 100 1 10 100 12 1 1 10 12 1 10 12 1 10 12 1 10 12 1 10 12 1 1 10 12 1 8 1 7 1 18 12 1 1 10 12 1 1 10 12 1 10 12 1 10 12 1 8 1 10 12 1 10 12 1 18 12 1 11 100 12 1 1 1 100 1 10 12 1 1 10 12 1 10 11 12 1 1 10 18 10 12 1 1 11 100 12 1 18 12 1 11 12 1 1 10 12 1 10 12 1 1 10 12 1 1 100 1 8 1 10 10 12 1 8 1 8 1 10 100 12 1 1 10 12 1 100 1 10 10 12 1 8 1 8 1 8 1 10 12 1 10 12 1 10 12 1 1 10 12 1 1 10 12 1 10 100 12 1 1 1 11 100 12 1 1 100 1 10 11 10 12 1 10 12 1 10 12 1 1 9 100 12 1 1 9 12 1 1 9 12 9 12 1 9 12 1 9 12 1 8 10 12 1 1 10 7 12 1 1 1 10 12 1 1 10 12 1 1 10 12 1 1 8 1 10 12 1 1 8 10 12 1 1 8 8 10 12 1 10 12 1 10 12 1 11 12 1 1 10 100 12 1 1 1 100 1 10 12 1 10 12 1 10 12 1 1 1 1 1 1 1 1 1 1 1 1 1 1 1 1 1 1 1 1 1 1 1 1 1 1 100 1 1 1 1 1 1 1 1 1 1 1 1 1 1 1 1 1 1 1 1 1 1 1 1 1 100 1 1 1 1 1 1 1 1 1 1 1 1 1 1 1 1 1 1 1 1 1 1 1 1 1 1 1 1 1 1 1 1 1 1 1 1 1 1 1 1 1 1 1 100 1 1 1 1 1 1 1 1 1 1 1 1 1 1 1 1 1 1 1 1 1 100 1 1 1 1 1 1 1 1 1 1 1 1 1 1 1 1 1 1 1 1 1 1 1 1 1 1 1 1 1 1 1 1 1 1 1 1 1 1 1 1 1 1 1 1 100 1 1 1 1 1 1 1 1 1 1 1 1 1 1 1 1 1 1 1 1 1 1 1 1 1 1 1 1 1 1 1 1 1 1 1 1 1 1 1 1 1 1 1 1 1 1 1 1 1 1 1 16 1 15 10 12 16 1 16 15 10 12 16 1 16 1 15 10 12 16 15 10 12 16 15 10 12 16 15 10 100 12 1 1 1 1 1 100 1 100 1 1
staticfield java/lang/ClassLoader nocerts [Ljava/security/cert/Certificate; 0 [Ljava/security/cert/Certificate;
staticfield java/lang/ClassLoader $assertionsDisabled Z 1
instanceKlass com/sun/tools/javac/file/BaseFileManager$1
instanceKlass sun/awt/image/ImageFetcher
instanceKlass java/util/concurrent/ForkJoinWorkerThread
instanceKlass java/util/concurrent/DelayScheduler
instanceKlass java/awt/EventDispatchThread
instanceKlass jdk/internal/misc/InnocuousThread
instanceKlass java/lang/ref/Finalizer$FinalizerThread
instanceKlass java/lang/ref/Reference$ReferenceHandler
instanceKlass java/lang/BaseVirtualThread
ciInstanceKlass java/lang/Thread 1 1 761 9 7 12 1 1 1 9 7 12 1 1 1 9 12 1 9 12 1 10 12 1 1 9 12 1 1 10 7 12 1 1 10 12 1 10 100 12 1 1 100 1 8 1 10 12 1 1 9 12 1 1 9 12 1 9 12 1 1 7 1 10 12 1 1 10 12 1 7 1 10 12 10 12 1 1 9 12 1 1 10 12 1 100 1 10 12 1 10 12 1 1 10 12 1 1 10 12 1 10 12 1 1 100 1 8 1 10 9 7 12 1 1 1 10 12 1 1 10 3 8 1 100 1 5 0 10 7 12 1 1 1 9 12 1 10 12 1 1 10 7 1 100 1 8 1 10 10 12 1 10 12 1 1 10 12 1 1 10 7 12 1 1 10 12 1 10 12 1 10 7 12 1 1 5 0 9 12 1 10 7 12 1 1 1 10 12 1 1 9 12 1 1 10 100 12 1 1 10 100 12 1 1 1 10 12 1 10 12 1 1 9 12 1 1 10 7 12 1 1 9 12 1 8 1 9 100 12 1 1 1 5 0 100 1 10 100 1 10 100 1 10 100 1 10 8 1 10 12 1 1 10 100 12 1 10 12 1 10 12 1 100 1 8 1 10 10 12 1 10 12 1 1 10 100 12 1 1 1 10 100 12 1 1 1 10 12 1 7 1 9 12 1 1 100 1 10 10 12 1 9 12 1 1 10 12 1 1 10 12 1 1 10 12 1 10 12 1 9 12 1 1 10 10 12 1 1 10 12 1 1 11 7 12 1 1 10 100 12 1 1 9 12 1 1 9 12 1 1 10 100 12 1 1 10 12 1 1 10 12 1 10 100 12 1 1 10 12 1 100 1 10 9 12 1 1 10 12 1 11 100 12 1 1 11 12 1 10 12 1 10 12 1 10 12 1 9 12 1 10 10 12 1 10 12 1 1 9 12 1 9 12 10 12 1 8 1 10 12 1 10 12 1 10 12 1 10 12 1 10 12 1 1 10 12 1 10 12 1 1 10 100 12 1 1 10 12 1 10 12 1 10 12 1 10 12 1 1 9 7 12 1 1 1 8 1 10 9 12 1 10 12 1 100 1 8 1 10 10 12 1 8 1 10 12 1 1 9 12 8 1 10 10 12 1 10 12 1 8 1 10 12 1 10 8 1 9 12 1 1 10 12 1 1 10 10 12 1 10 12 1 100 10 7 12 1 1 1 10 12 1 1 10 12 1 1 10 100 12 1 1 1 11 100 12 1 1 1 10 12 1 1 9 12 1 10 12 1 10 12 1 1 11 100 12 1 1 1 10 12 1 1 1 1 3 1 3 1 3 1 3 1 1 1 1 1 1 1 1 1 1 1 1 1 1 1 1 1 1 1 1 1 1 1 1 1 1 1 100 1 1 1 1 1 1 1 1 1 1 1 1 1 1 1 1 1 1 100 1 1 1 1 1 1 1 1 1 1 1 1 1 1 1 100 1 1 1 1 1 1 1 1 1 1 1 1 1 1 1 1 1 1 1 1 1 1 1 1 1 1 1 1 1 1 1 1 1 1 1 1 1 1 1 1 1 1 1 1 1 1 1 1 1 1 1 1 1 1 1 1 1 1 1 1 1 1 1 1 1 1 1 1 1 1 100 100 1 1 1 1 1 1 1 1 1 1 1 1 1 1 1 1 1 1 1 1 1 1 1 100 1 100 1 100 1 1 1 1 100 1 1 1 1 1 1 1 1 1 1 1 1
staticfield java/lang/Thread NEW_THREAD_BINDINGS Ljava/lang/Object; java/lang/Class
staticfield java/lang/Thread EMPTY_STACK_TRACE [Ljava/lang/StackTraceElement; 0 [Ljava/lang/StackTraceElement;
ciInstanceKlass java/lang/Runnable 1 0 11 100 1 100 1 1 1 1 1 1 1
ciMethod java/lang/System arraycopy (Ljava/lang/Object;ILjava/lang/Object;II)V 256 0 128 0 -1
ciInstanceKlass java/lang/Class 1 1 1652 10 7 12 1 1 1 10 7 12 1 1 9 12 1 1 9 12 1 1 9 12 1 1 9 12 1 1 9 12 1 1 10 12 1 1 8 1 10 12 1 8 1 8 1 10 12 1 1 10 7 12 1 1 1 10 12 1 7 1 10 10 12 1 10 12 1 1 10 12 1 1 10 12 1 1 10 7 12 1 1 10 12 1 10 12 1 10 12 1 1 10 12 1 8 1 10 12 1 8 1 10 12 1 8 1 8 1 10 12 1 1 10 7 12 1 1 1 18 12 1 1 11 7 12 1 1 1 8 1 8 1 8 1 10 7 12 1 1 1 11 12 1 1 8 1 10 12 1 10 10 12 1 1 10 12 1 8 1 10 12 1 1 8 1 10 12 1 10 12 1 1 11 100 12 1 1 1 11 100 12 1 1 1 11 8 1 18 8 1 10 12 1 10 7 12 1 1 10 12 1 1 10 7 12 1 1 1 10 12 1 1 10 12 1 1 10 7 12 1 1 1 10 7 12 1 10 12 1 1 10 7 1 10 12 1 8 1 10 8 1 8 1 8 1 8 1 8 1 8 1 8 1 8 1 9 100 12 1 1 9 100 1 9 100 1 9 100 1 9 100 1 9 100 1 9 100 1 9 100 1 9 100 1 9 12 1 1 100 1 8 1 10 12 1 10 12 1 1 100 1 10 12 1 1 10 7 12 1 1 1 10 7 12 1 1 1 7 1 100 1 10 10 12 1 1 10 12 1 1 100 1 10 100 12 1 1 1 10 12 1 1 10 12 1 1 10 12 9 12 1 1 10 12 1 9 12 1 1 9 12 1 1 10 12 1 1 10 100 1 10 12 1 10 12 1 1 10 9 12 1 10 12 1 8 1 10 12 1 1 10 12 1 1 10 12 1 10 12 1 10 12 1 1 9 7 12 1 1 1 10 12 1 10 7 12 1 1 10 12 1 10 12 1 10 12 1 10 12 1 9 100 12 1 1 1 9 12 1 10 12 1 10 12 1 1 9 12 1 1 10 7 10 12 1 1 10 100 12 1 1 10 12 1 10 12 1 1 10 100 12 1 1 1 10 12 1 10 12 1 1 10 12 1 10 12 1 10 12 1 1 10 7 1 10 10 12 1 1 10 12 1 1 10 12 10 10 12 1 1 100 1 8 1 10 10 12 1 1 10 12 1 100 1 11 12 1 10 12 1 10 12 1 10 100 12 1 1 10 10 12 1 1 8 1 10 12 1 8 1 9 12 1 10 12 1 10 12 1 10 12 1 10 12 100 1 9 12 1 10 12 1 9 12 1 10 12 1 10 12 1 10 12 1 10 10 12 1 10 12 1 10 12 1 10 12 1 10 12 1 10 12 1 7 1 10 10 12 1 10 12 1 11 100 12 1 1 11 12 1 1 10 12 1 1 10 12 1 1 10 12 1 1 10 12 1 1 10 12 1 1 10 12 1 1 100 1 10 10 12 1 1 10 12 1 1 10 12 1 1 10 10 12 1 10 12 1 1 10 12 1 1 10 12 1 1 10 12 1 1 10 12 10 12 1 1 10 7 12 1 1 1 10 12 1 10 12 1 1 10 12 1 10 7 12 1 1 1 10 12 1 1 10 10 12 1 1 100 1 10 10 12 1 1 10 100 12 1 1 1 100 1 100 1 10 12 1 1 10 12 1 10 10 12 1 1 10 12 1 10 12 1 10 12 1 10 100 12 1 1 1 11 7 12 1 1 10 12 1 10 12 1 9 7 12 1 1 8 1 10 12 1 10 12 1 10 12 1 10 12 1 1 9 12 1 9 12 1 1 10 7 12 1 1 9 12 1 10 12 1 1 10 10 12 1 10 7 12 1 1 1 10 100 12 1 1 10 100 12 1 1 9 12 1 1 10 12 1 9 12 1 10 12 1 10 12 1 1 9 12 1 1 9 12 1 10 12 1 10 12 1 1 9 12 1 100 1 10 10 12 1 1 7 1 10 100 11 100 1 9 12 1 1 9 12 1 10 12 1 9 12 1 1 9 12 1 10 12 1 10 12 1 1 9 12 1 100 1 10 10 12 1 1 10 10 12 1 10 12 10 10 12 1 9 12 1 10 12 1 1 10 12 1 8 10 100 8 1 18 8 1 8 1 10 12 1 9 12 1 9 12 1 1 10 12 1 7 1 100 1 10 12 1 9 12 1 1 10 10 12 1 9 12 1 8 1 10 12 1 10 10 12 1 1 100 1 100 1 9 12 1 100 1 8 1 10 10 7 12 1 1 1 10 12 11 7 12 1 1 1 10 12 1 10 12 1 1 10 8 1 10 12 1 8 1 10 12 1 1 9 7 12 1 1 11 12 100 1 11 7 12 1 1 9 12 1 10 100 12 1 1 1 10 7 12 1 1 10 12 1 1 9 12 1 9 10 12 1 1 10 12 1 1 10 12 1 1 10 12 1 1 10 12 1 1 11 12 1 11 12 1 1 11 7 12 1 1 11 12 1 100 1 11 12 1 10 100 12 1 1 1 10 12 1 11 12 1 10 100 12 1 1 1 10 12 1 10 100 12 1 1 1 11 12 1 11 12 1 1 10 12 1 10 12 1 1 9 12 1 1 10 12 1 10 100 12 1 1 1 10 12 1 1 10 12 1 10 12 1 10 12 1 10 7 12 1 1 1 10 12 1 8 1 10 12 1 10 12 1 10 12 1 8 1 8 1 10 7 12 1 1 10 100 12 1 1 100 1 10 12 10 7 12 1 1 1 10 7 12 1 1 1 10 12 1 1 10 12 1 18 12 1 1 11 12 1 1 18 11 12 1 18 12 1 11 12 1 10 12 1 10 12 1 10 12 1 10 12 10 12 1 8 1 10 12 1 7 1 9 12 1 1 100 1 100 1 100 1 100 1 1 1 3 1 3 1 3 1 1 1 1 1 1 1 1 1 5 0 1 1 1 1 1 1 1 1 1 1 1 1 1 1 1 1 1 1 1 1 1 1 1 1 1 1 1 100 1 1 1 1 1 1 1 1 1 1 1 100 1 1 1 1 1 100 1 1 1 1 1 1 1 1 1 1 1 1 1 1 1 1 1 1 1 1 1 1 1 1 1 1 1 1 1 1 1 1 1 1 100 1 1 1 1 1 1 1 1 1 1 1 1 1 1 1 1 1 1 1 1 1 1 1 1 1 1 1 1 1 1 1 100 1 1 1 1 1 1 1 1 1 1 1 1 1 1 1 1 1 1 1 1 1 1 1 1 1 1 1 1 1 1 1 1 1 1 1 1 1 1 1 1 1 1 1 1 1 1 1 1 1 1 1 1 1 1 1 1 1 1 1 1 1 100 1 100 1 1 1 1 1 1 1 1 1 1 1 1 1 1 1 1 1 1 1 1 1 1 1 1 1 1 1 1 1 1 1 1 1 1 1 1 1 1 1 1 1 1 1 1 1 1 1 1 1 1 1 1 1 1 1 1 1 1 1 1 1 1 1 1 1 1 1 1 1 1 1 1 1 1 1 1 1 1 1 1 1 1 1 1 1 1 1 1 1 1 1 1 1 1 1 1 1 1 1 1 1 1 1 1 1 1 1 1 1 1 1 1 1 1 1 1 1 1 1 1 16 15 10 12 16 15 11 12 16 1 15 10 12 16 16 15 10 12 16 15 16 1 15 10 12 16 15 10 7 12 1 1 1 1 1 100 1 1 1 1 1 1 1 1 100 1 1 100 1 100 1 1 100 1 100 1 1
staticfield java/lang/Class EMPTY_CLASS_ARRAY [Ljava/lang/Class; 0 [Ljava/lang/Class;
staticfield java/lang/Class serialPersistentFields [Ljava/io/ObjectStreamField; 0 [Ljava/io/ObjectStreamField;
ciInstanceKlass java/lang/reflect/AnnotatedElement 1 1 165 11 7 12 1 1 1 11 12 1 1 100 1 10 100 12 1 1 1 10 12 1 1 10 12 1 1 10 12 1 10 100 12 1 1 1 11 12 1 1 11 100 12 1 1 10 100 12 1 1 1 10 12 1 10 100 12 1 1 1 18 12 1 1 11 100 12 1 1 18 12 1 18 12 1 1 10 100 12 1 1 1 11 100 12 1 1 1 100 1 10 100 12 1 1 1 1 1 1 1 1 1 1 1 1 1 1 1 1 1 1 1 1 1 1 1 1 1 1 100 1 1 1 1 1 1 1 1 1 1 1 16 15 16 1 16 1 15 11 12 16 16 1 15 10 100 12 1 1 1 16 1 15 10 100 12 1 1 1 1 100 1 100 1 1
ciInstanceKlass java/lang/reflect/Type 1 1 17 11 100 12 1 1 1 100 1 1 1 1 1 1 1 1 1
ciInstanceKlass java/lang/invoke/TypeDescriptor 1 0 17 100 1 100 1 1 1 1 1 1 100 1 100 1 1 1 1
ciInstanceKlass java/lang/invoke/TypeDescriptor$OfField 1 0 21 100 1 100 1 100 1 1 1 1 1 1 1 1 1 1 1 1 1 1 1
ciInstanceKlass java/lang/reflect/GenericDeclaration 1 0 30 100 1 100 1 100 1 1 1 1 1 1 1 1 100 1 8 1 1 12 10 1 1 1 8 1 1 1 8 1
ciInstanceKlass java/lang/Module 1 1 1076 10 7 12 1 1 1 9 7 12 1 1 1 10 7 12 1 1 1 9 12 1 9 12 1 1 9 12 1 1 10 12 1 1 10 12 1 10 12 1 1 10 100 12 1 1 1 100 1 10 7 12 1 1 1 10 12 1 1 11 7 12 1 1 1 10 12 1 1 10 12 1 8 1 10 7 12 1 1 1 10 100 12 1 1 1 10 7 12 1 1 1 10 12 1 1 10 12 1 9 12 1 1 10 7 12 1 1 1 9 7 12 1 1 1 7 1 10 8 1 10 12 1 1 10 12 1 10 12 8 1 10 7 12 1 1 1 10 100 12 1 1 1 10 100 12 1 1 1 8 1 10 12 1 8 1 9 12 1 100 1 8 1 10 12 1 10 8 1 8 1 8 1 10 100 12 1 1 1 8 1 10 100 12 1 1 1 8 1 10 12 1 9 12 1 1 11 12 1 9 7 12 1 1 10 7 12 1 1 1 10 7 12 1 1 1 10 12 1 1 8 1 10 12 1 1 10 12 1 10 12 1 1 9 100 12 1 1 1 10 12 1 1 10 12 1 1 9 12 1 10 12 1 10 12 1 9 12 1 1 11 7 12 1 1 10 12 1 1 9 12 1 9 12 1 10 12 1 10 12 1 100 1 8 1 10 10 12 1 1 10 12 1 8 1 10 12 1 1 8 1 8 1 10 12 1 1 10 12 1 10 12 1 1 10 12 1 18 12 1 1 10 12 1 1 11 12 1 9 12 1 11 12 100 1 10 12 1 18 12 1 11 12 1 1 11 12 1 1 11 12 1 10 12 1 1 10 12 1 1 9 12 1 10 12 10 7 12 1 1 10 7 1 18 12 1 1 11 100 12 1 1 1 18 12 1 11 12 1 1 10 100 12 1 1 1 11 12 1 1 10 100 12 1 1 11 12 1 1 10 12 1 1 100 1 11 12 1 100 1 100 1 10 12 1 10 7 12 1 1 1 10 100 12 1 1 1 10 11 100 12 1 8 1 10 12 1 10 12 1 1 10 100 12 1 1 10 12 1 10 12 1 100 1 10 12 1 10 11 12 1 10 12 11 12 1 1 11 7 12 1 1 11 12 1 1 10 12 1 1 9 12 1 1 100 1 10 10 12 1 1 11 100 1 10 12 1 1 11 12 1 10 11 10 12 1 11 10 12 1 1 10 12 1 1 10 12 1 1 10 100 12 1 1 10 12 1 10 12 1 1 10 10 12 1 1 10 12 1 18 12 1 11 12 1 18 12 1 10 12 1 10 12 1 10 12 100 1 10 12 1 10 12 1 10 12 1 9 12 1 100 1 10 10 10 10 12 1 10 12 1 10 12 1 10 12 1 1 10 12 1 1 10 12 1 9 12 1 10 12 1 100 1 8 1 10 12 1 1 10 12 1 10 100 12 1 1 100 1 10 12 1 1 100 1 8 1 100 1 9 100 12 1 1 1 11 100 12 1 1 10 12 1 1 11 12 1 1 18 12 1 1 11 12 1 1 100 1 10 12 1 10 12 1 1 100 1 100 1 10 12 8 1 10 12 1 1 10 12 1 1 10 7 12 1 1 10 12 1 1 10 12 1 10 12 10 12 1 1 7 1 10 10 12 1 1 10 100 12 1 1 1 100 1 10 100 12 1 1 1 10 100 12 1 1 8 1 18 12 1 1 100 1 100 1 9 12 1 1 9 12 1 9 12 1 11 100 12 1 1 1 100 1 11 12 1 1 100 1 10 12 1 8 1 10 12 1 10 12 10 12 1 8 1 10 10 100 12 1 1 10 12 1 1 100 1 10 10 12 1 10 7 12 1 1 9 12 1 9 12 1 9 12 1 9 12 1 9 12 1 10 12 10 12 1 100 1 1 1 1 1 1 1 1 1 1 1 1 1 1 1 1 1 1 1 1 1 1 1 1 1 1 1 1 1 1 1 1 1 1 1 1 1 1 1 1 1 1 1 1 1 1 1 1 1 1 1 1 1 1 1 1 1 1 1 1 1 1 1 1 1 1 1 1 1 1 1 1 1 1 1 1 1 1 1 1 1 1 1 1 1 1 1 1 1 1 1 1 1 1 1 1 1 1 1 1 1 1 1 1 1 1 1 1 100 100 1 1 1 1 1 1 1 1 1 1 1 1 1 1 1 1 1 1 1 1 1 1 1 1 1 1 100 1 100 1 1 1 1 1 1 1 1 1 1 1 1 1 1 1 1 1 1 100 1 1 1 1 1 1 1 1 1 1 1 1 1 1 1 1 1 1 1 1 1 1 1 1 1 1 1 16 15 10 12 16 15 10 12 16 1 16 15 10 12 16 16 15 10 16 1 15 10 12 16 1 15 10 12 16 1 16 1 15 10 12 16 15 10 100 12 1 1 1 15 10 100 12 1 1 1 1 1 1 1 1 1 1 1 1 1 100 1 100 1 1
staticfield java/lang/Module ALL_UNNAMED_MODULE Ljava/lang/Module; java/lang/Module
staticfield java/lang/Module ALL_UNNAMED_MODULE_SET Ljava/util/Set; java/util/ImmutableCollections$Set12
staticfield java/lang/Module EVERYONE_MODULE Ljava/lang/Module; java/lang/Module
staticfield java/lang/Module EVERYONE_SET Ljava/util/Set; java/util/ImmutableCollections$Set12
staticfield java/lang/Module $assertionsDisabled Z 1
ciInstanceKlass java/lang/Math 1 1 480 7 1 7 1 10 100 12 1 1 1 10 7 12 1 1 1 10 12 1 10 12 1 10 12 1 10 12 1 10 12 1 6 0 6 0 10 12 1 10 12 1 10 12 1 10 12 1 10 12 1 10 12 1 1 10 12 1 10 12 1 10 12 1 10 12 1 10 12 1 10 7 12 1 1 1 100 1 3 3 3 10 12 1 1 100 1 5 0 5 0 5 0 5 0 5 0 9 100 12 1 1 1 10 100 12 1 1 1 100 1 8 1 10 12 1 8 1 10 12 1 1 10 12 1 1 100 1 5 0 5 0 100 1 3 5 0 3 5 0 10 12 1 10 12 1 10 12 1 10 12 1 10 12 1 8 1 10 12 1 8 1 10 12 1 1 10 12 1 1 9 12 1 1 9 12 1 100 1 100 1 10 10 12 1 1 8 1 10 12 1 10 12 1 1 10 10 12 1 10 12 1 10 12 1 10 12 1 1 8 1 8 1 10 12 1 1 10 12 1 10 12 10 12 10 12 1 10 12 1 10 12 1 10 12 1 10 12 6 0 10 12 1 9 12 1 1 100 1 10 10 12 1 100 1 10 12 1 10 12 1 1 10 12 1 10 12 1 10 12 10 12 1 1 10 12 1 1 10 12 1 1 10 12 6 0 10 12 1 1 10 12 10 12 1 4 10 12 1 10 12 1 10 12 10 12 1 10 12 1 10 12 1 10 12 1 10 12 1 10 12 1 5 0 6 0 4 6 0 4 6 0 4 10 12 1 6 0 6 0 10 12 1 10 12 8 1 10 12 1 10 12 1 8 1 8 1 10 12 10 12 10 7 12 1 1 1 4 6 0 1 1 1 6 0 1 6 0 1 6 0 1 1 1 1 1 1 1 1 1 1 1 1 1 1 1 1 1 1 1 1 1 1 1 1 1 1 1 1 1 1 1 1 1 1 1 1 1 1 1 1 1 1 1 1 1 1 1 1 1 1 1 1 1 1 1 1 1 1 1 1 1 1 1 1 1 1 1 1 1 1 1 1 1 1 1 1 1 1 1 1 1 1 1 1 1 1 1 1 1 1 1 1 1 1 1 1 1 1 1
staticfield java/lang/Math negativeZeroFloatBits J -2147483648
staticfield java/lang/Math negativeZeroDoubleBits J -9223372036854775808
staticfield java/lang/Math $assertionsDisabled Z 1
ciInstanceKlass jdk/internal/util/ArraysSupport 1 1 396 7 1 100 1 8 1 10 12 1 1 10 12 1 1 10 100 12 1 1 9 7 12 1 1 1 9 12 1 1 10 7 12 1 1 1 9 12 1 1 10 7 12 1 1 1 9 12 1 10 12 9 12 1 10 12 1 1 10 12 10 12 1 1 10 7 12 1 1 1 9 12 1 1 11 7 12 1 1 1 10 7 12 1 1 1 7 1 10 12 1 1 10 12 1 100 1 10 12 1 10 12 100 1 10 12 1 100 1 10 12 1 100 1 100 1 10 8 1 10 12 1 1 10 12 1 10 12 1 1 10 9 12 1 1 9 12 1 10 12 1 1 9 12 1 9 12 1 9 12 1 9 12 1 9 12 1 9 12 1 9 12 1 10 12 1 1 10 100 12 1 1 1 9 12 1 9 12 1 10 12 1 1 10 12 1 9 12 1 10 12 1 10 100 12 1 1 1 9 12 1 9 12 1 10 12 1 10 12 1 10 7 12 1 1 1 3 10 12 1 100 1 8 1 8 1 8 1 10 10 100 12 1 1 1 11 100 12 1 1 1 10 12 1 10 100 12 1 1 1 10 12 1 1 10 12 1 1 9 12 1 10 12 1 9 12 1 9 12 1 9 12 1 9 12 1 9 12 1 9 12 1 9 12 1 10 7 12 1 1 1 1 1 3 1 3 1 3 1 3 1 3 1 3 1 3 1 3 1 1 1 1 1 1 1 1 1 1 1 1 1 1 1 1 1 1 1 1 1 1 1 1 1 1 1 1 1 1 1 1 1 1 1 1 1 1 1 1 1 1 1 1 1 1 1 1 1 1 1 1 1 1 1 1 1 1 1 1 1 1 1 1 1 1 1 1 1 1 1 1 1 1 1 1 1 1 1 1 1 1 1 100 1 1 1 1
staticfield jdk/internal/util/ArraysSupport U Ljdk/internal/misc/Unsafe; jdk/internal/misc/Unsafe
staticfield jdk/internal/util/ArraysSupport BIG_ENDIAN Z 0
staticfield jdk/internal/util/ArraysSupport LOG2_ARRAY_BOOLEAN_INDEX_SCALE I 0
staticfield jdk/internal/util/ArraysSupport LOG2_ARRAY_BYTE_INDEX_SCALE I 0
staticfield jdk/internal/util/ArraysSupport LOG2_ARRAY_CHAR_INDEX_SCALE I 1
staticfield jdk/internal/util/ArraysSupport LOG2_ARRAY_SHORT_INDEX_SCALE I 1
staticfield jdk/internal/util/ArraysSupport LOG2_ARRAY_INT_INDEX_SCALE I 2
staticfield jdk/internal/util/ArraysSupport LOG2_ARRAY_LONG_INDEX_SCALE I 3
staticfield jdk/internal/util/ArraysSupport LOG2_ARRAY_FLOAT_INDEX_SCALE I 2
staticfield jdk/internal/util/ArraysSupport LOG2_ARRAY_DOUBLE_INDEX_SCALE I 3
staticfield jdk/internal/util/ArraysSupport LOG2_BYTE_BIT_SIZE I 3
staticfield jdk/internal/util/ArraysSupport JLA Ljdk/internal/access/JavaLangAccess; java/lang/System$1
ciInstanceKlass java/util/Arrays 1 1 1020 10 7 12 1 1 1 10 7 12 1 1 1 10 7 12 1 1 1 10 12 1 10 12 1 10 12 1 10 12 1 10 12 1 10 12 1 10 100 12 1 1 1 100 1 100 1 10 8 1 10 12 1 1 10 12 1 8 1 8 1 10 12 1 1 10 12 1 100 1 10 12 1 9 100 12 1 1 1 10 7 12 1 1 100 1 10 12 1 1 10 7 12 1 1 10 7 12 1 1 1 100 1 10 12 1 10 12 1 1 7 1 9 7 12 1 1 1 10 12 1 1 10 7 12 1 1 10 12 1 10 12 1 1 10 12 1 10 12 1 1 7 1 11 12 1 1 10 12 1 10 7 12 1 1 1 10 12 10 12 1 10 12 1 10 12 10 12 1 11 7 12 1 1 1 10 7 12 1 1 1 100 1 10 12 1 10 100 1 10 12 1 10 100 1 10 12 1 10 100 1 10 12 1 10 10 12 1 1 10 12 1 10 12 1 10 12 1 10 12 1 10 12 1 10 100 12 1 1 1 10 12 1 10 100 12 1 1 1 10 12 1 10 12 1 10 7 12 1 1 1 10 12 1 10 12 1 10 12 1 10 12 1 10 12 1 10 12 1 10 12 1 10 12 1 10 12 1 10 12 1 10 12 1 10 12 1 10 12 1 10 12 1 10 12 1 10 12 1 1 10 12 1 1 10 7 12 1 1 1 10 7 1 10 100 1 10 7 1 10 100 1 10 100 1 10 100 1 10 100 1 10 100 1 10 12 1 8 1 7 1 10 12 10 100 12 1 1 1 10 12 10 12 1 10 12 1 10 12 1 10 100 12 1 1 10 12 10 12 1 10 12 1 10 12 10 12 1 1 10 12 1 1 9 100 12 1 1 1 10 12 1 9 100 1 10 12 1 9 10 12 1 9 100 1 10 12 1 9 100 1 10 12 1 9 10 12 1 9 10 12 1 10 12 1 10 12 1 9 12 1 100 1 10 10 12 1 1 10 12 1 10 12 1 10 12 1 10 12 1 10 12 1 10 12 1 10 12 1 10 12 1 10 12 1 8 1 8 1 10 12 1 10 12 1 8 1 10 12 1 10 12 1 10 12 1 10 100 12 1 1 1 3 10 100 1 10 10 12 1 1 11 100 12 1 1 10 12 1 1 10 12 1 10 12 1 10 12 1 10 12 1 10 12 1 10 12 1 10 12 1 10 12 1 11 12 1 8 1 10 11 12 1 11 100 12 1 1 1 11 100 12 1 1 1 11 12 1 1 18 12 1 1 11 12 1 1 11 100 12 1 1 1 18 12 1 11 100 12 1 1 1 18 12 1 11 100 12 1 1 1 18 12 1 100 1 10 7 12 1 1 1 10 12 1 10 12 1 10 12 1 10 12 1 10 12 1 10 12 1 10 12 1 10 12 1 1 10 12 1 10 7 12 1 1 10 12 1 10 12 1 10 12 1 1 10 12 1 10 12 1 10 12 1 1 10 12 1 10 12 1 10 12 1 1 10 12 1 10 12 1 10 12 1 10 12 1 10 12 10 12 1 10 12 10 12 10 12 1 10 12 10 12 1 10 12 1 10 12 1 1 1 1 3 1 3 1 1 1 1 1 1 1 1 1 1 1 1 1 1 1 1 1 1 1 1 1 1 1 1 1 1 1 1 1 1 1 1 1 1 1 1 1 1 1 1 1 1 1 1 1 1 1 1 1 1 1 1 1 1 1 1 1 1 1 1 1 1 1 1 1 1 1 1 1 1 1 1 1 1 1 1 1 1 1 1 1 1 1 1 1 1 1 1 1 1 1 1 1 1 1 1 1 1 1 1 1 1 1 1 1 1 1 1 1 1 1 1 1 1 1 1 1 1 1 1 1 1 1 1 1 1 1 1 1 1 1 1 1 1 1 1 1 1 1 1 1 1 1 1 1 1 1 1 1 1 1 1 1 1 1 1 1 1 1 1 1 1 1 1 1 1 1 1 1 1 1 1 1 1 1 1 1 1 1 1 1 1 1 1 1 1 1 1 1 1 1 1 1 1 1 1 1 1 1 1 1 1 1 1 1 1 1 1 1 1 1 1 1 1 1 1 1 1 1 1 1 1 1 1 1 1 1 1 1 1 1 1 1 1 1 1 1 1 1 1 1 1 1 1 1 1 1 1 1 1 1 1 1 1 1 1 1 1 1 1 100 1 1 16 15 10 12 15 10 12 15 10 12 15 10 12 15 10 100 12 1 1 1 1 1 100 1 100 1 1 1 1 100 1 1 1 1 1 1 100 1 1 100 1 1 100 1 1 1 100 1 100 1 1
staticfield java/util/Arrays $assertionsDisabled Z 1
ciInstanceKlass jdk/internal/misc/Unsafe 1 1 1248 10 7 12 1 1 1 10 7 12 1 1 9 12 1 1 9 12 1 1 10 12 1 1 10 7 12 1 1 1 10 12 1 1 10 12 1 1 10 12 1 1 10 12 1 1 10 12 1 1 10 12 1 1 10 12 1 1 10 12 1 1 10 12 1 1 10 12 1 1 10 12 1 1 10 12 1 1 10 12 1 1 10 12 1 10 12 1 100 1 10 10 12 1 1 10 12 1 1 5 0 10 12 1 1 10 12 1 1 10 7 12 1 1 1 10 12 1 1 10 12 1 10 12 1 10 12 1 1 10 12 1 1 10 12 1 10 12 1 100 1 100 1 10 8 1 10 12 1 1 10 12 1 8 1 10 12 1 1 10 12 1 10 12 1 10 12 1 1 10 12 1 10 12 1 1 10 12 1 1 10 12 1 10 12 1 10 12 1 10 12 1 1 10 12 1 10 12 1 10 12 1 1 10 12 1 5 0 5 0 5 0 10 12 1 10 12 1 10 12 1 10 12 1 10 12 1 10 12 1 10 12 1 10 12 1 10 12 1 1 10 12 1 10 12 1 100 1 8 1 10 100 1 10 10 12 1 1 10 12 1 1 10 12 1 10 12 1 1 10 12 1 1 10 12 1 10 12 1 1 10 12 1 9 7 12 1 1 9 12 1 100 1 10 10 12 1 1 8 1 10 8 1 8 1 10 12 1 1 9 7 12 1 1 1 9 100 1 9 7 1 9 7 1 9 9 100 1 9 7 1 9 100 1 10 12 1 1 10 12 1 1 10 12 1 1 10 12 1 1 5 0 5 0 9 12 1 1 10 12 1 10 12 1 10 12 1 1 10 12 1 1 10 12 1 8 1 3 10 12 1 1 10 12 1 1 10 12 1 10 12 1 1 10 12 1 1 10 12 1 10 12 1 10 12 1 10 12 1 10 12 1 10 12 1 1 10 12 1 1 10 12 1 10 12 1 10 12 1 10 12 1 10 12 1 10 12 1 1 10 12 1 1 10 12 1 10 12 1 10 12 1 10 12 1 10 12 1 10 12 1 1 10 12 1 1 10 12 1 1 10 12 1 1 10 12 1 10 12 1 10 12 1 10 12 1 10 12 1 10 12 1 10 12 1 1 10 12 1 1 10 12 1 10 12 1 10 12 1 10 12 1 10 12 1 10 12 1 10 12 1 1 10 12 1 1 10 12 1 10 12 1 10 12 1 10 12 1 10 12 1 10 12 1 10 12 1 10 12 1 1 10 12 1 10 12 1 10 12 1 10 12 1 10 12 1 1 10 12 1 10 12 1 10 12 1 10 12 1 10 12 1 10 12 1 10 12 1 10 12 1 1 10 12 1 10 12 1 10 12 1 10 12 1 10 12 1 10 12 1 1 10 12 1 10 12 1 10 12 1 1 10 12 1 10 12 1 10 12 1 10 12 1 10 12 1 10 12 1 10 12 1 10 12 1 10 12 1 10 12 1 10 12 1 10 12 1 10 12 1 10 12 1 10 12 1 10 12 1 10 12 1 10 12 1 10 12 1 10 12 1 10 12 1 10 12 1 10 12 1 100 1 10 100 1 10 9 12 1 5 0 10 12 1 1 5 0 10 12 1 5 0 10 12 1 10 12 1 10 12 1 1 10 12 1 1 10 12 1 10 12 1 10 12 1 10 12 1 1 10 12 1 10 12 1 10 12 1 10 12 1 10 12 1 1 10 12 1 10 12 1 10 12 1 10 12 1 1 10 12 1 10 12 1 10 12 1 1 10 12 1 10 12 1 10 12 1 10 12 1 1 10 12 1 10 10 12 1 1 10 12 1 10 12 1 1 10 12 1 10 12 5 0 5 0 5 0 10 12 1 1 10 12 1 10 12 1 10 12 10 100 12 1 1 8 1 100 1 11 12 1 1 8 1 11 12 1 1 10 100 12 1 1 10 12 1 10 7 1 10 12 1 1 9 12 1 1 7 1 9 12 1 7 1 9 12 1 7 1 9 12 1 7 1 9 12 1 7 1 9 12 1 7 1 9 12 1 7 1 9 12 1 7 1 9 12 1 10 12 1 9 12 1 9 12 1 9 12 1 9 12 1 9 12 1 9 12 1 9 12 1 9 12 1 9 12 1 9 12 1 1 1 5 0 1 1 1 1 1 1 1 1 1 1 1 1 1 1 1 1 1 1 1 1 1 1 1 1 1 1 1 1 1 1 1 1 1 1 1 1 1 1 1 1 1 1 1 1 1 1 1 1 1 1 1 1 1 1 1 1 1 1 1 1 1 1 1 1 1 1 1 1 1 1 1 1 1 1 1 1 1 1 1 1 1 1 1 1 1 1 1 1 1 1 100 1 1 1 1 1 1 1 1 1 1 1 1 1 1 1 1 1 1 1 1 1 1 1 1 1 1 1 1 1 1 1 1 1 1 1 1 1 1 1 1 1 1 1 1 1 1 1 1 1 1 1 1 1 1 1 1 1 1 1 1 1 1 1 1 1 1 1 1 1 1 1 1 1 1 1 1 1 1 1 1 1 1 1 1 1 1 1 1 1 1 1 1 1 1 1 1 1 1 1 1 1 1 1 1 1 1 1 1 1 1 1 1 1 1 1 1 1 1 1 1 1 1 1 1 1 1 1 1 1 1 1 1 1 1 1 1 1 1 1 1 1 1 1 1 1 1 1 1 1 1 1 1 1 1 1 1 1 1 1 1 1 1 1 1 1 1 1 1 1 1 1 1 1 1 1 1 1 1 1 1 1 1 1 1 1 1 1 1 1 1 1 1 1 1 1 1 1 1 1 1 1 1 1 1 1 1 1 1 1 1 1 1 1
staticfield jdk/internal/misc/Unsafe theUnsafe Ljdk/internal/misc/Unsafe; jdk/internal/misc/Unsafe
staticfield jdk/internal/misc/Unsafe ARRAY_BOOLEAN_BASE_OFFSET J 16
staticfield jdk/internal/misc/Unsafe ARRAY_BYTE_BASE_OFFSET J 16
staticfield jdk/internal/misc/Unsafe ARRAY_SHORT_BASE_OFFSET J 16
staticfield jdk/internal/misc/Unsafe ARRAY_CHAR_BASE_OFFSET J 16
staticfield jdk/internal/misc/Unsafe ARRAY_INT_BASE_OFFSET J 16
staticfield jdk/internal/misc/Unsafe ARRAY_LONG_BASE_OFFSET J 16
staticfield jdk/internal/misc/Unsafe ARRAY_FLOAT_BASE_OFFSET J 16
staticfield jdk/internal/misc/Unsafe ARRAY_DOUBLE_BASE_OFFSET J 16
staticfield jdk/internal/misc/Unsafe ARRAY_OBJECT_BASE_OFFSET J 16
staticfield jdk/internal/misc/Unsafe ARRAY_BOOLEAN_INDEX_SCALE I 1
staticfield jdk/internal/misc/Unsafe ARRAY_BYTE_INDEX_SCALE I 1
staticfield jdk/internal/misc/Unsafe ARRAY_SHORT_INDEX_SCALE I 2
staticfield jdk/internal/misc/Unsafe ARRAY_CHAR_INDEX_SCALE I 2
staticfield jdk/internal/misc/Unsafe ARRAY_INT_INDEX_SCALE I 4
staticfield jdk/internal/misc/Unsafe ARRAY_LONG_INDEX_SCALE I 8
staticfield jdk/internal/misc/Unsafe ARRAY_FLOAT_INDEX_SCALE I 4
staticfield jdk/internal/misc/Unsafe ARRAY_DOUBLE_INDEX_SCALE I 8
staticfield jdk/internal/misc/Unsafe ARRAY_OBJECT_INDEX_SCALE I 4
staticfield jdk/internal/misc/Unsafe ADDRESS_SIZE I 8
ciInstanceKlass java/lang/Thread$FieldHolder 1 1 55 10 7 12 1 1 1 9 7 12 1 1 1 9 12 1 1 9 12 1 1 9 12 1 1 9 12 1 1 1 1 1 1 1 1 1 1 1 1 100 1 100 1 1 1 1 100 1 1 1 100 1 100 1 1
ciInstanceKlass java/lang/Thread$Constants 0 0 47 100 1 10 100 12 1 1 1 10 12 1 1 10 12 1 1 10 100 12 1 1 8 1 10 12 1 9 100 12 1 1 1 1 1 1 1 1 1 1 1 1 1 1 1 1 1
ciInstanceKlass java/lang/ThreadGroup 1 1 380 10 7 12 1 1 1 9 7 12 1 1 1 8 1 9 12 1 1 100 1 9 12 1 1 9 12 1 1 10 7 12 1 1 1 10 12 1 1 10 12 1 10 12 1 1 10 12 1 1 10 12 1 10 12 1 10 12 1 10 100 12 1 1 1 10 12 1 1 18 12 1 1 11 100 12 1 1 1 10 12 1 1 10 12 1 1 10 12 1 1 10 100 12 1 1 1 10 12 1 11 12 1 1 11 100 12 1 1 11 12 1 1 10 12 1 1 10 12 1 10 12 1 11 12 1 11 12 1 1 10 12 1 100 1 10 18 12 1 1 11 100 12 1 1 1 11 12 1 1 9 100 12 1 1 1 10 12 1 1 8 1 10 100 12 1 1 1 10 100 12 1 1 1 10 12 1 1 11 12 10 12 1 1 10 12 1 1 11 100 1 9 12 1 100 1 10 8 1 10 12 1 1 10 12 1 1 8 1 10 12 1 10 100 12 1 1 1 10 12 1 1 10 7 1 8 1 10 8 1 10 12 1 10 12 1 8 1 9 12 1 1 9 12 1 10 100 12 1 1 1 100 9 12 1 1 7 1 9 12 1 10 12 10 12 1 1 100 10 12 9 12 1 10 12 1 100 1 10 100 1 10 10 12 1 10 12 1 1 1 1 1 1 1 1 1 1 1 1 1 1 1 1 3 1 1 1 1 1 1 1 1 1 1 1 100 1 1 1 1 1 1 1 1 1 1 1 1 1 1 1 1 1 1 1 1 1 1 1 1 1 1 1 1 1 1 1 1 1 1 1 1 1 1 1 1 16 15 10 12 16 16 15 10 12 16 15 10 100 12 1 1 1 1 1 100 1 100 1 1
staticfield java/lang/ThreadGroup $assertionsDisabled Z 1
ciInstanceKlass java/lang/Thread$UncaughtExceptionHandler 1 0 16 100 1 100 1 1 1 1 1 1 1 1 100 1 1 1
instanceKlass java/lang/ThreadBuilders$BoundVirtualThread
instanceKlass java/lang/VirtualThread
ciInstanceKlass java/lang/BaseVirtualThread 0 0 36 10 100 12 1 1 1 100 1 1 1 1 1 1 1 1 1 1 1 1 1 1 1 1 1 1 1 1 100 1 100 1 1 100 1 1
ciInstanceKlass java/lang/VirtualThread 0 0 928 9 100 12 1 1 1 9 12 1 1 10 100 12 1 1 1 10 100 12 1 1 1 10 100 12 1 1 1 9 12 1 1 100 1 10 12 1 9 12 1 1 18 12 1 1 9 12 1 1 10 12 1 1 100 1 10 12 1 10 12 1 1 10 12 1 1 10 12 1 10 12 1 1 9 12 1 1 10 12 1 10 100 12 1 10 12 1 10 12 1 10 12 1 10 12 1 9 12 1 1 11 100 12 1 1 1 10 10 12 1 11 100 12 1 1 1 10 12 1 100 1 10 12 1 1 100 1 9 12 1 1 5 0 10 100 12 1 1 1 9 12 1 100 1 100 1 10 10 100 12 1 1 1 10 100 12 1 1 1 10 12 1 1 10 12 1 10 12 1 1 10 12 1 10 12 10 12 1 100 1 10 10 12 1 10 12 1 1 9 12 1 1 10 12 1 1 9 12 1 1 10 12 1 9 12 1 10 100 12 1 1 10 9 10 10 12 1 1 10 12 1 1 10 100 12 1 1 10 100 1 10 9 10 100 1 10 12 1 1 10 12 1 10 10 12 1 1 9 12 1 10 12 1 10 12 1 9 12 1 1 10 12 1 10 12 1 10 12 1 1 9 12 1 1 10 12 1 10 12 1 1 10 12 1 10 12 1 1 9 12 1 18 9 100 12 1 1 1 10 12 1 1 9 12 1 10 12 1 10 12 1 1 10 12 1 9 12 1 1 18 12 1 9 12 1 9 12 1 10 12 9 12 1 1 10 100 12 1 1 10 12 1 10 12 1 1 10 100 12 1 1 10 12 1 100 1 8 1 10 12 1 10 12 1 1 10 12 1 10 12 1 10 12 1 10 100 12 1 1 10 12 1 10 12 1 10 12 1 10 12 1 10 100 12 1 1 8 1 10 12 1 10 12 1 10 12 1 10 12 1 1 10 12 1 10 12 10 12 1 100 1 10 10 12 1 10 12 1 1 10 12 1 1 10 12 1 10 12 1 10 12 1 1 10 12 1 1 11 100 12 1 1 11 12 1 10 12 9 100 12 1 1 1 9 12 1 10 12 1 1 9 12 1 9 12 1 9 12 1 9 12 1 100 1 10 10 12 1 1 10 12 1 100 1 100 1 10 8 1 10 12 1 1 10 12 1 10 12 1 10 10 12 1 8 1 10 10 12 1 10 12 1 10 100 12 1 1 8 1 8 1 10 12 1 1 10 10 9 100 12 1 1 1 10 12 1 1 10 12 1 10 10 12 9 12 1 10 12 1 1 10 12 1 9 12 1 10 12 1 1 9 12 1 10 12 1 1 9 12 1 10 12 1 1 18 12 1 1 8 1 10 12 1 1 8 1 8 1 10 100 12 1 1 1 10 100 12 1 1 1 10 12 1 10 12 1 1 10 12 1 18 12 1 1 18 12 1 1 5 0 9 12 1 10 12 1 10 12 1 10 100 1 10 12 1 1 9 12 1 9 12 1 1 10 12 1 1 10 12 1 10 12 10 12 1 1 10 100 12 1 1 10 12 1 1 100 1 8 1 10 10 12 1 8 10 12 1 1 8 8 9 12 1 8 8 10 12 1 10 12 1 1 8 1 18 12 1 10 100 12 1 1 10 12 1 10 12 1 3 1 3 1 3 1 3 1 3 1 3 1 3 1 3 1 3 1 3 1 3 1 3 1 3 3 1 3 3 1 3 3 1 3 3 1 3 1 1 1 1 1 1 1 1 1 1 1 1 1 1 1 1 1 100 1 1 1 1 1 1 1 1 1 1 1 1 1 1 1 1 1 1 1 1 100 1 1 1 1 1 1 1 1 1 1 1 1 1 1 1 1 1 1 1 1 1 1 1 1 1 1 1 1 1 1 1 1 1 100 1 1 1 1 1 1 1 1 1 1 1 1 1 1 1 1 1 1 1 1 1 1 1 1 1 1 1 100 1 1 1 1 1 1 1 1 1 1 1 1 1 1 1 1 1 1 1 1 1 1 100 1 1 16 15 10 12 15 10 12 15 10 12 16 15 10 12 16 15 10 12 16 15 10 12 16 15 10 12 15 10 100 12 1 1 1 1 1 1 1 100 1 1 1 100 1 100 1 1
ciInstanceKlass java/lang/ThreadBuilders$BoundVirtualThread 0 0 132 10 100 12 1 1 1 9 100 12 1 1 1 10 100 12 1 1 1 9 12 1 1 10 12 1 1 10 12 1 1 9 12 1 1 10 100 12 1 1 1 10 12 1 1 100 1 8 1 10 12 1 10 12 1 1 10 12 1 1 10 12 1 1 10 100 12 1 1 1 8 1 10 12 1 8 1 10 12 1 1 10 100 12 1 1 9 100 12 1 1 1 10 12 1 1 10 10 12 1 1 1 1 1 1 1 1 1 1 1 1 1 1 1 1 1 1 1 1 1 1 1 1 1 1 1 1 100 1 1 1 1
instanceKlass java/lang/Exception
instanceKlass java/lang/Error
ciInstanceKlass java/lang/Throwable 1 1 403 10 7 12 1 1 1 9 7 12 1 1 1 9 12 1 1 9 12 1 9 12 1 1 9 12 1 10 12 1 1 9 12 1 1 10 12 1 1 10 100 12 1 1 1 9 12 1 1 10 12 1 1 10 12 1 100 1 100 1 10 8 1 10 12 1 1 8 1 10 100 12 1 1 10 10 12 1 100 1 8 1 10 10 7 12 1 1 10 12 1 8 1 9 100 12 1 1 1 10 12 1 1 100 1 10 12 10 12 1 100 1 10 10 7 12 1 1 1 11 100 12 1 1 1 10 100 12 1 1 1 10 12 1 1 10 12 1 1 8 1 10 12 1 10 12 1 1 8 1 8 1 10 12 1 1 10 12 1 8 1 8 1 9 12 1 10 100 12 1 1 100 1 10 11 12 1 8 1 8 1 10 7 12 1 1 8 1 10 12 1 8 1 100 1 10 12 1 9 12 1 1 10 12 1 10 7 12 1 9 12 1 1 10 12 1 1 100 1 8 1 10 12 1 10 100 12 1 1 10 12 1 1 100 1 10 100 12 1 1 1 10 12 1 11 100 12 1 1 1 11 100 12 1 1 1 11 12 1 8 1 10 12 1 1 8 1 10 10 9 100 12 1 1 1 8 1 10 12 1 1 11 10 100 1 8 1 10 11 12 1 1 8 1 9 12 1 10 100 12 1 1 11 9 12 1 1 11 12 1 1 100 10 12 1 10 12 1 1 100 1 1 1 1 5 0 1 1 1 1 1 1 1 1 1 1 1 1 100 1 1 1 1 1 1 1 1 1 1 1 1 1 1 1 1 1 1 1 1 1 1 1 1 1 1 1 1 1 1 1 1 1 1 1 1 1 1 1 1 1 1 1 100 1 100 1 1 1 1 1 1 1 1 1 1 1 1 1 1 1 1 1 1
staticfield java/lang/Throwable UNASSIGNED_STACK [Ljava/lang/StackTraceElement; 0 [Ljava/lang/StackTraceElement;
staticfield java/lang/Throwable SUPPRESSED_SENTINEL Ljava/util/List; java/util/Collections$EmptyList
staticfield java/lang/Throwable EMPTY_THROWABLE_ARRAY [Ljava/lang/Throwable; 0 [Ljava/lang/Throwable;
staticfield java/lang/Throwable $assertionsDisabled Z 1
ciInstanceKlass jdk/internal/vm/ContinuationScope 0 0 50 10 100 12 1 1 1 10 100 12 1 1 1 100 1 9 100 12 1 1 1 10 12 1 1 10 100 12 1 1 1 10 12 1 1 10 12 1 1 1 1 1 1 1 1 1 1 1 1 1
ciInstanceKlass jdk/internal/vm/StackChunk 1 1 32 10 100 12 1 1 1 9 100 12 1 1 1 9 12 1 1 9 12 1 1 1 1 1 1 1 1 1 1 1 1 1
ciInstanceKlass java/lang/Boolean 1 1 146 10 7 12 1 1 1 9 7 12 1 1 1 10 12 1 1 10 12 1 8 1 10 7 12 1 1 9 12 1 1 9 12 1 10 12 1 1 10 12 1 1 10 12 1 1 10 12 1 10 7 12 1 1 1 10 12 1 1 9 100 12 1 1 9 12 10 100 12 1 1 1 10 12 1 1 8 1 10 7 12 1 1 1 9 12 1 1 100 1 100 1 100 1 1 1 1 1 1 5 0 1 1 1 1 1 1 1 1 1 1 1 1 1 1 1 1 1 1 1 1 1 1 1 1 1 1 1 1 1 1 1 1 1 1 1 100 1 1 1 1 1 1 1 1 1
staticfield java/lang/Boolean TRUE Ljava/lang/Boolean; java/lang/Boolean
staticfield java/lang/Boolean FALSE Ljava/lang/Boolean; java/lang/Boolean
staticfield java/lang/Boolean TYPE Ljava/lang/Class; java/lang/Class
ciInstanceKlass java/lang/Character 1 1 603 7 1 100 1 100 1 9 12 1 1 8 1 9 12 1 1 100 1 9 12 1 1 10 100 12 1 1 1 10 100 12 1 1 1 10 100 12 1 1 1 10 7 12 1 1 1 9 7 12 1 1 1 10 12 1 10 12 1 1 10 12 1 1 10 100 12 1 1 10 12 1 1 3 3 3 3 3 10 12 1 1 10 12 1 3 11 7 12 1 1 1 11 12 1 1 10 12 1 1 10 12 1 1 100 1 10 10 12 1 3 10 12 1 1 10 12 1 10 12 1 1 100 1 8 1 10 12 1 1 10 12 1 10 12 1 10 12 1 10 100 12 1 1 1 10 12 1 10 12 1 10 12 1 1 10 12 1 10 7 12 1 1 10 10 12 1 10 10 12 1 10 12 1 1 10 12 1 10 10 12 1 10 12 1 10 12 1 10 12 1 10 12 1 10 12 1 10 12 1 10 12 10 10 12 10 10 12 1 10 10 12 1 10 10 12 1 10 10 12 1 10 12 1 10 12 1 10 12 1 10 12 1 10 12 1 10 12 1 10 10 12 1 10 10 12 1 10 10 12 1 1 10 10 12 1 10 5 0 10 12 1 10 12 1 10 10 12 1 10 10 12 1 1 10 10 12 1 10 10 12 1 9 12 1 1 100 1 10 10 12 1 10 12 1 1 3 10 100 12 1 1 1 10 12 1 10 100 12 1 1 100 1 10 10 12 1 1 10 12 1 1 10 12 1 1 8 1 10 12 1 9 100 12 1 1 1 10 12 1 10 10 12 1 10 12 1 1 10 12 1 10 10 12 1 1 10 10 12 1 1 100 1 8 1 10 12 1 1 10 7 12 1 1 1 8 1 10 12 1 1 9 12 1 1 100 1 100 1 100 1 1 1 1 3 1 3 1 3 1 3 1 1 1 1 1 3 1 1 3 1 3 1 3 1 3 1 3 1 3 1 3 1 3 1 3 1 3 1 3 1 3 1 3 1 3 1 3 1 3 1 3 1 3 1 3 1 3 1 3 1 3 1 3 1 3 1 3 1 3 1 3 1 3 1 1 1 1 1 1 1 1 1 1 1 1 1 1 1 1 1 1 1 3 1 1 1 1 1 1 1 3 1 1 3 1 1 1 1 1 3 1 1 5 0 1 1 1 1 1 1 1 1 1 1 1 1 1 1 1 1 1 1 1 1 1 1 1 1 1 1 1 1 1 1 1 1 1 1 1 1 1 1 1 1 1 1 1 1 1 1 1 1 1 1 1 1 1 1 1 1 1 1 1 1 1 1 1 1 1 1 1 1 1 1 1 1 1 1 1 1 1 1 1 1 1 1 1 1 1 1 1 1 1 100 1 100 1 1 1 1 1 1
staticfield java/lang/Character TYPE Ljava/lang/Class; java/lang/Class
staticfield java/lang/Character $assertionsDisabled Z 1
ciInstanceKlass java/lang/Float 1 1 277 7 1 100 1 10 100 12 1 1 1 10 100 12 1 1 1 4 100 1 10 12 1 1 10 12 1 1 8 1 8 1 10 100 12 1 1 1 10 12 1 1 10 12 1 1 10 7 1 4 10 7 12 1 1 9 12 1 1 10 12 1 1 10 12 1 10 10 12 1 1 10 12 1 10 12 1 3 3 100 1 4 4 4 3 10 12 1 1 9 12 1 1 100 1 10 3 3 4 4 10 12 1 3 3 3 10 12 1 1 10 12 1 1 10 12 1 10 100 12 1 1 1 10 12 1 1 10 12 1 1 10 7 12 1 1 1 8 1 10 12 1 1 9 12 1 1 100 1 100 1 100 1 1 1 1 4 1 4 1 1 1 4 1 1 3 1 3 1 3 1 3 1 3 1 1 1 1 5 0 1 1 1 1 1 1 1 1 1 1 100 1 1 1 1 1 1 1 1 1 1 1 1 1 1 1 1 1 1 1 1 1 1 1 1 1 1 1 1 1 1 1 1 1 1 1 1 1 1 1 1 1 1 1 1 1 1 1 1 1 1 1 1 1 1 1 1 1 1 1 1 1 1 1 1 1 1 1 1 1 1 1 1 1 100 1 1 1 1 1 1 1 100 1 100 1 1
staticfield java/lang/Float TYPE Ljava/lang/Class; java/lang/Class
staticfield java/lang/Float $assertionsDisabled Z 1
instanceKlass java/util/concurrent/atomic/Striped64
instanceKlass java/math/BigInteger
instanceKlass java/util/concurrent/atomic/AtomicLong
instanceKlass java/util/concurrent/atomic/AtomicInteger
instanceKlass java/lang/Long
instanceKlass java/lang/Integer
instanceKlass java/lang/Short
instanceKlass java/lang/Byte
instanceKlass java/lang/Double
instanceKlass java/lang/Float
ciInstanceKlass java/lang/Number 1 1 37 10 7 12 1 1 1 10 100 12 1 1 1 100 1 1 1 1 5 0 1 1 1 1 1 1 1 1 1 1 1 1 1 1 1 1 1
ciInstanceKlass java/lang/Double 1 1 288 7 1 100 1 10 100 12 1 1 1 10 12 1 1 10 100 1 10 12 1 1 10 7 12 1 1 1 6 0 8 1 10 12 1 1 8 1 10 12 1 1 8 1 6 0 10 12 1 1 100 1 5 0 5 0 8 1 8 1 10 7 12 1 1 1 10 100 12 1 1 1 8 1 10 12 1 1 8 1 8 1 8 1 10 12 1 1 10 12 1 10 12 1 1 10 12 1 10 12 1 10 12 1 1 10 12 1 10 7 1 6 0 10 7 12 1 1 9 12 1 1 10 12 1 10 12 1 10 12 1 10 12 1 10 12 1 5 0 10 12 1 1 10 12 1 10 12 1 10 100 12 1 1 1 10 12 1 1 10 12 1 1 8 1 10 7 12 1 1 1 9 12 1 1 100 1 100 1 100 1 1 1 6 0 1 6 0 1 6 0 1 1 1 6 0 1 1 3 1 3 1 3 1 3 1 3 1 1 1 1 5 0 1 1 1 1 1 1 1 1 1 1 1 1 1 1 1 1 100 1 1 1 1 1 1 1 1 1 1 1 1 1 1 1 1 1 1 1 1 1 1 1 1 1 1 1 1 1 1 1 1 1 1 1 1 1 1 1 1 1 1 1 1 1 100 1 1 1 1 1 1 1 100 1 100 1 1
staticfield java/lang/Double TYPE Ljava/lang/Class; java/lang/Class
ciInstanceKlass java/lang/Byte 1 1 212 7 1 100 1 10 100 12 1 1 1 9 12 1 1 8 1 9 12 1 1 100 1 10 12 1 1 10 12 1 1 10 100 12 1 1 1 10 100 12 1 1 1 9 7 12 1 1 1 10 12 1 1 100 1 100 1 10 12 1 1 8 1 10 12 1 1 8 1 10 12 1 10 12 1 10 12 1 10 12 1 1 10 12 1 10 12 1 10 12 1 1 10 8 1 8 1 10 7 1 9 12 1 1 10 12 1 1 10 12 1 1 10 12 1 1 10 12 1 5 0 10 12 1 1 8 1 10 7 12 1 1 1 9 12 1 1 100 1 100 1 1 1 3 1 3 1 1 1 1 3 1 3 1 1 5 0 1 1 1 1 1 1 1 1 1 1 1 1 1 1 1 1 1 1 1 1 1 1 1 1 1 1 1 1 1 1 1 1 1 1 1 1 1 1 1 1 1 1 1 1 1 1 1 1 1 1 1 1 1 1 1
staticfield java/lang/Byte TYPE Ljava/lang/Class; java/lang/Class
ciInstanceKlass java/lang/Short 1 1 220 7 1 100 1 100 1 10 100 12 1 1 1 10 12 1 1 100 1 100 1 10 12 1 1 8 1 10 12 1 1 8 1 10 12 1 10 12 1 10 12 1 10 12 1 1 10 12 1 1 10 12 1 9 12 1 1 8 1 9 12 1 1 100 1 10 12 1 1 10 12 1 10 100 12 1 1 1 10 100 12 1 1 1 9 7 12 1 1 1 10 12 1 10 12 1 1 10 8 1 8 1 10 7 1 9 12 1 1 10 12 1 1 10 12 1 1 10 12 1 1 10 12 1 3 3 5 0 10 12 1 1 8 1 10 7 12 1 1 1 9 12 1 1 100 1 100 1 1 1 3 1 3 1 1 1 1 3 1 3 1 1 5 0 1 1 1 1 1 1 1 1 1 1 1 1 1 1 1 1 1 1 1 1 1 1 1 1 1 1 1 1 1 1 1 1 1 1 1 1 1 1 1 1 1 1 1 1 1 1 1 1 1 1 1 1 1 1 1 1
staticfield java/lang/Short TYPE Ljava/lang/Class; java/lang/Class
ciInstanceKlass java/lang/Integer 1 1 436 7 1 100 1 7 1 7 1 10 12 1 1 9 12 1 1 9 12 1 1 10 7 12 1 1 1 10 12 1 1 10 100 12 1 1 1 10 10 12 1 1 10 100 12 1 1 1 10 12 1 10 12 1 1 10 7 12 1 1 1 10 12 1 1 10 12 1 1 10 12 1 10 7 12 1 1 10 12 1 1 10 12 1 10 12 1 100 1 8 1 10 12 1 8 1 100 1 10 12 1 1 10 12 1 1 8 1 10 12 1 1 8 1 10 12 1 1 10 12 1 1 10 12 1 1 3 3 10 7 12 1 1 1 11 7 1 10 12 1 1 11 10 12 1 1 10 12 1 1 8 1 10 12 1 10 12 1 8 1 100 1 10 12 1 8 1 10 12 1 1 10 12 1 8 1 10 12 1 10 12 1 7 1 9 12 1 1 9 12 1 1 10 12 1 10 7 1 9 12 1 10 12 1 10 12 1 10 12 1 1 10 12 1 1 10 7 12 1 1 1 10 12 1 1 8 1 8 1 10 12 1 1 8 1 8 1 8 1 8 1 8 1 8 1 10 12 1 10 12 1 10 12 1 5 0 3 3 3 3 10 12 1 10 12 1 3 10 12 1 10 100 12 1 1 1 10 12 1 1 10 12 1 1 8 1 10 7 12 1 1 1 9 12 1 1 100 1 100 1 100 1 1 1 1 3 1 1 1 1 1 3 1 3 1 1 5 0 1 1 1 1 1 1 1 1 1 100 1 1 1 1 1 1 1 1 1 1 1 1 1 1 1 1 1 1 1 1 1 1 1 1 1 1 1 1 1 1 1 1 1 1 1 1 1 1 1 1 1 1 1 1 1 1 1 1 1 1 1 1 1 1 1 1 1 1 1 1 1 1 1 1 1 1 1 1 1 1 1 1 1 1 1 1 1 1 1 1 1 1 1 1 1 1 1 1 1 1 1 1 1 100 1 1 1 1 1 1 1 1 1 100 1 100 1 1
staticfield java/lang/Integer TYPE Ljava/lang/Class; java/lang/Class
staticfield java/lang/Integer digits [B 36
ciInstanceKlass java/lang/Long 1 1 498 7 1 100 1 7 1 7 1 10 12 1 1 9 12 1 1 9 7 12 1 1 1 10 100 12 1 1 1 10 12 1 1 10 100 12 1 1 1 10 10 12 10 12 1 10 12 1 10 12 1 5 0 5 0 7 1 10 12 1 1 10 12 1 1 10 12 1 10 12 1 10 12 1 10 12 1 1 10 100 12 1 1 10 12 1 10 12 1 1 10 12 1 1 10 12 1 1 10 12 1 1 10 100 12 1 1 1 10 12 1 1 10 12 1 10 12 1 10 7 12 1 1 10 12 1 1 10 12 1 10 12 1 100 1 8 1 10 12 1 8 1 100 1 10 12 1 10 12 1 1 8 1 10 12 1 1 8 1 10 12 1 1 10 12 1 1 10 12 1 1 5 0 5 0 10 100 12 1 1 1 11 100 1 10 12 1 1 11 10 12 1 1 10 12 1 1 8 1 5 0 10 12 1 1 10 12 1 1 8 1 8 1 10 12 1 8 1 10 12 1 10 12 1 5 0 5 0 9 7 12 1 1 1 10 12 1 10 12 1 1 8 1 8 1 10 12 1 1 8 1 8 1 8 1 8 1 8 1 8 1 10 12 1 10 12 1 10 7 1 9 12 1 1 10 12 1 10 12 1 1 10 12 1 1 10 100 12 1 1 1 10 12 1 1 10 12 1 10 12 1 10 12 1 5 0 5 0 5 0 10 12 1 1 10 12 1 5 0 5 0 10 12 10 12 1 10 100 12 1 1 1 10 12 1 1 10 12 1 1 8 1 10 7 12 1 1 1 9 12 1 1 100 1 100 1 100 1 1 1 1 5 0 1 1 1 1 3 1 3 1 5 0 1 1 1 1 1 1 1 1 1 100 1 1 1 1 1 1 1 1 1 1 1 1 1 1 1 1 1 1 1 1 1 1 1 1 1 1 1 1 1 1 1 1 1 1 1 1 1 1 1 1 1 1 1 1 1 1 1 1 1 1 1 1 1 1 1 1 1 1 1 1 1 1 1 1 1 1 1 1 1 1 1 1 1 1 1 1 1 1 1 1 1 1 1 1 1 1 1 1 1 1 1 1 1 1 1 1 1 1 1 1 100 1 1 1 1 1 1 1 1 1 100 1 100 1 1
staticfield java/lang/Long TYPE Ljava/lang/Class; java/lang/Class
ciInstanceKlass java/lang/Void 1 1 31 10 100 12 1 1 1 8 1 10 7 12 1 1 1 9 7 12 1 1 1 1 1 1 1 1 1 1 1 1 1
staticfield java/lang/Void TYPE Ljava/lang/Class; java/lang/Class
ciInstanceKlass jdk/internal/vm/vector/VectorSupport 0 0 597 100 1 10 100 12 1 1 1 9 12 1 1 10 100 12 1 1 1 100 1 10 12 1 11 100 12 1 1 1 11 100 12 1 1 1 11 100 12 1 1 1 11 100 12 1 1 11 100 12 1 1 11 100 12 1 1 11 100 12 1 1 11 100 12 1 1 11 100 12 1 1 11 100 12 1 1 11 100 12 1 1 1 11 100 12 1 1 11 100 12 1 1 1 11 100 12 1 1 1 11 100 12 1 1 11 100 12 1 1 1 11 100 12 1 1 100 1 10 12 1 1 11 100 12 1 1 11 100 12 1 1 11 100 12 1 1 11 100 1 11 100 12 1 1 11 100 12 1 1 11 100 12 1 1 9 12 1 1 10 100 12 1 1 11 100 12 1 1 10 100 12 1 1 1 10 100 12 1 1 10 12 1 1 10 12 1 1 1 1 1 3 1 3 1 3 1 3 1 3 1 3 1 3 1 3 1 3 1 3 1 3 1 3 1 3 1 3 1 3 1 3 1 3 1 3 1 3 1 3 1 3 1 3 1 3 1 3 1 3 1 3 1 3 1 3 1 3 1 3 1 3 1 3 1 3 1 3 1 3 1 3 1 3 1 3 1 3 1 3 1 3 1 3 1 3 1 3 1 3 1 3 1 3 1 3 1 3 1 3 1 3 1 3 1 3 1 1 1 3 1 3 1 3 1 3 1 3 1 3 1 1 1 1 1 1 1 1 1 1 1 1 1 1 1 1 1 1 1 1 1 1 1 1 1 1 1 1 1 1 1 1 1 1 1 1 1 1 1 1 1 1 1 1 1 1 1 1 1 1 1 1 1 1 1 1 1 1 1 1 1 1 1 1 1 1 1 1 1 1 1 1 1 1 1 1 1 1 1 1 1 1 1 1 1 1 1 1 1 1 1 1 1 1 1 1 1 1 1 1 1 1 1 1 1 1 1 1 1 1 1 1 1 1 1 1 1 1 1 1 1 1 1 1 1 1 1 1 1 1 1 1 1 1 1 1 1 1 1 1 1 1 1 1 1 1 1 1 1 1 1 1 1 1 1 1 1 1 1 1 1 1 1 1 1 1 1 1 1 1 1 1 1 1 1 1 1 1 1 1 1 1 1 1 1 1 1 1 1 1 1 1 1 1 1 1 1 1 1 1 1 1 1 1 1 1 1 1 1 1 1 1 1 1 1 1 1 1 1 1 1 1 1 1 1 1 1 1 1 1 1 1 1 1 1 1 1 1 1 1 1 1 1 1 1 1 1 100 1 100 1 100 1 100 1 100 1 1 1 1 1 1 1 1 1 1 1 1 1 1 1 1 1 1 1 1 1 1 1 1 1 1 1 1 1 1 1
instanceKlass jdk/internal/vm/vector/VectorSupport$VectorShuffle
instanceKlass jdk/internal/vm/vector/VectorSupport$VectorMask
instanceKlass jdk/internal/vm/vector/VectorSupport$Vector
ciInstanceKlass jdk/internal/vm/vector/VectorSupport$VectorPayload 0 0 32 10 100 12 1 1 1 9 100 12 1 1 1 10 100 12 1 1 1 1 1 1 1 1 1 1 1 1 1 1 1 1
ciInstanceKlass jdk/internal/vm/vector/VectorSupport$Vector 0 0 28 10 100 12 1 1 1 100 1 1 1 1 1 1 1 1 1 1 1 1 1 1 1 100 1 1 1 1
ciInstanceKlass jdk/internal/vm/vector/VectorSupport$VectorMask 0 0 28 10 100 12 1 1 1 100 1 1 1 1 1 1 1 1 1 1 1 1 1 1 1 100 1 1 1 1
ciInstanceKlass jdk/internal/vm/vector/VectorSupport$VectorShuffle 0 0 28 10 100 12 1 1 1 100 1 1 1 1 1 1 1 1 1 1 1 1 1 1 1 100 1 1 1 1
ciInstanceKlass jdk/internal/vm/FillerObject 0 0 16 10 100 12 1 1 1 100 1 1 1 1 1 1 1 1
instanceKlass java/lang/ref/PhantomReference
instanceKlass java/lang/ref/FinalReference
instanceKlass java/lang/ref/WeakReference
instanceKlass java/lang/ref/SoftReference
ciInstanceKlass java/lang/ref/Reference 1 1 198 9 7 12 1 1 1 9 7 12 1 1 10 12 1 1 10 12 1 1 9 12 1 1 10 12 1 1 9 12 1 1 9 12 1 1 7 1 10 12 1 10 7 12 1 1 10 12 1 10 12 1 1 10 12 1 7 1 8 1 10 12 1 1 7 1 10 12 1 1 10 12 1 1 10 12 1 7 1 10 12 10 7 12 1 1 1 9 12 1 10 12 1 1 10 12 1 10 12 1 10 12 1 9 12 1 100 1 100 1 10 9 12 1 9 12 1 100 1 10 10 12 1 10 10 7 12 1 1 10 12 1 1 1 1 1 1 1 1 1 1 1 1 1 1 1 1 1 100 1 1 1 100 1 1 1 1 1 1 1 1 1 1 1 1 1 1 1 1 1 1 1 1 1 1 1 1 1 1 1 1 1 1 1 1 1 1 1 1 1 100 1 100 1 100 1 1 1
staticfield java/lang/ref/Reference processPendingLock Ljava/lang/Object; java/lang/Object
staticfield java/lang/ref/Reference $assertionsDisabled Z 1
instanceKlass sun/util/locale/provider/LocaleResources$ResourceReference
instanceKlass sun/util/resources/Bundles$BundleReference
instanceKlass sun/font/FontDesignMetrics$KeyReference
instanceKlass sun/font/StrikeCache$SoftDisposerRef
instanceKlass java/lang/invoke/LambdaFormEditor$Transform
instanceKlass java/util/ResourceBundle$BundleReference
instanceKlass jdk/internal/util/SoftReferenceKey
ciInstanceKlass java/lang/ref/SoftReference 1 1 50 10 7 12 1 1 1 9 7 12 1 1 1 9 12 1 10 12 1 10 12 1 1 1 1 1 1 1 1 1 1 1 1 1 1 1 1 1 1 1 1 1 1 100 1 1 1 1 1 1
instanceKlass sun/awt/WeakIdentityHashMap$WeakKey
instanceKlass sun/java2d/ReentrantContextProvider$HardReference
instanceKlass javax/swing/text/DefaultStyledDocument$AbstractChangeHandler$DocReference
instanceKlass javax/swing/text/GapContent$MarkData
instanceKlass javax/swing/plaf/metal/MetalLookAndFeel$AATextListener
instanceKlass java/lang/ThreadLocal$ThreadLocalMap$Entry
instanceKlass java/util/ResourceBundle$KeyElementReference
instanceKlass jdk/internal/util/WeakReferenceKey
instanceKlass java/util/WeakHashMap$Entry
ciInstanceKlass java/lang/ref/WeakReference 1 1 34 10 7 12 1 1 1 10 12 1 100 1 1 1 1 1 1 1 1 1 1 1 1 1 1 1 1 1 1 1 1 1 1 1
instanceKlass java/lang/ref/Finalizer
ciInstanceKlass java/lang/ref/FinalReference 1 1 50 10 7 12 1 1 1 10 7 12 1 1 1 10 12 1 1 100 1 8 1 10 12 1 1 1 1 1 1 1 1 1 1 1 1 1 1 1 1 1 1 1 1 1 1 1 1 1 100 1
instanceKlass jdk/internal/ref/PhantomCleanable
instanceKlass jdk/internal/ref/Cleaner
ciInstanceKlass java/lang/ref/PhantomReference 1 1 47 10 7 12 1 1 1 10 12 1 1 10 7 12 1 1 1 1 1 1 1 1 1 1 1 1 1 1 1 1 1 1 1 1 1 1 1 1 1 1 1 1 1 1 1 1 1
ciInstanceKlass java/lang/ref/Finalizer 1 1 177 9 7 12 1 1 1 10 7 12 1 1 1 9 12 1 1 9 12 1 1 9 12 1 9 12 1 9 12 1 1 10 12 1 100 1 8 1 10 12 1 10 12 1 1 9 12 1 100 1 10 12 1 7 1 11 7 12 1 1 10 12 1 100 1 10 12 1 10 7 12 1 1 1 10 12 1 1 10 100 12 1 1 8 1 10 12 1 10 12 1 10 12 1 100 1 10 12 1 10 100 12 1 1 1 100 1 10 10 12 1 1 7 1 10 12 1 10 12 1 1 10 12 1 1 10 7 12 1 1 1 7 1 10 7 1 10 10 12 1 1 1 1 1 1 1 1 1 1 1 1 1 1 1 1 1 1 1 1 1 1 1 1 1 1 100 1 1 1 1 1 1 1 1 1 1 1
staticfield java/lang/ref/Finalizer lock Ljava/lang/Object; java/lang/Object
staticfield java/lang/ref/Finalizer ENABLED Z 1
staticfield java/lang/ref/Finalizer $assertionsDisabled Z 1
instanceKlass java/lang/reflect/Executable
instanceKlass java/lang/reflect/Field
ciInstanceKlass java/lang/reflect/AccessibleObject 1 1 374 10 7 12 1 1 1 10 100 12 1 1 1 10 7 12 1 1 1 10 12 1 1 9 12 1 1 100 1 10 7 12 1 1 1 11 12 1 100 1 10 12 1 7 1 100 1 10 12 1 1 10 12 1 1 10 12 1 1 10 12 1 1 10 12 1 1 7 1 10 100 12 1 1 1 10 12 1 1 11 10 7 12 1 1 1 10 12 1 1 10 12 1 10 12 1 10 12 1 1 10 12 1 8 1 100 1 100 1 10 10 12 1 1 8 1 10 12 1 10 12 1 8 1 8 1 8 1 8 1 8 1 8 1 8 1 8 1 8 1 100 1 10 12 1 10 12 1 9 100 12 1 1 1 10 12 1 1 10 12 1 10 100 1 100 1 8 1 10 8 1 10 12 1 8 1 10 12 1 10 12 1 1 10 100 1 8 1 10 11 7 12 1 1 1 10 12 1 1 10 12 1 1 10 12 1 1 9 12 1 1 100 1 10 12 1 7 1 10 12 1 10 12 1 1 10 100 1 10 12 1 10 12 10 12 1 10 12 1 10 12 1 1 10 12 1 9 12 1 10 100 12 1 1 8 1 10 12 1 1 8 1 10 100 12 1 1 1 9 12 1 100 1 10 7 1 10 10 7 12 1 1 1 10 7 12 1 1 1 9 12 1 1 1 1 1 1 1 1 1 1 1 1 1 1 1 1 1 1 1 1 1 1 1 1 1 1 1 1 1 1 1 1 1 1 1 1 1 1 1 1 1 1 1 1 1 1 1 1 1 1 1 1 1 1 1 1 1 1 1 1 1 1 1 1 1 1 1 1 1 1 1 1 1 1 1 1 1 1 1 1 1 1 1
staticfield java/lang/reflect/AccessibleObject reflectionFactory Ljdk/internal/reflect/ReflectionFactory; jdk/internal/reflect/ReflectionFactory
ciInstanceKlass java/lang/reflect/Method 1 1 468 9 7 12 1 1 1 10 100 12 1 1 1 10 100 12 1 1 9 12 1 1 9 12 1 1 10 12 1 1 10 12 1 1 10 12 1 1 10 100 12 1 1 10 7 12 1 1 1 9 12 1 1 9 12 1 9 12 1 1 9 12 1 9 12 1 9 12 1 1 9 12 1 9 12 1 1 9 12 1 9 12 1 100 1 8 1 10 12 1 10 12 1 9 12 1 1 10 7 12 1 1 1 10 12 1 1 10 12 1 1 10 12 1 10 12 1 1 9 100 12 1 1 1 10 12 1 1 10 12 10 7 12 1 1 10 12 1 1 10 12 1 10 12 1 10 12 1 10 100 12 1 1 1 10 12 1 1 9 12 1 10 100 1 10 100 12 1 1 1 10 7 12 1 1 10 12 1 1 10 12 1 1 10 12 1 10 100 12 1 1 1 10 12 1 10 8 1 10 12 1 10 12 1 100 1 8 1 8 1 8 1 10 12 1 10 12 1 1 10 12 1 1 10 10 12 1 1 10 12 1 11 100 1 10 12 1 9 12 1 1 10 12 1 1 10 12 1 10 12 1 1 10 12 1 1 11 7 12 1 1 1 11 12 1 9 12 1 1 10 12 1 10 12 1 10 12 1 10 12 1 10 12 1 10 12 1 9 12 1 1 10 7 12 1 1 1 10 7 12 1 1 10 12 1 1 10 100 12 1 1 1 10 100 12 1 1 1 10 100 12 1 1 1 11 100 12 1 1 1 10 100 12 1 1 1 100 1 100 1 100 1 10 12 1 10 12 1 1 10 12 1 100 1 8 1 10 12 1 10 10 12 1 1 10 12 1 1 10 12 1 1 10 12 1 1 8 1 10 12 1 1 1 1 1 1 1 1 1 1 1 1 1 1 1 1 1 1 1 1 1 1 1 1 1 1 1 1 1 1 1 1 1 1 1 1 1 1 1 1 1 1 1 1 1 1 1 1 1 1 1 1 1 100 1 100 1 100 1 1 1 1 1 1 1 1 1 1 1 1 1 1 1 1 1 1 1 1 1 1 1 1 1 1 1 1 1 1
ciInstanceKlass java/lang/reflect/Member 1 1 37 100 1 10 12 1 1 100 1 100 1 1 1 1 3 1 3 1 1 1 1 1 1 1 1 1 1 1 1 1 1 1 1 1 1 1 1
instanceKlass java/lang/reflect/Constructor
instanceKlass java/lang/reflect/Method
ciInstanceKlass java/lang/reflect/Executable 1 1 587 10 7 12 1 1 1 10 7 12 1 1 1 10 7 12 1 1 1 11 7 12 1 1 1 10 7 12 1 1 1 10 12 1 1 10 100 12 1 1 1 10 100 12 1 1 1 10 12 1 8 1 10 10 12 1 1 10 12 1 1 10 100 12 1 1 1 18 12 1 1 11 100 12 1 1 1 8 1 8 1 8 1 10 100 12 1 1 1 11 12 1 1 100 1 8 1 8 1 10 12 1 100 1 8 1 10 12 1 8 1 11 100 12 1 1 1 100 1 11 100 12 1 1 1 11 12 1 8 1 18 8 1 10 12 1 10 12 1 1 18 8 1 10 12 1 100 1 10 12 1 10 12 1 11 12 1 10 12 1 1 8 1 8 1 10 12 1 1 10 12 1 1 10 10 12 1 9 12 1 1 9 100 12 1 1 1 10 100 12 1 1 1 10 12 1 10 12 1 1 10 100 12 1 1 10 12 1 10 12 1 10 12 1 10 7 12 1 1 100 1 10 100 12 1 1 1 10 12 1 1 10 100 12 1 1 10 12 1 10 12 1 1 9 100 12 1 1 1 10 100 10 12 1 8 1 10 12 1 10 12 1 3 100 1 8 1 10 12 1 10 12 1 10 10 12 1 10 12 1 1 8 1 8 1 8 1 9 12 1 1 9 12 1 10 12 1 100 1 8 1 10 12 1 10 12 1 10 12 1 1 10 12 1 1 10 12 1 10 12 10 12 1 100 1 10 12 1 10 12 1 1 100 1 10 100 12 1 1 1 100 1 10 7 12 1 1 1 10 12 1 1 11 7 12 1 1 10 12 1 10 100 12 1 1 1 10 12 1 1 9 12 1 10 12 1 1 10 12 1 10 12 1 1 9 100 12 1 1 1 10 100 12 1 1 1 10 12 1 10 12 1 1 9 12 1 10 10 10 10 100 12 1 1 1 10 12 1 9 12 1 10 12 1 1 9 12 1 100 1 100 1 1 1 1 1 1 1 1 1 1 1 1 1 1 1 1 1 1 1 1 1 1 1 1 1 1 1 1 1 1 1 1 1 1 1 1 100 1 1 1 1 1 1 1 1 1 1 1 1 1 1 1 1 1 1 1 100 1 1 1 1 1 1 1 1 1 1 1 1 1 1 1 1 1 1 1 1 1 1 1 1 1 1 1 1 1 1 1 1 1 1 1 1 1 1 1 1 1 1 1 100 1 1 1 1 1 1 1 1 1 1 1 1 1 1 1 1 1 1 1 1 1 1 100 1 1 16 15 16 1 16 1 15 10 12 16 15 10 100 12 1 1 1 1 100 1 1 1 100 1 1 100 1 100 1 1
ciInstanceKlass java/lang/reflect/Constructor 1 1 437 10 100 12 1 1 1 10 100 12 1 1 9 7 12 1 1 1 9 12 1 1 10 12 1 1 10 12 1 1 10 12 1 1 10 100 12 1 1 10 7 12 1 1 1 9 12 1 1 9 12 1 1 9 12 1 9 12 1 1 9 12 1 9 12 1 1 9 12 1 1 9 12 1 100 1 8 1 10 12 1 10 12 1 9 12 1 1 10 7 12 1 1 1 10 12 1 1 10 12 1 1 10 12 1 7 1 100 1 8 1 10 10 12 1 10 12 1 10 12 1 1 9 100 12 1 1 1 10 7 12 1 1 10 12 1 1 10 12 1 10 12 1 1 10 100 12 1 1 1 10 100 12 1 1 10 12 1 1 10 12 1 10 100 12 1 1 1 8 1 10 10 12 1 100 1 8 1 10 12 1 10 12 1 1 10 12 1 1 10 12 1 10 12 1 10 12 1 1 10 12 1 1 9 12 1 1 10 12 1 1 10 12 1 1 10 12 1 1 11 7 12 1 1 1 10 12 1 1 10 12 1 10 12 1 10 12 1 8 1 9 12 1 1 10 7 12 1 1 1 10 7 12 1 1 10 12 1 1 10 12 1 1 10 12 1 1 10 12 1 1 10 12 1 9 100 12 1 1 10 12 1 10 12 1 10 12 1 100 1 8 1 10 10 12 1 1 10 12 1 10 10 12 1 1 10 12 1 1 10 100 12 1 1 1 11 100 12 1 1 1 10 12 1 1 9 100 12 1 1 1 10 100 12 1 1 1 10 12 1 1 1 1 1 1 1 1 1 1 1 1 1 1 1 1 1 1 1 1 1 1 1 1 1 1 1 1 1 1 1 1 1 1 1 1 1 1 1 1 1 1 1 1 1 1 1 1 1 1 1 1 1 1 1 1 100 1 100 1 100 1 100 1 1 1 1 1 1 1 1 1 1 1 1 1 1 1 1 1 1 1 1 1 1 1 1 1 1 1 1 1 1 1 1 100 1 1
ciInstanceKlass java/lang/reflect/Field 1 1 454 9 7 12 1 1 1 10 12 1 1 10 100 12 1 1 1 10 100 12 1 1 9 12 1 1 9 12 1 1 10 12 1 1 10 12 1 1 10 12 1 1 10 100 12 1 1 10 7 12 1 1 1 9 12 1 1 9 12 1 9 12 1 9 12 1 1 9 12 1 1 9 12 1 9 12 1 1 100 1 8 1 10 12 1 10 12 1 9 12 1 1 9 12 1 10 7 12 1 1 10 12 1 1 10 12 1 1 10 12 1 9 12 1 1 10 12 1 1 9 100 12 1 1 1 10 7 12 1 1 1 7 1 10 12 1 1 10 12 1 1 10 12 1 10 12 1 10 100 1 10 100 12 1 1 100 1 10 8 1 10 12 1 1 10 12 1 1 8 1 10 12 10 12 1 8 1 8 1 10 11 100 1 9 12 1 10 12 1 1 10 12 1 1 11 7 12 1 1 1 10 12 1 11 12 1 1 11 12 1 1 11 12 1 1 11 12 1 1 11 12 1 1 11 12 1 1 11 12 1 1 11 12 1 1 11 12 1 1 11 12 1 1 11 12 1 1 11 12 1 1 11 12 1 1 11 12 1 1 11 12 1 1 11 12 1 1 11 12 1 1 10 12 1 10 100 12 1 1 10 12 1 10 12 1 10 12 1 10 12 1 1 10 12 1 1 10 12 1 10 100 12 1 1 10 12 1 1 11 100 1 10 12 1 100 1 10 100 12 1 1 1 10 100 12 1 1 1 9 12 1 10 100 12 1 1 1 11 100 12 1 1 1 10 12 1 1 10 12 1 1 9 100 12 1 1 10 100 12 1 1 1 10 12 1 1 100 1 1 1 1 1 1 1 1 1 1 1 1 1 1 1 1 1 1 1 1 1 1 1 1 1 1 1 1 1 1 1 1 1 1 1 1 1 1 1 100 1 1 1 1 1 1 1 1 1 1 1 1 1 1 1 1 1 1 1 1 1 1 1 1 1 1 1 1 1 1 1 1 100 1 1 1 1 1 1 1 1 100 1 1 100 1 1
ciInstanceKlass java/lang/reflect/Parameter 0 0 256 10 100 12 1 1 1 9 100 12 1 1 1 9 12 1 1 9 12 1 1 9 12 1 10 12 1 1 10 12 1 1 10 100 12 1 1 1 100 1 10 10 12 1 1 11 100 12 1 1 1 10 12 1 10 100 12 1 1 1 10 12 1 1 10 12 1 10 12 1 8 1 8 1 10 100 12 1 1 1 10 12 1 10 12 9 100 12 1 1 1 9 100 12 1 1 1 10 12 1 1 10 12 1 1 10 100 12 1 1 1 10 12 1 8 1 10 12 1 9 12 1 1 10 12 1 1 9 12 1 1 10 12 1 1 10 12 1 1 10 12 1 1 10 12 1 10 10 12 1 10 100 12 1 1 1 10 12 1 1 11 100 12 1 1 10 100 12 1 1 100 1 10 100 12 1 1 1 10 12 1 1 10 12 1 1 10 12 1 1 10 12 1 1 9 12 1 100 1 10 11 12 1 11 12 1 1 100 1 1 1 1 1 1 1 1 1 1 1 1 1 1 1 1 1 1 1 1 1 1 1 1 1 1 1 1 1 1 1 1 1 1 1 1 1 1 1 100 1 1 1 1 1 100 1 1
ciInstanceKlass java/lang/reflect/RecordComponent 0 0 196 10 100 12 1 1 1 9 100 12 1 1 1 9 12 1 1 9 12 1 10 12 1 1 10 12 1 1 10 100 12 1 1 1 10 12 1 1 9 12 1 1 10 12 1 1 10 12 1 1 10 12 1 10 100 12 1 1 10 100 12 1 1 9 12 1 1 10 100 12 1 1 1 11 100 12 1 1 1 10 9 100 12 1 1 1 10 100 12 1 1 1 9 12 1 1 10 100 12 1 1 1 10 12 1 1 11 100 12 1 1 10 100 12 1 1 100 1 9 12 1 9 12 1 1 9 12 1 10 100 12 1 1 1 10 12 1 1 10 12 1 1 100 1 10 10 12 1 10 12 1 1 8 1 10 12 1 10 12 1 9 12 1 100 1 1 1 1 1 1 1 1 1 1 1 1 1 1 1 1 1 1 1 1 1 1 100 1 1 1 1 1 1 100 1 1
ciInstanceKlass java/lang/StringBuffer 1 1 487 10 7 12 1 1 1 10 12 1 10 12 1 10 12 1 1 9 7 12 1 1 1 10 12 1 1 10 12 1 10 12 1 1 9 12 1 1 10 12 1 10 12 1 1 10 12 1 1 10 12 1 10 12 1 1 10 12 1 10 12 1 1 10 12 1 1 10 100 12 1 1 1 10 12 1 1 10 12 1 10 12 1 10 12 1 10 12 1 10 12 1 10 12 1 10 12 1 10 12 1 10 12 1 10 12 1 10 12 1 10 12 1 10 12 1 10 12 1 1 10 12 1 10 12 1 1 10 12 1 1 10 10 12 1 1 10 12 1 10 12 1 10 12 1 10 12 1 10 12 1 10 12 1 10 12 10 12 1 10 12 1 10 12 1 10 12 1 1 10 12 1 10 12 1 10 10 12 1 1 10 12 1 10 12 1 10 12 1 8 1 10 12 1 10 10 100 12 1 1 1 10 10 12 1 1 9 12 1 1 10 100 12 1 1 10 100 1 8 10 100 12 1 1 1 8 10 12 1 8 1 10 12 1 10 12 1 10 100 12 1 1 1 10 100 12 1 1 1 7 1 10 12 100 1 8 1 10 10 12 1 1 10 12 1 1 10 12 1 10 12 1 10 12 1 1 10 12 1 10 12 1 10 12 1 10 12 1 10 12 1 10 12 10 12 1 10 12 1 10 12 1 10 12 1 10 12 1 10 12 1 10 12 1 10 12 1 10 12 1 10 12 1 10 12 10 12 10 12 1 10 12 1 10 12 1 10 12 10 12 1 10 12 1 10 12 1 10 12 1 10 12 1 10 12 1 10 12 1 10 12 1 10 12 1 10 12 1 10 12 1 7 1 10 12 1 9 7 12 1 1 1 9 7 1 9 12 1 1 100 1 100 1 100 1 100 1 1 1 1 5 0 1 1 1 1 1 1 1 1 1 1 1 1 1 1 1 1 1 1 1 1 1 1 1 1 1 1 1 1 1 1 1 1 1 1 1 1 1 1 1 1 1 1 1 1 1 1 1 1 1 1 1 1 1 1 1 1 1 1 1 1 100 1 1 1 1 1 100 1 1 1 1 1 1 1 1 1 1 1 1 1 1 1 1 1 1
staticfield java/lang/StringBuffer serialPersistentFields [Ljava/io/ObjectStreamField; 3 [Ljava/io/ObjectStreamField;
instanceKlass java/lang/StringBuilder
instanceKlass java/lang/StringBuffer
ciInstanceKlass java/lang/AbstractStringBuilder 1 1 662 7 1 10 7 12 1 1 1 9 7 12 1 1 1 9 12 1 9 12 1 1 9 12 1 1 10 7 12 1 1 1 10 12 1 1 100 1 3 3 10 12 1 10 12 1 1 10 12 1 1 11 7 1 100 1 100 1 10 8 1 10 12 1 10 12 1 10 12 1 1 10 12 1 10 12 1 9 12 1 10 12 1 9 12 1 1 10 7 12 1 1 1 10 10 12 1 10 12 1 10 12 1 1 9 12 1 100 1 8 1 10 12 1 10 12 1 1 8 1 10 7 12 1 1 1 10 12 1 1 8 1 10 7 12 1 1 1 100 1 8 1 10 100 1 10 12 1 10 12 1 1 10 100 12 1 1 1 10 12 1 1 10 12 1 1 10 12 1 1 10 12 1 1 10 7 12 1 1 1 10 12 1 100 1 10 10 7 12 1 1 1 9 12 1 1 9 12 1 10 12 1 1 10 10 12 1 1 10 12 1 1 10 12 1 1 10 12 1 1 10 12 1 1 10 12 1 1 10 12 1 1 10 12 1 10 10 10 12 1 10 12 1 1 10 8 1 10 12 1 1 10 12 1 10 12 1 10 12 1 10 10 7 12 1 1 1 10 12 1 1 10 12 1 10 12 1 10 12 1 10 12 100 1 9 12 1 1 9 12 1 10 12 1 1 100 1 9 12 1 9 12 10 12 1 10 12 1 1 10 12 1 1 10 12 1 10 12 1 1 10 12 1 10 12 1 1 10 12 1 1 10 10 7 12 1 1 1 10 12 1 10 12 1 10 12 1 1 10 12 1 10 12 1 1 10 12 1 10 12 1 10 12 1 10 12 1 10 12 1 10 12 1 10 12 1 10 12 1 1 10 12 1 10 12 1 10 12 10 12 1 1 18 12 1 1 100 1 10 100 12 1 1 1 18 10 12 1 1 10 12 1 1 10 12 1 10 12 1 10 12 1 1 10 12 1 10 12 1 1 11 12 1 1 10 12 1 10 12 1 1 10 12 1 10 12 1 10 12 1 10 5 0 10 100 1 8 1 10 10 12 1 1 10 100 12 1 1 1 10 12 1 10 12 1 1 100 1 10 12 100 1 10 100 1 10 10 7 12 1 1 100 1 1 1 1 1 1 1 1 1 1 1 100 1 1 1 1 1 1 1 1 1 1 1 1 1 1 1 1 1 1 1 1 1 1 1 1 1 1 1 1 1 1 1 1 1 1 1 1 1 1 1 1 1 1 1 1 1 1 1 1 1 1 1 1 100 1 1 1 1 1 1 1 1 1 1 1 1 1 1 1 1 1 1 1 1 1 1 1 1 1 1 1 1 1 1 1 1 1 1 1 1 1 1 1 1 1 1 1 1 1 1 1 1 1 1 1 1 1 1 1 1 1 1 1 1 1 1 1 100 1 1 1 1 1 1 100 1 1 1 1 1 1 100 1 1 16 1 15 10 12 16 15 10 12 15 10 100 12 1 1 1 1 1 1 1 100 1 100 1 1
staticfield java/lang/AbstractStringBuilder EMPTYVALUE [B 0
staticfield java/lang/AbstractStringBuilder $assertionsDisabled Z 1
ciInstanceKlass java/lang/StringBuilder 1 1 425 10 7 12 1 1 1 10 12 1 10 12 1 10 12 1 1 10 7 12 1 1 1 10 7 12 1 1 1 10 12 1 10 12 1 10 12 1 10 12 1 10 12 1 10 12 1 10 12 1 10 12 1 10 12 1 10 12 1 10 12 1 10 12 1 10 12 1 10 12 1 1 10 12 1 10 12 1 1 10 12 1 1 10 12 1 10 12 1 10 12 1 10 12 1 10 12 1 10 12 1 10 12 1 10 12 10 12 1 10 12 1 10 12 1 10 12 1 1 10 12 1 10 12 1 10 12 10 12 1 1 10 12 1 10 12 1 10 12 1 1 8 1 10 12 1 10 100 12 1 1 1 9 12 1 1 10 12 1 10 12 1 10 12 1 1 9 12 1 1 10 100 12 1 1 1 10 100 1 10 12 1 1 10 100 12 1 1 10 12 1 10 12 1 1 100 1 100 1 8 1 10 10 12 1 1 10 12 1 10 12 1 10 12 1 1 10 12 1 10 12 1 10 12 1 10 12 1 10 12 1 10 12 10 12 1 10 12 1 10 12 1 10 12 1 10 12 1 10 12 1 10 12 1 10 12 1 10 12 1 1 10 12 1 1 10 12 1 10 12 1 10 12 1 10 12 10 12 10 12 1 10 12 1 10 12 1 10 12 10 12 1 10 12 1 10 12 1 10 12 1 10 12 1 10 12 1 10 12 1 10 12 1 10 12 1 1 10 12 1 10 12 1 1 10 12 1 10 12 1 1 10 12 1 10 12 1 1 10 12 1 10 12 1 10 12 1 10 10 10 12 1 100 1 100 1 100 1 100 1 1 1 1 5 0 1 1 1 1 1 1 1 1 1 1 1 1 1 1 1 1 1 1 1 1 1 1 1 1 1 1 1 1 1 1 1 1 1 1 1 1 1 1 1 1 1 1 1 1 100 1 1 1 100 1 1 1 1 1 1 1 1 1 1 1
ciInstanceKlass java/security/CodeSource 1 1 396 10 7 12 1 1 1 9 7 12 1 1 1 9 12 1 1 9 12 1 1 9 12 1 1 10 7 12 1 1 1 9 12 1 1 10 100 12 1 1 10 100 10 100 12 1 1 1 10 12 1 1 10 12 1 1 100 1 10 10 100 12 1 1 1 10 100 12 1 1 1 10 12 1 1 100 1 10 12 1 1 10 12 1 1 10 12 1 1 10 12 1 10 10 100 1 10 12 1 1 10 100 12 1 1 1 10 12 1 1 10 12 1 10 12 1 8 1 10 12 1 10 12 1 10 12 1 1 10 12 1 8 1 10 12 1 1 10 100 1 10 10 12 1 1 8 1 10 12 1 10 12 1 10 12 1 8 1 8 1 9 12 1 1 100 1 8 1 10 12 1 10 12 1 1 8 1 10 12 1 8 1 8 1 8 1 10 100 12 1 1 10 12 1 1 10 12 1 10 12 1 1 10 12 1 1 10 12 1 1 100 1 100 1 10 12 1 10 12 10 12 1 1 10 100 12 1 1 10 12 1 100 1 10 12 10 100 12 1 1 1 10 8 1 10 12 1 10 12 1 1 100 1 10 12 1 1 100 1 100 1 8 1 8 1 10 10 12 1 1 10 100 12 1 1 1 100 1 10 12 10 12 1 1 11 100 12 1 1 10 10 12 1 11 10 12 1 8 1 100 1 10 12 1 10 12 1 1 10 12 1 11 12 1 1 100 1 1 1 1 5 0 1 1 1 1 1 1 1 1 1 1 1 1 1 1 1 1 1 1 1 1 1 1 1 1 1 1 1 1 1 1 1 1 1 1 1 1 1 1 1 1 1 1 1 1 1 1 1 1 1 1 1 1 1 1 1 1 1 1 1 1 1 1 1 1 1 1 100 1 1 1 1 1 1 1
ciInstanceKlass java/security/ProtectionDomain 1 1 141 10 7 12 1 1 1 9 7 12 1 1 1 9 12 1 1 9 12 1 1 10 7 12 1 1 7 1 9 12 1 9 12 1 1 7 1 9 12 1 1 9 12 1 10 100 12 1 1 10 100 12 1 1 1 10 12 1 1 10 12 1 8 1 100 1 8 1 10 12 1 10 11 12 1 1 10 100 12 1 1 1 10 12 1 1 8 1 11 8 1 10 12 1 8 1 8 1 8 1 10 12 1 8 1 8 1 1 1 1 1 1 1 1 100 1 1 100 1 1 1 1 1 1 1 1 1 1 1 1 1 1 1 1 1 1 1 100 1 1 1
instanceKlass java/net/URLClassLoader
instanceKlass jdk/internal/loader/BuiltinClassLoader
ciInstanceKlass java/security/SecureClassLoader 1 1 99 10 7 12 1 1 1 7 1 10 12 1 9 7 12 1 1 1 10 12 1 10 12 1 10 12 1 1 10 12 1 1 10 12 1 7 1 10 7 1 10 12 1 7 1 10 12 1 11 7 12 1 1 1 7 1 11 12 1 10 12 1 1 1 1 1 1 1 1 1 1 1 1 1 1 1 1 1 1 1 1 1 1 1 1 1 1 1 1 1 1 1 1 1 1 1 1 1 1
ciInstanceKlass java/net/URL 1 1 736 10 7 12 1 1 1 10 12 1 10 7 12 1 1 9 12 1 1 9 12 1 10 12 1 1 9 12 1 1 10 7 12 1 1 1 8 1 10 12 1 1 100 1 10 10 12 1 1 8 1 10 12 1 1 9 12 1 100 1 8 1 10 12 1 10 12 1 8 1 9 12 1 10 12 1 1 9 12 1 10 12 1 10 12 1 9 12 1 9 12 1 8 1 9 12 1 10 12 1 1 8 1 9 12 1 1 10 12 1 1 10 7 12 1 1 1 8 1 10 12 1 100 1 10 12 1 10 12 1 10 12 1 10 12 1 1 10 12 1 1 8 1 10 12 1 1 10 12 1 8 1 9 12 1 8 1 10 12 1 10 7 12 1 1 1 100 1 10 12 1 10 12 1 1 10 7 12 1 1 1 100 1 8 1 10 10 12 1 8 1 10 12 1 1 10 12 1 10 12 1 10 12 1 10 12 1 10 12 1 10 12 1 8 1 10 12 1 8 1 10 10 100 1 10 10 12 1 8 1 10 7 12 1 1 1 10 12 1 9 12 1 1 10 12 1 10 100 12 1 1 1 100 1 10 12 1 10 12 1 10 12 1 10 12 1 10 12 1 10 12 10 10 12 1 8 1 100 1 10 100 12 1 1 1 10 12 1 1 10 12 1 10 12 1 1 8 1 9 100 12 1 1 1 10 100 12 1 1 1 10 12 1 10 12 1 10 100 12 1 1 1 10 12 1 1 10 12 1 9 12 1 1 9 12 1 1 100 1 8 1 10 9 12 1 1 10 7 12 1 1 8 1 10 100 12 1 1 8 1 10 12 1 1 10 12 1 8 1 8 1 10 7 12 1 1 1 100 1 10 100 12 1 1 1 10 12 1 10 12 1 9 100 12 1 1 1 10 100 12 1 1 10 12 1 1 10 12 1 8 1 100 1 10 100 12 1 1 1 10 12 1 1 11 100 12 1 1 11 12 1 10 12 1 10 12 1 8 9 100 12 1 1 1 10 12 1 1 10 12 1 10 12 1 1 10 100 12 1 1 11 7 1 10 12 1 10 12 1 9 12 1 10 12 1 1 10 100 12 1 1 10 100 12 1 1 1 8 10 100 12 1 1 100 1 10 8 8 10 12 1 8 8 8 100 1 10 12 1 9 12 1 1 10 12 1 10 12 1 1 10 12 1 10 12 10 12 1 1 10 12 1 1 10 10 10 12 1 10 12 1 10 12 1 10 12 1 10 12 1 10 10 12 1 100 1 8 1 10 10 10 12 1 1 10 12 1 10 12 1 1 8 1 7 1 10 10 7 1 10 12 1 9 7 12 1 1 1 9 12 1 1 7 1 10 10 7 12 1 1 1 100 1 1 1 1 1 5 0 1 1 1 1 1 1 1 1 1 1 1 1 1 1 1 1 1 1 1 1 1 1 1 1 1 1 1 1 1 1 1 1 1 1 1 1 1 1 1 1 1 1 1 1 1 1 100 1 1 1 1 1 1 1 1 1 1 1 1 1 1 1 1 1 1 1 1 1 1 1 1 1 1 1 1 1 1 1 1 1 1 1 1 100 1 1 1 1 1 1 1 1 1 1 1 1 1 1 1 1 1 1 1 1 1 1 1 100 1 1 1 1 1 1 1 1 1 1 1 1 1 1 1 1 1 1 1
staticfield java/net/URL defaultFactory Ljava/net/URLStreamHandlerFactory; java/net/URL$DefaultFactory
staticfield java/net/URL handlers Ljava/util/Hashtable; java/util/Hashtable
staticfield java/net/URL streamHandlerLock Ljava/lang/Object; java/lang/Object
staticfield java/net/URL serialPersistentFields [Ljava/io/ObjectStreamField; 7 [Ljava/io/ObjectStreamField;
ciInstanceKlass java/util/jar/Manifest 0 0 320 10 7 12 1 1 1 100 1 10 9 7 12 1 1 1 100 1 10 9 12 1 1 9 12 1 1 10 12 1 10 12 1 1 10 12 1 1 10 12 1 1 10 12 1 1 11 100 1 11 12 1 1 10 12 1 1 10 100 12 1 1 1 100 1 100 1 10 8 1 10 12 1 1 10 12 1 1 10 12 1 10 12 1 11 100 1 10 12 1 10 12 1 1 11 12 1 1 10 12 1 11 12 1 1 11 100 12 1 1 1 11 100 12 1 1 11 12 1 1 100 1 10 12 1 8 1 11 12 1 100 1 10 12 1 1 11 12 1 10 12 1 10 12 1 10 9 100 12 1 1 1 10 12 1 1 10 100 12 1 10 12 1 10 12 1 9 100 12 1 1 1 8 1 10 12 1 8 1 8 1 100 1 10 12 1 10 12 1 10 12 1 1 100 1 8 1 10 12 1 1 8 1 10 10 12 1 1 8 1 10 12 1 1 10 100 12 1 1 1 10 12 1 10 11 12 1 1 10 12 1 1 10 100 12 1 1 1 10 12 1 1 10 12 1 10 12 1 1 11 10 12 1 11 10 12 1 100 1 1 1 1 1 1 1 1 1 1 1 1 1 1 1 1 1 1 1 1 1 1 1 1 1 1 1 1 1 1 1 1 1 1 1 100 1 1 1 1 1 1 1 1 1 1 1 1 1 1 100 1 1 1 1 1 1 1 1 1 1 1
ciInstanceKlass java/io/ByteArrayInputStream 1 1 135 10 7 12 1 1 1 9 7 12 1 1 1 9 12 1 1 9 12 1 9 12 1 10 7 12 1 1 1 10 7 12 1 1 1 10 7 12 1 1 1 10 7 12 1 1 1 10 12 1 1 10 100 12 1 1 1 100 1 100 1 100 1 3 10 100 1 10 100 12 1 1 1 9 12 1 1 100 1 10 10 7 12 1 1 1 1 1 1 1 1 1 1 1 1 1 1 1 1 1 1 1 1 1 1 1 1 1 1 1 1 1 1 1 1 1 1 1 100 1 100 1 1 1 1 1 1 1 1 1 1 1 1 1 1
staticfield java/io/ByteArrayInputStream $assertionsDisabled Z 1
instanceKlass java/nio/ShortBuffer
instanceKlass java/nio/CharBuffer
instanceKlass java/nio/IntBuffer
instanceKlass java/nio/ByteBuffer
ciInstanceKlass java/nio/Buffer 1 1 259 100 1 10 7 12 1 1 1 9 7 12 1 1 1 9 12 1 9 12 1 1 9 12 1 9 12 1 1 10 12 1 1 10 12 1 1 10 12 100 1 100 1 10 8 1 10 12 1 1 10 12 1 8 1 8 1 10 12 1 1 10 12 1 8 1 9 12 1 1 100 1 8 1 10 12 1 8 1 8 1 9 12 10 12 1 8 1 8 1 8 1 10 12 1 8 1 8 1 8 1 100 1 10 100 1 10 100 1 10 9 12 1 1 10 7 12 1 1 1 100 1 10 12 1 1 10 12 1 10 100 12 1 1 10 7 12 1 1 1 10 7 12 1 1 1 9 12 1 1 10 7 12 1 1 1 9 12 1 1 7 1 10 10 12 1 1 7 1 10 10 7 12 1 1 1 1 1 3 1 1 1 1 1 1 1 1 1 1 1 1 1 1 100 1 1 1 1 1 1 1 100 1 1 1 1 1 1 1 1 1 1 1 1 1 1 1 1 1 1 1 1 1 1 1 1 1 1 1 1 1 1 1 1 1 1 1 1 1 1 1 1 1 1 100 1 100 1 100 1 100 1 100 1 100 1 100 1 1
staticfield java/nio/Buffer UNSAFE Ljdk/internal/misc/Unsafe; jdk/internal/misc/Unsafe
staticfield java/nio/Buffer SCOPED_MEMORY_ACCESS Ljdk/internal/misc/ScopedMemoryAccess; jdk/internal/misc/ScopedMemoryAccess
staticfield java/nio/Buffer IOOBE_FORMATTER Ljava/util/function/BiFunction; jdk/internal/util/Preconditions$4
staticfield java/nio/Buffer $assertionsDisabled Z 1
ciInstanceKlass jdk/internal/util/Preconditions 1 1 194 10 100 12 1 1 1 11 100 12 1 1 1 11 100 12 1 1 1 100 1 100 1 10 7 12 1 1 1 10 12 1 8 1 100 1 10 100 12 1 1 1 10 12 1 1 8 1 8 1 10 100 12 1 1 7 1 10 12 1 8 1 10 100 12 1 1 1 8 1 10 12 1 1 10 12 1 1 11 12 1 8 1 8 1 11 12 1 1 8 1 8 1 8 1 10 12 1 1 10 12 1 1 10 12 1 10 12 1 10 12 1 10 12 7 1 10 10 12 1 1 9 12 1 1 7 1 10 9 12 1 7 1 10 9 12 1 1 1 1 1 1 1 1 1 1 1 1 1 1 1 1 1 1 1 1 1 1 1 1 1 1 1 1 1 1 1 1 1 1 1 1 1 1 1 1 1 1 1 1 1 1 1 1 1 1 1 1 1 1 1 1 1 1
staticfield jdk/internal/util/Preconditions SIOOBE_FORMATTER Ljava/util/function/BiFunction; jdk/internal/util/Preconditions$4
staticfield jdk/internal/util/Preconditions AIOOBE_FORMATTER Ljava/util/function/BiFunction; jdk/internal/util/Preconditions$4
staticfield jdk/internal/util/Preconditions IOOBE_FORMATTER Ljava/util/function/BiFunction; jdk/internal/util/Preconditions$4
ciInstanceKlass java/util/function/BiFunction 1 1 65 10 100 12 1 1 1 18 12 1 1 11 100 12 1 1 11 100 12 1 100 1 1 1 1 1 1 1 1 1 1 1 1 1 1 1 1 1 1 1 1 1 1 1 1 1 1 1 16 15 11 12 15 10 100 12 1 1 1 1 100 1 100 1 1
ciMethod jdk/internal/util/Preconditions checkIndex (IILjava/util/function/BiFunction;)I 628 0 7418 0 -1
ciInstanceKlass java/lang/AssertionStatusDirectives 0 0 24 10 100 12 1 1 1 100 1 1 1 1 1 1 1 1 1 1 1 1 1 1 1 1
instanceKlass wv/codeclip/ui/SmartPasteExtractor$ClassEntry
instanceKlass wv/codeclip/ui/SmartPasteExtractor$PatchEntry
instanceKlass jdk/internal/foreign/Utils$1VarHandleCache
instanceKlass jdk/internal/foreign/Utils$BaseAndScale
instanceKlass sun/font/HBShaper$ScopedVars
instanceKlass jdk/internal/foreign/abi/UpcallLinker$InvocationData
instanceKlass jdk/internal/classfile/impl/StackMapGenerator$RawExceptionCatch
instanceKlass jdk/internal/foreign/abi/NativeEntryPoint$CacheKey
instanceKlass jdk/internal/foreign/abi/DowncallLinker$InvocationData
instanceKlass jdk/internal/foreign/abi/LinkerOptions$CaptureCallState
instanceKlass jdk/internal/foreign/abi/x64/windows/CallArranger$Bindings
instanceKlass jdk/internal/foreign/abi/Binding$SegmentOffset
instanceKlass jdk/internal/foreign/abi/Binding$SegmentBase
instanceKlass jdk/internal/foreign/abi/Binding$BufferLoad
instanceKlass jdk/internal/foreign/abi/Binding$VMStore
instanceKlass jdk/internal/foreign/abi/Binding$ShiftRight
instanceKlass jdk/internal/foreign/abi/Binding$ShiftLeft
instanceKlass jdk/internal/foreign/abi/Binding$Dup
instanceKlass jdk/internal/foreign/abi/Binding$Allocate
instanceKlass jdk/internal/foreign/abi/Binding$Copy
instanceKlass jdk/internal/foreign/abi/Binding$BufferStore
instanceKlass jdk/internal/foreign/abi/Binding$BoxAddress
instanceKlass jdk/internal/foreign/abi/Binding$VMLoad
instanceKlass jdk/internal/foreign/abi/AbstractLinker$LinkRequest
instanceKlass jdk/internal/foreign/abi/LinkerOptions$FirstVariadicArg
instanceKlass wv/codeclip/patch/JavaCompileChecker$CompileCheckResult
instanceKlass java/lang/ClassValue$Version
instanceKlass com/sun/tools/javac/comp/Flow$RecordPattern
instanceKlass com/sun/tools/javac/comp/Flow$BindingPattern
instanceKlass com/sun/tools/javac/jvm/PoolConstant$Dynamic$PoolKey
instanceKlass com/sun/tools/javac/code/TypeMetadata$Annotations
instanceKlass com/sun/tools/javac/comp/Infer$IncorporationBinaryOpKey
instanceKlass com/sun/tools/javac/code/TypeMetadata$ConstantValue
instanceKlass com/sun/tools/javac/code/Symbol$ClassSymbol$PermittedClassWithPos
instanceKlass com/sun/tools/javac/comp/Lower$TypePairs
instanceKlass com/sun/tools/javac/jvm/Gen$PatternMatchingCatchConfiguration
instanceKlass wv/codeclip/patch/PatchApplier$PatchResult
instanceKlass wv/codeclip/patch/PatchApplier$FailedChange
instanceKlass jdk/internal/classfile/impl/AbstractInstruction$SwitchCaseImpl
instanceKlass jdk/internal/classfile/impl/StackMapDecoder$StackMapFrameImpl
instanceKlass jdk/internal/classfile/impl/StackMapDecoder$ObjectVerificationTypeInfoImpl
instanceKlass wv/codeclip/model/PatchChange$InsertMethod
instanceKlass wv/codeclip/model/PatchChange$MethodReplace
instanceKlass wv/codeclip/model/PatchChange$FindReplace
instanceKlass wv/codeclip/patch/PatchParser$ParsedBlock
instanceKlass wv/codeclip/CodeClipFrame$RawLogLine
instanceKlass sun/util/locale/LanguageTag
instanceKlass jdk/internal/foreign/LayoutPath$GroupElementByName
instanceKlass java/util/stream/Collectors$CollectorImpl
instanceKlass wv/codeclip/CodeClipFrame$PanelEntry
instanceKlass wv/codeclip/patch/PatchUndoManager$Entry
instanceKlass java/lang/invoke/StringConcatFactory$InlineHiddenClassStrategy$MethodHandlePair
instanceKlass java/lang/invoke/InvokerBytecodeGenerator$ClassData
instanceKlass sun/nio/fs/WindowsPathParser$Result
instanceKlass java/lang/invoke/MethodHandles$Lookup$ClassDefiner
instanceKlass jdk/internal/classfile/impl/ClassHierarchyImpl$ClassHierarchyInfoImpl
instanceKlass java/lang/classfile/ClassHierarchyResolver$1Factory
instanceKlass jdk/internal/classfile/impl/RawBytecodeHelper$CodeRange
instanceKlass jdk/internal/classfile/impl/StackMapGenerator$Type
instanceKlass jdk/internal/classfile/impl/DirectCodeBuilder$DeferredLabel
instanceKlass jdk/internal/classfile/impl/Util$1WithCodeMethodHandler
instanceKlass jdk/internal/classfile/impl/AnnotationImpl
instanceKlass java/security/SecureClassLoader$CodeSourceKey
instanceKlass jdk/internal/reflect/ReflectionFactory$Config
instanceKlass jdk/internal/foreign/abi/UpcallLinker$CallRegs
instanceKlass jdk/internal/foreign/abi/VMStorage
ciInstanceKlass java/lang/Record 1 1 22 10 7 12 1 1 1 100 1 1 1 1 1 1 1 1 1 1 1 1 1 1
ciInstanceKlass java/util/concurrent/ConcurrentHashMap 1 1 1219 100 1 7 1 10 7 12 1 1 1 10 12 1 1 9 12 1 1 3 10 7 12 1 1 1 3 100 1 10 7 12 1 1 1 100 1 10 100 12 1 1 1 100 1 11 12 1 1 11 12 1 11 12 1 1 9 12 1 1 9 12 1 9 12 1 1 10 7 12 1 1 1 7 1 10 12 1 1 10 12 1 1 10 7 12 1 1 1 4 10 12 1 11 7 12 1 1 10 12 1 10 12 1 1 100 1 10 5 0 10 12 1 9 12 1 10 12 1 1 5 0 10 12 1 10 12 1 9 12 1 1 10 12 1 1 9 12 1 9 12 1 1 10 12 1 1 9 12 1 10 12 1 1 9 12 1 1 10 12 1 1 100 1 10 100 1 10 12 1 10 12 1 1 10 12 1 1 10 12 1 1 10 12 1 10 12 1 1 10 12 1 1 100 1 10 12 1 1 7 1 100 1 8 1 10 12 1 10 12 1 1 10 12 1 1 10 10 12 1 11 12 1 1 11 7 12 1 1 1 11 7 12 1 1 1 11 12 1 7 1 11 12 1 11 12 1 10 12 1 1 10 12 1 1 9 12 1 1 10 100 12 1 1 1 9 10 12 1 1 9 12 1 10 12 1 1 5 0 9 12 1 1 7 1 10 12 1 9 12 1 1 7 1 10 12 1 9 12 1 7 1 10 100 1 10 10 12 1 1 8 1 10 12 1 10 12 1 1 11 100 1 10 12 1 10 100 12 1 1 1 8 1 10 100 12 1 1 1 8 1 10 12 1 8 1 10 12 1 10 12 1 1 10 100 12 1 1 10 12 1 10 12 1 10 12 1 9 12 1 9 10 12 1 9 12 1 11 100 12 1 1 1 11 7 12 1 1 1 100 1 10 12 11 100 12 1 1 10 11 7 12 1 10 12 1 100 1 10 12 1 100 1 10 10 9 7 12 1 1 1 3 10 100 12 1 1 9 12 1 10 12 1 1 9 12 1 1 9 12 1 10 12 1 1 10 100 12 1 1 9 12 1 9 7 12 1 1 10 12 1 1 10 12 1 3 9 12 1 9 12 1 10 12 1 1 7 1 9 3 100 1 10 12 1 9 12 1 10 12 1 9 12 1 10 12 1 9 12 1 10 100 12 1 1 1 100 10 12 1 100 1 5 0 10 100 12 1 1 100 1 10 12 1 1 10 12 1 10 12 1 100 1 10 12 1 10 100 1 100 1 10 10 12 1 10 100 1 10 12 1 10 100 1 10 12 1 10 100 1 10 12 1 1 100 1 10 12 1 10 10 12 1 100 1 10 12 1 10 10 12 1 100 1 10 12 1 10 100 1 10 12 1 10 100 1 10 12 1 10 100 1 10 12 1 10 100 1 10 12 1 10 100 1 10 12 1 10 100 1 10 12 1 10 100 1 10 12 1 10 100 1 10 10 100 1 10 10 100 1 10 10 100 1 10 12 1 10 100 1 10 12 1 10 100 1 10 12 1 10 100 1 10 12 1 10 100 1 10 12 1 10 100 1 10 10 100 1 10 10 100 1 10 10 100 1 10 12 1 10 100 1 10 12 1 10 100 1 10 12 1 10 100 1 10 12 1 10 100 1 10 12 1 10 10 12 1 10 12 1 7 1 7 1 10 12 1 9 12 1 1 9 12 1 1 10 12 1 1 8 10 12 1 1 8 8 8 8 7 10 12 1 1 10 12 1 1 100 1 8 1 10 7 1 100 1 100 1 1 1 5 0 1 1 3 1 3 1 1 1 1 3 1 3 1 3 1 1 1 1 1 3 1 3 1 3 1 1 1 1 1 1 1 1 1 1 1 1 1 1 1 1 1 1 1 1 1 1 1 1 1 1 1 100 1 1 1 1 1 1 1 1 1 1 1 1 1 1 1 1 1 1 1 1 1 1 1 1 1 1 1 1 1 1 1 1 1 1 1 1 1 1 1 1 1 1 1 1 1 1 1 1 1 1 1 1 1 1 1 1 1 1 1 1 1 1 1 1 1 1 1 1 1 1 1 1 1 1 1 1 1 1 1 1 1 1 1 1 100 1 1 1 1 1 1 1 1 1 1 1 100 1 1 1 1 1 1 1 1 1 1 1 1 1 1 1 1 1 1 1 1 1 1 1 1 1 1 1 1 1 1 1 1 1 1 1 1 1 1 1 1 1 1 1 1 1 1 1 1 1 1 1 1 1 1 1 1 1 1 1 1 1 1 1 1 1 1 1 1 1 1 1 1 1 1 1 1 1 1 1 1 1 1 1 1 1 1 1 1 1 1 1 1 1 1 1 1 1 1 1 1 1 1 1 1 1 1 1 1 1 1 1 1 1 1 1 1 1 1 1 1 1 1 1 1 1 1 1 1 1 1 1 1 1 1 1 1 1 1 1 1 1 1 1 1 1 1 1 1 1 1 1 1 1 1 1 1 1 1 1 1 1 1 1 1 1 1 1 1 1 1 1 1 1 1 1 1 1 1 1 1 1 1 1 1 1 1 1 1 1 1 1 1 1 1 1 1 1 1 1 1 1 1 1 1 1 1 1 1 1 1 1 1 1 1 1 1 1 1 1 1 1 1 1 100 1 100 1 100 1 100 1 100 1 100 1 100 1 100 1 100 1 1 1 1 1 1 1 1 1 1 1 1 1 1 1 1 1 1 1 1 1 1 1 1 1 1 1 1 1 1 1 1 1 1 1 1 1 1 1 1 1 1 1 1 1 1 1 1 1 1 1 1 1 1 1 1 1 1
staticfield java/util/concurrent/ConcurrentHashMap serialPersistentFields [Ljava/io/ObjectStreamField; 3 [Ljava/io/ObjectStreamField;
staticfield java/util/concurrent/ConcurrentHashMap U Ljdk/internal/misc/Unsafe; jdk/internal/misc/Unsafe
staticfield java/util/concurrent/ConcurrentHashMap SIZECTL J 44
staticfield java/util/concurrent/ConcurrentHashMap TRANSFERINDEX J 56
staticfield java/util/concurrent/ConcurrentHashMap BASECOUNT J 48
staticfield java/util/concurrent/ConcurrentHashMap CELLSBUSY J 60
staticfield java/util/concurrent/ConcurrentHashMap CELLVALUE J 144
staticfield java/util/concurrent/ConcurrentHashMap ABASE J 16
staticfield java/util/concurrent/ConcurrentHashMap ASHIFT I 2
instanceKlass sun/font/AttributeMap
instanceKlass java/util/concurrent/ConcurrentSkipListMap
instanceKlass java/util/TreeMap
instanceKlass java/util/Collections$SingletonMap
instanceKlass java/util/IdentityHashMap
instanceKlass java/util/EnumMap
instanceKlass sun/awt/SoftCache
instanceKlass java/util/WeakHashMap
instanceKlass java/util/Collections$EmptyMap
instanceKlass sun/util/PreHashedMap
instanceKlass java/util/HashMap
instanceKlass java/util/ImmutableCollections$AbstractImmutableMap
instanceKlass java/util/concurrent/ConcurrentHashMap
ciInstanceKlass java/util/AbstractMap 1 1 198 10 7 12 1 1 1 10 7 12 1 1 1 11 7 12 1 1 1 10 11 12 1 1 11 7 12 1 1 1 11 12 1 1 7 1 11 12 1 10 12 1 1 11 12 1 100 1 10 11 12 1 11 7 1 10 12 1 1 11 12 1 9 12 1 1 100 1 10 12 1 9 12 1 1 7 1 10 11 11 12 1 1 11 12 1 100 1 100 1 11 12 1 8 1 100 1 10 10 12 1 1 8 1 10 12 1 10 12 1 1 10 12 1 1 1 1 1 1 1 1 1 1 1 1 1 1 1 1 1 1 1 1 1 1 1 1 1 1 1 1 1 1 1 1 1 1 1 1 1 1 1 1 100 1 1 1 1 1 1 1 100 1 1 1 1 1 1 1 1 1 100 1 1 1 1 1 1 1 1 1 100 1 100 1 100 1 100 1 100 1 1 1 1 1 1 1 1
ciInstanceKlass java/util/concurrent/ConcurrentMap 1 1 201 11 100 12 1 1 1 10 100 12 1 1 11 12 1 1 11 100 12 1 1 1 11 100 12 1 1 1 11 12 1 1 100 1 11 12 1 11 12 1 100 1 11 100 12 1 1 1 18 12 1 11 12 1 1 11 100 12 1 1 11 12 1 1 11 100 12 1 11 12 1 1 11 12 1 1 100 1 100 1 1 1 1 1 1 1 1 1 1 1 1 1 1 1 1 1 1 1 1 1 1 1 1 1 1 1 1 1 1 1 1 1 1 1 1 1 1 1 1 1 1 1 1 1 1 1 1 1 1 1 1 1 1 1 1 1 1 1 1 16 15 11 12 15 10 100 12 1 1 1 1 1 100 1 100 1 1 1 100 1 8 1 1 12 10 1 8 1 1 1 8 1 8 1 1 8 1 1 1 8 1 1 1 8 1 1 8 1 8 1 1 1 8 1 1 8 1 1 1 8 1
ciInstanceKlass java/util/Collection 1 1 115 11 100 12 1 1 1 100 1 11 7 12 1 1 1 10 100 12 1 1 1 11 12 1 1 11 100 12 1 1 1 11 12 1 1 11 100 12 1 1 1 11 12 1 1 10 7 12 1 1 1 11 12 1 10 7 12 1 1 1 100 1 100 1 1 1 1 1 1 1 1 1 1 1 1 1 1 1 1 1 1 1 1 1 1 1 1 1 1 1 1 1 1 1 1 1 1 1 1 1 1 1 1 1 1 1 1 1 1 1 1 1 1 1 1
instanceKlass jdk/internal/loader/ClassLoaders$BootClassLoader
instanceKlass jdk/internal/loader/ClassLoaders$PlatformClassLoader
instanceKlass jdk/internal/loader/ClassLoaders$AppClassLoader
ciInstanceKlass jdk/internal/loader/BuiltinClassLoader 1 1 652 9 7 12 1 1 1 10 7 12 1 1 1 10 7 12 1 1 1 9 12 1 1 9 12 1 1 7 1 10 12 1 9 12 1 10 12 1 9 12 1 10 7 12 1 1 1 10 7 12 1 1 1 10 100 12 1 1 1 11 7 12 1 1 1 100 1 100 1 10 10 12 1 1 8 1 10 12 1 10 12 7 1 10 12 1 10 12 1 1 11 100 12 1 1 1 11 7 12 1 1 1 11 12 1 1 7 1 8 1 8 1 10 9 12 1 1 10 7 12 1 1 11 12 1 1 10 12 1 1 10 12 1 1 10 12 1 1 11 7 12 1 1 1 10 7 12 1 1 7 1 10 7 12 1 1 1 10 7 12 1 1 1 10 12 1 10 12 1 100 1 8 1 10 12 1 1 10 8 1 10 12 1 1 10 12 1 1 10 12 1 1 11 7 12 1 1 11 12 1 7 1 10 11 12 1 1 11 10 12 1 1 7 1 10 12 1 10 7 12 1 10 12 1 11 12 1 1 11 7 1 11 12 1 7 1 10 12 1 1 100 1 100 1 11 12 1 1 10 12 1 10 12 10 12 1 10 7 12 1 1 1 7 1 10 10 12 1 1 10 12 1 1 10 12 1 1 10 12 1 9 12 1 1 100 1 10 10 12 1 1 10 12 1 1 10 12 1 10 12 10 12 1 1 10 12 1 1 10 12 1 1 10 12 1 10 12 1 1 10 12 1 1 10 12 1 10 12 1 1 10 12 1 7 1 10 12 10 7 12 1 1 1 10 12 1 11 12 1 7 1 10 12 1 7 1 100 1 10 12 1 10 12 1 11 12 1 1 10 12 1 1 10 12 1 1 10 12 1 1 10 12 1 1 10 12 1 10 12 1 10 12 1 10 12 1 8 1 10 12 1 1 10 7 12 1 1 10 12 1 100 1 8 1 8 1 10 10 12 1 8 1 8 1 10 100 12 1 1 1 11 100 12 1 1 1 9 100 12 1 1 1 10 100 12 1 1 1 9 12 1 9 12 1 9 12 1 9 12 1 9 12 1 9 12 1 10 100 12 1 1 1 8 1 10 12 1 7 1 10 11 12 1 1 10 12 10 12 1 10 12 1 100 1 10 12 1 10 12 1 11 11 12 1 10 7 12 1 1 10 7 12 1 1 8 1 10 7 12 1 1 10 12 1 1 1 1 1 1 1 1 1 1 1 1 1 1 1 1 1 1 1 1 1 1 1 1 1 1 1 1 1 1 1 1 1 1 1 1 1 1 1 1 1 1 1 1 1 1 1 1 1 1 1 1 1 1 1 100 1 1 1 1 1 1 1 1 1 1 1 1 1 100 1 100 1 1 1 1 1 1 1 1 1 1 1 1 1 1 1 1 1 1 1 1 1 1 1 1 1 1 1 1 1 1 1 1 1 1 1 1 1 1 1 1 1 1 1 1 1 1 1 100 1 1 1 100 1 1 1 1 1
staticfield jdk/internal/loader/BuiltinClassLoader packageToModule Ljava/util/Map; java/util/concurrent/ConcurrentHashMap
staticfield jdk/internal/loader/BuiltinClassLoader $assertionsDisabled Z 1
ciInstanceKlass jdk/internal/loader/ClassLoaders$AppClassLoader 1 1 57 8 1 10 7 12 1 1 1 10 100 12 1 1 1 10 12 1 1 10 7 12 1 1 1 100 1 10 12 1 1 1 1 1 1 1 1 1 1 1 1 1 1 1 1 1 1 1 1 1 1 1 1 100 1 1 1
ciInstanceKlass jdk/internal/loader/ClassLoaders$PlatformClassLoader 1 1 42 8 1 10 7 12 1 1 1 10 7 12 1 1 1 100 1 10 12 1 100 1 1 1 1 1 1 1 1 1 1 1 1 1 1 100 1 1 1 100 1 1
ciInstanceKlass java/lang/ArithmeticException 1 1 26 10 100 12 1 1 1 10 12 1 100 1 1 1 1 5 0 1 1 1 1 1 1 1 1 1
instanceKlass com/sun/tools/javac/parser/ReferenceParser$ParseException
instanceKlass sun/nio/fs/WindowsException
instanceKlass com/sun/tools/javac/jvm/JNIWriter$TypeSignature$SignatureException
instanceKlass com/sun/tools/javac/jvm/ModuleNameReader$BadClassFile
instanceKlass java/lang/CloneNotSupportedException
instanceKlass com/sun/tools/javac/util/ByteBuffer$UnderflowException
instanceKlass com/sun/tools/javac/util/InvalidUtfException
instanceKlass jdk/javadoc/internal/doclint/DocLint$BadArgs
instanceKlass com/sun/tools/javac/main/Option$InvalidValueException
instanceKlass java/net/URISyntaxException
instanceKlass wv/codeclip/model/PatchException
instanceKlass java/io/IOException
instanceKlass javax/swing/text/BadLocationException
instanceKlass java/lang/ReflectiveOperationException
instanceKlass java/lang/RuntimeException
ciInstanceKlass java/lang/Exception 1 1 40 10 7 12 1 1 1 10 12 1 10 12 1 10 12 1 10 12 1 100 1 1 1 1 5 0 1 1 1 1 1 1 1 1 1 1 1 1 1 1
instanceKlass java/util/concurrent/StructureViolationException
instanceKlass java/nio/file/FileSystemAlreadyExistsException
instanceKlass com/sun/tools/javac/jvm/Gen$CodeSizeOverflow
instanceKlass com/sun/tools/javac/code/Types$AdaptFailure
instanceKlass com/sun/tools/javac/comp/Attr$BreakAttr
instanceKlass com/sun/tools/javac/util/CompilerInternalException
instanceKlass com/sun/tools/javac/jvm/ClassWriter$StringOverflow
instanceKlass com/sun/tools/javac/jvm/ClassWriter$PoolOverflow
instanceKlass com/sun/tools/javac/code/Symbol$CompletionFailure
instanceKlass java/util/NoSuchElementException
instanceKlass java/util/MissingResourceException
instanceKlass java/nio/file/FileSystemNotFoundException
instanceKlass java/io/UncheckedIOException
instanceKlass java/nio/file/ProviderNotFoundException
instanceKlass java/lang/UnsupportedOperationException
instanceKlass com/sun/tools/javac/util/ClientCodeException
instanceKlass com/sun/tools/javac/util/PropagatedException
instanceKlass java/lang/WrongThreadException
instanceKlass java/lang/IllegalStateException
instanceKlass java/lang/MatchException
instanceKlass java/lang/IllegalArgumentException
instanceKlass java/lang/IndexOutOfBoundsException
instanceKlass java/lang/ArithmeticException
instanceKlass java/lang/NullPointerException
instanceKlass java/lang/IllegalCallerException
instanceKlass java/lang/IllegalMonitorStateException
instanceKlass java/lang/ArrayStoreException
instanceKlass java/lang/ClassCastException
ciInstanceKlass java/lang/RuntimeException 1 1 40 10 7 12 1 1 1 10 12 1 10 12 1 10 12 1 10 12 1 100 1 1 1 1 5 0 1 1 1 1 1 1 1 1 1 1 1 1 1 1
ciInstanceKlass java/lang/ArrayIndexOutOfBoundsException 1 1 45 10 100 12 1 1 1 10 12 1 100 1 10 8 1 10 12 1 1 10 12 1 10 12 1 1 100 1 1 1 1 5 0 1 1 1 1 1 1 1 1 1 1 1 1
instanceKlass java/lang/StringIndexOutOfBoundsException
instanceKlass java/lang/ArrayIndexOutOfBoundsException
ciInstanceKlass java/lang/IndexOutOfBoundsException 1 1 49 10 100 12 1 1 1 10 12 1 100 1 10 8 1 10 12 1 1 10 12 1 10 12 1 1 10 12 1 100 1 1 1 1 5 0 1 1 1 1 1 1 1 1 1 1 1 1 1
ciInstanceKlass java/lang/ArrayStoreException 1 1 26 10 100 12 1 1 1 10 12 1 100 1 1 1 1 5 0 1 1 1 1 1 1 1 1 1
ciInstanceKlass java/lang/ClassCastException 1 1 26 10 100 12 1 1 1 10 12 1 100 1 1 1 1 5 0 1 1 1 1 1 1 1 1 1
ciInstanceKlass java/lang/ClassNotFoundException 1 1 96 7 1 10 7 12 1 1 1 10 12 1 10 12 1 1 10 100 12 1 1 1 8 1 10 100 12 1 1 1 10 7 12 1 1 10 100 12 1 1 1 10 100 12 1 1 1 10 12 1 1 7 1 10 12 1 9 12 1 1 1 1 1 5 0 1 1 1 1 1 1 1 1 1 1 1 1 1 1 1 1 1 1 100 1 1 1 1 1 1 1 1 1 1 1 1
staticfield java/lang/ClassNotFoundException serialPersistentFields [Ljava/io/ObjectStreamField; 1 [Ljava/io/ObjectStreamField;
instanceKlass java/lang/InstantiationException
instanceKlass java/lang/IllegalAccessException
instanceKlass java/lang/NoSuchFieldException
instanceKlass java/lang/NoSuchMethodException
instanceKlass java/lang/ClassNotFoundException
ciInstanceKlass java/lang/ReflectiveOperationException 1 1 34 10 7 12 1 1 1 10 12 1 10 12 1 10 12 1 100 1 1 1 1 5 0 1 1 1 1 1 1 1 1 1 1 1
instanceKlass java/nio/file/ProviderMismatchException
instanceKlass java/nio/file/InvalidPathException
instanceKlass java/nio/charset/UnsupportedCharsetException
instanceKlass java/nio/charset/IllegalCharsetNameException
instanceKlass java/lang/NumberFormatException
ciInstanceKlass java/lang/IllegalArgumentException 1 1 35 10 100 12 1 1 1 10 12 1 10 12 1 10 12 1 100 1 1 1 1 5 0 1 1 1 1 1 1 1 1 1 1 1 1
ciMethod java/lang/IllegalArgumentException <init> (Ljava/lang/String;)V 0 0 1 0 -1
ciInstanceKlass java/lang/IllegalCallerException 0 0 35 10 100 12 1 1 1 10 12 1 10 12 1 10 12 1 100 1 1 1 1 5 0 1 1 1 1 1 1 1 1 1 1 1 1
ciInstanceKlass java/lang/IllegalMonitorStateException 1 1 26 10 100 12 1 1 1 10 12 1 100 1 1 1 1 5 0 1 1 1 1 1 1 1 1 1
ciInstanceKlass java/lang/BootstrapMethodError 0 0 45 10 100 12 1 1 1 10 12 1 10 12 1 10 100 12 1 1 1 10 100 12 1 1 1 1 1 1 5 0 1 1 1 1 1 1 1 1 1 1 1 100 1 1 1
instanceKlass com/sun/tools/javac/file/PathFileObject$CannotCreateUriError
instanceKlass com/sun/tools/javac/util/Abort
instanceKlass com/sun/tools/javac/processing/AnnotationProcessingError
instanceKlass com/sun/tools/javac/util/FatalError
instanceKlass java/lang/AssertionError
instanceKlass java/util/ServiceConfigurationError
instanceKlass jdk/internal/misc/ScopedMemoryAccess$ScopedAccessError
instanceKlass java/lang/VirtualMachineError
instanceKlass java/lang/LinkageError
ciInstanceKlass java/lang/Error 1 1 58 10 7 12 1 1 1 9 12 1 1 10 100 12 1 1 1 10 100 12 1 1 1 10 12 1 10 12 1 10 12 1 10 12 1 100 1 1 1 1 5 0 1 1 1 1 1 1 1 1 100 1 1 1 1 1 1 1
instanceKlass java/lang/IncompatibleClassChangeError
instanceKlass java/lang/BootstrapMethodError
instanceKlass java/lang/NoClassDefFoundError
ciInstanceKlass java/lang/LinkageError 1 1 31 10 7 12 1 1 1 10 12 1 10 12 1 100 1 1 1 1 5 0 1 1 1 1 1 1 1 1 1 1 1
ciInstanceKlass java/lang/NullPointerException 1 1 52 10 100 12 1 1 1 10 12 1 9 100 12 1 1 1 10 12 1 1 9 12 1 1 10 12 1 1 10 12 1 1 1 1 5 0 1 1 1 1 1 1 1 1 100 1 100 1 100 1 1 1
ciInstanceKlass java/lang/InternalError 1 1 34 10 100 12 1 1 1 10 12 1 10 12 1 10 12 1 100 1 1 1 1 5 0 1 1 1 1 1 1 1 1 1 1 1
instanceKlass java/lang/StackOverflowError
instanceKlass java/lang/OutOfMemoryError
instanceKlass java/lang/InternalError
ciInstanceKlass java/lang/VirtualMachineError 1 1 34 10 100 12 1 1 1 10 12 1 10 12 1 10 12 1 100 1 1 1 1 5 0 1 1 1 1 1 1 1 1 1 1 1
ciInstanceKlass java/lang/NoClassDefFoundError 0 0 26 10 100 12 1 1 1 10 12 1 100 1 1 1 1 5 0 1 1 1 1 1 1 1 1 1
ciInstanceKlass java/lang/OutOfMemoryError 1 1 26 10 100 12 1 1 1 10 12 1 100 1 1 1 1 5 0 1 1 1 1 1 1 1 1 1
ciInstanceKlass java/lang/StackOverflowError 1 1 26 10 100 12 1 1 1 10 12 1 100 1 1 1 1 5 0 1 1 1 1 1 1 1 1 1
ciInstanceKlass java/lang/StackTraceElement 0 0 235 10 100 12 1 1 1 10 100 12 1 1 9 12 1 1 9 12 1 1 9 12 1 9 12 1 8 1 10 100 12 1 1 1 100 1 9 12 1 8 1 9 12 1 9 12 1 9 12 1 1 10 12 1 1 10 12 1 8 1 10 100 12 1 1 1 100 1 10 12 1 10 12 1 1 10 12 1 10 12 1 1 10 12 1 10 12 1 10 10 12 1 8 1 10 12 1 10 12 1 1 10 12 1 1 10 12 1 10 12 1 10 12 1 9 12 1 1 10 100 12 1 1 1 10 12 1 1 100 1 10 12 1 1 10 100 12 1 1 10 100 12 1 1 1 10 100 12 1 1 10 100 12 1 1 10 10 12 1 1 10 12 1 1 10 12 1 1 10 12 1 100 1 1 1 1 1 1 1 3 1 3 1 1 5 0 1 1 1 1 1 1 1 1 1 1 1 1 1 1 1 1 1 1 1 1 1 1 1 1 1 1 1 1 1 100 1 100 1 1 1 1 1 1 1 100 1 1 1 1 1 1 1 1 1
instanceKlass java/util/concurrent/locks/AbstractQueuedLongSynchronizer
instanceKlass java/util/concurrent/locks/AbstractQueuedSynchronizer
ciInstanceKlass java/util/concurrent/locks/AbstractOwnableSynchronizer 1 1 32 10 7 12 1 1 1 9 7 12 1 1 1 100 1 1 1 1 5 0 1 1 1 1 1 1 1 1 1 1 1 1
ciInstanceKlass jdk/internal/vm/Continuation 1 1 551 9 7 12 1 1 1 9 12 1 9 12 1 9 12 1 100 1 100 1 10 12 1 1 8 1 10 12 1 1 10 12 1 10 12 1 1 10 12 1 9 7 12 1 1 1 11 100 12 1 1 1 10 100 1 9 12 1 1 9 12 1 1 10 8 1 10 12 1 9 12 1 1 10 11 12 1 1 100 1 10 100 12 1 1 1 10 12 1 1 10 12 1 10 12 1 1 11 12 1 1 9 12 1 1 10 12 1 1 18 12 1 1 10 100 12 1 1 1 100 1 10 12 1 11 100 12 1 1 1 10 12 1 9 12 1 10 12 1 1 100 1 8 1 10 12 1 10 12 1 1 9 12 1 1 11 12 1 1 9 12 1 1 8 1 10 11 12 1 1 11 12 1 1 10 12 1 1 10 12 1 1 9 12 1 10 12 1 10 10 12 1 8 1 10 12 1 8 1 8 1 10 7 12 1 1 1 10 100 12 1 1 1 10 12 1 9 12 1 11 12 1 100 1 10 12 1 10 12 1 1 9 12 1 1 100 1 10 12 1 1 9 12 1 1 10 12 1 10 12 1 11 100 12 1 1 10 7 1 10 12 1 8 1 10 12 1 1 9 12 1 1 10 7 12 1 1 8 1 8 1 8 1 8 1 10 12 1 1 10 12 1 10 12 1 10 12 1 10 12 1 1 10 12 1 1 8 1 9 12 1 10 12 1 1 9 12 1 1 10 12 1 1 9 12 1 8 1 10 100 12 1 1 1 10 12 1 8 1 100 1 8 1 10 9 12 1 1 8 1 10 100 12 1 1 10 100 12 1 1 8 1 8 1 10 12 10 12 1 1 10 100 1 10 100 12 1 1 1 18 11 100 12 1 1 1 18 12 1 11 12 1 1 100 1 10 7 12 1 1 10 12 1 1 8 10 12 1 1 10 7 12 1 1 1 10 7 12 1 1 10 12 1 8 1 10 12 1 100 1 100 1 10 12 1 1 1 1 1 1 1 1 1 1 1 1 1 1 1 1 1 1 1 1 1 1 1 1 1 1 1 1 1 1 1 1 1 1 1 1 1 1 1 1 1 1 1 1 1 1 1 1 1 1 1 1 1 1 1 1 1 1 1 1 1 1 1 1 1 1 1 1 1 1 1 1 1 1 1 1 100 1 1 16 1 15 10 12 16 15 11 100 12 1 1 1 16 1 16 1 15 10 12 16 15 10 100 12 1 1 1 1 1 1 1 1 100 1 100 1 1
staticfield jdk/internal/vm/Continuation U Ljdk/internal/misc/Unsafe; jdk/internal/misc/Unsafe
staticfield jdk/internal/vm/Continuation MOUNTED_OFFSET J 13
staticfield jdk/internal/vm/Continuation PRESERVE_SCOPED_VALUE_CACHE Z 1
staticfield jdk/internal/vm/Continuation JLA Ljdk/internal/access/JavaLangAccess; java/lang/System$1
staticfield jdk/internal/vm/Continuation $assertionsDisabled Z 1
ciInstanceKlass jdk/internal/misc/UnsafeConstants 1 1 34 10 100 12 1 1 1 9 7 12 1 1 1 9 12 1 9 12 1 1 9 12 1 9 12 1 1 1 1 1 1 1 1 1
staticfield jdk/internal/misc/UnsafeConstants ADDRESS_SIZE0 I 8
staticfield jdk/internal/misc/UnsafeConstants PAGE_SIZE I 4096
staticfield jdk/internal/misc/UnsafeConstants BIG_ENDIAN Z 0
staticfield jdk/internal/misc/UnsafeConstants UNALIGNED_ACCESS Z 1
staticfield jdk/internal/misc/UnsafeConstants DATA_CACHE_LINE_FLUSH_SIZE I 0
ciInstanceKlass java/lang/invoke/MethodHandleImpl 1 1 1424 10 7 12 1 1 1 7 1 10 100 12 1 1 1 10 7 12 1 1 1 100 1 10 8 1 10 12 1 1 10 12 1 10 12 1 1 10 7 12 1 1 1 9 7 12 1 1 1 10 100 12 1 1 1 100 1 10 12 1 1 10 12 1 1 10 12 1 1 10 7 12 1 1 1 9 7 12 1 1 1 10 7 12 1 1 1 100 1 10 9 12 1 1 9 12 1 10 12 1 1 10 12 1 10 12 1 1 10 12 1 1 10 12 1 1 8 1 8 1 10 12 1 1 10 12 1 1 10 12 1 1 10 12 1 1 10 12 1 10 12 1 1 10 7 12 1 1 1 10 12 1 7 1 10 7 12 1 1 1 10 12 1 1 10 12 1 1 11 7 12 1 1 1 11 7 12 1 1 11 12 1 1 7 1 11 12 1 10 12 1 1 10 12 1 1 11 12 1 10 7 12 1 1 10 12 1 1 10 7 12 1 1 10 12 1 10 12 1 1 10 7 12 1 1 1 10 7 12 1 1 1 10 12 1 1 10 12 1 1 9 7 12 1 1 1 10 10 12 1 1 10 12 1 1 10 10 12 1 1 10 12 1 1 10 7 12 1 1 1 10 12 1 1 10 12 1 10 12 1 10 7 12 1 1 1 10 7 12 1 1 1 10 12 1 1 10 12 1 10 12 1 10 12 1 10 12 1 1 10 12 1 10 12 1 1 10 12 1 10 12 1 8 1 100 1 10 12 1 10 12 1 1 10 12 1 10 12 1 1 10 12 1 1 7 1 10 12 1 100 1 8 1 10 12 1 10 7 12 1 1 1 8 1 10 12 1 10 7 12 1 1 1 100 1 9 7 1 10 12 1 1 10 12 1 1 9 12 1 10 12 1 1 10 7 12 1 1 10 12 1 1 10 12 1 1 10 12 1 10 12 1 7 1 10 12 1 1 9 12 1 1 10 12 1 9 7 12 1 1 1 11 7 12 1 1 7 1 9 12 1 7 1 10 12 1 10 12 1 1 7 1 10 12 1 1 10 12 1 1 10 7 12 1 1 1 10 12 1 1 10 12 1 10 12 1 1 10 12 1 10 12 1 1 10 12 1 7 1 9 7 12 1 1 1 10 12 1 10 12 1 9 7 12 1 1 1 10 12 1 1 10 12 1 1 10 12 1 10 7 12 1 1 10 7 12 1 1 1 9 12 1 10 12 1 9 12 10 12 1 10 12 1 10 12 1 10 12 1 1 10 12 1 10 12 1 1 10 12 1 10 12 1 1 10 12 1 1 10 12 1 1 10 12 1 10 12 1 10 12 1 1 10 12 1 10 7 12 1 1 10 12 1 10 100 12 1 1 8 1 10 8 1 100 1 10 9 12 1 100 1 10 12 1 8 1 10 10 12 1 10 10 12 1 1 10 12 1 1 10 12 1 10 12 1 100 1 8 1 10 12 1 10 100 12 1 1 1 10 12 1 1 10 12 1 10 12 1 7 1 10 12 1 10 12 1 10 12 1 1 7 1 10 12 1 10 7 12 1 1 10 12 1 9 12 1 10 12 1 1 10 12 1 1 100 1 10 10 12 1 8 1 8 1 9 12 1 8 1 8 1 8 1 9 12 1 10 12 1 1 9 12 1 1 10 12 1 8 1 9 7 1 10 12 1 1 10 12 1 8 1 8 1 8 1 100 1 100 1 8 8 1 8 1 100 1 8 1 100 1 10 12 1 7 1 10 10 7 12 1 1 1 10 12 1 10 12 10 12 1 10 12 1 11 100 12 1 1 1 18 12 1 11 100 12 1 1 1 18 18 12 1 11 12 1 1 10 12 1 1 10 12 1 10 12 1 11 12 1 9 12 1 9 12 10 10 12 1 1 9 12 1 1 11 12 1 1 18 12 1 1 11 12 1 1 11 12 1 1 10 12 1 11 100 1 10 12 1 10 12 1 10 12 1 9 12 1 9 12 10 12 1 10 7 12 1 1 1 10 12 1 10 12 1 1 10 12 1 10 12 9 12 1 1 10 12 1 10 12 1 1 9 12 1 9 12 1 10 12 1 10 12 1 1 10 12 1 100 1 10 12 1 9 12 1 1 11 100 1 9 12 1 9 12 11 12 1 9 12 1 10 12 10 12 1 1 10 12 1 1 9 7 12 1 1 10 12 1 10 12 1 10 12 1 1 100 1 10 12 1 10 12 1 1 100 1 10 12 1 1 10 12 1 1 100 1 10 12 1 1 10 12 1 1 10 12 1 10 12 1 10 12 1 9 12 1 10 12 1 10 12 1 1 9 7 12 1 1 1 8 10 12 1 1 8 1 10 12 1 8 1 8 1 8 1 8 1 8 1 8 1 7 1 8 1 8 1 10 12 1 9 12 1 10 12 1 1 1 1 1 3 1 1 3 1 3 1 3 1 3 1 3 1 3 1 3 1 3 1 1 1 1 1 1 1 1 1 3 1 3 1 1 1 1 1 1 1 1 1 1 1 1 1 1 1 1 1 1 1 1 1 1 1 1 1 1 1 1 1 1 1 1 1 1 1 1 1 1 1 1 1 1 1 1 1 1 1 1 1 1 1 1 1 1 1 1 1 1 1 1 1 1 1 1 1 1 1 1 1 1 1 1 1 1 1 1 1 1 1 1 1 1 1 1 1 1 1 1 1 1 1 1 1 1 1 1 1 1 1 1 1 1 1 100 1 1 1 1 1 1 1 1 1 1 1 1 1 1 1 1 1 1 1 1 1 1 1 1 1 1 1 1 1 1 1 1 1 1 1 1 1 1 1 1 1 1 1 1 1 1 1 1 1 1 1 1 1 1 1 1 1 1 1 1 1 1 1 1 1 1 1 1 1 1 1 1 1 1 1 1 1 1 1 1 1 1 1 1 1 1 1 1 1 1 1 1 1 1 1 1 1 1 1 1 1 1 1 1 1 1 1 1 1 1 1 1 1 1 1 1 1 1 1 1 1 1 1 1 1 1 1 1 1 1 1 1 1 1 1 1 1 1 1 1 1 1 1 1 1 1 1 1 1 1 1 1 1 1 1 1 1 1 1 1 1 1 1 1 1 1 1 1 1 100 1 100 1 100 1 100 1 100 1 100 1 100 1 1 16 15 10 12 16 15 16 16 1 15 10 12 16 16 15 10 12 16 15 10 100 12 1 1 1 1 1 1 1 1 1 1 1 1 1 1 1 1 1 1 1 1 1 1 1 1
staticfield java/lang/invoke/MethodHandleImpl ARRAYS [Ljava/lang/invoke/MethodHandle; 256 [Ljava/lang/invoke/MethodHandle;
staticfield java/lang/invoke/MethodHandleImpl NFS [Ljava/lang/invoke/LambdaForm$NamedFunction; 7 [Ljava/lang/invoke/LambdaForm$NamedFunction;
staticfield java/lang/invoke/MethodHandleImpl HANDLES [Ljava/lang/invoke/MethodHandle; 9 [Ljava/lang/invoke/MethodHandle;
staticfield java/lang/invoke/MethodHandleImpl $assertionsDisabled Z 1
instanceKlass java/lang/invoke/NativeMethodHandle
instanceKlass java/lang/invoke/DelegatingMethodHandle
instanceKlass java/lang/invoke/BoundMethodHandle
instanceKlass java/lang/invoke/DirectMethodHandle
ciInstanceKlass java/lang/invoke/MethodHandle 1 1 734 100 1 9 7 12 1 1 1 10 7 12 1 1 1 10 7 12 1 1 1 7 1 7 1 10 12 1 1 9 12 1 1 10 12 1 10 12 1 1 10 12 1 1 10 100 12 1 1 1 10 12 1 1 10 12 1 1 11 100 12 1 1 1 10 12 1 1 10 12 1 10 12 1 9 12 1 1 9 12 1 1 10 100 12 1 1 1 10 12 1 10 12 1 1 10 12 1 10 12 1 100 1 100 1 10 8 1 10 12 1 1 10 12 1 8 1 10 12 1 1 10 12 1 10 7 12 1 1 1 10 12 1 1 10 12 1 1 10 12 1 1 10 7 12 1 1 1 10 12 1 1 10 12 1 1 10 12 1 10 12 1 1 10 100 12 1 1 10 7 12 1 1 10 12 1 10 12 1 10 12 1 1 10 12 1 1 10 12 1 1 10 12 1 1 10 7 12 1 1 1 10 100 12 1 1 1 10 12 1 1 10 12 1 1 10 12 1 1 8 1 10 7 12 1 1 1 8 1 10 12 1 10 12 1 1 10 12 1 1 10 12 1 8 1 10 12 1 1 8 1 10 12 1 8 1 10 100 12 1 1 1 9 12 1 1 100 1 10 9 100 12 1 1 1 9 100 1 8 1 10 12 1 1 10 12 1 10 12 1 1 10 12 1 10 12 1 1 10 12 1 10 12 1 1 10 12 1 10 12 1 1 10 12 1 1 8 1 10 12 1 1 8 1 10 12 1 10 12 1 1 10 12 1 10 12 1 10 12 1 1 9 100 12 1 1 1 10 12 1 1 11 12 1 10 12 1 10 12 1 1 10 100 12 1 1 100 1 11 12 1 10 100 1 11 12 1 100 1 10 12 1 11 12 1 9 100 12 1 1 1 11 12 1 1 11 100 12 1 1 1 10 12 1 1 9 12 1 11 12 1 9 12 1 9 12 1 9 12 1 11 12 1 1 9 12 1 9 12 1 9 12 1 9 12 1 9 12 1 9 12 1 9 12 1 8 1 10 12 1 10 12 1 8 1 10 12 1 10 12 1 10 12 1 1 10 10 10 7 12 1 1 10 12 1 1 100 1 100 1 8 1 8 1 10 10 12 1 1 10 12 1 10 12 1 100 1 10 100 12 1 1 1 10 9 7 12 1 1 1 10 12 1 1 10 12 1 1 8 1 8 1 10 100 12 1 1 9 12 1 9 12 1 1 9 12 1 1 10 12 1 7 1 10 12 1 10 12 1 1 9 12 1 1 9 12 1 1 10 7 12 1 1 1 11 7 12 1 1 9 12 1 10 12 1 1 9 12 1 10 12 1 8 10 12 1 1 8 1 1 1 1 1 1 1 1 100 1 1 1 1 1 1 1 1 1 1 1 1 1 1 1 1 1 1 1 1 1 1 1 1 1 1 1 1 1 1 1 1 100 1 1 1 1 1 1 1 1 1 1 1 1 1 1 1 1 1 1 1 1 1 1 1 1 1 1 1 1 1 1 1 1 1 1 1 1 1 1 1 1 1 1 1 1 1 1 1 1 1 1 1 1 1 1 1 1 1 1 1 1 1 1 1 1 1 1 1 1 1 1 1 1 1 1 1 1 1 1 1 1 1 1 1 1 1 1 100 1 1 100 1 100 1 100 1 1 100 1 1 100 1 1 1 1
staticfield java/lang/invoke/MethodHandle FORM_OFFSET J 20
staticfield java/lang/invoke/MethodHandle UPDATE_OFFSET J 13
staticfield java/lang/invoke/MethodHandle $assertionsDisabled Z 1
ciInstanceKlass java/lang/invoke/MethodType 1 1 724 7 1 10 7 12 1 1 1 9 12 1 1 9 12 1 1 9 12 1 1 10 7 12 1 1 1 9 7 12 1 1 8 1 10 100 12 1 1 1 9 7 1 9 7 1 10 12 1 1 100 1 10 8 1 10 12 1 1 10 12 1 10 12 1 1 100 1 8 1 10 12 1 100 1 10 10 12 1 10 12 1 1 10 12 1 1 11 7 12 1 1 1 9 12 1 11 12 1 1 7 10 12 1 1 10 12 1 1 7 1 7 1 10 7 12 1 1 1 10 12 1 10 12 1 9 12 1 1 10 7 12 1 1 10 12 1 1 10 7 12 1 1 1 10 7 12 1 1 1 10 12 1 9 12 1 1 10 12 1 1 10 12 1 1 10 12 1 1 10 12 1 1 10 12 1 1 10 12 1 10 12 1 10 12 1 1 10 12 1 8 1 8 1 10 12 1 1 9 12 1 1 100 1 10 10 12 1 1 10 12 1 10 12 1 1 10 12 1 1 10 12 1 10 12 1 10 12 1 8 1 10 12 1 1 10 100 12 1 1 1 10 12 1 10 12 1 1 10 12 1 10 12 1 10 12 1 1 10 12 1 10 12 1 9 12 1 10 12 1 10 10 12 1 1 10 12 1 9 12 1 1 10 12 1 1 11 12 1 1 10 12 1 1 10 12 1 10 12 1 100 1 8 1 8 1 8 1 10 12 1 10 12 1 10 12 1 1 10 10 12 1 11 12 1 1 11 12 1 10 100 12 1 1 1 9 12 1 10 12 1 10 12 1 1 10 12 1 1 10 12 1 10 12 1 10 100 12 1 1 1 10 12 1 1 10 12 1 10 12 1 10 12 1 10 9 12 1 1 7 1 10 12 1 10 100 12 1 1 1 10 12 1 1 10 100 12 1 1 1 10 12 1 1 8 1 10 7 12 1 1 1 11 12 1 1 9 12 1 1 10 12 1 1 10 12 1 10 12 1 1 10 12 1 1 10 100 12 1 1 10 12 1 10 12 100 1 11 100 12 1 1 10 12 1 11 12 1 10 100 12 1 1 10 12 1 1 10 12 1 1 9 12 1 1 9 100 12 1 1 1 10 100 12 1 1 1 9 12 1 10 100 12 1 1 10 12 1 100 10 12 1 10 12 1 1 10 12 1 7 1 10 10 12 1 1 7 1 7 1 9 12 1 1 100 1 100 1 100 1 1 1 5 0 1 1 1 1 1 1 1 3 1 3 1 3 1 1 1 1 1 1 1 1 1 1 1 1 1 1 1 1 1 1 1 1 1 1 1 1 1 1 1 1 1 1 1 1 1 1 1 1 1 1 1 1 1 1 1 1 1 1 1 1 1 1 1 1 1 1 1 1 1 1 1 1 1 1 1 1 1 1 1 1 1 1 1 1 1 1 1 1 1 1 1 1 1 1 1 1 1 1 1 1 1 1 1 1 1 1 1 1 1 1 1 1 1 1 1 1 1 1 1 1 1 1 1 1 1 1 1 1 1 1 1 1 1 1 1 1 1 1 1 1 100 1 100 1 1 1 1 1 1 1 1 1 1 1 1 1 100 1 1 1 1 100 1 1 1 100 1 1 1 1 1 1 1 1 1 1 1 1 1 1 1 1 1 1 100 1 1 100 1 1
staticfield java/lang/invoke/MethodType internTable Ljdk/internal/util/ReferencedKeySet; jdk/internal/util/ReferencedKeySet
staticfield java/lang/invoke/MethodType NO_PTYPES [Ljava/lang/Class; 0 [Ljava/lang/Class;
staticfield java/lang/invoke/MethodType objectOnlyTypes [Ljava/lang/invoke/MethodType; 20 [Ljava/lang/invoke/MethodType;
staticfield java/lang/invoke/MethodType METHOD_HANDLE_ARRAY [Ljava/lang/Class; 1 [Ljava/lang/Class;
staticfield java/lang/invoke/MethodType serialPersistentFields [Ljava/io/ObjectStreamField; 0 [Ljava/io/ObjectStreamField;
staticfield java/lang/invoke/MethodType $assertionsDisabled Z 1
ciInstanceKlass java/lang/invoke/TypeDescriptor$OfMethod 1 0 43 100 1 100 1 100 1 1 1 1 1 1 1 1 1 1 1 1 1 1 1 1 1 1 1 1 1 1 1 1 1 1 1 1 1 1 1 1 1 1 100 1 1
instanceKlass jdk/internal/icu/util/CodePointTrie$Type
instanceKlass jdk/internal/icu/util/CodePointTrie$ValueWidth
instanceKlass jdk/internal/foreign/abi/Binding$Cast
instanceKlass jdk/internal/foreign/abi/x64/windows/TypeClass
instanceKlass jdk/internal/foreign/abi/LinkerOptions$Critical
instanceKlass jdk/internal/foreign/abi/StubLocations
instanceKlass jdk/internal/foreign/SystemLookup$WindowsFallbackSymbols
instanceKlass jdk/internal/foreign/CABI
instanceKlass javax/tools/Diagnostic$Kind
instanceKlass com/sun/source/tree/Tree$Kind
instanceKlass com/sun/tools/javac/tree/TreeInfo$PosKind
instanceKlass java/lang/invoke/MethodHandleImpl$ArrayAccess
instanceKlass com/sun/tools/javac/comp/LambdaToMethod$LambdaTranslationContext$LambdaSymbolKind
instanceKlass com/sun/tools/javac/util/MandatoryWarningHandler$DeferredDiagnosticKind
instanceKlass com/sun/tools/javac/code/Flags$Flag
instanceKlass com/sun/tools/javac/code/TypeAnnotationPosition$TypePathEntryKind
instanceKlass com/sun/tools/javac/tree/JCTree$JCMemberReference$ReferenceKind
instanceKlass com/sun/tools/javac/tree/JCTree$JCMemberReference$OverloadKind
instanceKlass com/sun/source/tree/LambdaExpressionTree$BodyKind
instanceKlass com/sun/tools/javac/comp/Infer$IncorporationBinaryOpKind
instanceKlass com/sun/tools/javac/comp/Infer$InferenceStep
instanceKlass com/sun/tools/javac/comp/Infer$GraphInferenceSteps
instanceKlass com/sun/tools/javac/code/Type$UndetVar$InferenceBound
instanceKlass com/sun/tools/javac/code/Type$UndetVar$Kind
instanceKlass com/sun/tools/javac/code/Symbol$OperatorSymbol$AccessCode
instanceKlass com/sun/tools/javac/util/Bits$BitsState
instanceKlass com/sun/tools/javac/comp/Flow$FlowKind
instanceKlass com/sun/tools/javac/comp/Flow$BaseAnalyzer$JumpKind
instanceKlass com/sun/tools/javac/comp/Resolve$MethodCheckDiag
instanceKlass com/sun/tools/javac/comp/Flow$Liveness
instanceKlass com/sun/tools/javac/comp/Operators$ComparisonKind
instanceKlass com/sun/tools/javac/code/TypeAnnotations$AnnotationType
instanceKlass com/sun/tools/javac/comp/Resolve$InterfaceLookupPhase
instanceKlass com/sun/tools/javac/code/TargetType
instanceKlass com/sun/tools/javac/code/Attribute$RetentionPolicy
instanceKlass javax/lang/model/element/NestingKind
instanceKlass javax/lang/model/element/ElementKind
instanceKlass com/sun/tools/javac/comp/DeferredAttr$AttributionMode
instanceKlass com/sun/tools/javac/code/Scope$LookupKind
instanceKlass com/sun/tools/javac/code/Directive$OpensFlag
instanceKlass com/sun/tools/javac/code/Directive$ExportsFlag
instanceKlass com/sun/tools/javac/util/Convert$Validation
instanceKlass com/sun/tools/javac/tree/JCTree$JCOperatorExpression$OperandPos
instanceKlass com/sun/tools/javac/parser/JavacParser$LambdaParameterKind
instanceKlass com/sun/source/tree/CaseTree$CaseKind
instanceKlass com/sun/tools/javac/parser/JavacParser$PatternResult
instanceKlass com/sun/tools/javac/code/BoundKind
instanceKlass com/sun/source/tree/MemberReferenceTree$ReferenceMode
instanceKlass com/sun/tools/javac/tree/JCTree$JCLambda$ParameterKind
instanceKlass com/sun/tools/javac/tree/JCTree$JCPolyExpression$PolyKind
instanceKlass com/sun/tools/javac/parser/JavacParser$EnumeratorEstimate
instanceKlass com/sun/tools/javac/parser/UnicodeReader$UnicodeEscapeResult
instanceKlass com/sun/tools/javac/parser/JavacParser$ParensResult
instanceKlass com/sun/tools/javac/parser/Tokens$Comment$CommentStyle
instanceKlass javax/lang/model/type/TypeKind
instanceKlass com/sun/tools/javac/util/RichDiagnosticFormatter$RichConfiguration$RichFormatterFeature
instanceKlass com/sun/tools/javac/comp/CompileStates$CompileState
instanceKlass com/sun/tools/javac/main/JavaCompiler$ImplicitSourcePolicy
instanceKlass com/sun/tools/javac/comp/ThisEscapeAnalyzer$Indirection
instanceKlass com/sun/tools/javac/parser/Tokens$Token$Tag
instanceKlass com/sun/tools/javac/parser/Tokens$TokenKind
instanceKlass java/nio/file/AccessMode
instanceKlass com/sun/tools/javac/jvm/ClassFile$Version
instanceKlass com/sun/tools/javac/comp/Attr$CheckMode
instanceKlass com/sun/tools/javac/comp/Analyzer$AnalyzerMode
instanceKlass com/sun/tools/javac/jvm/Code$StackMapFormat
instanceKlass com/sun/tools/javac/comp/Operators$OperatorType
instanceKlass com/sun/tools/javac/tree/JCTree$Tag
instanceKlass com/sun/tools/javac/jvm/Profile
instanceKlass com/sun/tools/javac/comp/Resolve$VerboseResolutionMode
instanceKlass com/sun/tools/javac/comp/DeferredAttr$AttrMode
instanceKlass com/sun/tools/javac/main/Option$PkgInfo
instanceKlass com/sun/tools/javac/util/Dependencies$CompletionCause
instanceKlass com/sun/tools/javac/comp/Resolve$ReferenceLookupResult$StaticKind
instanceKlass com/sun/tools/javac/comp/Resolve$MethodResolutionPhase
instanceKlass com/sun/tools/javac/code/Directive$RequiresFlag
instanceKlass com/sun/tools/javac/code/Source$Feature$DiagKind
instanceKlass com/sun/tools/javac/util/JCDiagnostic$DiagnosticType
instanceKlass com/sun/tools/javac/code/Source$Feature
instanceKlass com/sun/tools/javac/code/Symbol$ModuleResolutionFlags
instanceKlass com/sun/tools/javac/code/Symbol$ModuleFlags
instanceKlass com/sun/tools/javac/code/Kinds$KindName
instanceKlass com/sun/tools/javac/code/Kinds$Kind$Category
instanceKlass com/sun/tools/javac/code/Kinds$Kind
instanceKlass com/sun/tools/javac/code/TypeTag
instanceKlass com/sun/tools/javac/jvm/ClassReader$AttributeKind
instanceKlass com/sun/tools/javac/main/JavaCompiler$CompilePolicy
instanceKlass com/sun/tools/javac/main/Main$Result
instanceKlass com/sun/tools/javac/util/BasicDiagnosticFormatter$BasicConfiguration$SourcePosition
instanceKlass jdk/javadoc/internal/tool/AccessLevel
instanceKlass jdk/javadoc/internal/doclint/Messages$Group
instanceKlass com/sun/tools/javac/main/Arguments$ErrorMode
instanceKlass com/sun/tools/javac/jvm/Target
instanceKlass com/sun/tools/javac/util/BasicDiagnosticFormatter$BasicConfiguration$BasicFormatKind
instanceKlass com/sun/tools/javac/api/DiagnosticFormatter$Configuration$MultilineLimit
instanceKlass com/sun/tools/javac/api/DiagnosticFormatter$Configuration$DiagnosticPart
instanceKlass com/sun/tools/javac/util/JCDiagnostic$DiagnosticFlag
instanceKlass com/sun/tools/javac/util/Log$WriterKind
instanceKlass javax/tools/StandardLocation
instanceKlass java/nio/file/FileVisitOption
instanceKlass javax/tools/JavaFileObject$Kind
instanceKlass com/sun/tools/javac/code/Source
instanceKlass com/sun/tools/javac/code/Lint$LintCategory
instanceKlass com/sun/tools/javac/main/Option$ChoiceKind
instanceKlass com/sun/tools/javac/main/Option$ArgKind
instanceKlass com/sun/tools/javac/main/Option$OptionGroup
instanceKlass com/sun/tools/javac/main/Option$OptionKind
instanceKlass com/sun/tools/javac/main/Option
instanceKlass java/security/DrbgParameters$Capability
instanceKlass sun/security/util/KnownOIDs
instanceKlass java/nio/file/LinkOption
instanceKlass java/security/Security$SecPropLoader$LoadingMode
instanceKlass javax/lang/model/SourceVersion
instanceKlass wv/codeclip/model/ClassRepository$ChangeKind
instanceKlass java/lang/invoke/MethodHandles$Lookup$ClassOption
instanceKlass java/lang/reflect/AccessFlag$Location
instanceKlass java/lang/reflect/AccessFlag
instanceKlass java/lang/classfile/ClassFile$StackMapsOption
instanceKlass java/lang/classfile/attribute/StackMapFrameInfo$SimpleVerificationTypeInfo
instanceKlass wv/codeclip/patch/PatchDuplicateDetector$Result
instanceKlass java/util/Comparators$NaturalOrderComparator
instanceKlass sun/util/locale/provider/LocaleProviderAdapter$Type
instanceKlass java/time/format/TextStyle
instanceKlass java/time/format/ResolverStyle
instanceKlass java/util/Locale$Category
instanceKlass java/time/format/SignStyle
instanceKlass java/time/format/DateTimeFormatterBuilder$SettingsParser
instanceKlass java/time/temporal/JulianFields$Field
instanceKlass java/time/temporal/IsoFields$Unit
instanceKlass java/time/temporal/IsoFields$Field
instanceKlass java/time/zone/ZoneOffsetTransitionRule$TimeDefinition
instanceKlass java/time/DayOfWeek
instanceKlass java/time/Month
instanceKlass java/time/temporal/ChronoUnit
instanceKlass java/time/temporal/ChronoField
instanceKlass java/awt/event/FocusEvent$Cause
instanceKlass java/util/concurrent/TimeUnit
instanceKlass javax/swing/SwingWorker$StateValue
instanceKlass java/awt/Dialog$ModalityType
instanceKlass java/util/stream/MatchOps$MatchKind
instanceKlass jdk/internal/foreign/layout/AbstractGroupLayout$Kind
instanceKlass sun/java2d/marlin/DMarlinRenderingEngine$NormMode
instanceKlass java/util/regex/Pattern$Qtype
instanceKlass wv/codeclip/AppMode
instanceKlass javax/swing/text/PlainView$FPMethodArgs
instanceKlass javax/swing/ClientPropertyKey
instanceKlass javax/swing/DropMode
instanceKlass com/sun/beans/util/Cache$Kind
instanceKlass java/awt/Component$BaselineResizeBehavior
instanceKlass com/sun/java/swing/plaf/windows/TMSchema$Control
instanceKlass com/sun/java/swing/plaf/windows/TMSchema$Part
instanceKlass java/awt/Dialog$ModalExclusionType
instanceKlass java/util/stream/Collector$Characteristics
instanceKlass java/util/stream/StreamShape
instanceKlass java/awt/Window$Type
instanceKlass java/awt/EventFilter$FilterAction
instanceKlass sun/awt/AppContext$State
instanceKlass java/awt/desktop/UserSessionEvent$Reason
instanceKlass sun/font/EAttribute
instanceKlass sun/awt/OSInfo$OSType
instanceKlass jdk/internal/util/OperatingSystem
instanceKlass sun/java2d/StateTrackable$State
instanceKlass jdk/internal/logger/BootstrapLogger$LoggingBackend
instanceKlass java/util/stream/StreamOpFlag$Type
instanceKlass java/util/stream/StreamOpFlag
instanceKlass java/lang/System$Logger$Level
instanceKlass sun/util/logging/PlatformLogger$Level
instanceKlass sun/nio/fs/WindowsPathType
instanceKlass java/nio/file/StandardOpenOption
instanceKlass java/lang/invoke/VarHandle$AccessType
instanceKlass java/lang/invoke/VarHandle$AccessMode
instanceKlass java/lang/classfile/Opcode$Kind
instanceKlass java/lang/classfile/Opcode
instanceKlass java/lang/invoke/MethodHandleImpl$Intrinsic
instanceKlass java/lang/classfile/AttributeMapper$AttributeStability
instanceKlass jdk/internal/classfile/impl/AbstractPoolEntry$Utf8EntryImpl$State
instanceKlass java/lang/classfile/TypeKind
instanceKlass java/lang/invoke/LambdaForm$BasicType
instanceKlass java/lang/invoke/LambdaForm$Kind
instanceKlass java/lang/constant/DirectMethodHandleDesc$Kind
instanceKlass sun/invoke/util/Wrapper
instanceKlass jdk/internal/vm/Continuation$Pinned
instanceKlass java/io/File$PathStatus
instanceKlass jdk/internal/module/ModuleBootstrap$IllegalNativeAccess
instanceKlass java/lang/reflect/ClassFileFormatVersion
instanceKlass java/lang/Thread$State
instanceKlass java/lang/module/ModuleDescriptor$Requires$Modifier
ciInstanceKlass java/lang/Enum 1 1 204 9 7 12 1 1 1 9 12 1 1 10 7 12 1 1 1 9 12 1 10 7 12 1 1 1 100 1 10 10 12 1 1 10 12 1 100 1 10 10 7 12 1 1 10 12 1 1 18 12 1 1 10 100 12 1 1 1 10 12 1 1 11 7 12 1 1 1 100 1 8 1 10 12 1 100 1 100 1 10 8 1 10 12 1 1 10 12 1 1 8 1 10 12 1 10 100 1 8 1 10 10 12 1 1 10 100 12 1 1 1 100 1 100 1 100 1 1 1 1 1 1 1 1 1 1 1 1 1 1 1 1 1 1 1 1 1 1 1 1 1 1 1 1 1 1 1 1 1 1 1 1 1 1 1 1 1 1 1 1 1 1 1 3 1 1 1 1 100 1 100 1 1 100 1 1 1 1 1 1 1 1 1 1 1 16 15 10 12 16 15 10 100 12 1 1 1 1 1 100 1 100 1 1
ciInstanceKlass java/lang/invoke/LambdaForm 1 1 1030 7 1 100 1 10 7 12 1 1 1 9 12 1 1 9 12 1 9 12 1 9 12 1 1 9 12 1 1 9 12 1 1 9 12 1 1 9 12 1 1 9 12 1 10 7 12 1 1 9 12 1 10 12 1 1 100 1 10 10 12 1 1 10 12 1 10 12 1 10 12 1 1 10 12 1 9 12 1 9 12 1 10 12 1 1 9 7 12 1 1 1 9 7 12 1 1 9 12 1 1 10 12 1 9 12 1 10 100 12 1 1 1 10 12 1 1 100 1 10 12 1 1 9 7 12 1 1 1 10 100 12 1 1 1 10 12 1 10 12 1 1 7 1 10 12 1 10 12 1 10 12 1 1 10 12 1 1 10 12 1 10 12 1 10 12 1 10 12 1 10 12 1 1 8 1 10 12 1 10 12 1 10 10 12 1 8 1 8 1 9 12 1 9 12 1 1 10 12 1 1 9 12 1 1 10 7 12 1 1 1 10 12 1 1 10 12 1 10 12 1 1 10 12 1 7 1 10 12 1 10 100 12 1 1 1 9 12 1 10 12 1 8 1 8 1 8 1 8 1 8 1 8 1 8 1 8 1 10 12 1 9 12 1 7 1 10 12 1 1 9 12 1 1 10 12 1 1 10 12 1 1 10 12 10 12 1 10 12 1 1 10 12 1 1 10 12 1 1 10 10 12 1 1 10 12 1 1 7 1 8 1 10 12 1 1 10 12 1 10 12 1 1 10 8 1 10 12 1 1 8 1 8 1 8 1 10 12 1 10 12 1 10 12 1 1 10 100 12 1 1 1 10 7 12 1 1 1 10 12 1 1 9 12 1 1 8 1 10 100 12 1 1 1 10 7 12 1 1 10 12 1 10 12 1 1 10 12 1 1 9 12 1 8 10 12 1 1 100 1 10 12 1 1 10 12 1 9 7 12 1 1 9 100 12 1 1 1 8 1 10 100 12 1 1 10 12 1 1 100 1 100 1 10 10 12 1 1 10 12 1 1 8 1 8 1 100 1 8 1 10 12 10 12 1 10 12 1 10 12 1 10 12 1 1 9 100 12 1 1 10 12 1 8 1 8 1 10 12 1 10 12 1 1 8 1 8 1 8 1 100 1 8 1 100 1 8 1 100 1 8 1 10 12 1 8 1 9 10 100 12 1 1 1 10 12 1 9 12 1 1 10 12 1 10 10 12 1 10 12 1 10 12 1 10 12 1 1 10 12 1 10 12 1 1 10 12 1 1 10 12 1 1 10 12 1 1 8 1 100 10 12 1 10 12 1 9 12 1 1 10 7 12 1 1 8 1 8 1 100 1 8 1 8 1 8 1 8 1 8 1 8 1 8 1 8 1 10 12 1 1 10 12 1 1 10 12 1 10 12 1 10 12 1 10 12 1 8 1 8 1 8 1 10 12 1 8 1 10 12 1 8 1 8 1 8 1 8 1 8 1 10 12 1 10 12 1 10 12 1 1 10 7 12 1 1 1 10 12 1 10 12 1 10 12 1 10 12 1 10 12 1 9 12 1 1 8 1 10 12 1 1 9 12 1 9 12 1 1 10 12 1 1 9 12 1 1 9 12 1 10 12 1 1 9 12 1 1 7 1 10 7 12 1 1 1 9 7 12 1 1 1 10 7 12 1 1 1 10 12 1 1 10 12 1 1 10 12 1 9 12 1 10 12 1 9 12 1 10 12 1 10 12 1 8 1 10 12 1 9 12 1 1 7 1 10 7 12 1 1 1 100 1 10 12 1 9 12 1 10 12 1 10 12 1 10 12 1 1 10 12 1 9 7 12 1 1 10 12 1 1 10 12 1 10 12 1 9 12 1 9 9 12 1 7 9 12 1 1 10 12 1 1 9 12 1 10 12 1 10 7 1 9 1 1 1 1 3 1 3 1 1 3 1 3 1 1 1 1 1 1 1 1 1 1 1 1 1 1 1 1 1 1 1 1 1 1 1 1 1 1 1 1 1 1 1 1 1 1 1 1 1 1 1 1 1 1 1 1 1 100 1 1 1 1 1 1 1 1 1 1 1 1 1 1 1 1 1 1 1 1 1 1 1 1 1 1 1 1 1 1 1 1 1 1 1 1 1 1 1 1 1 1 1 1 1 1 1 1 1 1 1 1 1 1 1 1 1 1 1 1 1 1 1 1 1 1 1 100 1 1 1 1 1 1 1 1 1 1 1 1 1 1 1 1 1 1 1 1 1 1 1 1 1 1 1 1 1 1 1 1 1 1 1 1 100 1 1 1 1 1 1 1 1 1 1 1 1 1 1 100 1 1 1 100 1 1 100 1 1 1 1 1 1 1 1 1 1 1 1
staticfield java/lang/invoke/LambdaForm DEFAULT_CUSTOMIZED Ljava/lang/invoke/MethodHandle; 
staticfield java/lang/invoke/LambdaForm DEFAULT_KIND Ljava/lang/invoke/LambdaForm$Kind; java/lang/invoke/LambdaForm$Kind
staticfield java/lang/invoke/LambdaForm COMPILE_THRESHOLD I 0
staticfield java/lang/invoke/LambdaForm INTERNED_ARGUMENTS [[Ljava/lang/invoke/LambdaForm$Name; 5 [[Ljava/lang/invoke/LambdaForm$Name;
staticfield java/lang/invoke/LambdaForm IMPL_NAMES Ljava/lang/invoke/MemberName$Factory; java/lang/invoke/MemberName$Factory
staticfield java/lang/invoke/LambdaForm LF_identity [Ljava/lang/invoke/LambdaForm; 6 [Ljava/lang/invoke/LambdaForm;
staticfield java/lang/invoke/LambdaForm NF_identity [Ljava/lang/invoke/LambdaForm$NamedFunction; 6 [Ljava/lang/invoke/LambdaForm$NamedFunction;
staticfield java/lang/invoke/LambdaForm LF_constant [Ljava/lang/invoke/LambdaForm; 5 [Ljava/lang/invoke/LambdaForm;
staticfield java/lang/invoke/LambdaForm createIdentityFormLock Ljava/lang/Object; java/lang/Object
staticfield java/lang/invoke/LambdaForm DEBUG_NAME_COUNTERS Ljava/util/HashMap; 
staticfield java/lang/invoke/LambdaForm DEBUG_NAMES Ljava/util/HashMap; 
staticfield java/lang/invoke/LambdaForm TRACE_INTERPRETER Z 0
staticfield java/lang/invoke/LambdaForm $assertionsDisabled Z 1
instanceKlass jdk/internal/reflect/DirectMethodHandleAccessor
ciInstanceKlass jdk/internal/reflect/MethodAccessorImpl 1 1 38 10 7 12 1 1 1 10 100 12 1 1 1 100 1 1 1 1 1 1 1 100 1 100 1 1 1 1 1 1 1 1 1 1 1 1 1 1
ciInstanceKlass jdk/internal/reflect/MethodAccessor 1 0 17 100 1 100 1 1 1 1 100 1 100 1 1 1 1 1 1
ciInstanceKlass java/util/Objects 1 1 184 10 7 12 1 1 1 100 1 8 1 10 12 1 10 12 1 1 10 7 12 1 1 1 10 12 1 1 10 12 1 10 100 12 1 1 1 10 12 1 1 10 7 12 1 1 1 7 1 10 10 12 1 1 10 7 12 1 1 10 12 1 1 8 1 10 7 12 1 1 1 10 7 12 1 1 1 10 11 100 12 1 1 1 100 1 10 10 12 1 8 1 10 12 1 8 1 100 1 11 12 1 1 8 1 10 7 12 1 1 1 10 12 1 1 10 12 1 10 12 1 10 12 1 10 12 1 1 1 1 1 1 1 1 1 1 1 1 1 1 1 1 1 1 1 1 1 1 1 1 1 1 1 1 1 1 1 1 1 1 1 1 1 1 1 1 1 1 1 1 1 1 1 1 1 1 1 1 1 1 1 1 1 1
ciInstanceKlass jdk/internal/reflect/CallerSensitive 0 0 17 100 1 100 1 100 1 1 1 1 1 1 1 1 1 1 1
ciInstanceKlass jdk/internal/reflect/DirectConstructorHandleAccessor$NativeAccessor 1 1 44 10 7 12 1 1 1 9 7 12 1 1 1 10 12 1 1 1 1 1 1 1 1 1 1 1 1 1 1 1 1 1 100 1 100 1 1 1 1 1 100 1 1 1
ciInstanceKlass jdk/internal/reflect/ConstructorAccessor 1 0 16 100 1 100 1 1 1 1 100 1 100 1 100 1 1 1
instanceKlass jdk/internal/reflect/DirectConstructorHandleAccessor
instanceKlass jdk/internal/reflect/DirectConstructorHandleAccessor$NativeAccessor
ciInstanceKlass jdk/internal/reflect/ConstructorAccessorImpl 1 1 27 10 7 12 1 1 1 100 1 100 1 1 1 1 1 1 1 1 1 100 1 100 1 100 1 1 1
ciInstanceKlass jdk/internal/reflect/ConstantPool 1 1 142 10 100 12 1 1 1 9 7 12 1 1 1 10 12 1 1 10 12 1 1 10 12 1 10 12 1 1 10 12 1 1 10 12 1 10 12 1 1 10 12 1 10 12 1 1 10 12 1 10 12 1 10 12 1 10 12 1 1 10 12 1 1 10 12 1 1 10 12 1 1 10 12 1 10 12 1 1 10 100 12 1 1 1 8 11 7 12 1 1 1 10 7 12 1 1 1 1 1 1 1 1 1 1 1 1 1 1 1 1 1 1 1 1 1 1 1 1 1 1 1 1 1 1 1 1 1 1 1 1 1 1 1 1 1 1 1 1 1 1 1 1
instanceKlass java/lang/invoke/VolatileCallSite
instanceKlass java/lang/invoke/MutableCallSite
instanceKlass java/lang/invoke/ConstantCallSite
ciInstanceKlass java/lang/invoke/CallSite 1 1 297 10 7 12 1 1 1 10 7 12 1 1 1 9 12 1 1 10 7 12 1 1 1 10 12 1 100 1 10 12 1 1 10 12 1 1 9 100 12 1 1 1 10 100 12 1 1 10 12 1 1 100 1 100 1 10 10 100 12 1 1 1 10 12 1 1 8 1 10 12 1 10 12 1 1 10 12 1 10 12 1 1 10 12 1 1 10 10 100 12 1 1 10 12 1 1 9 12 1 9 100 12 1 1 1 8 1 10 7 12 1 1 1 10 12 1 1 100 1 10 12 1 1 9 12 1 8 1 100 1 10 12 1 10 12 1 100 1 8 1 10 10 12 1 10 12 1 1 100 1 10 12 1 1 10 12 1 10 12 1 10 12 1 1 10 12 1 1 9 12 1 1 8 10 12 1 1 9 12 1 1 100 1 10 10 12 1 10 100 12 1 1 1 10 12 1 1 10 12 1 1 10 12 1 10 7 12 1 1 1 100 1 8 1 10 10 12 10 12 1 1 100 1 100 1 100 1 8 1 10 12 1 10 7 12 1 1 1 1 1 1 1 1 1 1 1 1 1 1 1 1 1 1 1 1 1 1 1 1 1 1 1 1 1 1 1 1 1 1 1 1 1 1 1 1 1 1 1 1 1 1 1 1 1 1 1 1 1 1 1 1 100 1 100 1 1 1
staticfield java/lang/invoke/CallSite $assertionsDisabled Z 1
ciInstanceKlass java/lang/invoke/ConstantCallSite 1 1 65 10 7 12 1 1 1 9 7 12 1 1 1 9 12 1 1 10 7 12 1 1 1 10 12 1 100 1 10 12 9 12 1 1 100 1 10 10 12 1 1 10 12 1 1 1 1 1 1 1 1 1 1 1 1 1 100 1 1 1 1 1 1 1 1
staticfield java/lang/invoke/ConstantCallSite UNSAFE Ljdk/internal/misc/Unsafe; jdk/internal/misc/Unsafe
instanceKlass java/lang/invoke/DirectMethodHandle$Interface
instanceKlass java/lang/invoke/DirectMethodHandle$StaticAccessor
instanceKlass java/lang/invoke/DirectMethodHandle$Accessor
instanceKlass java/lang/invoke/DirectMethodHandle$Constructor
ciInstanceKlass java/lang/invoke/DirectMethodHandle 1 1 929 7 1 100 1 7 1 7 1 10 7 12 1 1 1 10 7 12 1 1 1 100 1 10 12 1 10 12 1 1 10 7 12 1 1 10 12 1 1 10 12 1 10 12 1 7 1 10 12 1 1 10 12 1 1 10 12 1 10 12 1 1 10 7 12 1 1 1 10 12 1 9 7 12 1 1 1 100 1 10 9 12 1 1 9 12 1 10 12 1 10 12 1 10 12 1 1 10 12 1 10 12 1 10 12 1 10 7 12 1 1 1 10 12 1 10 12 1 1 8 1 10 12 1 1 100 1 10 12 1 7 1 10 10 12 1 10 12 1 10 12 1 10 7 12 1 1 1 10 12 1 1 7 1 10 12 1 10 12 1 7 1 10 12 1 10 12 1 1 10 12 1 1 10 12 8 10 7 12 1 1 1 10 12 1 10 12 1 10 12 1 1 10 12 1 9 7 12 1 1 1 7 1 10 12 1 10 7 12 1 1 1 10 12 1 10 12 1 1 9 12 1 1 7 1 10 8 1 10 12 1 1 10 12 1 1 8 1 10 12 1 10 12 1 10 10 12 1 10 12 1 10 12 1 10 12 1 10 12 1 1 10 12 1 10 12 1 10 12 1 1 10 10 7 12 1 1 1 10 12 1 10 12 1 1 10 12 1 10 12 1 1 8 1 9 7 12 1 1 1 8 1 9 12 1 9 12 1 8 1 9 12 1 9 12 1 8 1 9 12 1 9 12 1 8 1 10 12 1 10 12 1 1 10 7 12 1 1 1 10 12 1 10 12 1 1 9 12 1 1 7 1 10 12 1 1 100 1 10 7 12 1 1 1 10 12 1 1 10 12 1 1 7 1 10 12 1 1 10 12 1 10 12 1 1 7 1 10 12 1 1 10 12 1 10 12 1 10 12 1 1 10 12 1 9 12 1 1 10 7 1 9 12 1 10 12 1 7 1 7 1 7 1 10 7 12 1 1 1 9 12 1 1 10 7 12 1 1 1 10 7 12 1 1 10 12 10 12 1 7 1 10 12 1 10 12 1 1 8 1 9 12 1 9 12 1 10 12 1 1 9 12 1 1 10 7 12 1 1 1 9 12 1 1 9 12 1 1 10 12 1 10 12 1 10 12 1 10 12 1 1 10 12 1 9 12 1 9 12 1 10 12 1 10 12 1 10 12 1 10 12 1 1 10 12 1 1 9 12 1 1 10 12 1 1 9 7 12 1 1 1 9 12 1 9 12 1 9 12 1 9 12 1 9 12 1 9 12 1 9 12 1 9 12 1 9 12 1 9 12 1 9 12 1 9 12 1 9 12 1 9 12 1 9 12 1 9 12 1 9 12 1 9 12 1 9 12 1 9 12 1 9 12 1 9 12 1 9 12 1 9 12 1 100 1 10 12 1 8 1 8 1 8 1 8 1 8 1 8 1 8 1 8 1 8 1 10 12 1 10 12 1 8 1 8 1 8 1 9 12 1 1 9 12 1 1 10 12 1 10 12 1 1 10 12 1 1 9 7 1 10 12 1 10 12 10 12 1 10 12 1 10 12 1 10 8 1 8 1 8 1 8 1 10 12 1 1 9 12 1 1 10 12 1 10 100 12 1 1 1 8 9 12 1 1 10 12 1 1 8 1 8 8 9 12 1 8 1 8 8 8 8 8 1 8 10 12 1 7 1 10 12 1 8 1 8 1 10 12 1 10 12 1 10 12 1 9 12 1 10 12 1 1 7 1 1 1 1 3 1 3 1 3 1 3 1 3 1 3 1 3 1 3 1 1 1 1 1 1 1 1 1 1 3 1 3 1 3 1 1 3 1 3 1 1 1 1 1 1 1 1 1 1 1 1 1 1 1 1 1 1 1 1 1 1 1 1 1 1 1 1 1 1 1 1 1 1 1 1 1 1 1 1 1 1 1 1 1 1 1 1 1 1 1 1 1 1 1 1 1 1 1 1 1 1 100 1 1 1 1 1 1 1 1 1 100 1 1 1 1 1 1 1 1 1 1 1 1 1 1 1 1 1 1 1 1 1 1 1 1 1 1 1 1 1 1 1 1 1 1 1 1 1 1 1 1 1 1 1 1 1 1 1 1 1 1 1 1 1
staticfield java/lang/invoke/DirectMethodHandle IMPL_NAMES Ljava/lang/invoke/MemberName$Factory; java/lang/invoke/MemberName$Factory
staticfield java/lang/invoke/DirectMethodHandle FT_UNCHECKED_REF I 8
staticfield java/lang/invoke/DirectMethodHandle FT_CHECKED_REF I 9
staticfield java/lang/invoke/DirectMethodHandle ACCESSOR_FORMS [Ljava/lang/invoke/LambdaForm; 120 [Ljava/lang/invoke/LambdaForm;
staticfield java/lang/invoke/DirectMethodHandle ALL_WRAPPERS [Lsun/invoke/util/Wrapper; 10 [Lsun/invoke/util/Wrapper;
staticfield java/lang/invoke/DirectMethodHandle NFS [Ljava/lang/invoke/LambdaForm$NamedFunction; 12 [Ljava/lang/invoke/LambdaForm$NamedFunction;
staticfield java/lang/invoke/DirectMethodHandle OBJ_OBJ_TYPE Ljava/lang/invoke/MethodType; java/lang/invoke/MethodType
staticfield java/lang/invoke/DirectMethodHandle LONG_OBJ_TYPE Ljava/lang/invoke/MethodType; java/lang/invoke/MethodType
staticfield java/lang/invoke/DirectMethodHandle $assertionsDisabled Z 1
ciInstanceKlass java/lang/invoke/MutableCallSite 0 0 61 10 100 12 1 1 1 10 12 1 9 100 12 1 1 1 10 12 1 10 12 1 1 9 100 12 1 1 1 10 100 12 1 1 1 10 100 12 1 1 1 1 1 1 1 1 1 1 1 1 1 1 1 1 1 1 1 1 100 1 1
ciInstanceKlass java/lang/invoke/VolatileCallSite 0 0 37 10 100 12 1 1 1 10 12 1 10 100 12 1 1 1 10 12 1 10 12 1 1 1 1 1 1 1 1 1 1 1 1 1 1 1 1
instanceKlass java/lang/invoke/VarHandleByteArrayAsDoubles$ByteArrayViewVarHandle
instanceKlass java/lang/invoke/VarHandleByteArrayAsLongs$ByteArrayViewVarHandle
instanceKlass java/lang/invoke/VarHandleByteArrayAsFloats$ByteArrayViewVarHandle
instanceKlass java/lang/invoke/VarHandleByteArrayAsInts$ByteArrayViewVarHandle
instanceKlass java/lang/invoke/VarHandleByteArrayAsChars$ByteArrayViewVarHandle
instanceKlass java/lang/invoke/VarHandleByteArrayAsShorts$ByteArrayViewVarHandle
instanceKlass java/lang/invoke/VarHandleReferences$Array
instanceKlass java/lang/invoke/IndirectVarHandle
instanceKlass java/lang/invoke/SegmentVarHandle
instanceKlass java/lang/invoke/VarHandleBooleans$FieldInstanceReadOnly
instanceKlass java/lang/invoke/VarHandleInts$FieldInstanceReadOnly
instanceKlass java/lang/invoke/VarHandleReferences$FieldInstanceReadOnly
ciInstanceKlass java/lang/invoke/VarHandle 1 1 474 10 7 12 1 1 1 10 7 12 1 1 9 12 1 1 9 12 1 1 10 12 1 1 8 1 10 12 1 1 10 7 12 1 1 1 10 12 1 1 10 100 12 1 1 1 9 7 12 1 1 1 10 12 1 1 10 7 12 1 1 1 10 12 1 1 9 12 1 10 12 1 9 12 1 1 10 7 12 1 1 10 12 1 9 7 12 1 1 1 9 12 1 1 10 12 1 1 100 1 100 1 10 8 1 10 12 1 1 10 12 1 8 1 10 12 1 10 12 1 9 12 1 1 9 12 1 10 12 1 10 12 1 1 10 12 1 10 10 7 12 1 1 1 10 12 1 1 10 12 1 1 10 7 12 1 1 1 10 100 12 1 1 1 10 100 12 1 1 1 9 12 1 1 9 10 12 1 10 12 1 1 10 12 1 1 10 12 1 10 7 12 1 1 1 9 12 1 1 10 12 1 1 9 12 1 10 12 1 10 12 1 10 100 12 1 1 100 1 10 9 7 12 1 1 1 9 12 1 1 10 7 12 1 1 1 10 12 1 10 12 1 10 12 1 10 12 1 10 12 1 10 12 1 1 8 10 12 1 1 7 1 10 12 1 1 100 1 1 1 1 1 1 1 1 1 1 1 1 1 1 1 1 1 1 1 1 1 1 1 1 1 1 1 1 1 1 1 1 1 1 1 1 1 1 1 1 1 1 1 1 1 1 1 1 1 1 1 1 1 1 1 1 1 1 1 1 1 1 1 1 1 100 1 1 1 1 1 1 1 1 100 1 1 1 1 1 1 1 1 1 1 1 1 100 1 100 1 1 100 1 100 1 100 1 100 1 100 1 100 1 100 1 100 1 100 1 100 1 100 1 100 1 100 1 100 1 100 1 100 1 100 1 100 1 100 1 100 1 100 1 100 1 100 1 100 1 100 1 100 1 100 1 100 1 100 1 100 1 100 1 100 1 100 1 100 1 100 1 100 1 1 1 1 1 1 100 1 1 1 100 1 1 100 1 100 1 100 1 100 1 100 1 100 1 1 1 1 100 1 100 1 100 1 100 1 100 1 100 1 100 1 100 1
staticfield java/lang/invoke/VarHandle VFORM_OFFSET J 16
staticfield java/lang/invoke/VarHandle $assertionsDisabled Z 1
ciInstanceKlass java/lang/invoke/MemberName 1 1 730 7 1 7 1 100 1 9 12 1 1 10 7 12 1 1 1 9 12 1 1 10 12 1 1 10 12 1 1 10 12 1 1 10 12 1 10 12 1 1 10 7 12 1 1 1 10 12 1 9 7 12 1 1 10 12 1 100 1 100 1 10 12 1 8 1 10 12 1 1 10 12 1 10 12 1 1 10 12 1 9 12 1 1 8 1 10 100 12 1 1 1 7 1 10 10 12 1 1 7 1 7 1 10 12 1 9 12 1 1 100 1 8 1 10 12 1 10 12 1 10 12 1 10 12 1 10 12 1 1 10 12 1 10 12 1 10 12 1 1 8 1 8 1 10 12 1 8 1 9 12 1 1 3 10 12 1 10 12 1 10 12 1 10 10 7 12 1 1 1 10 12 1 10 12 1 10 12 1 10 12 1 7 1 8 10 12 1 1 10 12 1 1 8 1 9 100 1 8 9 100 1 10 12 1 1 10 12 1 10 12 1 8 1 10 12 1 1 10 12 1 10 12 1 10 12 1 10 12 1 1 100 1 10 12 1 1 10 12 1 8 1 10 12 1 10 12 1 8 1 10 12 1 1 10 12 1 1 7 1 10 12 1 1 10 12 8 1 8 1 100 1 10 12 1 10 100 12 1 1 1 100 1 10 12 10 12 1 10 12 1 10 12 1 10 12 1 10 10 12 1 10 12 1 10 12 1 3 10 12 1 3 10 12 1 3 3 3 3 3 3 10 12 1 3 9 12 1 10 12 1 1 3 10 12 1 10 10 7 12 1 1 1 10 12 1 1 10 7 12 1 1 10 10 12 1 10 12 1 1 10 12 1 10 10 12 1 1 10 12 1 10 12 1 10 12 1 100 1 10 10 10 12 100 1 10 10 10 12 1 1 10 12 1 1 10 10 12 1 8 10 7 1 10 12 1 10 7 1 10 12 1 10 12 1 10 12 1 10 10 12 1 10 12 1 1 10 12 1 1 10 12 1 10 12 1 10 12 1 100 1 10 12 1 1 100 1 8 1 10 7 1 10 12 1 10 12 10 12 1 1 10 12 1 10 12 1 8 1 8 1 8 1 8 1 10 12 1 10 12 1 10 7 12 1 1 1 8 1 8 1 10 12 1 8 1 10 10 10 12 1 10 12 1 8 1 8 1 10 10 12 1 8 1 10 100 12 1 1 1 8 1 100 1 10 12 1 10 12 1 1 10 12 1 8 1 8 1 8 1 8 1 100 1 10 8 1 8 1 8 1 8 1 10 12 1 100 1 100 1 100 1 10 100 1 10 100 1 10 100 12 1 1 1 9 7 12 1 1 1 100 1 100 1 1 1 1 1 1 1 3 1 3 1 3 1 3 1 3 1 3 1 1 1 1 1 1 1 1 3 1 3 1 1 1 1 1 1 1 1 1 1 1 1 1 1 1 1 1 1 1 1 1 1 1 1 100 1 1 1 1 1 1 1 1 1 1 1 1 1 1 1 1 1 1 1 1 1 1 1 1 1 1 1 1 1 1 1 1 1 1 1 1 1 1 1 1 1 1 1 1 1 1 1 1 1 1 1 1 1 1 1 1 1 1 1 1 1 1 1 1 1 1 1 1 1 1 1 1 1 1 1 1 100 1 1 1 1 1 1 1 1 1 1 1 1 1 1 1 1
staticfield java/lang/invoke/MemberName $assertionsDisabled Z 1
ciInstanceKlass java/lang/invoke/ResolvedMethodName 1 1 25 10 100 12 1 1 1 9 100 12 1 1 1 1 1 1 1 1 1 1 1 1 1 1 1
ciInstanceKlass java/lang/invoke/MethodHandleNatives 1 1 689 100 1 10 7 12 1 1 1 9 7 12 1 1 1 10 12 1 1 100 1 10 10 12 1 1 10 12 1 10 12 1 8 1 8 1 8 1 8 1 8 1 8 1 8 1 8 1 8 1 8 1 10 12 1 1 7 1 10 7 12 1 1 1 10 100 12 1 1 1 7 1 10 10 12 1 1 8 1 10 12 1 8 1 10 12 1 1 8 1 10 12 1 1 9 100 12 1 1 1 8 1 10 100 12 1 1 1 100 1 10 12 100 1 100 1 8 1 7 1 10 10 12 1 7 1 9 7 12 1 1 10 12 1 1 10 12 1 10 7 12 1 1 1 10 12 1 1 9 12 1 8 1 10 12 1 1 10 12 1 8 1 10 12 1 1 7 1 10 12 1 10 7 12 1 1 1 10 12 1 10 12 1 1 10 12 1 1 8 1 10 12 1 1 8 1 10 12 1 8 1 8 1 8 1 100 1 10 12 1 8 1 10 100 12 1 1 1 10 12 1 1 10 100 12 1 1 10 10 12 1 1 10 12 1 10 7 12 1 1 1 100 1 8 1 10 100 12 1 1 1 7 1 8 1 10 12 1 8 1 8 1 8 1 8 1 8 1 10 12 1 1 10 12 1 1 10 12 1 10 12 1 1 10 12 1 1 7 1 10 12 1 100 1 100 1 10 12 1 10 12 1 8 1 8 1 10 10 12 1 1 10 12 1 1 8 1 10 100 12 1 1 8 1 8 1 10 12 1 1 10 7 12 1 1 1 100 1 10 12 1 1 7 1 9 12 1 1 10 7 12 1 1 1 10 10 12 1 9 12 1 10 12 1 9 12 1 9 12 1 10 12 1 1 10 12 1 10 12 1 1 7 1 7 1 10 12 1 1 10 12 1 10 12 1 1 10 7 12 1 1 1 10 12 1 8 1 10 12 1 10 12 1 10 12 1 1 10 12 1 10 7 12 1 1 1 10 12 1 1 100 1 8 1 10 9 7 12 1 1 1 10 12 1 1 10 12 1 1 100 1 10 12 1 1 10 12 1 1 100 1 100 1 10 10 100 1 100 1 10 100 1 10 10 12 1 1 10 100 1 10 12 1 10 12 1 1 10 12 1 1 10 12 1 1 10 12 1 10 12 1 1 10 8 1 10 12 1 10 12 1 10 12 1 10 12 1 10 12 1 1 10 12 1 10 12 1 10 12 1 10 10 7 12 1 1 10 12 1 1 1 1 1 1 1 1 1 1 1 1 1 100 1 1 1 1 1 1 1 1 1 1 1 1 1 1 1 1 1 1 1 1 1 1 1 1 1 1 1 1 1 1 1 1 1 1 1 1 1 1 1 1 1 1 1 1 1 1 1 1 1 1 1 1 1 1 1 1 1 1 1 1 1 1 1 100 1 1 1 1 1 1 1 1 1 1 1 1 1 1 1 1 1 1 1 1 1 1 1 1 1 1 1 1 1 1 1 1 1 1 1 100 1 1 1 1 1 1 1 1 1 1 1 1 1 1 1 1 1 1 1 1 1 1 1 1 1 1 1 1 1 1 1 1 1 1 100 1 1
staticfield java/lang/invoke/MethodHandleNatives $assertionsDisabled Z 1
ciInstanceKlass jdk/internal/foreign/abi/NativeEntryPoint 1 1 223 10 7 12 1 1 1 9 7 12 1 1 1 9 12 1 1 100 1 8 1 10 12 1 10 12 1 1 7 1 10 7 12 1 1 1 10 12 1 9 12 1 1 18 12 1 1 10 7 12 1 1 1 9 7 12 1 1 1 8 1 10 12 1 1 8 1 8 1 8 1 8 1 10 7 12 1 1 1 100 1 10 10 12 1 1 8 1 10 12 1 8 1 10 12 1 10 12 1 1 10 12 1 1 100 1 8 1 10 12 1 10 12 1 1 100 1 8 1 10 10 12 1 9 12 1 1 18 12 1 1 10 7 12 1 1 1 10 12 1 1 10 12 1 10 7 12 1 1 1 10 1 1 1 1 1 1 1 1 1 1 1 1 1 1 1 1 1 1 1 1 1 1 1 1 1 1 1 1 1 1 1 1 1 1 1 1 1 1 1 1 1 1 1 1 16 1 15 10 12 16 1 16 15 10 12 15 10 7 12 1 1 1 1 1 100 1 1 100 1 100 1 1
staticfield jdk/internal/foreign/abi/NativeEntryPoint CLEANER Ljava/lang/ref/Cleaner; java/lang/ref/Cleaner
staticfield jdk/internal/foreign/abi/NativeEntryPoint NEP_CACHE Ljdk/internal/foreign/abi/SoftReferenceCache; jdk/internal/foreign/abi/SoftReferenceCache
ciInstanceKlass jdk/internal/foreign/abi/ABIDescriptor 1 1 55 10 7 12 1 1 1 9 7 12 1 1 1 9 12 1 1 9 12 1 9 12 1 9 12 1 1 9 12 1 9 12 1 1 9 12 1 9 12 1 9 12 1 9 12 1 1 1 1 1 1 1 1 1 1
ciInstanceKlass jdk/internal/foreign/abi/VMStorage 1 1 111 10 7 12 1 1 1 9 7 12 1 1 1 9 12 1 1 9 12 1 1 9 12 1 1 7 1 10 8 1 10 12 1 1 10 12 1 10 12 1 1 10 12 1 7 1 10 7 12 1 1 1 10 7 12 1 1 10 7 12 1 1 10 7 12 1 1 1 18 12 1 1 1 1 1 1 1 1 1 1 1 1 1 1 1 1 1 1 1 1 1 1 8 1 15 15 15 15 15 10 100 12 1 1 1 1 100 1 100 1 1
ciInstanceKlass jdk/internal/foreign/abi/UpcallLinker$CallRegs 1 1 66 10 7 12 1 1 1 9 7 12 1 1 1 9 12 1 18 12 1 1 18 12 1 1 18 12 1 1 1 1 1 1 1 1 1 1 1 1 1 1 1 1 1 1 7 1 1 1 8 1 15 15 15 10 100 12 1 1 1 1 1 100 1 100 1 1
instanceKlass java/lang/StackFrameInfo
ciInstanceKlass java/lang/ClassFrameInfo 0 0 126 10 100 12 1 1 1 9 100 12 1 1 1 100 1 3 9 12 1 1 9 12 1 1 100 1 9 12 1 1 3 11 100 12 1 1 1 11 12 1 10 12 1 1 10 12 1 1 10 12 1 100 1 10 10 12 1 1 8 1 8 1 10 12 100 1 10 10 12 1 1 8 1 10 12 1 8 1 10 12 8 1 10 12 1 10 100 12 1 1 1 100 1 1 1 1 1 1 1 1 1 1 1 1 1 1 1 1 1 1 1 1 1 1 1 1 1 1 1 100 1 1 1 1 1 1
ciInstanceKlass java/lang/StackWalker$StackFrame 0 0 41 100 1 10 12 1 1 100 1 100 1 1 1 1 1 1 1 1 1 1 1 1 1 1 1 1 1 1 1 1 1 1 1 1 1 1 1 100 1 1 1
ciInstanceKlass java/lang/StackWalker 0 0 236 9 100 12 1 1 1 10 100 12 1 1 1 100 1 10 100 12 1 1 1 10 12 1 1 11 100 12 1 1 1 10 12 1 1 10 12 1 1 100 1 8 1 10 12 1 10 12 1 10 12 1 10 100 12 1 1 9 12 1 1 9 12 1 1 9 12 1 1 9 12 1 1 10 12 1 1 9 12 1 1 9 12 1 1 9 12 1 1 9 12 1 1 10 12 1 1 10 100 12 1 1 1 10 100 12 1 1 1 18 12 1 1 100 1 8 1 10 8 1 10 12 1 1 10 100 12 1 1 1 10 12 1 1 10 12 1 11 12 1 1 9 100 12 1 1 11 100 12 1 1 1 10 12 1 1 1 1 1 1 1 1 1 1 1 1 1 1 1 1 1 1 1 1 1 1 1 1 1 1 1 1 1 1 1 1 1 1 1 1 1 1 1 1 1 1 1 1 1 1 1 1 1 1 1 1 1 1 1 100 1 1 16 15 10 12 16 1 15 10 100 12 1 1 1 1 1 1 1 1 1 100 1 100 1 1
instanceKlass java/lang/LiveStackFrameInfo
ciInstanceKlass java/lang/StackFrameInfo 0 0 150 10 100 12 1 1 1 9 100 12 1 1 1 9 12 1 1 11 100 12 1 1 1 10 12 1 1 10 100 12 1 1 1 9 12 1 1 10 12 1 1 9 12 1 1 100 1 10 12 10 12 1 9 12 1 100 1 100 1 10 12 1 1 11 12 1 1 10 12 1 10 12 1 10 12 1 1 9 12 1 1 10 12 1 1 10 100 12 1 1 10 12 1 1 9 12 1 10 100 12 1 1 1 9 12 1 1 10 100 1 10 12 1 9 12 1 1 10 12 1 1 10 12 1 1 1 1 1 1 1 1 1 1 1 1 1 1 1 1 100 1 100 1 1 1 1 1 1 1 1
ciInstanceKlass java/lang/LiveStackFrameInfo 0 0 97 10 100 12 1 1 1 9 100 12 1 1 1 9 12 1 9 12 1 9 12 1 9 12 1 1 100 1 10 12 1 1 10 12 1 8 1 10 12 1 1 8 1 8 1 8 1 10 100 1 10 12 1 100 1 10 12 1 100 1 100 1 1 1 3 1 3 1 1 1 1 1 1 1 1 1 1 1 1 1 1 1 1 1 1 1 1 1 1 1 1 1 1 1 100 1 1
ciInstanceKlass java/lang/LiveStackFrame 0 0 112 100 1 10 100 12 1 1 1 11 100 12 1 1 1 11 12 1 9 100 12 1 1 1 10 100 12 1 1 1 10 100 12 1 1 1 11 12 1 10 12 1 100 1 100 1 1 1 1 1 1 1 1 1 1 1 1 1 1 1 1 1 1 1 1 1 1 1 1 1 100 1 1 1 1 1 1 1 100 1 8 1 1 12 10 1 1 1 8 1 1 1 8 1 1 1 8 1 1 1 8 1 1 8 1 1 1 8 1 1 8 1
ciInstanceKlass java/lang/StackStreamFactory$AbstractStackWalker 1 0 364 100 1 100 1 3 10 100 12 1 1 1 10 100 12 1 1 10 100 12 1 1 1 9 12 1 1 9 12 1 1 9 12 1 1 9 12 1 9 12 1 10 100 12 1 1 1 10 12 1 1 10 100 12 1 1 9 12 1 1 9 12 1 1 10 12 1 1 9 12 1 1 10 100 12 1 1 1 10 12 1 1 9 12 1 1 9 100 12 1 1 1 100 1 10 8 1 10 12 1 1 10 12 1 8 1 10 12 1 1 10 100 12 1 1 1 100 1 8 1 10 12 1 8 1 10 12 10 100 12 1 1 9 12 1 1 8 1 5 0 8 1 8 1 9 12 1 1 10 12 1 1 18 12 1 1 10 100 12 1 1 1 10 12 1 1 10 12 1 10 12 1 9 100 12 1 1 1 10 12 1 1 9 12 1 10 12 1 10 12 1 10 12 1 10 12 1 10 12 1 10 12 1 1 8 1 10 12 1 10 12 1 10 12 1 10 12 1 1 8 1 10 12 1 1 10 12 1 1 10 12 1 1 10 12 1 10 12 1 10 12 1 9 12 1 8 1 10 12 1 8 1 10 12 1 10 12 1 1 10 12 1 10 12 1 10 12 1 1 10 12 1 10 12 1 10 12 1 10 12 1 10 12 1 10 12 1 1 10 12 1 10 12 1 10 12 1 10 12 1 8 1 1 1 1 1 1 1 1 1 1 1 1 1 100 1 1 1 1 1 1 100 1 1 1 1 100 1 1 1 1 1 1 1 1 1 1 1 1 1 1 1 1 1 1 16 15 15 10 100 12 1 1 1 1 1 1 1 1 100 1 100 1 1
ciInstanceKlass jdk/internal/module/Modules 0 0 481 10 100 12 1 1 1 9 7 12 1 1 1 11 100 12 1 1 1 11 12 1 1 11 12 1 1 11 12 1 1 11 12 1 11 12 1 11 12 1 11 12 1 11 12 1 11 12 1 1 10 100 12 1 1 1 10 12 1 1 10 100 12 1 1 10 100 12 1 1 1 10 100 12 1 1 10 12 1 1 11 12 1 9 12 1 1 11 100 12 1 1 1 10 12 1 1 10 10 12 1 10 100 1 9 12 1 1 10 100 12 1 1 10 12 1 1 10 100 12 1 1 1 100 1 11 100 12 1 1 1 10 100 12 1 1 1 11 100 12 1 1 10 12 1 1 10 100 12 1 1 10 100 12 1 1 1 10 12 1 1 10 12 1 1 11 12 1 1 18 12 1 1 11 100 12 1 1 10 100 12 1 1 1 11 100 12 1 1 1 100 1 11 12 1 1 11 100 12 1 1 1 11 12 1 1 10 12 1 1 10 100 12 1 1 18 12 1 1 11 12 1 1 18 12 1 1 11 12 1 1 10 12 1 18 18 10 12 1 1 9 12 1 1 11 100 12 1 1 1 100 1 10 11 12 1 11 12 1 1 10 100 1 10 12 1 1 10 100 12 1 1 10 12 1 1 11 12 10 12 1 1 100 1 10 18 12 1 10 12 1 1 100 1 8 1 10 12 1 10 100 12 1 1 18 12 1 11 11 12 10 12 1 10 10 100 1 18 12 1 10 10 10 7 12 1 1 10 100 12 1 1 1 10 12 1 1 1 1 1 1 1 1 1 1 1 1 1 1 1 1 1 1 1 1 1 1 1 1 1 1 1 1 1 1 1 1 1 1 1 1 1 1 1 1 1 1 1 1 1 1 1 1 1 1 1 1 1 1 1 1 1 1 1 1 1 1 1 1 100 1 1 1 1 1 1 1 1 1 1 1 1 1 1 1 1 1 1 1 1 1 1 1 16 15 10 12 1 16 1 16 1 15 10 12 1 16 1 16 1 15 10 12 16 1 15 10 16 1 15 10 12 16 1 16 15 10 12 16 15 10 12 16 15 10 12 15 10 100 12 1 1 1 1 1 1 100 1 100 1 1
ciInstanceKlass jdk/internal/loader/ClassLoaders 1 1 185 10 100 12 1 1 1 10 7 12 1 1 1 10 12 1 1 10 7 12 1 1 1 9 7 12 1 1 1 9 12 1 1 9 12 1 1 7 1 11 100 12 1 1 1 100 1 11 12 1 1 11 12 1 1 10 100 12 1 1 1 10 100 12 1 1 1 100 1 100 1 10 7 12 1 1 1 9 12 1 1 8 1 10 7 12 1 1 1 10 12 1 1 7 1 10 12 1 10 12 1 1 7 1 10 12 1 1 10 12 1 1 10 12 1 7 1 10 12 10 12 1 8 1 10 7 12 1 1 8 1 8 1 10 12 1 7 1 10 10 12 1 10 12 1 1 1 1 1 1 1 1 1 1 1 1 1 1 1 1 1 1 1 1 100 1 1 1 1 1 1 1 1 1 1 1 1 1 1 1 1 1 1 1 1
staticfield jdk/internal/loader/ClassLoaders JLA Ljdk/internal/access/JavaLangAccess; java/lang/System$1
staticfield jdk/internal/loader/ClassLoaders BOOT_LOADER Ljdk/internal/loader/ClassLoaders$BootClassLoader; jdk/internal/loader/ClassLoaders$BootClassLoader
staticfield jdk/internal/loader/ClassLoaders PLATFORM_LOADER Ljdk/internal/loader/ClassLoaders$PlatformClassLoader; jdk/internal/loader/ClassLoaders$PlatformClassLoader
staticfield jdk/internal/loader/ClassLoaders APP_LOADER Ljdk/internal/loader/ClassLoaders$AppClassLoader; jdk/internal/loader/ClassLoaders$AppClassLoader
ciInstanceKlass java/util/ArrayList 1 1 514 10 7 12 1 1 1 7 1 9 7 12 1 1 1 9 12 1 100 1 100 1 10 8 1 10 12 1 1 10 12 1 10 12 1 1 10 12 1 9 12 1 11 7 12 1 1 1 9 12 1 1 11 12 1 1 7 10 7 12 1 1 1 9 12 1 10 12 1 10 12 1 1 10 7 12 1 1 1 10 7 12 1 1 1 10 12 1 1 10 12 1 1 10 12 1 1 10 12 1 10 12 1 1 100 1 100 1 10 12 1 10 10 7 12 1 1 1 10 7 12 1 1 10 12 1 100 1 10 10 12 10 12 1 1 10 12 1 1 10 12 1 10 12 10 12 1 1 100 1 10 12 1 1 10 12 1 1 10 12 1 100 1 10 11 12 1 1 11 100 12 1 1 1 11 12 1 10 12 1 10 12 1 10 12 1 1 100 1 10 12 1 1 10 10 12 1 1 10 12 1 8 1 8 1 8 1 8 1 10 12 1 1 10 12 1 1 11 12 1 100 1 10 100 12 1 1 10 12 1 10 12 1 1 10 100 12 1 1 10 12 1 10 100 12 1 1 1 11 100 12 1 1 1 10 12 1 100 1 8 1 10 7 1 10 12 1 7 1 10 12 1 10 12 1 1 7 1 10 12 1 10 12 1 1 11 7 12 1 1 7 1 10 12 1 10 12 1 1 11 100 12 1 1 10 12 1 1 10 12 1 1 10 12 1 1 10 12 1 1 11 100 12 1 1 10 12 1 1 10 12 1 1 100 1 100 1 100 1 1 1 1 5 0 1 3 1 1 1 1 1 1 1 1 1 1 1 1 1 1 1 1 1 1 1 1 1 1 1 1 1 1 1 1 1 1 1 1 1 1 1 1 1 1 1 1 1 1 1 1 1 1 1 1 1 1 1 1 1 1 1 1 1 1 1 1 1 1 1 1 1 1 1 1 1 1 1 1 1 1 1 1 1 1 1 1 1 1 1 1 1 1 1 1 1 1 1 1 1 1 1 1 1 1 1 1 1 1 1 1 100 1 1 1 1 100 1 1 1 1 1 1 1 1 1 1 1 1 1 1 1 1 1 1 1 1 1 1 1 1 1 1 1 1 1 100 1 1 1 1 1 1 1 1 1 1 1 1 1 1 1 1 1 1 1 100 1 100 1 1 1 1 1 1
staticfield java/util/ArrayList EMPTY_ELEMENTDATA [Ljava/lang/Object; 0 [Ljava/lang/Object;
staticfield java/util/ArrayList DEFAULTCAPACITY_EMPTY_ELEMENTDATA [Ljava/lang/Object; 0 [Ljava/lang/Object;
ciInstanceKlass java/util/List 1 1 251 10 100 12 1 1 1 11 100 12 1 1 1 11 100 12 1 1 1 11 12 1 1 11 100 12 1 1 11 12 1 1 11 12 1 1 10 100 12 1 1 1 7 1 7 1 10 12 1 1 100 1 10 7 12 1 1 1 11 12 1 1 11 12 1 11 12 1 100 1 10 12 1 11 12 1 1 11 12 1 1 11 12 1 10 100 12 1 1 1 9 7 12 1 1 1 7 1 10 12 10 12 1 7 1 10 12 1 1 10 12 1 10 12 1 1 11 12 1 1 100 1 1 1 1 1 1 1 1 1 1 1 1 1 1 1 1 1 1 1 1 1 1 1 1 1 1 1 1 1 1 1 1 1 1 1 1 1 1 1 1 1 1 1 1 100 1 100 1 1 1 1 1 1 1 1 1 1 1 1 1 1 1 1 1 1 1 1 1 1 1 1 1 1 1 1 1 1 1 1 1 1 1 1 1 1 1 1 1 1 1 1 1 1 1 1 1 1 1 1 1 1 1 1 1 1 1 1 1 1 1 1 1 1 1 1 1 1 1 1 1 1 1 1 100 1 1 100 1 1 1
ciInstanceKlass java/util/SequencedCollection 1 1 104 100 1 10 12 1 1 11 100 12 1 1 1 11 100 12 1 1 1 11 12 1 1 11 12 1 100 1 100 1 1 1 1 1 1 1 1 1 1 1 1 1 1 1 1 1 1 1 1 1 1 1 1 1 1 1 1 1 100 1 8 1 12 10 1 1 8 1 1 1 8 1 1 8 1 1 1 8 1 1 8 1 1 1 8 1 1 8 1 8 1 1 8 1 1 1 8 1 1 8 1 1 8 1
ciInstanceKlass java/lang/Iterable 1 1 62 10 7 12 1 1 1 11 7 12 1 1 1 11 7 12 1 1 1 11 12 1 1 11 7 12 1 1 1 10 100 12 1 1 1 100 1 1 1 1 1 1 1 1 1 1 1 1 1 1 1 1 1 1 1 1 1 1 1 1 1 1
ciMethod java/util/List remove (I)Ljava/lang/Object; 0 0 1 0 -1
ciMethod java/util/List size ()I 0 0 1 0 -1
ciMethod java/util/List get (I)Ljava/lang/Object; 0 0 1 0 -1
ciMethod java/util/List add (Ljava/lang/Object;)Z 0 0 1 0 -1
ciInstanceKlass java/util/RandomAccess 1 0 7 100 1 100 1 1 1
instanceKlass java/util/AbstractMap$2
instanceKlass java/util/EnumMap$Values
instanceKlass com/sun/tools/javac/util/List
instanceKlass java/util/LinkedHashMap$LinkedValues
instanceKlass java/util/IdentityHashMap$Values
instanceKlass java/util/concurrent/ConcurrentLinkedDeque
instanceKlass java/util/AbstractQueue
instanceKlass java/util/HashMap$Values
instanceKlass java/util/ArrayDeque
instanceKlass java/util/AbstractSet
instanceKlass java/util/ImmutableCollections$AbstractImmutableCollection
instanceKlass java/util/AbstractList
ciInstanceKlass java/util/AbstractCollection 1 1 160 10 7 12 1 1 1 10 7 12 1 1 1 10 12 1 1 11 7 12 1 1 1 11 12 1 1 10 12 1 1 10 100 12 1 1 1 10 12 1 1 10 12 1 1 10 7 12 1 1 10 100 12 1 1 1 7 1 10 100 12 1 1 1 10 100 12 1 1 1 100 1 10 11 12 1 11 7 1 10 12 1 10 12 1 10 100 12 1 1 1 11 8 1 100 1 10 10 12 1 1 8 1 10 12 1 10 12 1 1 1 1 1 1 1 1 1 1 1 1 1 1 1 1 1 1 1 1 1 1 1 1 1 1 1 1 1 1 1 1 1 1 1 1 1 1 1 1 1 1 1 1 1 1 1 1 1 1 1 1
instanceKlass java/util/Collections$CopiesList
instanceKlass com/sun/tools/javac/model/FilteredMemberList
instanceKlass java/util/Collections$SingletonList
instanceKlass sun/security/jca/ProviderList$2
instanceKlass java/util/ArrayList$SubList
instanceKlass java/util/AbstractSequentialList
instanceKlass sun/awt/util/IdentityArrayList
instanceKlass java/util/Vector
instanceKlass java/util/Arrays$ArrayList
instanceKlass java/util/Collections$EmptyList
instanceKlass java/util/ArrayList
ciInstanceKlass java/util/AbstractList 1 1 218 10 7 12 1 1 1 9 7 12 1 1 1 10 12 1 1 10 12 1 1 100 1 10 10 12 1 1 11 7 12 1 1 1 11 12 1 1 11 12 1 10 7 12 1 1 1 10 12 1 11 12 1 11 12 1 11 12 1 10 12 1 1 10 12 1 1 11 100 12 1 1 1 11 7 1 11 7 1 10 12 1 7 1 10 12 1 10 12 1 1 100 1 100 1 10 12 1 100 1 10 100 1 100 1 10 8 1 10 12 1 1 10 12 1 10 12 1 1 10 12 1 8 1 100 1 8 1 8 1 8 1 10 7 1 11 10 10 12 1 11 12 1 10 12 1 1 8 1 8 1 1 1 1 1 1 1 1 1 1 1 1 1 1 1 1 1 1 1 1 1 1 1 1 1 1 1 1 1 1 1 1 1 1 1 1 1 1 1 1 1 1 1 1 1 1 1 1 1 1 1 1 1 1 1 1 1 1 100 1 100 1 1 1 1 1 1 1
ciMethod java/util/ArrayList size ()I 274 0 137 0 0
ciMethod java/util/ArrayList add (Ljava/lang/Object;)Z 576 0 45216 0 282
ciMethod java/util/ArrayList remove (I)Ljava/lang/Object; 568 0 7666 0 483
ciMethod java/util/ArrayList get (I)Ljava/lang/Object; 512 0 39540 0 208
ciMethod java/util/ArrayList elementData (I)Ljava/lang/Object; 566 0 40636 0 0
ciMethod java/util/ArrayList add (Ljava/lang/Object;[Ljava/lang/Object;I)V 580 0 45216 0 0
ciMethod java/util/ArrayList grow (I)[Ljava/lang/Object; 208 0 10383 0 1124
ciMethod java/util/ArrayList grow ()[Ljava/lang/Object; 206 0 4170 0 0
ciMethod java/util/ArrayList fastRemove ([Ljava/lang/Object;I)V 568 0 5444 0 357
ciInstanceKlass java/lang/annotation/Annotation 0 0 17 100 1 100 1 1 1 1 1 1 1 1 1 1 1 1 1
ciInstanceKlass java/lang/classfile/Attribute 1 0 97 100 1 100 1 100 1 1 1 1 1 1 1 1 1 1 1 100 1 100 1 100 1 100 1 100 1 100 1 100 1 100 1 100 1 100 1 100 1 100 1 100 1 100 1 100 1 100 1 100 1 100 1 100 1 100 1 100 1 100 1 100 1 100 1 100 1 100 1 100 1 100 1 100 1 100 1 100 1 100 1 100 1 100 1 100 1 100 1 100 1 100 1 100 1 100 1
ciInstanceKlass jdk/internal/classfile/impl/Util$Writable 1 0 14 100 1 100 1 1 1 1 1 1 100 1 1 1
ciMethod java/util/Objects checkIndex (II)I 518 0 67956 0 -1
ciMethod java/util/Arrays copyOf ([Ljava/lang/Object;I)[Ljava/lang/Object; 200 0 7998 0 0
ciMethod java/util/Arrays copyOf ([Ljava/lang/Object;ILjava/lang/Class;)[Ljava/lang/Object; 4278 0 9442 0 -1
ciMethod java/util/Arrays copyOf ([BI)[B 104 0 5216 0 -1
ciMethod jdk/internal/util/ArraysSupport hugeLength (II)I 0 0 1 0 -1
ciMethod jdk/internal/util/ArraysSupport newLength (III)I 1024 0 8242 0 0
ciMethod java/lang/Math round (F)I 380 0 6731 0 -1
ciMethod java/lang/Math ceil (D)D 512 0 32567 0 -1
ciMethod java/lang/Math floor (D)D 524 0 59462 0 -1
ciMethod java/lang/Math max (DD)D 570 0 6444 0 -1
ciMethod java/lang/Math max (II)I 270 0 328094 0 -1
ciMethod java/lang/Math min (DD)D 550 0 5413 0 -1
ciMethod java/lang/Math sqrt (D)D 0 0 1 0 -1
ciMethod java/lang/Math abs (D)D 0 0 1 0 -1
ciMethod java/lang/Object getClass ()Ljava/lang/Class; 256 0 128 0 -1
ciMethod java/lang/Object <init> ()V 804 0 5388788 0 120
instanceKlass javax/swing/CellRendererPane
instanceKlass java/awt/Panel
instanceKlass javax/swing/plaf/basic/BasicSplitPaneDivider
instanceKlass javax/swing/JComponent
instanceKlass java/awt/Window
ciInstanceKlass java/awt/Container 1 1 1752 10 7 12 1 1 1 7 1 10 9 7 12 1 1 1 9 12 1 1 9 12 1 9 12 1 1 9 12 1 1 9 12 1 9 12 1 7 1 9 12 1 1 10 12 1 1 11 7 12 1 1 11 12 1 1 100 1 100 1 18 12 1 1 10 12 1 10 12 1 1 9 12 1 1 11 12 1 1 7 10 12 1 1 10 12 1 10 12 1 1 9 12 1 1 7 1 11 12 1 10 7 12 1 1 10 12 1 10 12 1 1 100 1 8 1 10 9 12 1 1 7 1 8 1 10 12 1 10 12 1 1 8 1 9 18 12 1 10 12 1 1 10 12 1 10 12 1 1 10 8 1 10 7 12 1 1 1 10 7 12 1 1 1 10 12 1 10 12 1 1 10 12 1 1 10 12 1 9 12 1 1 11 7 12 1 1 7 1 5 0 10 12 1 1 10 12 1 1 5 0 10 12 1 10 12 1 1 10 12 1 1 11 12 1 10 12 1 11 12 1 1 9 12 1 1 9 12 1 1 5 0 10 7 12 1 1 1 7 1 10 12 1 10 12 1 1 100 1 10 12 1 1 10 12 1 1 10 12 1 10 12 1 10 12 1 10 12 1 10 12 1 10 12 1 1 100 1 10 12 1 1 10 12 1 7 1 10 12 1 1 9 10 12 1 10 12 1 10 12 1 11 7 12 1 1 10 12 1 1 10 12 1 1 10 12 1 1 10 12 1 1 10 12 1 10 12 1 1 10 12 1 1 11 12 1 1 11 12 1 11 12 1 1 10 12 1 10 12 1 10 12 1 10 10 12 1 7 1 11 12 1 1 11 12 1 10 12 1 10 12 1 10 12 1 10 7 12 1 1 1 10 12 1 1 10 12 1 5 0 11 12 1 1 10 12 7 1 11 12 1 1 11 7 12 1 1 11 12 1 10 12 1 1 10 12 10 12 9 12 1 9 12 1 9 12 1 11 12 1 9 12 1 1 9 7 12 1 1 1 10 7 12 1 1 1 8 1 10 12 1 8 1 8 1 5 0 8 1 10 12 1 10 12 1 9 12 1 8 1 10 12 1 1 10 12 1 11 12 1 1 9 12 1 10 12 1 10 12 1 11 12 1 10 12 1 10 12 1 9 12 1 11 12 1 10 12 1 11 12 1 10 12 1 11 12 1 10 12 1 10 10 11 12 1 10 12 1 10 10 12 1 1 10 12 1 1 10 7 12 1 1 10 12 1 1 9 12 1 1 10 12 1 11 12 1 1 10 7 1 10 12 1 10 12 1 9 12 1 10 12 1 11 12 1 10 9 12 1 10 12 1 11 12 1 10 12 1 11 12 1 1 10 12 1 1 11 12 1 10 12 1 10 12 1 10 12 1 9 12 1 1 10 100 12 1 1 1 11 12 1 10 7 12 1 1 1 10 12 1 100 1 10 12 1 1 9 12 1 9 12 1 10 100 12 1 1 10 12 1 1 100 1 10 11 10 12 1 11 12 11 10 100 12 1 1 10 10 100 12 1 1 10 10 12 1 10 12 1 10 100 12 1 1 10 10 100 12 1 1 10 10 12 1 10 12 1 10 100 12 1 1 10 10 7 12 1 1 9 12 1 10 12 7 1 10 12 1 1 100 1 10 10 12 1 10 12 1 10 12 1 1 10 12 1 1 10 12 1 10 11 12 1 11 12 1 9 12 1 1 10 7 12 1 10 12 1 11 12 1 10 12 1 10 12 1 1 9 7 12 1 1 1 10 12 1 1 9 100 1 10 12 1 1 9 12 1 9 12 1 9 12 1 10 12 1 9 9 11 7 1 10 10 12 1 1 10 12 1 9 100 1 9 10 12 1 1 10 12 1 10 12 1 1 10 12 1 1 10 12 1 9 100 1 9 10 7 12 1 1 100 1 10 10 100 12 1 1 1 10 12 1 1 10 12 1 1 10 100 12 1 1 1 10 12 1 1 10 12 1 1 10 12 1 10 12 1 9 9 12 1 10 12 1 1 10 9 10 12 10 12 10 12 1 1 10 12 1 10 12 1 10 12 1 10 12 1 10 12 1 10 12 1 10 10 100 12 1 1 1 9 12 1 1 10 12 1 1 10 100 12 1 1 1 8 1 10 12 1 1 100 1 10 12 1 10 12 1 1 9 12 1 1 18 12 1 1 10 12 1 10 12 1 1 10 100 1 11 100 12 1 100 1 10 12 1 10 12 10 100 12 1 1 100 1 10 12 1 100 1 10 10 100 12 1 1 10 12 1 1 10 12 1 10 12 1 11 12 1 1 10 100 12 1 1 18 12 1 10 12 1 1 10 12 1 8 1 10 12 1 1 10 12 1 1 10 12 1 10 12 1 10 12 1 10 12 1 10 12 1 10 12 1 10 12 1 1 10 12 1 1 10 12 1 10 12 1 9 12 1 1 8 10 12 1 1 10 12 1 10 12 1 8 10 12 1 9 12 1 8 10 100 12 1 1 1 9 100 12 1 1 1 10 12 1 1 10 12 1 1 10 12 1 10 12 1 1 10 12 1 1 10 12 1 10 100 12 1 1 1 8 1 10 100 12 1 1 1 8 10 12 1 8 8 8 10 12 1 8 10 12 1 8 1 10 12 1 1 10 12 1 1 100 1 10 100 12 1 1 1 10 100 12 1 1 10 12 1 10 7 12 1 1 1 10 12 1 100 1 8 1 10 10 10 12 1 10 12 1 10 12 1 10 12 1 1 100 1 9 12 1 100 1 11 12 1 1 10 100 12 1 1 10 12 1 1 10 12 1 1 11 100 1 11 10 12 11 12 1 10 10 10 100 1 8 1 10 10 12 1 8 1 10 12 1 10 12 1 9 100 12 1 1 1 10 12 1 1 10 12 1 1 10 12 1 10 12 1 10 12 1 10 12 1 10 12 1 1 9 12 1 10 12 1 18 12 1 10 10 12 1 1 10 12 1 1 10 12 10 12 1 18 12 1 10 12 1 10 12 10 12 1 10 11 12 1 10 12 1 10 12 1 10 12 1 10 12 1 10 10 12 1 10 12 1 10 12 1 11 12 1 1 18 12 1 10 12 1 10 12 1 10 12 1 18 12 1 10 12 1 10 10 10 12 1 18 10 12 1 10 12 1 100 1 18 12 1 1 10 12 1 1 8 1 10 12 1 1 8 1 8 1 7 1 9 12 1 1 10 12 1 9 7 1 9 12 1 1 10 12 1 10 12 1 7 1 10 10 7 12 1 1 1 8 1 10 12 1 1 1 1 1 1 1 5 0 1 3 1 1 1 1 1 1 1 1 1 1 1 1 1 100 1 1 1 1 1 1 1 1 1 1 1 1 1 1 1 1 1 1 1 1 1 1 1 1 1 1 1 1 1 1 1 1 1 1 1 1 1 1 1 1 1 1 1 1 1 1 1 1 1 1 1 1 1 1 1 1 1 1 1 1 1 1 1 1 1 1 1 1 1 1 1 1 1 1 1 1 1 1 1 1 1 1 1 1 1 1 1 100 1 1 1 1 1 1 1 1 1 1 1 1 1 1 1 1 1 1 1 1 1 1 1 1 1 1 1 1 1 1 1 1 1 1 1 1 1 1 1 1 1 1 1 1 1 1 1 1 1 1 1 1 1 1 1 1 1 1 1 1 1 1 1 1 1 1 1 1 1 1 1 1 1 1 1 1 1 1 1 1 1 1 1 1 1 1 100 1 1 1 1 1 1 1 1 100 1 1 1 1 1 1 1 1 1 1 1 1 1 1 1 1 1 1 1 1 1 1 1 1 1 1 1 1 1 1 1 1 1 1 1 1 1 100 1 100 1 1 8 1 8 1 16 15 10 12 8 1 8 1 8 1 8 1 8 1 8 1 16 15 10 12 15 10 100 12 1 1 15 10 100 12 1 1 1 1 1 1 1 1 1 1 1 1 1 1 1 100 1 1 1 1 100 1 1 1 1 100 1 100 1 1
staticfield java/awt/Container log Lsun/util/logging/PlatformLogger; sun/util/logging/PlatformLogger
staticfield java/awt/Container eventLog Lsun/util/logging/PlatformLogger; sun/util/logging/PlatformLogger
staticfield java/awt/Container EMPTY_ARRAY [Ljava/awt/Component; 0 [Ljava/awt/Component;
staticfield java/awt/Container mixingLog Lsun/util/logging/PlatformLogger; sun/util/logging/PlatformLogger
staticfield java/awt/Container serialPersistentFields [Ljava/io/ObjectStreamField; 8 [Ljava/io/ObjectStreamField;
staticfield java/awt/Container isJavaAwtSmartInvalidate Z 0
instanceKlass javax/swing/JWindow
instanceKlass java/awt/Dialog
instanceKlass java/awt/Frame
ciInstanceKlass java/awt/Window 1 1 1725 10 7 12 1 1 1 9 7 12 1 1 1 9 12 1 9 12 1 9 12 1 1 7 1 10 9 12 1 1 7 1 10 9 12 1 1 9 12 1 9 12 1 9 12 1 9 12 1 1 9 12 1 1 9 12 1 9 12 1 9 7 12 1 1 1 9 12 1 9 12 1 1 9 12 1 9 12 1 10 12 1 1 10 7 12 1 1 10 12 1 1 10 12 1 1 10 7 12 1 1 1 10 12 1 9 12 1 7 1 10 12 1 9 12 1 1 10 12 1 7 1 10 12 1 1 9 12 1 1 9 12 1 10 12 1 1 10 7 12 1 1 10 12 1 1 100 1 8 1 10 12 1 7 1 10 10 12 1 1 10 12 1 1 10 12 1 1 10 7 12 1 1 1 10 12 1 9 7 12 1 1 9 7 12 1 1 10 12 1 9 12 1 9 12 1 9 9 10 12 1 1 10 12 1 1 9 7 12 1 1 1 9 12 1 7 1 9 12 1 1 10 12 1 10 7 12 1 1 1 10 7 12 1 1 1 10 7 12 1 1 10 12 10 12 1 1 10 9 12 1 1 10 12 1 1 10 12 1 1 10 12 1 10 12 1 9 12 1 18 12 1 1 9 12 1 1 11 7 12 1 1 7 1 10 10 12 1 9 12 1 1 7 1 11 12 1 8 1 10 12 1 1 10 12 1 1 10 12 1 1 10 12 1 1 9 10 12 1 10 12 1 1 11 7 12 1 1 1 9 12 1 1 10 7 1 10 12 1 10 12 1 10 10 12 1 1 9 7 12 1 1 9 12 1 10 12 1 9 12 1 10 12 1 10 12 1 1 10 12 1 10 12 1 9 10 7 12 1 1 1 9 10 12 1 11 12 1 10 12 10 10 10 12 1 10 12 1 10 12 1 1 100 1 10 12 1 1 10 12 1 9 12 1 1 10 7 12 1 1 1 10 12 1 10 7 12 1 1 10 12 1 10 12 1 10 10 7 12 1 1 10 12 1 10 10 12 1 1 10 12 1 9 12 1 10 10 12 1 10 12 1 9 12 1 1 10 12 1 10 12 1 9 12 1 7 1 10 12 1 10 12 1 11 12 1 9 12 1 1 9 12 1 1 7 1 5 0 10 12 1 1 10 12 1 10 12 1 1 10 7 12 1 1 1 10 12 1 10 12 1 10 10 12 1 10 12 1 10 12 1 7 1 10 12 10 12 1 10 12 1 10 12 1 1 100 1 9 7 12 1 1 1 8 1 10 100 12 1 1 10 12 1 100 1 8 1 10 10 11 10 12 1 11 12 1 10 12 1 9 12 1 1 10 100 12 1 1 1 9 12 1 1 10 7 12 1 1 1 10 12 1 1 10 12 1 1 10 12 1 1 10 100 12 1 1 1 100 1 11 12 1 1 10 10 12 1 1 10 10 12 10 7 12 1 1 10 10 12 1 1 10 12 1 1 10 12 10 12 1 10 12 1 1 10 12 1 1 10 12 1 10 12 1 10 10 10 12 1 10 12 1 1 9 12 1 10 7 12 1 1 9 12 1 1 10 12 1 9 12 1 1 10 12 1 10 12 10 12 10 12 7 1 10 12 1 1 100 1 7 1 100 1 100 1 100 1 10 10 12 1 9 12 1 5 0 5 0 10 12 1 1 10 12 1 10 12 1 1 10 12 1 10 12 1 10 12 1 10 11 12 1 11 12 1 11 12 1 11 12 1 11 12 1 11 12 1 11 12 1 11 12 1 11 12 1 11 12 1 10 7 12 1 1 8 1 10 12 1 1 10 100 12 1 1 10 12 1 10 12 1 10 12 1 10 9 12 1 10 12 1 1 9 12 1 10 12 1 11 12 1 8 10 12 1 10 12 1 10 12 1 1 10 10 12 1 10 7 12 1 1 1 10 12 1 1 10 10 12 1 1 10 12 1 10 12 1 1 10 7 12 1 1 10 12 1 10 12 1 8 1 9 12 1 1 10 12 1 1 10 12 1 10 12 1 1 8 9 100 12 1 1 1 10 7 12 1 1 1 10 12 1 10 12 1 1 10 12 1 100 1 10 12 1 10 12 1 10 12 1 10 12 1 1 10 100 12 1 1 10 100 12 1 1 1 10 12 1 1 10 100 12 1 1 1 10 12 1 1 10 100 12 1 1 10 12 1 1 10 100 12 1 1 1 10 12 1 1 10 12 1 10 12 1 10 12 1 10 12 1 1 10 10 10 12 1 1 8 1 100 1 8 1 10 10 12 1 100 1 10 9 12 1 1 9 12 1 10 12 9 12 1 1 10 100 12 1 1 8 1 10 12 1 1 8 1 8 1 10 12 1 8 1 11 12 1 1 11 100 12 1 1 11 12 1 100 1 100 1 10 12 1 1 10 100 12 1 1 7 1 10 12 1 1 10 12 1 1 10 12 1 1 10 12 1 1 10 12 1 11 100 1 10 12 1 10 12 1 1 8 10 100 12 1 8 10 12 1 8 8 8 10 12 1 8 10 12 1 1 8 100 1 8 10 12 1 10 100 12 1 1 1 10 12 1 1 10 12 1 1 9 12 1 1 100 1 10 11 12 1 10 9 12 1 1 9 7 12 1 1 1 10 7 12 1 1 1 10 12 1 10 12 1 18 12 1 10 12 1 10 12 1 1 10 12 1 1 9 7 1 9 10 9 9 10 10 12 1 10 12 1 10 12 1 10 12 1 1 9 12 1 10 12 1 10 12 1 1 8 1 10 12 1 10 8 1 10 12 1 8 1 9 100 12 1 1 1 10 12 1 1 100 1 8 1 10 11 12 1 1 100 1 10 12 1 8 1 9 12 1 8 1 10 100 12 1 1 11 12 1 1 10 12 1 1 10 10 12 1 1 10 7 12 1 1 10 12 1 8 1 10 12 1 10 12 1 8 1 10 12 1 1 11 12 1 11 12 1 10 12 1 10 100 12 1 1 1 100 1 10 12 1 100 1 10 12 1 10 12 1 1 10 12 1 10 12 1 10 12 1 10 10 12 1 1 8 1 10 12 1 1 100 1 11 12 1 1 10 100 12 1 1 1 10 12 1 1 100 1 10 100 1 10 10 10 12 1 10 12 1 1 10 12 10 12 1 10 12 1 8 1 10 12 1 1 10 12 1 10 12 1 10 12 1 8 1 10 12 1 1 8 1 10 8 1 10 12 7 1 10 10 7 12 1 1 1 100 1 1 1 1 1 3 1 1 1 1 1 8 1 1 5 0 1 1 1 1 1 1 1 1 1 1 1 1 1 100 1 1 1 1 1 1 100 1 1 1 1 1 1 1 1 1 1 1 1 1 1 1 1 1 1 1 1 1 1 1 1 1 1 1 1 1 1 1 1 1 1 1 1 1 1 1 1 1 1 1 1 1 1 1 1 1 1 1 1 1 1 1 1 1 1 1 1 1 1 1 1 1 1 1 1 1 1 1 1 1 1 1 1 1 1 1 1 1 1 1 1 1 1 1 1 1 1 1 1 1 1 1 1 100 1 1 1 1 1 1 1 1 1 1 1 1 1 1 100 1 1 1 1 1 100 1 1 1 1 1 1 1 1 1 1 1 1 1 1 1 1 1 1 1 1 1 1 1 1 1 1 1 1 1 1 1 1 100 1 1 1 1 1 100 1 1 1 1 1 1 1 1 1 1 1 1 1 1 1 1 1 1 1 1 1 1 1 1 1 1 1 100 1 1 1 1 1 1 1 1 1 1 1 1 1 1 1 1 1 1 1 1 1 1 1 1 1 1 1 1 1 1 1 1 1 1 1 1 1 1 1 1 1 1 1 1 1 1 1 1 1 1 1 1 1 8 1 8 1 15 10 100 12 1 1 1 1 1 1 1 100 1 1 1 1 1 1 100 1 1 100 1 1 100 1 100 1 1
staticfield java/awt/Window allWindows Lsun/awt/util/IdentityArrayList; sun/awt/util/IdentityArrayList
staticfield java/awt/Window log Lsun/util/logging/PlatformLogger; sun/util/logging/PlatformLogger
staticfield java/awt/Window locationByPlatformProp Z 0
staticfield java/awt/Window beforeFirstWindowShown Ljava/util/concurrent/atomic/AtomicBoolean; java/util/concurrent/atomic/AtomicBoolean
instanceKlass javax/swing/SwingUtilities$SharedOwnerFrame
instanceKlass sun/awt/LightweightFrame
instanceKlass sun/awt/EmbeddedFrame
instanceKlass javax/swing/JFrame
ciInstanceKlass java/awt/Frame 1 1 529 100 1 7 1 8 1 10 12 1 1 10 12 1 10 7 12 1 1 8 1 9 12 1 1 9 12 1 1 9 12 1 9 12 1 9 12 1 1 9 12 1 10 12 1 10 12 1 10 7 12 1 1 1 9 12 1 18 12 1 1 10 12 1 1 9 12 1 1 10 12 1 1 11 7 12 1 1 1 7 1 9 12 1 1 10 100 12 1 1 11 12 1 1 9 12 1 1 11 12 1 1 10 11 12 1 8 10 12 1 1 9 12 1 1 11 100 12 1 1 1 11 12 1 1 100 1 10 12 1 1 9 12 1 1 11 100 12 1 1 1 10 10 12 1 11 12 1 1 8 10 12 1 10 12 1 10 12 1 1 10 12 1 1 10 12 1 11 12 1 10 12 1 1 10 7 1 10 12 1 1 100 1 8 1 10 10 12 1 1 8 1 10 12 1 1 8 1 10 12 1 1 10 7 12 1 1 8 1 10 12 1 8 1 10 12 1 1 10 12 1 1 10 12 1 1 10 100 12 1 1 9 10 10 12 1 10 10 10 12 1 1 10 100 12 1 1 10 12 1 1 10 12 1 1 18 12 1 18 12 1 18 18 18 18 18 100 1 8 1 10 10 12 1 1 10 12 1 1 10 12 1 1 10 12 1 10 12 1 1 10 100 12 1 1 100 1 10 12 1 1 10 100 12 1 1 10 12 1 100 1 10 11 12 1 1 100 1 9 12 1 9 12 1 1 10 100 1 10 12 1 10 12 1 1 9 12 1 1 100 1 10 12 1 10 12 1 10 7 12 1 1 10 12 1 7 1 10 10 7 12 1 1 1 1 1 3 1 1 1 1 3 1 3 1 3 1 3 1 3 1 3 1 3 1 3 1 3 1 3 1 3 1 3 1 3 1 1 1 1 1 1 1 1 8 1 1 1 5 0 1 1 1 1 1 1 100 1 1 1 1 1 100 1 100 1 1 1 1 1 100 1 1 1 1 1 1 1 1 1 1 1 1 1 1 1 100 1 1 1 1 1 1 1 1 1 1 1 1 1 1 1 1 1 1 1 1 1 1 1 1 1 1 1 1 100 100 1 1 1 1 100 1 1 1 1 1 1 100 1 1 1 1 1 1 1 1 8 1 8 1 8 1 8 1 8 1 8 1 8 1 8 1 15 10 100 12 1 1 1 1 100 1 1 100 1 100 1 1
instanceKlass wv/codeclip/CodeClipFrame
ciInstanceKlass javax/swing/JFrame 1 1 434 10 7 12 1 1 1 100 1 9 7 12 1 1 1 9 12 1 1 9 12 1 1 10 12 1 10 12 1 10 12 1 10 12 1 100 1 5 0 10 12 1 1 10 7 12 1 1 1 10 12 1 1 10 12 1 1 10 12 1 1 8 1 10 7 12 1 1 1 10 12 1 1 10 12 1 1 10 12 1 1 10 12 1 1 10 100 12 1 1 10 12 1 10 12 1 7 1 10 12 1 1 10 7 12 1 1 1 10 10 12 1 10 12 1 1 10 7 12 1 1 1 10 12 1 10 12 1 10 100 12 1 1 100 1 8 1 10 8 10 12 1 1 9 12 1 1 10 7 12 1 1 1 8 10 12 1 10 12 1 1 10 12 1 1 10 12 1 1 10 12 1 10 12 1 1 10 7 12 1 1 1 10 12 1 9 12 1 1 10 12 1 1 10 10 12 1 1 10 10 100 1 8 1 10 12 1 10 12 1 1 10 10 12 1 10 12 1 1 10 12 1 1 10 12 1 1 10 12 1 10 12 1 10 12 1 1 9 100 12 1 1 10 12 1 1 10 12 1 1 10 12 1 1 9 12 1 1 9 7 12 1 1 1 10 12 1 1 9 12 1 10 12 1 1 10 12 1 8 1 8 1 8 1 8 1 8 1 10 12 1 1 8 1 8 1 10 12 1 18 12 1 1 100 1 10 12 1 7 1 8 1 10 100 1 100 1 100 1 1 1 1 1 1 1 100 1 1 1 1 1 1 1 1 1 1 1 1 1 1 1 1 3 1 1 1 1 1 1 1 1 1 1 1 1 1 1 1 1 1 1 1 1 1 1 3 1 1 1 1 1 1 1 1 1 1 1 1 100 1 1 1 1 1 1 1 1 1 1 1 1 1 1 1 1 1 1 1 1 1 1 100 1 1 1 1 1 1 1 1 1 1 1 1 1 1 8 1 15 10 100 12 1 1 1 1 100 1 1 100 1 100 1 1
staticfield javax/swing/JFrame defaultLookAndFeelDecoratedKey Ljava/lang/Object; java/lang/StringBuffer
ciInstanceKlass javax/swing/JTextPane 1 1 336 10 7 12 1 1 1 10 7 12 1 1 1 10 7 12 1 1 1 10 12 1 1 9 12 1 1 11 7 12 1 1 1 10 12 1 1 10 12 1 1 10 10 12 1 1 8 1 7 1 10 12 1 1 100 1 8 1 10 12 1 10 12 1 1 10 12 1 1 10 12 1 1 10 100 12 1 1 1 10 100 12 1 1 1 10 12 1 1 10 12 1 1 11 100 12 1 1 1 10 12 1 1 11 12 1 10 100 12 1 1 1 10 12 1 10 12 1 1 11 100 12 1 1 1 100 1 10 12 1 1 11 100 12 1 1 1 10 100 12 1 1 11 12 1 1 10 12 1 100 1 11 12 1 1 10 100 12 1 1 1 8 1 10 12 1 1 11 12 1 1 11 12 1 11 12 1 1 10 12 1 11 12 1 1 11 12 1 1 11 12 1 1 11 100 12 1 1 10 12 1 10 12 1 11 12 1 1 11 12 1 11 12 1 11 12 1 10 12 1 1 10 7 1 10 12 1 10 100 12 1 1 10 12 1 10 12 1 1 10 100 12 1 1 1 10 12 1 1 9 12 1 1 10 100 12 1 1 1 10 10 8 1 10 12 1 1 1 1 1 1 1 1 1 1 1 1 1 1 1 1 1 1 3 1 1 1 1 1 1 1 1 1 1 1 1 1 1 100 1 1 1 1 1 1 1 1 1 1 1 1 1 1 1 1 1 1 1 1 1 1 1 1 1 1 1 1 100 1 1 1 1 1 1 1 1
instanceKlass javax/swing/plaf/basic/BasicArrowButton
ciInstanceKlass javax/swing/JButton 1 1 200 10 7 12 1 1 1 10 12 1 10 12 1 1 10 7 1 7 1 10 10 12 1 1 10 12 1 10 7 12 1 1 1 7 1 10 12 1 1 8 1 10 7 12 1 1 1 10 7 12 1 1 1 9 12 1 1 8 10 12 1 1 10 12 1 1 10 12 1 10 100 12 1 1 10 12 1 1 10 100 12 1 1 1 10 100 12 1 1 1 10 12 1 1 9 12 1 1 10 100 12 1 1 1 8 1 8 1 10 12 1 18 12 1 1 9 12 1 1 100 1 10 12 100 1 1 1 1 1 1 1 1 1 1 1 1 1 1 1 1 1 1 1 1 1 1 3 1 3 1 1 1 1 1 1 1 1 1 1 1 1 1 1 1 1 1 1 1 1 1 100 1 1 1 1 1 1 1 1 1 1 1 1 1 1 8 1 15 10 100 12 1 1 1 1 100 1 100 1 1
ciInstanceKlass javax/swing/JLabel 1 1 426 9 7 12 1 1 1 10 7 12 1 1 1 9 12 1 1 9 12 1 8 1 9 12 1 1 9 12 1 1 9 12 1 9 12 1 1 100 1 9 12 1 9 12 1 9 12 1 9 12 1 9 12 1 9 12 1 1 10 12 1 1 10 12 1 1 10 12 1 1 10 12 1 100 1 10 12 1 1 10 12 1 9 12 1 1 7 1 10 12 1 1 10 12 1 10 7 12 1 1 1 10 12 1 8 1 10 100 12 1 1 1 8 10 12 1 1 10 12 1 1 10 7 12 1 1 1 10 12 1 8 1 10 10 7 12 1 1 1 10 12 1 10 12 1 8 1 11 100 12 1 1 11 12 1 10 12 1 1 10 100 12 1 1 1 8 10 12 1 1 8 1 10 12 1 10 12 1 10 100 12 1 1 1 10 12 1 10 12 1 100 1 18 12 1 1 10 12 8 1 8 8 10 12 1 1 8 10 12 1 8 8 10 12 1 10 12 1 1 10 12 1 1 10 12 1 1 10 100 12 1 1 10 12 1 10 12 1 1 10 12 1 1 10 100 12 1 1 1 11 12 1 11 10 8 1 8 1 8 1 8 1 8 1 8 1 8 1 10 12 1 18 12 1 8 8 1 10 12 1 1 100 1 10 12 1 10 12 1 100 1 1 1 1 1 1 1 1 1 1 1 1 1 1 1 1 1 3 1 1 1 1 3 1 1 1 1 1 1 1 1 1 1 1 1 1 1 1 1 1 1 1 1 1 1 1 1 1 1 1 1 1 1 1 1 1 1 1 1 1 1 1 1 1 1 1 1 1 1 1 1 1 1 1 1 1 1 1 1 1 1 1 100 1 1 1 1 1 1 1 1 1 1 1 1 1 1 1 1 1 1 1 1 1 1 1 1 1 1 1 1 1 1 1 1 100 1 1 8 1 8 1 15 10 100 12 1 1 1 1 1 100 1 100 1 1
instanceKlass javax/swing/plaf/basic/BasicOptionPaneUI$1
instanceKlass wv/codeclip/io/FileDropHandler$DragOverlayPanel
instanceKlass wv/codeclip/ui/ClassTreePanel
ciInstanceKlass javax/swing/JPanel 1 1 153 10 7 12 1 1 1 10 7 12 1 1 1 10 12 1 1 8 1 9 7 12 1 1 1 10 12 1 1 10 12 1 10 12 1 7 1 10 10 12 10 7 12 1 1 1 7 1 10 12 1 1 9 12 1 1 10 12 1 8 1 10 100 12 1 1 10 12 1 1 10 100 12 1 1 1 10 12 1 1 10 12 1 1 10 100 12 1 1 1 10 12 1 9 12 1 1 100 1 10 12 1 10 12 1 100 1 1 1 1 1 1 1 1 1 1 1 1 1 1 1 1 1 3 1 1 1 1 3 1 1 1 1 1 1 1 1 1 1 100 1 1 1 1 1 1 1 1 1 1 1 1 1
instanceKlass javax/swing/JCheckBox
ciInstanceKlass javax/swing/JToggleButton 1 1 254 9 7 12 1 1 1 10 12 1 1 10 12 1 10 12 1 1 10 7 1 7 1 10 10 12 1 1 9 12 1 1 11 7 12 1 1 1 10 12 1 1 10 7 12 1 1 1 7 1 10 12 1 1 8 1 9 7 12 1 1 1 10 7 12 1 1 1 10 12 1 1 11 12 1 1 10 100 12 1 1 10 12 1 1 10 12 1 1 11 100 12 1 1 1 11 100 12 1 1 1 11 12 1 1 10 10 12 1 10 12 1 10 12 1 10 12 1 10 12 1 1 10 12 1 1 10 12 1 10 12 1 1 10 12 1 10 100 12 1 1 10 12 1 1 10 100 12 1 1 1 10 100 12 1 1 1 10 12 1 1 9 12 1 1 10 100 12 1 1 1 10 12 1 100 1 10 12 1 100 1 1 1 1 1 1 1 1 1 1 1 1 1 1 1 1 1 1 1 1 1 1 1 1 3 1 1 1 1 1 1 1 1 1 1 1 1 1 1 1 1 1 1 1 1 1 1 100 1 1 1 1 3 1 1 1 1 1 1 1 1 1 1 1 1 1 1 1 1 1 100 1 1 1
ciInstanceKlass javax/swing/JSplitPane 1 1 478 7 1 8 1 10 7 12 1 1 1 100 1 8 1 10 12 1 1 10 12 1 1 8 1 10 12 1 10 12 1 10 7 12 1 1 9 12 1 1 9 12 1 1 10 12 1 1 8 1 9 7 12 1 1 1 10 12 1 1 9 12 1 100 1 8 1 10 9 12 1 10 12 1 1 10 12 1 10 12 1 10 12 1 1 10 12 1 1 10 7 12 1 1 10 12 1 1 10 12 1 10 100 12 1 1 1 10 12 1 1 10 12 1 1 100 1 10 12 1 1 10 100 1 9 12 1 1 7 1 10 12 1 1 10 12 1 10 12 1 10 12 1 8 1 9 12 1 8 10 12 1 1 9 12 1 1 10 12 1 8 1 10 12 1 1 9 12 1 8 1 9 12 1 9 12 1 8 10 12 1 10 12 1 9 12 1 8 8 1 8 8 8 1 9 12 1 1 8 10 12 1 10 12 1 1 8 1 10 12 1 1 10 12 1 10 12 1 10 12 1 1 10 12 1 10 12 1 8 10 12 1 10 12 1 1 10 12 1 10 10 12 1 1 10 12 10 12 1 7 1 8 1 8 1 8 1 8 1 10 12 1 1 10 12 1 1 10 7 12 1 1 1 10 12 1 1 10 12 1 10 100 12 1 1 10 12 1 1 10 10 12 1 1 10 12 1 1 10 100 12 1 1 1 7 1 10 12 1 10 12 1 10 12 1 10 12 1 10 8 1 8 1 8 1 8 1 10 12 1 18 12 1 1 9 12 1 1 100 1 10 12 100 1 1 1 1 3 3 1 1 1 1 1 1 1 1 1 1 1 1 1 1 1 1 1 1 1 1 1 1 1 1 1 1 100 1 1 1 1 1 1 1 1 1 1 1 1 1 1 1 1 1 1 1 1 1 1 1 1 1 1 1 1 1 1 1 1 1 1 1 1 1 1 1 1 1 1 1 1 1 1 1 1 1 1 1 1 1 1 1 1 1 1 1 1 1 1 1 1 1 1 1 1 1 1 100 1 1 1 1 1 1 1 1 1 1 1 1 1 1 1 1 8 1 15 10 100 12 1 1 1 1 100 1 100 1 1
ciInstanceKlass javax/swing/SwingUtilities 1 1 966 9 7 12 1 1 1 8 1 10 7 12 1 1 1 9 12 1 10 12 1 1 10 7 12 1 1 1 7 1 10 12 1 1 10 7 12 1 1 7 1 10 12 1 1 9 7 12 1 1 1 9 12 1 9 12 1 9 12 1 10 12 1 1 10 12 1 10 12 1 1 7 1 10 7 1 7 1 10 12 1 10 12 1 1 100 1 8 1 10 12 1 10 12 1 1 8 1 10 12 1 10 12 1 8 1 10 12 1 1 9 9 10 12 1 10 7 12 1 1 1 10 12 1 1 10 7 12 1 1 10 12 1 1 10 12 1 1 10 12 1 10 12 1 1 10 12 1 1 10 12 1 1 10 7 12 1 1 1 10 12 1 100 1 10 12 1 10 12 1 1 10 12 1 10 12 1 10 12 1 10 12 1 10 12 1 10 12 1 10 12 1 10 12 1 10 12 1 10 12 1 1 10 12 1 100 1 10 10 10 10 10 10 10 10 10 12 1 1 10 12 1 1 10 12 1 10 10 10 10 10 10 10 10 10 12 1 10 12 1 10 100 12 1 1 1 11 100 12 1 1 1 11 12 1 1 7 1 10 10 7 1 10 12 1 100 1 10 12 1 1 10 12 1 1 10 12 1 10 12 1 100 1 10 12 1 1 10 7 12 1 1 1 10 12 1 1 10 7 12 1 1 100 1 10 12 1 1 11 7 12 1 1 11 12 1 10 12 1 8 1 8 1 10 12 1 1 100 1 10 12 1 1 10 7 12 1 1 1 10 12 1 10 12 1 1 10 7 12 1 1 10 12 1 10 12 1 1 10 7 12 1 1 1 10 12 1 10 12 1 1 10 10 12 1 10 12 1 10 12 1 10 12 1 10 12 1 10 12 1 1 10 12 1 100 1 10 12 1 10 7 12 1 1 1 10 12 1 10 12 1 10 12 1 1 10 100 12 1 1 10 12 1 1 11 100 12 1 1 1 100 1 11 10 12 1 10 12 1 1 11 12 1 11 11 12 1 10 12 1 1 10 7 12 1 1 1 10 12 1 1 7 1 11 12 1 1 7 1 10 12 1 10 7 12 1 1 10 12 1 10 10 12 1 1 10 12 1 1 10 12 1 1 11 7 12 1 1 8 1 11 12 1 1 7 1 10 100 12 1 1 10 12 1 1 3 10 12 1 1 7 1 10 10 12 1 11 12 1 1 10 12 1 1 7 1 8 1 10 12 1 10 12 1 1 10 12 1 1 10 7 12 1 1 10 12 1 1 10 12 1 1 10 7 12 1 1 10 12 1 9 12 1 1 10 12 1 100 1 100 1 10 10 12 1 1 10 12 1 1 100 1 10 7 12 1 1 1 10 12 1 10 12 1 1 10 12 1 10 7 12 1 1 1 10 12 1 1 10 12 1 1 10 10 8 1 100 1 10 12 1 1 10 100 12 1 1 1 10 12 1 10 12 1 1 10 12 1 1 9 100 12 1 1 9 12 1 10 12 1 9 12 1 10 9 12 1 100 1 10 7 1 10 100 12 1 1 10 10 12 1 10 12 1 10 9 12 1 9 12 1 7 1 8 1 10 1 1 1 1 1 1 1 1 1 1 1 1 100 1 1 1 1 1 1 1 1 1 1 1 1 1 1 1 1 1 1 1 1 1 1 1 1 1 1 1 1 1 1 1 1 1 1 1 1 100 1 1 1 1 1 1 1 1 1 1 1 1 1 1 1 1 1 1 1 1 1 1 1 1 1 1 1 1 1 1 1 1 1 1 100 1 1 1 1 1 1 1 1 1 1 1 1 1 1 1 1 1 1 1 1 1 1 1 1 1 1 1 1 1 1 1 1 1 1 1 1 1 1 1 1 1 1 1 1 1 1 1 1 1 1 1 1 1 1 1 1 100 1 100 1 1 1 1 1 1 1 1 1 1 1 1 1 1 1 1 1 1 1 1 1 1 1 1 1 1 1 1 1 1 1 1 1 1 1 1 1 1 1 1 1 1 1 1 1 100 1 1 1 1 1 1 1 1 1 1 1 1 1 1 1 1 1 1 100 1 1 1 1 1 1 1 1 1 1 100 1 1 1 1 1 1 1 1 1 1 1 100 1 1 1 1 1 1 1 1 1 1 1 1 1 1 1 1 1 1 1 1 1 1 1 1 1 1 1 1 1 1 1 1 100 1 1 1 1 1
staticfield javax/swing/SwingUtilities sharedOwnerFrameKey Ljava/lang/Object; java/lang/StringBuffer
ciInstanceKlass sun/awt/AWTAccessor 1 1 472 10 100 12 1 1 1 9 7 12 1 1 1 100 1 10 12 1 1 9 12 1 1 100 1 9 12 1 1 100 1 9 12 1 1 100 1 9 12 1 1 100 1 9 12 1 1 100 1 9 12 1 1 100 1 9 12 1 1 100 1 9 12 1 1 100 1 9 12 1 1 100 1 9 12 1 1 100 1 9 12 1 1 100 1 9 12 1 1 100 1 9 12 1 1 100 1 9 12 1 1 100 1 9 12 1 1 100 1 9 12 1 1 100 1 9 12 1 1 100 1 9 12 1 1 100 1 9 12 1 1 100 1 9 12 1 1 100 1 9 12 1 1 100 1 9 12 1 1 100 1 9 12 1 1 100 1 9 12 1 1 8 1 10 7 12 1 1 1 100 1 9 12 1 1 100 1 9 12 1 1 9 12 1 1 100 1 9 12 1 1 100 1 9 12 1 1 100 1 9 12 1 1 100 1 9 12 1 1 100 1 10 7 12 1 1 1 10 7 12 1 1 1 7 1 1 1 1 1 1 1 1 1 1 1 1 1 100 1 1 1 1 1 1 100 1 1 1 1 1 100 1 1 1 1 1 1 100 1 1 1 1 1 1 100 1 1 1 1 1 1 100 1 1 1 1 1 1 100 1 1 1 1 1 1 100 1 1 1 1 1 1 100 1 1 1 1 1 1 100 1 1 1 1 1 1 100 1 1 1 1 1 1 100 1 1 1 1 1 1 100 1 1 1 1 1 1 100 1 1 1 1 1 1 1 1 1 1 1 1 1 1 1 1 1 1 1 1 1 1 1 1 1 1 1 1 1 1 1 1 1 1 1 1 1 1 1 1 1 1 1 1 1 1 1 1 1 1 1 1 1 1 1 100 1 1 1 1 1 1 100 1 1 1 1 1 1 1 100 1 1 1 1 1 100 1 1 1 1 1 1 100 1 1 1 1 1 100 1 1 1 1 1 100 1 1 1 1 1 1 1 1 1 1 1 1 100 1 1 1 1 1 1 1 1 1 1 1 1 1 1 1 1 1 1 1 1 1 1 1 1 1 1 1 1 1 1 1 1 1 1 1
instanceKlass javax/swing/plaf/InsetsUIResource
ciInstanceKlass java/awt/Insets 1 1 111 10 7 12 1 1 1 9 7 12 1 1 1 9 12 1 9 12 1 9 12 1 10 12 1 1 10 100 12 1 1 1 18 12 1 1 10 12 1 1 100 1 100 1 10 12 1 10 7 12 1 1 10 7 12 1 1 1 10 12 1 100 1 100 1 1 1 1 5 0 1 1 1 1 1 1 1 1 1 1 1 1 1 1 1 1 1 1 1 1 1 1 1 1 1 1 1 8 1 15 10 100 12 1 1 1 100 1 100 1 1
ciInstanceKlass sun/java2d/NullSurfaceData 1 1 116 9 7 12 1 1 1 9 7 12 1 1 1 10 7 12 1 1 1 10 7 12 1 1 1 9 7 12 1 1 1 9 100 12 1 1 1 9 12 1 1 9 12 1 1 9 12 1 1 9 12 1 1 100 1 8 1 10 12 1 100 1 10 12 1 10 9 12 1 1 7 1 10 1 1 1 1 1 1 1 1 1 1 1 1 1 1 1 1 1 1 1 1 1 1 1 1 1 1 1 1 1 1 1 1 1 1 1 1 1 1 1 1 100 1 1
staticfield sun/java2d/NullSurfaceData theInstance Lsun/java2d/SurfaceData; sun/java2d/NullSurfaceData
staticfield sun/java2d/NullSurfaceData nullpipe Lsun/java2d/pipe/NullPipe; sun/java2d/pipe/NullPipe
ciInstanceKlass sun/java2d/loops/SurfaceType 1 1 459 7 1 10 12 1 1 10 12 1 10 7 12 1 1 9 12 1 1 9 12 1 1 10 12 1 1 9 12 1 1 9 12 1 1 9 12 1 1 10 7 12 1 1 1 7 1 9 12 1 100 1 8 1 10 12 1 10 12 1 1 10 12 1 1 10 12 1 1 10 7 12 1 1 1 10 12 1 10 12 1 10 100 12 1 1 10 12 1 8 1 9 12 1 9 12 1 8 1 10 12 1 1 9 12 1 8 1 9 12 1 8 1 9 12 1 8 1 9 12 1 8 1 9 12 1 8 1 9 12 1 8 1 9 12 1 9 12 1 8 1 9 7 1 10 12 1 9 12 1 8 1 9 7 1 9 12 1 8 1 9 7 1 9 12 1 8 1 9 7 1 9 12 1 8 1 9 12 1 8 1 9 7 1 9 12 1 8 1 9 7 1 9 12 1 8 1 9 7 1 9 12 1 8 1 9 7 1 9 12 1 8 1 9 7 1 9 12 1 8 1 9 7 1 9 12 1 8 1 9 12 1 8 1 9 7 1 9 12 1 8 1 9 7 1 9 12 1 8 1 9 12 1 8 1 9 12 1 8 1 9 12 1 8 1 9 12 1 8 1 9 7 1 9 12 1 8 1 9 7 1 9 12 1 8 1 9 12 1 8 1 9 7 1 9 12 1 8 1 9 12 1 8 1 9 12 1 8 1 9 12 1 8 1 9 12 1 8 1 9 12 1 8 1 9 12 1 8 1 9 12 1 8 1 9 12 1 8 1 9 12 1 8 1 9 12 1 8 1 9 12 1 8 1 9 12 1 8 1 9 12 1 8 1 9 12 1 8 1 9 12 1 1 1 1 1 1 1 1 1 1 1 1 1 1 1 1 1 1 1 1 1 1 1 1 1 1 1 1 1 1 1 1 1 1 1 1 1 1 1 1 1 1 1 1 1 1 1 1 1 1 1 1 1 1 1 1 1 1 1 1 1 1 1 1 1 1 1 1 1 1 1 1 1 1 1 1 1 1 1 1 1 1 1 1 1 1 1 1
staticfield sun/java2d/loops/SurfaceType Any Lsun/java2d/loops/SurfaceType; sun/java2d/loops/SurfaceType
staticfield sun/java2d/loops/SurfaceType AnyInt Lsun/java2d/loops/SurfaceType; sun/java2d/loops/SurfaceType
staticfield sun/java2d/loops/SurfaceType AnyShort Lsun/java2d/loops/SurfaceType; sun/java2d/loops/SurfaceType
staticfield sun/java2d/loops/SurfaceType AnyByte Lsun/java2d/loops/SurfaceType; sun/java2d/loops/SurfaceType
staticfield sun/java2d/loops/SurfaceType AnyByteBinary Lsun/java2d/loops/SurfaceType; sun/java2d/loops/SurfaceType
staticfield sun/java2d/loops/SurfaceType Any3Byte Lsun/java2d/loops/SurfaceType; sun/java2d/loops/SurfaceType
staticfield sun/java2d/loops/SurfaceType Any4Byte Lsun/java2d/loops/SurfaceType; sun/java2d/loops/SurfaceType
staticfield sun/java2d/loops/SurfaceType AnyDcm Lsun/java2d/loops/SurfaceType; sun/java2d/loops/SurfaceType
staticfield sun/java2d/loops/SurfaceType Custom Lsun/java2d/loops/SurfaceType; sun/java2d/loops/SurfaceType
staticfield sun/java2d/loops/SurfaceType IntRgb Lsun/java2d/loops/SurfaceType; sun/java2d/loops/SurfaceType
staticfield sun/java2d/loops/SurfaceType IntArgb Lsun/java2d/loops/SurfaceType; sun/java2d/loops/SurfaceType
staticfield sun/java2d/loops/SurfaceType IntArgbPre Lsun/java2d/loops/SurfaceType; sun/java2d/loops/SurfaceType
staticfield sun/java2d/loops/SurfaceType IntBgr Lsun/java2d/loops/SurfaceType; sun/java2d/loops/SurfaceType
staticfield sun/java2d/loops/SurfaceType ThreeByteBgr Lsun/java2d/loops/SurfaceType; sun/java2d/loops/SurfaceType
staticfield sun/java2d/loops/SurfaceType FourByteAbgr Lsun/java2d/loops/SurfaceType; sun/java2d/loops/SurfaceType
staticfield sun/java2d/loops/SurfaceType FourByteAbgrPre Lsun/java2d/loops/SurfaceType; sun/java2d/loops/SurfaceType
staticfield sun/java2d/loops/SurfaceType Ushort565Rgb Lsun/java2d/loops/SurfaceType; sun/java2d/loops/SurfaceType
staticfield sun/java2d/loops/SurfaceType Ushort555Rgb Lsun/java2d/loops/SurfaceType; sun/java2d/loops/SurfaceType
staticfield sun/java2d/loops/SurfaceType Ushort555Rgbx Lsun/java2d/loops/SurfaceType; sun/java2d/loops/SurfaceType
staticfield sun/java2d/loops/SurfaceType Ushort4444Argb Lsun/java2d/loops/SurfaceType; sun/java2d/loops/SurfaceType
staticfield sun/java2d/loops/SurfaceType UshortIndexed Lsun/java2d/loops/SurfaceType; sun/java2d/loops/SurfaceType
staticfield sun/java2d/loops/SurfaceType ByteGray Lsun/java2d/loops/SurfaceType; sun/java2d/loops/SurfaceType
staticfield sun/java2d/loops/SurfaceType UshortGray Lsun/java2d/loops/SurfaceType; sun/java2d/loops/SurfaceType
staticfield sun/java2d/loops/SurfaceType ByteBinary1Bit Lsun/java2d/loops/SurfaceType; sun/java2d/loops/SurfaceType
staticfield sun/java2d/loops/SurfaceType ByteBinary2Bit Lsun/java2d/loops/SurfaceType; sun/java2d/loops/SurfaceType
staticfield sun/java2d/loops/SurfaceType ByteBinary4Bit Lsun/java2d/loops/SurfaceType; sun/java2d/loops/SurfaceType
staticfield sun/java2d/loops/SurfaceType ByteIndexed Lsun/java2d/loops/SurfaceType; sun/java2d/loops/SurfaceType
staticfield sun/java2d/loops/SurfaceType IntRgbx Lsun/java2d/loops/SurfaceType; sun/java2d/loops/SurfaceType
staticfield sun/java2d/loops/SurfaceType IntBgrx Lsun/java2d/loops/SurfaceType; sun/java2d/loops/SurfaceType
staticfield sun/java2d/loops/SurfaceType ThreeByteRgb Lsun/java2d/loops/SurfaceType; sun/java2d/loops/SurfaceType
staticfield sun/java2d/loops/SurfaceType IntArgbBm Lsun/java2d/loops/SurfaceType; sun/java2d/loops/SurfaceType
staticfield sun/java2d/loops/SurfaceType ByteIndexedBm Lsun/java2d/loops/SurfaceType; sun/java2d/loops/SurfaceType
staticfield sun/java2d/loops/SurfaceType ByteIndexedOpaque Lsun/java2d/loops/SurfaceType; sun/java2d/loops/SurfaceType
staticfield sun/java2d/loops/SurfaceType Index8Gray Lsun/java2d/loops/SurfaceType; sun/java2d/loops/SurfaceType
staticfield sun/java2d/loops/SurfaceType Index12Gray Lsun/java2d/loops/SurfaceType; sun/java2d/loops/SurfaceType
staticfield sun/java2d/loops/SurfaceType AnyPaint Lsun/java2d/loops/SurfaceType; sun/java2d/loops/SurfaceType
staticfield sun/java2d/loops/SurfaceType AnyColor Lsun/java2d/loops/SurfaceType; sun/java2d/loops/SurfaceType
staticfield sun/java2d/loops/SurfaceType OpaqueColor Lsun/java2d/loops/SurfaceType; sun/java2d/loops/SurfaceType
staticfield sun/java2d/loops/SurfaceType GradientPaint Lsun/java2d/loops/SurfaceType; sun/java2d/loops/SurfaceType
staticfield sun/java2d/loops/SurfaceType OpaqueGradientPaint Lsun/java2d/loops/SurfaceType; sun/java2d/loops/SurfaceType
staticfield sun/java2d/loops/SurfaceType LinearGradientPaint Lsun/java2d/loops/SurfaceType; sun/java2d/loops/SurfaceType
staticfield sun/java2d/loops/SurfaceType OpaqueLinearGradientPaint Lsun/java2d/loops/SurfaceType; sun/java2d/loops/SurfaceType
staticfield sun/java2d/loops/SurfaceType RadialGradientPaint Lsun/java2d/loops/SurfaceType; sun/java2d/loops/SurfaceType
staticfield sun/java2d/loops/SurfaceType OpaqueRadialGradientPaint Lsun/java2d/loops/SurfaceType; sun/java2d/loops/SurfaceType
staticfield sun/java2d/loops/SurfaceType TexturePaint Lsun/java2d/loops/SurfaceType; sun/java2d/loops/SurfaceType
staticfield sun/java2d/loops/SurfaceType OpaqueTexturePaint Lsun/java2d/loops/SurfaceType; sun/java2d/loops/SurfaceType
instanceKlass sun/awt/image/PixelConverter$ArgbBm
instanceKlass sun/awt/image/PixelConverter$Bgrx
instanceKlass sun/awt/image/PixelConverter$Rgbx
instanceKlass sun/awt/image/PixelConverter$ByteGray
instanceKlass sun/awt/image/PixelConverter$Ushort4444Argb
instanceKlass sun/awt/image/PixelConverter$Ushort555Rgbx
instanceKlass sun/awt/image/PixelConverter$Ushort555Rgb
instanceKlass sun/awt/image/PixelConverter$Ushort565Rgb
instanceKlass sun/awt/image/PixelConverter$RgbaPre
instanceKlass sun/awt/image/PixelConverter$Rgba
instanceKlass sun/awt/image/PixelConverter$Xbgr
instanceKlass sun/awt/image/PixelConverter$ArgbPre
instanceKlass sun/awt/image/PixelConverter$Argb
instanceKlass sun/awt/image/PixelConverter$Xrgb
ciInstanceKlass sun/awt/image/PixelConverter 1 1 103 10 7 12 1 1 1 9 7 12 1 1 1 10 100 12 1 1 1 10 12 1 1 100 1 100 1 3 100 1 10 9 12 1 1 1 1 1 1 1 1 1 1 1 1 1 1 1 1 1 1 1 1 1 1 1 1 100 1 100 1 100 1 100 1 100 1 100 1 100 1 100 1 100 1 100 1 100 1 100 1 100 1 100 1 100 1 1 1 1 1 1 1 1 1 1 1 1 1 1 1 1 1
staticfield sun/awt/image/PixelConverter instance Lsun/awt/image/PixelConverter; sun/awt/image/PixelConverter
ciInstanceKlass sun/awt/image/PixelConverter$Xrgb 1 1 34 10 7 12 1 1 1 3 7 1 10 9 12 1 1 1 1 1 1 1 1 1 1 1 1 1 1 1 1 1 1 1 1 1
staticfield sun/awt/image/PixelConverter$Xrgb instance Lsun/awt/image/PixelConverter; sun/awt/image/PixelConverter$Xrgb
ciInstanceKlass sun/awt/image/PixelConverter$Argb 1 1 37 10 7 12 1 1 1 3 9 7 12 1 1 1 10 9 12 1 1 1 1 1 1 1 1 1 1 1 1 1 1 1 1 1 1 1 1
staticfield sun/awt/image/PixelConverter$Argb instance Lsun/awt/image/PixelConverter; sun/awt/image/PixelConverter$Argb
ciInstanceKlass sun/java2d/pipe/LoopPipe 1 1 398 10 7 12 1 1 1 9 7 12 1 1 1 9 12 1 9 12 1 1 9 7 12 1 1 1 10 12 1 1 10 7 12 1 1 1 9 12 1 1 10 100 12 1 1 9 12 1 1 100 1 10 12 1 11 100 12 1 1 1 100 1 10 12 1 100 1 100 1 10 12 1 9 12 1 1 10 100 12 1 1 1 9 12 1 1 10 7 12 1 1 11 12 1 10 7 12 1 1 1 10 12 1 1 10 7 12 1 1 1 10 12 1 1 10 12 1 1 10 12 1 9 12 1 9 12 1 7 1 10 12 1 9 12 1 1 10 12 1 9 12 1 1 10 100 12 1 1 1 9 12 1 1 11 100 12 1 1 1 10 10 12 1 1 7 1 9 12 1 100 1 10 12 1 100 1 10 12 1 1 9 12 1 1 10 7 12 1 1 1 100 1 100 1 10 12 1 1 18 12 1 1 10 12 1 9 12 1 1 10 7 12 1 1 11 7 12 1 1 1 10 12 1 1 9 12 1 9 12 1 1 10 100 12 1 1 1 9 12 1 1 10 7 12 1 1 1 11 100 12 1 1 1 9 12 1 1 10 7 12 1 1 1 9 12 1 1 10 7 12 1 1 1 10 12 1 1 100 1 100 1 100 1 100 1 1 1 1 1 1 1 1 1 1 1 1 1 1 1 1 1 1 1 1 1 1 1 1 1 1 1 1 1 1 1 1 1 1 1 1 1 1 1 1 1 1 1 1 1 100 1 1 1 1 1 1 1 1 1 1 1 1 1 1 100 1 1 1 1 1 1 1 1 1 100 1 1 1 1 1 1 1 1 1 1 1 1 1 1 1 1 1 1 1 1 1 1 8 1 15 10 100 12 1 1 1 100 1 1 100 1 100 1 100 1 100 1 1
staticfield sun/java2d/pipe/LoopPipe RenderEngine Lsun/java2d/pipe/RenderingEngine; sun/java2d/marlin/DMarlinRenderingEngine
ciInstanceKlass sun/font/FontUtilities 1 1 367 10 100 12 1 1 1 10 7 12 1 1 1 9 7 12 1 1 1 9 7 12 1 1 1 9 12 1 9 12 1 9 12 1 8 1 8 1 10 7 12 1 1 1 8 1 10 7 12 1 1 1 10 12 1 1 10 12 1 1 10 12 1 10 100 12 1 1 1 100 1 8 1 10 12 1 8 1 10 12 1 1 9 12 1 9 12 1 9 12 1 8 1 8 1 9 12 1 8 1 10 100 12 1 1 1 9 12 1 1 8 1 9 100 12 1 1 1 10 12 1 1 8 1 9 12 1 10 12 1 1 9 12 1 10 7 12 1 1 1 10 12 1 1 10 12 1 1 10 12 1 1 100 1 3 3 3 3 3 3 3 3 3 3 3 10 12 1 10 12 1 10 12 1 10 12 10 7 1 100 1 10 12 1 100 1 10 100 12 1 1 1 8 1 10 100 12 1 1 1 100 1 11 12 1 1 9 12 1 1 10 7 12 1 1 1 100 1 10 10 12 1 10 12 1 10 12 1 10 12 1 1 9 12 1 1 10 12 1 1 10 12 1 9 12 1 1 10 12 1 8 1 100 1 10 12 1 1 10 12 1 100 1 3 10 12 1 1 3 10 12 1 7 1 8 1 8 1 8 1 8 1 8 1 1 1 1 3 1 3 1 1 1 1 1 1 1 1 1 1 1 1 1 1 1 1 1 1 1 1 1 1 1 1 1 1 1 1 1 1 1 1 1 1 1 1 1 1 1 1 1 1 1 1 1 1 1 1 1 1 1 1 1 1 1 1 100 1 1 1 1 1 1 1 1 1 1 1 1 1 1 1 1 1 100 1 1
staticfield sun/font/FontUtilities nameMap [[Ljava/lang/String; 4 [[Ljava/lang/String;
ciInstanceKlass sun/java2d/pipe/Region 1 1 442 100 1 3 3 6 0 6 0 6 0 10 7 12 1 1 1 10 12 1 1 10 7 12 1 1 1 9 7 12 1 1 1 9 12 1 9 12 1 9 12 1 9 12 1 1 9 12 1 9 12 1 1 10 12 1 1 7 1 10 12 1 1 9 12 1 100 1 10 12 1 10 12 1 1 11 100 12 1 1 1 10 12 1 1 10 12 1 1 10 12 1 10 12 1 10 12 1 1 10 12 1 10 12 1 10 12 1 9 7 12 1 1 9 12 1 9 12 1 9 12 1 10 12 1 1 10 12 1 10 12 1 10 12 1 10 12 1 1 11 7 12 1 1 1 10 12 1 10 12 1 10 12 1 10 12 1 1 10 12 1 1 10 12 1 10 12 1 10 12 1 1 10 7 12 1 1 1 10 12 1 10 12 1 10 12 1 10 12 1 10 7 12 1 1 1 10 12 1 1 10 12 1 1 10 12 1 1 10 12 1 1 10 10 12 1 1 10 12 1 10 12 1 10 12 1 10 12 1 10 12 1 1 100 1 8 1 10 12 1 10 100 12 1 1 1 10 12 1 7 1 10 12 100 1 10 11 12 1 7 1 10 12 1 100 1 10 8 1 10 12 1 1 10 12 1 8 1 8 1 10 12 1 8 1 8 1 8 1 10 12 1 1 10 12 1 1 1 3 1 1 3 1 3 1 3 1 1 1 1 1 1 1 1 1 1 1 1 1 1 1 1 1 1 1 1 1 1 1 1 1 1 100 1 100 100 1 1 1 1 1 1 1 1 1 1 1 1 1 1 1 1 1 1 1 1 1 1 1 1 1 1 1 1 1 1 1 1 1 1 1 1 1 1 1 1 1 1 1 1 1 1 1 1 1 1 1 1 1 1 1 1 1 1 1 1 1 1 1 1 1 1 1 1 1 1 1 1 1 1 1 1 1 1 1 1 1 1 1 1 1 1 1 1 1 1 1 1 1 1 1 1 1 1 1 1 1 1 1 1 1 1
staticfield sun/java2d/pipe/Region EMPTY_REGION Lsun/java2d/pipe/Region; sun/java2d/pipe/Region
staticfield sun/java2d/pipe/Region WHOLE_REGION Lsun/java2d/pipe/Region; sun/java2d/pipe/Region
ciInstanceKlass java/awt/Component$AWTTreeLock 1 1 21 10 7 12 1 1 1 100 1 1 1 1 1 1 1 1 1 100 1 1 1
instanceKlass javax/swing/plaf/FontUIResource
ciInstanceKlass java/awt/Font 1 1 1238 9 7 12 1 1 1 10 7 12 1 1 1 7 1 9 12 1 1 9 12 1 1 11 12 1 1 9 12 1 1 7 1 10 12 1 1 10 12 1 1 9 12 1 1 10 12 1 1 10 12 1 4 10 12 1 9 12 1 10 12 1 1 10 7 12 1 1 1 9 12 1 1 7 1 11 12 1 1 9 7 12 1 1 9 7 12 1 1 1 10 7 1 9 12 1 1 9 12 1 8 1 9 12 1 6 0 10 12 1 100 1 10 12 1 1 11 12 1 1 11 12 1 1 10 7 12 1 1 1 10 12 1 1 10 12 1 1 10 7 12 1 1 1 10 12 1 1 10 12 1 10 12 1 1 9 12 1 10 12 1 1 10 12 1 1 10 12 1 10 12 1 9 12 1 10 12 1 1 9 12 1 9 12 1 9 12 1 100 1 8 1 10 12 100 1 8 1 10 10 7 12 1 1 1 7 1 10 12 1 9 7 12 1 1 1 10 12 1 1 10 12 1 1 9 12 1 10 12 1 10 12 1 10 12 1 10 12 1 9 100 12 1 1 1 11 100 12 1 1 1 11 12 10 12 1 1 10 12 1 1 10 12 1 100 1 8 1 10 8 1 8 1 100 1 10 100 12 1 1 1 11 100 12 1 1 1 100 1 10 12 1 10 100 12 1 1 1 10 100 12 1 1 1 10 12 1 100 1 10 12 1 1 10 100 12 1 1 1 100 1 100 1 10 12 1 1 8 1 10 10 12 1 10 12 1 10 10 12 1 10 12 1 1 18 12 1 1 9 12 1 7 1 10 12 1 1 10 12 1 10 10 12 1 9 12 1 1 6 0 10 100 12 1 1 1 10 12 1 1 10 12 1 10 12 1 1 9 12 1 10 12 1 10 12 1 10 12 8 1 10 12 1 1 10 12 1 10 12 1 10 10 12 1 8 1 8 1 10 12 1 10 12 1 1 10 12 1 10 12 1 10 12 1 1 10 100 12 1 1 1 100 1 10 12 1 1 10 12 1 9 12 1 1 10 12 1 8 1 8 1 8 1 8 1 10 7 12 1 1 10 12 1 1 9 12 1 10 12 1 10 10 12 1 10 12 1 10 12 1 10 12 1 1 10 100 12 1 1 10 18 12 1 10 12 1 1 9 12 1 1 10 100 12 1 1 10 100 12 1 1 10 12 1 1 10 12 1 1 10 12 1 10 12 1 10 12 10 12 1 10 12 1 10 12 1 1 10 12 100 1 9 12 1 9 12 1 9 12 1 9 12 1 9 12 1 9 12 1 9 12 1 9 12 1 9 12 1 9 12 1 9 12 1 9 12 1 9 12 1 9 12 1 9 12 1 9 12 1 9 12 1 9 12 1 9 12 1 9 12 1 9 12 1 9 12 1 10 12 1 10 12 1 1 10 12 1 1 10 12 1 1 10 100 12 1 1 10 12 1 18 10 12 10 12 1 10 12 1 10 12 1 11 100 12 1 1 11 12 1 1 10 12 1 10 12 1 1 10 12 1 1 9 100 12 1 1 1 9 12 1 10 7 12 1 1 1 10 12 1 9 12 1 1 10 12 1 9 12 1 1 10 7 12 1 7 1 9 12 1 1 10 12 1 10 12 1 1 10 10 12 1 1 10 12 1 10 12 1 100 1 10 10 12 1 1 10 12 1 1 9 12 1 7 1 10 12 1 10 12 1 10 12 1 10 12 10 12 1 1 9 12 1 10 12 1 1 10 12 1 1 10 12 1 100 1 18 12 10 18 18 10 12 1 10 12 1 10 12 1 10 12 1 10 12 1 10 7 12 1 1 1 10 12 1 1 10 12 1 100 1 10 12 1 100 1 10 12 1 10 12 1 10 12 1 10 12 1 10 12 1 11 12 1 11 12 1 11 12 1 10 12 1 100 1 10 12 1 10 12 1 10 12 1 10 12 1 10 100 12 1 1 10 12 1 1 10 12 1 1 8 1 10 12 1 10 12 1 10 12 1 7 1 10 10 7 12 1 1 1 9 12 1 10 12 1 1 9 12 1 9 12 1 9 12 1 9 12 1 9 12 1 9 12 1 10 12 1 9 12 1 9 12 1 9 12 1 9 12 1 9 12 1 9 12 1 9 12 1 9 12 1 9 12 1 9 12 1 9 12 1 9 12 1 9 12 1 9 12 1 4 4 4 4 4 4 4 100 1 1 1 1 1 1 8 1 1 8 1 1 8 1 1 8 1 1 3 1 3 1 3 1 1 1 1 1 1 1 1 5 0 1 1 1 1 1 3 1 1 1 1 1 1 1 1 1 1 1 1 1 1 1 1 1 1 1 1 1 1 1 1 1 1 1 1 1 1 1 1 1 1 1 1 1 1 1 1 1 1 1 1 1 1 1 1 100 100 1 1 1 1 1 1 1 1 1 1 1 1 1 1 100 1 1 1 1 1 1 1 1 1 1 1 1 1 1 1 1 1 1 1 1 1 1 1 1 1 1 1 1 1 1 1 1 1 1 1 1 1 1 1 1 1 100 1 1 1 1 1 1 1 1 1 1 1 1 1 1 1 1 1 1 1 1 1 1 1 1 1 1 1 1 1 1 1 1 1 1 1 1 1 1 1 1 1 1 1 1 1 1 1 100 1 1 1 1 1 1 100 1 1 1 1 1 1 1 1 1 1 1 1 1 1 1 1 1 1 1 1 1 1 1 1 1 1 1 1 1 1 1 1 1 8 1 8 1 8 1 8 1 8 1 8 1 15 10 100 12 1 1 1 100 1 1 100 1 1 100 1 100 1 1 1 100 1 100 1 1
staticfield java/awt/Font identityTx Ljava/awt/geom/AffineTransform; java/awt/geom/AffineTransform
staticfield java/awt/Font RECOGNIZED_MASK I 16777087
staticfield java/awt/Font PRIMARY_MASK I 4194431
staticfield java/awt/Font SECONDARY_MASK I 12582656
staticfield java/awt/Font LAYOUT_MASK I 8388416
staticfield java/awt/Font EXTRA_MASK I 100
staticfield java/awt/Font ssinfo [F 8
ciInstanceKlass java/awt/geom/AffineTransform 1 1 432 7 1 10 7 12 1 1 1 9 12 1 1 9 12 1 9 12 1 9 12 1 9 12 1 9 12 1 9 12 1 1 9 12 1 10 12 1 10 10 12 1 1 10 12 1 1 10 12 1 10 12 10 12 1 10 12 1 1 10 12 1 10 12 1 10 12 1 10 12 1 10 12 1 6 0 100 1 8 1 10 12 1 9 12 1 1 10 100 12 1 1 1 10 12 1 10 12 1 10 12 1 10 12 1 10 12 1 10 12 1 10 12 1 10 12 10 12 1 10 12 1 7 1 6 0 100 1 18 12 1 1 10 10 12 1 8 1 7 1 10 7 1 10 10 7 12 1 1 1 10 12 1 10 12 1 10 100 12 1 1 1 7 1 10 12 1 6 0 10 12 1 10 12 1 18 12 1 10 12 1 1 10 12 1 1 100 1 10 12 1 10 12 1 1 5 0 10 12 1 5 0 10 12 1 1 10 12 1 1 10 100 12 1 1 10 100 12 1 1 100 1 100 1 1 1 3 1 3 1 3 1 3 1 3 1 3 1 3 1 3 1 3 1 3 1 3 1 1 1 1 1 3 1 1 1 1 1 1 5 0 1 1 1 1 1 1 1 1 1 1 1 1 1 1 1 1 1 1 1 1 1 1 100 1 1 1 100 1 1 1 1 1 1 1 1 1 1 1 1 1 1 1 1 1 1 1 1 1 1 1 1 1 1 1 1 1 1 1 1 1 1 1 1 1 1 1 1 1 1 1 1 1 1 1 1 1 1 1 1 1 1 1 1 1 1 1 1 1 1 1 1 1 1 1 1 1 1 1 1 1 1 1 1 1 1 1 1 100 1 1 1 1 1 1 1 1 1 1 1 1 1 1 1 1 1 1 1 1 1 1 1 1 1 1 1 1 1 1 1 1 100 1 1 1 1 100 1 1 1 1 1 8 1 8 1 15 10 100 12 1 1 1 1 1 100 1 100 1 100 1 1
staticfield java/awt/geom/AffineTransform rot90conversion [I 8
ciInstanceKlass java/awt/Component$1 1 1 198 10 7 12 1 1 1 9 7 12 1 1 1 100 1 9 12 1 1 9 12 1 9 12 1 9 12 1 10 12 1 10 12 1 1 10 12 1 1 10 12 1 1 10 12 1 10 12 1 1 9 12 1 1 10 12 1 1 9 12 1 1 10 12 1 1 10 12 1 9 12 1 1 10 12 1 1 7 1 9 12 1 9 12 1 1 9 12 1 10 12 1 1 10 12 1 1 10 12 1 10 12 1 1 10 12 1 1 100 1 100 1 1 1 1 1 1 1 1 1 1 1 1 1 1 1 1 1 1 1 1 1 1 1 1 1 1 1 1 1 1 1 1 1 1 1 1 1 1 1 1 1 1 1 1 1 1 1 1 1 1 1 1 1 1 1 1 1 1 1 1 1 1 1 1 1 1 1 1 1 1 1 100 1 1 1 1 1 1 1 100 1 100 1 1 100 1 1
instanceKlass javax/swing/plaf/DimensionUIResource
ciInstanceKlass java/awt/Dimension 1 1 108 10 7 12 1 1 1 9 12 1 1 9 12 1 10 7 12 1 1 10 100 12 1 1 1 10 12 1 10 100 12 1 1 1 10 100 12 1 1 1 18 12 1 1 10 7 12 1 1 10 7 12 1 1 1 10 12 1 100 1 1 1 1 5 0 1 1 1 1 1 1 1 1 1 1 1 1 1 1 1 1 1 1 1 1 1 1 1 1 1 1 1 1 1 8 1 15 10 100 12 1 1 1 100 1 100 1 1
instanceKlass java/awt/SystemColor
instanceKlass javax/swing/plaf/ColorUIResource
ciInstanceKlass java/awt/Color 1 1 374 8 1 18 12 1 1 18 18 18 100 1 18 10 12 1 1 10 7 12 1 1 10 7 12 1 1 9 12 1 1 9 12 1 9 12 1 1 9 12 1 1 9 12 1 1 10 12 1 3 4 6 0 10 12 1 10 12 1 10 100 12 1 1 1 18 12 1 18 18 10 12 1 1 10 12 1 10 12 1 10 12 1 10 12 1 10 12 1 6 0 10 100 12 1 1 1 10 12 1 10 12 1 1 10 100 12 1 1 1 18 12 1 10 100 12 1 1 1 10 12 1 10 12 1 1 10 12 1 4 10 12 1 1 4 4 10 12 1 1 10 12 1 10 12 1 10 12 1 10 12 1 1 10 12 1 10 12 1 7 1 10 100 1 9 12 1 1 9 12 1 9 12 1 9 12 1 9 12 1 9 12 1 9 12 1 9 12 1 9 12 1 9 12 1 9 12 1 9 12 1 9 12 1 9 12 1 9 12 1 9 12 1 9 12 1 9 12 1 9 12 1 9 12 1 9 12 1 9 12 1 9 12 1 9 12 1 9 12 1 9 12 1 100 1 100 1 1 1 1 5 0 1 1 1 1 1 1 1 1 1 1 1 1 1 1 100 1 1 1 1 1 1 1 1 1 1 1 1 1 1 1 100 1 1 1 1 1 1 1 1 1 1 1 1 1 1 100 1 1 1 1 1 1 1 1 1 1 1 1 1 1 1 1 1 1 1 1 1 1 1 1 1 1 1 1 1 1 1 1 1 1 1 1 1 1 1 1 1 1 1 1 1 1 8 1 8 1 8 1 8 1 8 1 8 1 8 1 8 1 8 1 15 10 100 12 1 1 1 100 1 100 1 1
staticfield java/awt/Color white Ljava/awt/Color; java/awt/Color
staticfield java/awt/Color WHITE Ljava/awt/Color; java/awt/Color
staticfield java/awt/Color lightGray Ljava/awt/Color; java/awt/Color
staticfield java/awt/Color LIGHT_GRAY Ljava/awt/Color; java/awt/Color
staticfield java/awt/Color gray Ljava/awt/Color; java/awt/Color
staticfield java/awt/Color GRAY Ljava/awt/Color; java/awt/Color
staticfield java/awt/Color darkGray Ljava/awt/Color; java/awt/Color
staticfield java/awt/Color DARK_GRAY Ljava/awt/Color; java/awt/Color
staticfield java/awt/Color black Ljava/awt/Color; java/awt/Color
staticfield java/awt/Color BLACK Ljava/awt/Color; java/awt/Color
staticfield java/awt/Color red Ljava/awt/Color; java/awt/Color
staticfield java/awt/Color RED Ljava/awt/Color; java/awt/Color
staticfield java/awt/Color pink Ljava/awt/Color; java/awt/Color
staticfield java/awt/Color PINK Ljava/awt/Color; java/awt/Color
staticfield java/awt/Color orange Ljava/awt/Color; java/awt/Color
staticfield java/awt/Color ORANGE Ljava/awt/Color; java/awt/Color
staticfield java/awt/Color yellow Ljava/awt/Color; java/awt/Color
staticfield java/awt/Color YELLOW Ljava/awt/Color; java/awt/Color
staticfield java/awt/Color green Ljava/awt/Color; java/awt/Color
staticfield java/awt/Color GREEN Ljava/awt/Color; java/awt/Color
staticfield java/awt/Color magenta Ljava/awt/Color; java/awt/Color
staticfield java/awt/Color MAGENTA Ljava/awt/Color; java/awt/Color
staticfield java/awt/Color cyan Ljava/awt/Color; java/awt/Color
staticfield java/awt/Color CYAN Ljava/awt/Color; java/awt/Color
staticfield java/awt/Color blue Ljava/awt/Color; java/awt/Color
staticfield java/awt/Color BLUE Ljava/awt/Color; java/awt/Color
instanceKlass javax/swing/text/DefaultCaret
ciInstanceKlass java/awt/Rectangle 1 1 253 10 7 12 1 1 1 9 12 1 1 9 12 1 9 12 1 9 12 1 10 7 12 1 1 9 7 1 9 9 7 1 9 10 12 1 10 12 1 100 1 6 0 3 10 12 1 1 6 0 3 6 0 10 7 12 1 1 1 10 12 1 10 12 1 10 12 1 10 12 1 10 10 12 1 10 12 1 10 12 1 1 10 12 1 10 12 1 5 0 10 12 1 5 0 10 12 1 10 12 1 1 100 1 10 10 12 1 1 10 12 1 10 12 10 12 1 1 10 100 12 1 1 1 10 100 12 1 1 1 18 12 1 1 100 1 100 1 1 1 1 5 0 1 1 1 1 1 1 1 1 1 1 1 1 1 1 1 1 1 1 1 1 1 1 1 1 1 1 1 1 1 1 1 1 1 1 1 1 1 1 1 1 1 1 1 1 1 1 1 1 1 1 1 1 1 1 1 1 1 1 1 1 1 1 1 1 1 1 1 1 1 1 1 1 1 1 1 1 1 1 1 1 1 1 1 1 1 1 1 1 1 1 1 1 1 1 1 8 1 15 10 100 12 1 1 1 1 100 1 100 1 1
ciInstanceKlass wv/codeclip/CodeClipFrame 1 1 3358 10 7 12 1 1 1 7 1 10 12 1 9 7 12 1 1 1 7 1 10 9 12 1 1 8 1 9 12 1 1 9 12 1 9 12 1 1 9 12 1 1 9 12 1 7 1 10 9 12 1 1 9 12 1 7 1 8 1 10 12 1 9 12 1 1 8 1 9 12 1 8 1 9 12 1 8 1 9 12 1 7 1 8 1 10 12 1 9 12 1 1 8 1 9 12 1 9 7 12 1 1 1 9 12 1 7 1 10 9 12 1 1 7 1 10 9 12 1 1 9 12 1 1 9 12 1 1 7 1 10 9 12 1 9 12 1 9 12 1 9 12 1 9 12 1 9 12 1 9 12 1 9 12 1 10 7 12 1 1 1 10 7 12 1 1 1 10 7 1 10 7 1 7 1 10 9 12 1 1 7 1 18 12 1 1 18 12 1 1 18 12 1 18 10 7 12 1 1 1 18 12 1 1 10 12 1 9 12 1 1 18 10 12 1 1 7 1 18 10 9 12 1 1 10 7 1 18 10 12 1 9 12 1 1 7 1 18 10 9 12 1 1 18 10 12 1 10 12 1 1 7 1 10 12 1 9 12 1 1 8 1 10 12 1 10 12 1 100 1 10 12 1 1 10 12 1 1 10 12 1 1 7 1 10 10 12 1 1 10 12 1 10 12 1 10 12 1 1 10 12 1 1 10 12 1 10 12 1 1 10 7 12 1 1 1 9 12 1 1 10 7 1 10 12 1 10 12 1 10 12 1 10 12 1 10 12 1 9 12 1 1 10 12 1 10 7 1 10 12 1 10 7 1 10 12 1 10 12 1 1 10 12 1 10 12 1 1 7 1 10 12 1 18 12 1 1 10 12 1 1 10 12 1 10 12 1 1 7 1 10 12 1 10 12 1 1 10 12 1 1 7 1 18 10 12 1 11 7 12 1 1 1 7 1 10 10 12 1 1 10 12 1 10 12 1 10 12 1 10 12 1 7 1 10 7 1 8 1 10 10 18 12 1 10 10 12 1 1 8 1 10 7 12 1 1 8 1 10 12 1 18 12 1 7 1 8 1 10 18 12 1 10 8 1 10 8 1 10 8 1 9 12 1 1 18 10 8 1 9 12 1 18 8 1 9 12 1 18 8 1 9 12 1 18 8 1 9 12 1 18 10 12 1 8 1 8 1 18 8 1 18 8 1 18 12 1 8 1 18 8 1 9 12 1 18 8 1 8 1 18 8 1 18 8 1 9 12 1 10 12 1 18 10 12 1 1 7 1 8 1 10 8 1 10 18 12 1 9 12 1 1 18 10 18 18 10 12 1 18 10 18 10 18 10 7 1 10 12 10 12 10 12 1 8 1 10 12 1 7 1 8 1 10 12 1 10 12 1 1 7 1 10 12 1 7 1 10 8 1 10 10 18 12 1 18 12 1 100 1 10 12 1 1 10 12 1 1 100 1 10 7 12 1 1 1 8 1 10 7 12 1 1 1 7 1 10 12 1 10 7 12 1 1 7 1 10 12 1 10 10 12 1 1 10 7 12 1 1 7 1 18 18 12 1 10 12 1 9 12 1 1 7 1 10 8 1 10 8 1 7 1 8 1 10 10 12 1 1 4 10 12 1 1 10 10 12 1 8 1 10 18 12 1 10 8 1 8 1 18 18 9 12 1 1 18 12 1 7 1 10 12 1 10 7 1 10 12 1 10 8 1 10 7 1 10 10 12 1 1 7 1 10 10 12 1 1 8 1 10 18 12 1 8 1 8 1 8 1 9 12 1 10 10 12 1 8 1 10 4 18 12 1 9 12 1 7 1 10 9 12 1 1 8 1 10 12 1 1 8 1 8 1 7 1 10 12 1 9 12 1 1 6 0 10 12 1 1 18 10 7 12 1 1 8 1 8 1 8 1 8 1 8 1 9 12 1 1 18 10 18 18 18 18 18 7 1 10 10 18 12 1 1 10 12 1 10 12 1 18 10 7 12 1 1 8 1 10 12 1 1 11 7 12 1 1 1 11 12 1 8 1 10 12 1 1 10 7 12 1 1 1 10 12 1 1 8 1 10 7 12 1 1 1 9 7 12 1 1 1 10 12 1 1 8 1 10 12 1 1 9 12 1 8 1 10 12 1 10 12 1 1 11 12 1 1 7 1 8 1 10 12 1 1 7 1 10 9 12 1 8 1 10 12 1 1 8 1 10 8 1 10 12 1 1 10 12 1 1 10 12 1 8 1 11 11 12 1 10 12 1 10 7 12 1 1 1 8 1 10 7 12 1 1 1 100 1 10 12 1 10 12 1 1 10 12 1 1 7 1 10 10 12 1 1 9 7 12 1 1 1 9 12 1 1 10 7 12 1 1 1 7 1 4 10 12 1 10 12 1 1 10 12 1 1 9 12 1 10 12 1 1 10 12 1 10 7 1 4 10 12 1 10 12 1 1 10 12 1 10 12 1 10 12 1 7 1 10 12 1 9 12 1 1 7 1 10 9 12 1 1 10 12 1 10 12 1 10 10 12 1 8 1 9 12 1 10 8 1 10 12 8 1 8 1 8 1 10 12 1 8 1 10 7 12 1 1 1 10 12 1 1 10 12 1 1 10 12 1 1 8 1 10 12 1 10 7 12 1 1 1 10 12 1 1 10 12 1 10 12 1 9 7 12 1 1 9 12 1 10 12 1 9 12 1 9 12 1 10 12 1 10 12 1 10 10 12 1 6 0 10 7 12 1 1 1 18 12 10 12 1 10 18 10 12 1 10 12 1 10 12 1 1 8 1 8 1 100 1 10 12 1 1 10 12 1 11 7 12 1 1 1 10 12 1 1 11 11 12 1 1 11 7 12 1 1 11 12 1 1 7 1 10 12 1 10 12 1 1 11 7 12 1 1 1 10 12 1 1 11 7 12 1 11 12 10 12 1 11 12 1 7 1 10 100 1 10 12 1 10 7 12 1 1 100 1 10 12 1 10 10 12 1 10 12 1 18 12 1 10 12 1 18 18 18 7 1 10 12 1 10 12 1 10 7 12 1 1 1 8 1 10 12 1 1 8 1 8 1 10 8 1 8 1 8 1 8 1 18 12 1 18 12 1 18 12 1 10 12 1 10 12 1 10 12 1 1 10 12 1 10 12 1 10 12 10 12 1 7 1 10 18 12 1 11 12 1 10 12 1 10 10 12 1 11 11 18 12 1 11 12 1 11 12 1 1 18 12 1 1 11 7 12 1 1 1 18 12 1 1 11 12 1 1 11 7 12 1 1 18 12 11 12 1 10 12 1 11 12 10 12 1 11 12 10 12 1 11 12 1 7 1 10 12 1 10 12 1 10 12 1 9 12 1 8 1 10 12 8 1 10 18 11 7 12 1 1 1 18 12 1 1 11 12 1 1 18 11 12 1 18 18 11 12 1 11 12 1 1 10 12 1 10 12 1 1 10 12 1 7 1 10 12 1 11 12 1 10 12 1 10 7 12 1 1 11 8 1 10 12 1 1 10 12 1 18 10 12 1 1 10 7 12 1 1 8 1 8 1 10 12 1 8 1 10 10 12 1 7 1 11 12 1 8 1 11 12 1 10 12 1 1 10 12 1 10 12 1 10 12 1 1 10 12 1 10 12 1 1 7 1 10 7 12 1 1 1 11 12 1 10 12 1 10 12 1 8 1 10 12 1 100 1 10 12 1 10 12 1 8 1 10 12 1 8 1 10 12 1 1 8 1 7 1 8 1 10 12 1 10 10 12 1 1 10 7 1 10 10 10 10 10 18 12 10 10 12 1 10 12 1 1 9 100 12 1 1 1 10 100 12 1 1 100 1 10 12 1 8 1 8 1 8 1 10 12 1 10 12 1 18 7 1 10 12 1 1 8 1 8 1 8 1 100 1 10 18 12 1 18 18 12 1 18 12 1 10 10 12 1 10 12 1 10 8 1 18 11 12 1 10 10 12 1 10 12 1 1 10 7 12 1 1 1 8 1 10 7 12 1 1 1 10 12 1 1 10 7 12 1 1 1 100 1 10 12 18 18 10 12 1 10 12 1 10 12 1 10 12 1 10 12 1 10 12 10 12 1 10 10 7 1 10 10 12 1 9 12 1 1 10 12 1 1 9 12 1 18 10 12 1 10 7 12 1 1 18 10 12 1 18 10 12 1 18 10 12 1 10 10 10 12 1 1 10 12 1 18 12 1 1 10 12 1 1 10 8 1 4 8 1 10 12 1 10 12 1 10 12 1 10 12 1 8 1 8 1 18 18 12 1 8 1 8 1 18 18 8 1 8 1 18 18 10 8 1 11 100 1 100 1 10 10 100 12 1 1 18 12 1 10 12 1 1 10 10 12 1 1 10 12 1 1 18 18 12 1 10 12 1 1 8 1 18 12 1 11 12 1 1 18 12 1 10 7 12 1 1 1 11 12 1 1 11 12 10 7 12 1 1 8 1 10 10 12 1 8 1 9 12 1 10 10 12 1 1 18 9 12 1 10 3 10 12 1 10 12 1 1 7 1 10 12 1 1 10 12 1 1 10 12 1 8 1 8 1 8 1 8 1 10 12 1 7 1 10 12 1 10 12 1 9 7 12 1 1 1 9 12 1 1 10 12 1 10 10 12 1 8 1 10 12 1 10 12 1 10 10 10 7 1 10 12 1 10 9 12 1 18 18 10 12 1 1 10 18 9 12 1 8 1 8 1 8 1 8 1 8 1 8 1 8 1 7 1 10 12 1 10 12 1 10 11 12 1 8 1 10 10 8 8 1 8 1 8 1 8 1 8 1 18 10 12 1 18 8 1 8 1 8 1 8 1 10 12 1 8 1 8 1 18 8 1 10 12 1 8 1 18 12 1 8 1 18 12 1 18 10 10 10 10 12 1 10 7 12 1 1 1 11 18 18 12 1 11 12 1 1 8 1 8 1 8 1 10 12 1 1 100 1 10 12 1 10 8 1 10 12 1 10 12 1 11 12 1 1 18 18 18 18 8 1 10 12 1 10 10 12 1 7 1 7 1 10 10 12 1 1 100 1 10 10 12 1 8 1 10 12 1 10 12 1 10 12 1 1 10 12 1 10 8 1 10 8 1 10 18 10 100 12 1 1 1 9 100 12 1 1 1 18 10 12 1 8 1 18 8 1 8 1 10 12 10 12 1 10 12 1 1 8 1 8 1 8 1 11 12 18 12 1 10 7 12 1 1 1 10 12 1 1 7 1 10 10 7 12 1 1 1 11 10 12 1 10 12 1 10 12 1 10 12 1 10 12 1 18 10 12 1 1 18 10 12 1 1 10 12 1 10 12 1 10 10 10 10 11 7 12 1 10 12 1 10 12 1 10 8 1 10 10 12 1 10 11 12 1 10 12 1 1 10 12 1 8 1 10 10 12 1 10 10 7 12 1 1 10 12 1 10 12 1 1 10 12 1 1 10 12 1 10 12 1 18 8 1 10 12 1 10 12 1 10 12 1 10 12 1 10 18 10 12 1 10 12 1 10 100 12 1 1 8 1 8 1 10 12 1 1 10 12 1 1 10 11 10 12 1 100 1 8 1 8 1 8 1 10 12 1 10 12 1 100 1 10 12 1 10 10 12 1 100 1 10 10 10 12 1 10 12 1 10 12 1 10 12 1 10 12 1 10 12 1 10 12 1 10 12 1 10 12 1 8 1 8 1 8 1 8 1 100 1 1 1 1 1 1 1 1 3 1 1 1 1 1 1 1 1 1 1 1 100 1 1 1 1 1 1 1 1 1 1 1 1 1 1 1 1 1 1 1 1 1 1 1 1 1 1 1 1 1 1 1 1 1 1 1 1 1 1 1 1 1 1 1 1 1 1 1 1 1 1 1 1 1 1 1 1 1 1 1 1 1 1 1 1 1 100 1 100 1 1 1 1 1 1 1 1 1 1 1 1 1 1 1 1 1 1 1 1 1 1 100 1 1 1 1 1 1 1 1 1 1 1 1 100 1 1 1 1 1 1 1 1 1 1 1 1 1 1 1 1 1 1 1 1 1 1 1 1 1 100 1 1 1 1 1 1 1 1 1 1 1 1 1 1 1 1 1 1 1 1 1 1 1 1 1 1 1 1 1 1 1 1 1 1 1 1 1 1 1 1 1 1 1 1 1 1 1 1 1 1 1 1 1 1 1 1 1 1 1 1 1 1 1 1 1 1 1 1 1 1 1 1 1 1 1 1 1 1 1 1 1 1 1 1 1 1 1 1 1 1 1 1 1 1 1 1 1 1 1 1 1 1 1 1 1 1 1 1 1 1 1 1 1 1 1 1 1 1 1 1 1 1 1 1 1 1 1 1 1 1 1 1 1 1 1 1 1 1 1 1 1 1 1 1 1 1 1 1 1 1 1 1 1 1 1 1 1 1 1 1 1 1 1 1 1 1 1 1 1 100 1 1 1 1 1 1 1 1 1 1 1 1 1 1 1 1 1 1 1 1 1 1 1 1 1 1 1 1 1 1 1 1 1 1 1 1 1 1 1 1 1 1 1 1 1 1 1 1 1 1 1 1 1 1 1 1 1 1 1 1 1 1 1 1 1 1 1 1 1 1 1 1 1 1 1 1 1 1 1 1 1 1 1 1 1 1 1 1 1 1 1 1 1 1 1 1 1 1 1 1 1 1 1 1 1 1 1 1 1 1 1 1 1 1 1 1 1 1 1 1 1 1 1 1 1 1 1 1 1 1 1 1 16 15 10 12 16 1 15 16 16 15 16 15 10 12 16 15 10 7 1 16 1 15 10 12 16 15 10 12 15 10 12 15 10 12 15 10 12 16 15 10 12 15 10 12 15 10 12 15 10 12 15 10 12 15 10 12 15 10 12 15 10 12 15 10 12 15 10 12 15 10 12 15 10 12 15 10 12 15 10 12 15 10 12 15 10 12 15 10 12 15 10 12 15 10 12 15 10 12 15 10 12 15 10 12 16 15 10 12 15 10 12 15 10 12 15 10 12 15 10 12 15 10 12 15 10 12 16 15 10 12 15 10 12 15 10 12 15 10 12 15 10 12 15 10 12 15 10 12 15 10 12 15 10 12 15 10 12 15 10 12 15 10 12 15 10 12 8 1 15 10 12 8 1 15 15 10 12 15 10 12 15 10 12 15 10 12 15 10 12 15 10 12 15 10 12 15 10 12 8 1 16 15 10 12 16 16 15 10 12 16 8 1 15 10 12 16 16 15 10 12 16 15 10 12 15 10 12 15 10 12 8 1 8 1 8 1 15 10 12 15 10 12 15 10 12 15 10 12 8 1 8 1 8 1 8 1 15 10 12 15 10 12 15 10 12 16 15 10 12 15 10 12 15 10 12 15 10 12 15 10 12 15 10 12 15 10 12 16 15 10 12 1 16 1 8 1 15 10 12 15 10 12 16 15 10 12 16 15 10 12 8 1 15 10 12 15 10 12 8 1 8 1 8 1 15 10 12 15 10 12 15 10 12 15 15 10 12 8 1 8 1 8 1 8 1 8 1 8 1 8 1 8 1 15 15 8 1 8 1 15 10 7 12 1 1 1 15 10 7 12 1 1 1 100 1 1 1 1 1 1 100 1 100 1 1 1 1 100 1 1 100 1 100 1 1
staticfield wv/codeclip/CodeClipFrame SORT_LABELS [Ljava/lang/String; 4 [Ljava/lang/String;
staticfield wv/codeclip/CodeClipFrame LOG_CLASS_COLOR Ljava/awt/Color; java/awt/Color
staticfield wv/codeclip/CodeClipFrame UNSYNCED_COLOR Ljava/awt/Color; java/awt/Color
staticfield wv/codeclip/CodeClipFrame LOG_ERROR_COLOR Ljava/awt/Color; java/awt/Color
staticfield wv/codeclip/CodeClipFrame LOG_TITLE_COLOR Ljava/awt/Color; java/awt/Color
staticfield wv/codeclip/CodeClipFrame LOG_SEP_COLOR Ljava/awt/Color; java/awt/Color
ciInstanceKlass javax/swing/JRootPane 1 1 416 10 7 12 1 1 1 9 7 12 1 1 1 10 12 1 1 10 12 1 1 10 12 1 1 10 12 1 1 10 12 1 1 10 12 1 1 10 12 1 1 10 12 1 1 10 12 1 1 10 12 1 10 12 1 1 10 10 7 12 1 1 1 10 12 1 1 9 12 1 1 100 1 8 1 10 12 1 10 12 1 1 8 10 12 1 1 9 12 1 1 7 1 10 12 1 1 10 7 12 1 1 1 10 12 1 8 1 7 1 10 10 12 1 1 18 12 1 1 10 12 1 7 1 10 18 10 7 1 10 12 10 18 10 10 12 1 10 12 1 7 1 10 9 12 1 1 10 7 12 1 1 9 12 1 1 10 12 1 10 9 12 1 1 10 12 1 1 100 1 8 1 10 9 12 1 1 10 7 1 8 1 10 10 10 12 1 100 1 8 1 10 7 1 10 10 7 12 1 1 1 9 12 1 1 10 10 12 1 10 10 12 1 10 12 1 100 1 5 0 10 12 1 1 10 12 1 9 12 1 1 10 7 1 8 10 12 1 9 12 1 9 12 1 9 100 12 1 1 1 10 100 12 1 1 1 18 10 100 12 1 1 10 100 12 1 1 10 12 1 1 10 12 1 1 10 12 1 9 12 1 1 100 1 10 10 12 1 8 1 10 7 12 1 1 1 8 1 100 1 1 1 1 1 3 1 3 1 3 1 3 1 3 1 3 1 3 1 3 1 3 1 1 1 1 1 1 1 1 1 1 1 1 1 1 1 1 1 1 1 1 1 1 1 1 1 1 1 1 1 1 1 1 1 1 1 1 1 1 1 1 1 1 1 1 1 1 1 1 1 1 1 1 1 1 1 1 1 1 1 1 1 1 1 1 1 1 1 1 1 1 1 1 1 8 1 8 1 8 1 8 1 15 10 7 12 1 1 1 1 1 100 1 100 1 1
staticfield javax/swing/JRootPane LOG_DISABLE_TRUE_DOUBLE_BUFFERING Z 0
staticfield javax/swing/JRootPane IGNORE_DISABLE_TRUE_DOUBLE_BUFFERING Z 0
ciInstanceKlass java/awt/RenderingHints 1 1 420 10 7 12 1 1 1 7 1 10 12 1 9 7 12 1 1 1 10 12 1 1 10 12 1 1 10 12 1 1 10 12 1 1 7 1 10 12 1 1 10 12 1 10 12 1 1 10 12 1 100 1 10 100 12 1 1 1 18 12 1 1 10 12 1 10 12 1 10 12 1 10 100 12 1 1 11 100 12 1 1 1 11 100 12 1 1 1 11 100 12 1 1 11 12 1 1 100 1 11 12 1 11 12 1 10 10 12 1 10 12 1 1 10 100 12 1 1 1 10 12 1 10 12 1 10 12 1 10 100 1 100 1 10 12 1 10 12 1 1 10 12 1 1 10 10 100 12 1 1 1 18 10 12 1 9 7 12 1 1 1 9 12 1 9 12 1 1 9 9 12 1 9 9 12 1 9 9 12 1 9 12 9 12 1 9 9 12 1 9 9 12 1 9 9 12 1 9 12 9 12 1 9 9 12 1 9 9 12 1 9 9 12 1 9 12 9 12 1 9 9 12 1 9 9 12 1 9 9 12 1 9 9 12 1 9 9 12 1 9 9 12 1 9 9 12 1 9 9 12 1 9 12 1 9 12 1 9 12 9 12 1 9 9 12 1 9 9 12 1 9 9 12 1 9 12 9 12 1 9 9 12 1 9 9 12 1 9 9 12 1 9 12 9 12 1 9 9 12 1 9 9 12 1 9 9 12 1 9 12 9 12 1 9 9 12 1 9 9 12 1 9 9 12 1 9 12 9 12 1 9 9 12 1 9 9 12 1 9 9 12 1 9 12 9 12 1 9 9 12 1 9 9 12 1 9 9 12 1 9 100 1 1 1 1 1 1 1 1 1 1 1 1 1 1 1 1 1 1 1 1 1 1 1 1 1 1 1 1 1 1 1 1 1 1 1 1 1 1 1 8 1 8 1 15 10 100 12 1 1 1 1 1 100 1 100 1 100 1 1
staticfield java/awt/RenderingHints KEY_ANTIALIASING Ljava/awt/RenderingHints$Key; sun/awt/SunHints$Key
staticfield java/awt/RenderingHints VALUE_ANTIALIAS_ON Ljava/lang/Object; sun/awt/SunHints$Value
staticfield java/awt/RenderingHints VALUE_ANTIALIAS_OFF Ljava/lang/Object; sun/awt/SunHints$Value
staticfield java/awt/RenderingHints VALUE_ANTIALIAS_DEFAULT Ljava/lang/Object; sun/awt/SunHints$Value
staticfield java/awt/RenderingHints KEY_RENDERING Ljava/awt/RenderingHints$Key; sun/awt/SunHints$Key
staticfield java/awt/RenderingHints VALUE_RENDER_SPEED Ljava/lang/Object; sun/awt/SunHints$Value
staticfield java/awt/RenderingHints VALUE_RENDER_QUALITY Ljava/lang/Object; sun/awt/SunHints$Value
staticfield java/awt/RenderingHints VALUE_RENDER_DEFAULT Ljava/lang/Object; sun/awt/SunHints$Value
staticfield java/awt/RenderingHints KEY_DITHERING Ljava/awt/RenderingHints$Key; sun/awt/SunHints$Key
staticfield java/awt/RenderingHints VALUE_DITHER_DISABLE Ljava/lang/Object; sun/awt/SunHints$Value
staticfield java/awt/RenderingHints VALUE_DITHER_ENABLE Ljava/lang/Object; sun/awt/SunHints$Value
staticfield java/awt/RenderingHints VALUE_DITHER_DEFAULT Ljava/lang/Object; sun/awt/SunHints$Value
staticfield java/awt/RenderingHints KEY_TEXT_ANTIALIASING Ljava/awt/RenderingHints$Key; sun/awt/SunHints$Key
staticfield java/awt/RenderingHints VALUE_TEXT_ANTIALIAS_ON Ljava/lang/Object; sun/awt/SunHints$Value
staticfield java/awt/RenderingHints VALUE_TEXT_ANTIALIAS_OFF Ljava/lang/Object; sun/awt/SunHints$Value
staticfield java/awt/RenderingHints VALUE_TEXT_ANTIALIAS_DEFAULT Ljava/lang/Object; sun/awt/SunHints$Value
staticfield java/awt/RenderingHints VALUE_TEXT_ANTIALIAS_GASP Ljava/lang/Object; sun/awt/SunHints$Value
staticfield java/awt/RenderingHints VALUE_TEXT_ANTIALIAS_LCD_HRGB Ljava/lang/Object; sun/awt/SunHints$Value
staticfield java/awt/RenderingHints VALUE_TEXT_ANTIALIAS_LCD_HBGR Ljava/lang/Object; sun/awt/SunHints$Value
staticfield java/awt/RenderingHints VALUE_TEXT_ANTIALIAS_LCD_VRGB Ljava/lang/Object; sun/awt/SunHints$Value
staticfield java/awt/RenderingHints VALUE_TEXT_ANTIALIAS_LCD_VBGR Ljava/lang/Object; sun/awt/SunHints$Value
staticfield java/awt/RenderingHints KEY_TEXT_LCD_CONTRAST Ljava/awt/RenderingHints$Key; sun/awt/SunHints$LCDContrastKey
staticfield java/awt/RenderingHints KEY_FRACTIONALMETRICS Ljava/awt/RenderingHints$Key; sun/awt/SunHints$Key
staticfield java/awt/RenderingHints VALUE_FRACTIONALMETRICS_OFF Ljava/lang/Object; sun/awt/SunHints$Value
staticfield java/awt/RenderingHints VALUE_FRACTIONALMETRICS_ON Ljava/lang/Object; sun/awt/SunHints$Value
staticfield java/awt/RenderingHints VALUE_FRACTIONALMETRICS_DEFAULT Ljava/lang/Object; sun/awt/SunHints$Value
staticfield java/awt/RenderingHints KEY_INTERPOLATION Ljava/awt/RenderingHints$Key; sun/awt/SunHints$Key
staticfield java/awt/RenderingHints VALUE_INTERPOLATION_NEAREST_NEIGHBOR Ljava/lang/Object; sun/awt/SunHints$Value
staticfield java/awt/RenderingHints VALUE_INTERPOLATION_BILINEAR Ljava/lang/Object; sun/awt/SunHints$Value
staticfield java/awt/RenderingHints VALUE_INTERPOLATION_BICUBIC Ljava/lang/Object; sun/awt/SunHints$Value
staticfield java/awt/RenderingHints KEY_ALPHA_INTERPOLATION Ljava/awt/RenderingHints$Key; sun/awt/SunHints$Key
staticfield java/awt/RenderingHints VALUE_ALPHA_INTERPOLATION_SPEED Ljava/lang/Object; sun/awt/SunHints$Value
staticfield java/awt/RenderingHints VALUE_ALPHA_INTERPOLATION_QUALITY Ljava/lang/Object; sun/awt/SunHints$Value
staticfield java/awt/RenderingHints VALUE_ALPHA_INTERPOLATION_DEFAULT Ljava/lang/Object; sun/awt/SunHints$Value
staticfield java/awt/RenderingHints KEY_COLOR_RENDERING Ljava/awt/RenderingHints$Key; sun/awt/SunHints$Key
staticfield java/awt/RenderingHints VALUE_COLOR_RENDER_SPEED Ljava/lang/Object; sun/awt/SunHints$Value
staticfield java/awt/RenderingHints VALUE_COLOR_RENDER_QUALITY Ljava/lang/Object; sun/awt/SunHints$Value
staticfield java/awt/RenderingHints VALUE_COLOR_RENDER_DEFAULT Ljava/lang/Object; sun/awt/SunHints$Value
staticfield java/awt/RenderingHints KEY_STROKE_CONTROL Ljava/awt/RenderingHints$Key; sun/awt/SunHints$Key
staticfield java/awt/RenderingHints VALUE_STROKE_DEFAULT Ljava/lang/Object; sun/awt/SunHints$Value
staticfield java/awt/RenderingHints VALUE_STROKE_NORMALIZE Ljava/lang/Object; sun/awt/SunHints$Value
staticfield java/awt/RenderingHints VALUE_STROKE_PURE Ljava/lang/Object; sun/awt/SunHints$Value
staticfield java/awt/RenderingHints KEY_RESOLUTION_VARIANT Ljava/awt/RenderingHints$Key; sun/awt/SunHints$Key
staticfield java/awt/RenderingHints VALUE_RESOLUTION_VARIANT_DEFAULT Ljava/lang/Object; sun/awt/SunHints$Value
staticfield java/awt/RenderingHints VALUE_RESOLUTION_VARIANT_BASE Ljava/lang/Object; sun/awt/SunHints$Value
staticfield java/awt/RenderingHints VALUE_RESOLUTION_VARIANT_SIZE_FIT Ljava/lang/Object; sun/awt/SunHints$Value
staticfield java/awt/RenderingHints VALUE_RESOLUTION_VARIANT_DPI_FIT Ljava/lang/Object; sun/awt/SunHints$Value
ciInstanceKlass java/awt/font/FontRenderContext 1 1 157 10 7 12 1 1 1 9 7 12 1 1 1 9 7 12 1 1 9 12 1 9 12 1 9 12 1 1 10 7 12 1 1 1 10 12 1 9 12 1 1 9 12 1 9 12 1 9 12 1 9 12 1 9 12 1 1 10 7 12 1 1 1 100 1 10 100 12 1 1 1 18 12 1 1 10 12 1 100 1 9 12 1 18 10 12 1 1 10 12 1 1 10 10 12 1 10 12 1 10 12 1 1 100 1 10 12 10 12 1 1 10 12 1 10 12 1 10 1 1 1 1 1 1 1 1 1 1 1 1 1 1 1 1 1 1 1 1 1 1 8 1 8 1 15 10 100 12 1 1 1 1 100 1 100 1 1
instanceKlass sun/swing/PrintColorUIResource
ciInstanceKlass javax/swing/plaf/ColorUIResource 1 1 48 10 7 12 1 1 1 10 12 1 10 12 1 10 12 1 1 3 10 12 1 100 1 100 1 1 1 1 1 1 1 1 1 1 1 1 1 1 1 1 1 1 1 1 1 1 1 1
ciInstanceKlass javax/swing/JLayeredPane 1 1 357 10 7 12 1 1 1 9 7 12 1 1 1 10 12 1 1 10 12 1 1 10 12 1 1 8 1 10 7 12 1 1 1 8 1 10 12 1 1 7 1 9 12 1 1 10 12 1 1 10 12 1 1 10 12 1 1 10 12 1 1 10 12 1 1 10 12 1 1 10 7 12 1 1 10 12 1 10 12 1 10 12 1 1 10 12 1 1 10 12 1 1 10 100 12 1 10 12 1 10 12 1 1 10 12 1 1 9 12 1 10 12 1 1 10 12 1 10 12 1 10 12 1 10 12 1 1 10 12 1 10 12 1 1 10 12 1 10 12 1 10 12 1 10 12 1 10 12 1 10 12 1 10 12 1 1 10 12 1 1 10 100 12 1 1 10 12 1 1 9 100 12 1 1 1 10 12 1 1 9 100 12 1 1 1 9 12 1 9 12 1 9 12 1 10 12 1 1 10 12 1 10 12 1 10 12 1 1 9 12 1 1 10 12 9 12 1 9 12 1 9 12 1 9 12 1 7 1 10 10 12 1 10 12 1 10 12 1 8 1 8 1 10 12 1 1 18 12 1 1 9 12 1 1 100 1 10 12 1 100 1 1 1 1 1 1 1 1 1 1 1 1 1 1 1 1 100 1 100 1 100 1 1 1 1 1 1 1 1 1 1 1 1 1 1 3 1 1 1 1 1 1 1 1 1 1 1 1 1 1 1 1 1 1 1 1 1 1 1 1 1 1 1 1 1 1 1 1 1 1 1 100 1 1 1 1 1 1 1 1 1 1 8 1 15 10 100 12 1 1 1 1 100 1 100 1 1
staticfield javax/swing/JLayeredPane DEFAULT_LAYER Ljava/lang/Integer; java/lang/Integer
staticfield javax/swing/JLayeredPane PALETTE_LAYER Ljava/lang/Integer; java/lang/Integer
staticfield javax/swing/JLayeredPane MODAL_LAYER Ljava/lang/Integer; java/lang/Integer
staticfield javax/swing/JLayeredPane POPUP_LAYER Ljava/lang/Integer; java/lang/Integer
staticfield javax/swing/JLayeredPane DRAG_LAYER Ljava/lang/Integer; java/lang/Integer
staticfield javax/swing/JLayeredPane FRAME_CONTENT_LAYER Ljava/lang/Integer; java/lang/Integer
ciInstanceKlass sun/awt/image/BufImgSurfaceData 1 1 463 10 7 12 1 1 1 100 1 8 1 10 12 1 1 10 7 12 1 1 1 10 12 1 1 9 7 12 1 1 1 10 12 1 1 9 12 1 9 12 1 9 12 1 9 12 1 10 12 1 1 9 12 1 9 12 1 9 12 1 10 12 1 1 9 12 1 10 100 12 1 1 7 1 10 12 1 1 9 12 1 9 12 1 9 12 1 9 12 1 100 1 8 1 10 9 12 1 9 12 1 10 12 1 1 10 100 12 1 1 1 10 100 12 1 1 1 9 12 1 9 12 1 9 12 1 8 1 10 12 1 10 100 12 1 1 7 1 10 12 1 10 12 1 9 12 1 100 1 10 12 1 10 12 1 10 12 1 10 12 1 3 3 3 9 12 1 3 9 12 1 9 12 1 100 1 10 9 12 1 3 9 12 1 3 9 12 1 10 12 1 9 12 1 9 12 1 10 12 1 1 9 12 1 10 12 1 10 12 1 1 8 1 10 10 12 1 1 10 12 1 10 12 1 10 12 1 10 12 1 10 12 1 1 10 10 12 1 10 10 10 10 100 1 10 10 12 1 10 10 10 10 10 100 1 10 10 10 12 1 10 10 10 9 7 12 1 1 1 9 12 1 9 12 1 1 10 7 12 1 1 1 9 12 1 1 10 7 12 1 1 1 10 12 1 9 12 1 1 9 12 1 10 12 1 10 12 1 1 10 12 1 1 9 12 1 1 9 12 1 1 9 12 1 9 7 12 1 1 1 10 12 1 1 10 7 12 1 1 1 10 12 1 1 9 12 1 1 10 7 12 1 1 1 7 1 10 10 10 12 1 7 1 10 12 1 1 7 1 1 1 1 1 1 1 3 1 3 1 3 1 3 1 3 1 1 1 1 1 3 1 3 1 1 1 1 1 1 1 1 1 1 1 1 1 1 1 1 1 1 1 1 1 1 1 1 1 1 1 1 1 1 1 1 1 1 1 1 1 1 1 1 1 1 1 1 1 1 1 1 1 1 1 1 1 1 1 1 1 1 1 1 1 1 1 1 1 1 1 1 1 1 1
ciInstanceKlass sun/java2d/loops/RenderLoops 1 1 53 10 7 12 1 1 1 10 7 12 1 1 1 9 7 12 1 1 1 1 1 1 1 1 1 1 1 1 1 1 1 1 1 1 1 1 1 1 1 1 1 1 1 1 1 1 1 1 1 1 1 1 1
staticfield sun/java2d/loops/RenderLoops primTypeID I 1
ciInstanceKlass sun/java2d/loops/CompositeType 1 1 225 7 1 10 12 1 1 10 7 12 1 1 1 9 12 1 1 10 12 1 1 9 12 1 9 12 1 9 12 1 9 12 1 9 12 1 9 12 1 9 12 1 9 12 1 9 12 1 9 12 1 9 12 1 9 12 1 9 12 1 100 1 8 1 10 12 1 10 7 12 1 1 9 12 1 9 12 1 1 10 12 1 1 9 12 1 1 9 12 1 1 10 7 12 1 1 1 7 1 9 12 1 8 1 10 12 1 1 10 12 1 1 10 12 1 10 100 12 1 1 10 12 1 8 1 9 12 1 9 12 1 8 1 10 12 1 1 9 12 1 8 1 9 12 1 8 1 8 1 8 1 8 1 8 1 8 1 8 1 8 1 8 1 8 1 8 1 8 1 8 1 8 1 9 12 1 1 1 1 1 1 1 1 1 1 1 1 1 1 1 1 1 1 1 1 1 1 1 1 1 1 1 1 1 1 1 1 1 1 1 1 1 1 1 1 1 1 1 1 1 1 1 1 1 1
staticfield sun/java2d/loops/CompositeType compositeUIDMap Ljava/util/HashMap; java/util/HashMap
staticfield sun/java2d/loops/CompositeType Any Lsun/java2d/loops/CompositeType; sun/java2d/loops/CompositeType
staticfield sun/java2d/loops/CompositeType General Lsun/java2d/loops/CompositeType; sun/java2d/loops/CompositeType
staticfield sun/java2d/loops/CompositeType AnyAlpha Lsun/java2d/loops/CompositeType; sun/java2d/loops/CompositeType
staticfield sun/java2d/loops/CompositeType Xor Lsun/java2d/loops/CompositeType; sun/java2d/loops/CompositeType
staticfield sun/java2d/loops/CompositeType Clear Lsun/java2d/loops/CompositeType; sun/java2d/loops/CompositeType
staticfield sun/java2d/loops/CompositeType Src Lsun/java2d/loops/CompositeType; sun/java2d/loops/CompositeType
staticfield sun/java2d/loops/CompositeType Dst Lsun/java2d/loops/CompositeType; sun/java2d/loops/CompositeType
staticfield sun/java2d/loops/CompositeType SrcOver Lsun/java2d/loops/CompositeType; sun/java2d/loops/CompositeType
staticfield sun/java2d/loops/CompositeType DstOver Lsun/java2d/loops/CompositeType; sun/java2d/loops/CompositeType
staticfield sun/java2d/loops/CompositeType SrcIn Lsun/java2d/loops/CompositeType; sun/java2d/loops/CompositeType
staticfield sun/java2d/loops/CompositeType DstIn Lsun/java2d/loops/CompositeType; sun/java2d/loops/CompositeType
staticfield sun/java2d/loops/CompositeType SrcOut Lsun/java2d/loops/CompositeType; sun/java2d/loops/CompositeType
staticfield sun/java2d/loops/CompositeType DstOut Lsun/java2d/loops/CompositeType; sun/java2d/loops/CompositeType
staticfield sun/java2d/loops/CompositeType SrcAtop Lsun/java2d/loops/CompositeType; sun/java2d/loops/CompositeType
staticfield sun/java2d/loops/CompositeType DstAtop Lsun/java2d/loops/CompositeType; sun/java2d/loops/CompositeType
staticfield sun/java2d/loops/CompositeType AlphaXor Lsun/java2d/loops/CompositeType; sun/java2d/loops/CompositeType
staticfield sun/java2d/loops/CompositeType SrcNoEa Lsun/java2d/loops/CompositeType; sun/java2d/loops/CompositeType
staticfield sun/java2d/loops/CompositeType SrcOverNoEa Lsun/java2d/loops/CompositeType; sun/java2d/loops/CompositeType
staticfield sun/java2d/loops/CompositeType OpaqueSrcOverNoEa Lsun/java2d/loops/CompositeType; sun/java2d/loops/CompositeType
ciInstanceKlass sun/java2d/SunGraphics2D 1 1 1808 7 1 10 7 12 1 1 1 9 7 12 1 1 1 9 12 1 1 9 12 1 9 12 1 1 9 12 1 9 12 1 1 9 12 1 9 12 1 1 9 7 12 1 1 1 9 12 1 7 1 9 12 1 1 9 12 1 9 12 1 9 12 1 9 12 1 9 12 1 9 12 1 9 12 1 9 12 1 100 1 9 12 1 10 12 1 1 9 12 1 1 10 12 1 1 10 12 1 10 12 1 9 12 1 1 9 12 1 10 7 12 1 1 1 10 12 1 1 10 12 1 10 12 1 1 10 10 7 1 10 7 12 1 1 1 10 12 1 9 12 1 1 10 7 1 9 12 1 1 9 12 1 1 10 7 1 9 12 1 9 12 1 1 100 1 10 7 1 9 12 1 1 10 7 12 1 1 1 9 12 1 10 12 1 10 12 1 9 7 12 1 1 9 12 1 9 12 1 9 12 1 10 12 1 10 12 1 1 9 12 1 10 12 1 10 12 1 1 10 12 1 10 12 1 9 12 1 10 12 1 9 12 1 10 12 1 1 10 12 1 1 10 12 1 10 12 1 10 12 1 1 10 12 1 1 10 12 1 1 10 12 1 1 10 12 1 1 9 12 1 1 9 12 1 1 9 12 1 1 9 12 1 1 9 12 1 1 9 12 1 1 9 12 1 1 10 12 1 100 1 8 1 10 12 1 10 12 1 1 10 12 1 1 7 1 10 12 1 1 10 12 1 1 7 1 10 10 12 1 10 7 12 1 1 1 10 12 1 10 12 1 10 12 1 10 12 1 10 12 1 1 11 7 12 1 1 1 10 12 1 1 10 12 1 1 7 1 10 12 1 100 1 10 10 12 1 1 10 12 1 10 10 12 1 9 12 1 10 10 7 12 1 1 1 10 12 1 10 12 1 10 12 1 1 10 12 1 1 9 12 1 1 9 12 1 10 12 9 12 1 1 10 12 1 1 10 12 10 12 1 9 12 1 9 12 1 9 12 1 10 12 1 10 12 1 1 10 12 1 6 0 9 12 1 9 12 1 1 9 12 1 1 10 12 1 100 1 6 0 9 12 1 10 7 12 1 1 1 9 12 1 1 9 12 1 10 7 12 1 1 7 1 10 12 1 10 7 12 1 1 1 10 12 1 1 9 12 1 9 12 1 9 12 1 10 12 1 1 9 12 1 1 10 12 1 9 12 1 1 10 12 1 1 9 10 12 1 1 10 7 12 1 1 1 11 100 12 1 1 10 12 1 10 12 10 11 12 1 10 12 1 1 10 7 1 10 12 1 1 9 12 1 11 7 12 1 1 100 1 9 12 1 9 12 1 9 12 1 10 9 12 1 100 1 9 12 1 100 1 8 1 10 9 12 1 9 12 1 7 1 10 12 1 1 11 12 1 1 7 1 100 1 100 1 100 1 10 7 12 1 1 9 12 1 1 10 12 1 1 9 12 1 10 12 1 6 0 9 12 1 6 0 8 1 10 12 1 1 10 7 12 1 1 1 10 100 12 1 1 1 18 12 1 1 7 1 9 12 1 1 7 1 10 12 1 10 9 12 1 10 12 1 1 10 12 1 1 10 12 1 1 10 12 1 10 12 1 9 12 1 1 9 12 1 9 12 1 11 100 12 1 1 1 11 100 12 1 1 1 11 100 12 1 1 11 12 1 9 12 1 1 9 12 1 9 12 1 9 12 1 9 12 1 9 12 1 11 10 12 1 1 10 12 1 1 10 12 10 12 1 1 10 12 1 10 12 1 10 12 1 9 12 1 9 12 1 10 12 1 10 12 1 10 12 1 10 12 1 1 10 12 1 10 12 1 10 12 1 1 3 9 12 1 10 12 1 1 9 12 1 9 12 1 10 10 12 1 9 12 1 1 10 12 1 10 12 1 1 10 12 1 1 100 1 8 1 10 10 12 1 10 12 1 10 12 1 1 10 12 1 1 10 12 1 11 12 1 1 10 7 12 1 1 1 10 7 12 1 1 1 10 12 1 1 10 12 1 1 10 12 1 1 10 10 12 1 10 12 1 10 12 1 10 12 1 100 1 11 7 1 10 12 10 12 1 10 12 1 1 10 12 10 12 1 10 12 1 10 12 1 10 12 1 9 12 1 1 10 12 1 1 8 1 10 12 1 10 12 1 1 10 12 1 100 1 8 1 10 10 12 1 1 9 12 1 10 12 1 1 10 12 1 10 100 12 1 1 1 9 12 1 1 10 12 10 12 1 10 12 1 1 100 1 11 7 12 1 1 1 11 12 1 1 11 7 12 1 1 11 12 1 11 12 1 11 12 1 11 12 1 11 12 1 1 11 12 1 11 12 1 11 12 1 11 12 1 10 12 1 1 9 7 12 1 1 10 12 1 1 10 12 9 12 10 12 1 10 12 10 12 1 1 11 7 12 1 1 1 11 12 1 11 100 12 1 1 11 12 1 11 12 11 12 10 12 1 10 12 1 10 12 1 10 12 1 10 12 1 100 1 10 12 1 1 10 12 1 1 10 12 1 1 10 12 1 1 11 12 1 1 10 100 12 1 1 1 10 12 1 1 10 12 1 1 10 10 10 10 10 12 1 10 12 1 10 100 1 10 10 12 1 1 10 11 10 100 12 1 1 10 12 1 10 12 11 12 1 11 12 1 11 12 1 11 12 1 10 12 1 1 11 12 1 1 10 12 1 1 10 12 1 1 100 1 10 11 100 12 1 1 1 10 12 1 1 8 1 10 12 1 10 12 1 7 1 10 12 1 10 12 1 11 7 12 1 1 1 8 1 11 100 12 1 1 11 12 1 10 12 1 8 1 11 12 1 1 8 1 100 1 8 1 10 10 12 1 11 12 1 1 8 1 10 12 1 7 1 10 7 12 1 1 1 10 12 1 10 12 1 10 12 1 10 12 1 1 10 12 10 12 1 1 10 7 12 1 1 7 1 10 7 12 1 1 10 12 10 12 1 1 10 7 12 1 1 1 11 12 1 9 12 1 100 1 10 10 12 1 11 7 12 1 1 11 12 1 10 12 1 7 1 10 12 1 10 12 1 11 12 1 10 12 1 1 10 12 1 11 12 1 10 12 1 11 12 1 10 12 11 12 1 10 12 1 10 12 1 10 12 1 10 7 12 1 1 10 8 1 10 12 1 10 7 12 1 1 8 1 10 12 1 1 7 1 10 7 10 7 12 1 1 10 12 1 100 1 100 1 100 1 1 1 3 1 3 1 3 1 3 1 3 1 3 1 3 1 1 1 1 1 1 1 1 1 1 1 1 1 1 1 1 1 1 1 3 1 3 1 3 1 3 1 1 3 1 1 1 1 1 1 1 1 1 1 1 1 1 1 1 1 1 1 1 1 1 1 1 1 1 1 1 1 1 1 1 1 1 1 1 1 1 1 1 1 1 1 1 1 1 1 1 1 1 1 1 1 1 1 1 1 1 1 1 1 1 1 1 1 1 1 100 1 1 1 1 1 1 1 1 1 1 1 100 1 1 1 1 1 1 1 1 1 1 1 1 1 1 1 1 1 1 1 1 1 1 1 1 1 1 1 1 1 1 1 1 1 1 1 1 1 1 1 1 1 1 1 1 1 1 1 1 1 1 1 1 1 1 1 1 1 1 1 1 1 1 1 1 1 1 1 1 1 1 1 1 1 1 1 1 100 1 100 100 1 1 1 1 1 1 1 1 1 1 1 1 1 1 1 1 1 1 1 1 1 100 1 1 1 1 1 1 1 1 1 1 1 1 1 1 1 1 1 1 1 1 1 1 1 1 1 1 1 1 1 1 1 1 1 1 1 1 1 1 1 1 1 1 1 1 1 1 1 1 1 1 1 1 1 1 1 1 1 1 1 1 1 1 1 1 1 1 1 1 1 1 1 1 1 1 100 1 1 1 1 1 100 1 1 1 1 100 1 1 1 1 1 1 1 1 1 1 1 1 1 1 1 1 1 1 1 1 1 100 1 1 1 1 1 1 1 1 1 1 1 1 1 1 1 1 1 1 1 1 1 1 1 1 1 1 1 100 1 1 1 1 1 1 1 1 8 1 15 10 100 12 1 1 1 1 1 1 1 100 1 100 1 1
staticfield sun/java2d/SunGraphics2D defaultStroke Ljava/awt/Stroke; java/awt/BasicStroke
staticfield sun/java2d/SunGraphics2D defaultComposite Ljava/awt/Composite; java/awt/AlphaComposite
staticfield sun/java2d/SunGraphics2D defaultFont Ljava/awt/Font; java/awt/Font
staticfield sun/java2d/SunGraphics2D IDENT_MATRIX [D 4
staticfield sun/java2d/SunGraphics2D IDENT_ATX Ljava/awt/geom/AffineTransform; java/awt/geom/AffineTransform
staticfield sun/java2d/SunGraphics2D MinPenSizeAA D 4593671619917905920
staticfield sun/java2d/SunGraphics2D MinPenSizeAASquared D 4580160821035794432
staticfield sun/java2d/SunGraphics2D $assertionsDisabled Z 1
ciInstanceKlass java/awt/AlphaComposite 1 1 144 7 1 10 12 1 1 10 7 12 1 1 100 1 8 1 10 12 1 9 12 1 1 9 12 1 1 8 1 9 12 1 1 9 12 1 9 12 1 9 12 1 9 12 1 9 12 1 9 12 1 9 12 1 9 12 1 9 12 1 9 12 1 9 12 1 10 12 1 1 100 1 10 12 1 10 12 1 10 100 12 1 1 1 10 12 1 100 1 1 1 3 1 3 1 3 1 3 1 3 1 3 1 3 1 3 1 3 1 3 1 3 1 3 1 1 1 1 1 1 1 1 1 1 1 1 1 1 1 1 1 1 1 1 1 1 1 1 1 1 1 1 1 1
staticfield java/awt/AlphaComposite Clear Ljava/awt/AlphaComposite; java/awt/AlphaComposite
staticfield java/awt/AlphaComposite Src Ljava/awt/AlphaComposite; java/awt/AlphaComposite
staticfield java/awt/AlphaComposite Dst Ljava/awt/AlphaComposite; java/awt/AlphaComposite
staticfield java/awt/AlphaComposite SrcOver Ljava/awt/AlphaComposite; java/awt/AlphaComposite
staticfield java/awt/AlphaComposite DstOver Ljava/awt/AlphaComposite; java/awt/AlphaComposite
staticfield java/awt/AlphaComposite SrcIn Ljava/awt/AlphaComposite; java/awt/AlphaComposite
staticfield java/awt/AlphaComposite DstIn Ljava/awt/AlphaComposite; java/awt/AlphaComposite
staticfield java/awt/AlphaComposite SrcOut Ljava/awt/AlphaComposite; java/awt/AlphaComposite
staticfield java/awt/AlphaComposite DstOut Ljava/awt/AlphaComposite; java/awt/AlphaComposite
staticfield java/awt/AlphaComposite SrcAtop Ljava/awt/AlphaComposite; java/awt/AlphaComposite
staticfield java/awt/AlphaComposite DstAtop Ljava/awt/AlphaComposite; java/awt/AlphaComposite
staticfield java/awt/AlphaComposite Xor Ljava/awt/AlphaComposite; java/awt/AlphaComposite
instanceKlass java/awt/geom/GeneralPath
ciInstanceKlass java/awt/geom/Path2D$Float 1 1 313 7 1 10 7 12 1 1 1 10 9 12 1 1 10 12 1 10 12 1 9 12 1 1 10 12 1 1 9 12 1 9 9 12 1 1 10 7 12 1 1 1 9 9 12 1 9 10 12 1 1 11 100 12 1 1 1 11 7 12 1 1 1 10 12 1 1 10 12 1 10 7 12 1 1 1 10 12 1 100 1 10 12 1 100 1 8 1 10 12 1 10 12 1 10 12 1 100 1 8 1 10 10 100 12 1 1 1 9 12 1 1 100 1 10 100 1 3 100 1 10 12 1 1 10 100 12 1 1 1 10 12 1 1 10 12 1 1 3 10 12 1 1 10 12 1 1 10 12 1 1 11 12 1 1 11 12 1 1 10 12 1 10 12 1 10 12 1 1 10 12 1 1 10 12 1 11 12 1 10 10 12 1 1 7 1 10 12 1 7 1 10 12 1 100 1 10 12 1 10 10 12 1 1 10 12 1 1 10 7 12 1 1 100 1 1 1 1 5 0 1 1 1 1 1 1 1 1 1 1 1 1 1 1 1 1 1 1 100 1 1 1 1 100 1 1 1 1 1 1 1 1 1 1 1 1 1 1 1 1 1 1 1 1 1 1 1 1 1 1 1 1 1 1 1 1 1 1 1 1 1 1 1 1 1 1 1 1 1 1 1 1 1 1 1 1 1 100 1 1 1 100 1 1 1 1 1 1 1 100 1 1 1
staticfield java/awt/geom/Path2D$Float $assertionsDisabled Z 1
ciInstanceKlass java/awt/BasicStroke 1 1 136 10 7 12 1 1 1 100 1 8 1 10 12 1 7 1 8 1 8 1 8 1 8 1 8 1 8 1 9 12 1 1 9 12 1 1 9 12 1 9 12 1 10 7 12 1 1 1 9 12 1 9 12 1 10 12 1 4 10 100 12 1 1 1 10 12 1 1 10 100 12 1 1 1 10 100 12 1 1 1 100 1 1 1 3 1 3 1 3 1 1 1 1 1 1 1 1 1 1 1 1 1 1 1 1 1 1 1 1 1 1 1 1 1 1 1 1 1 1 1 1 1 1 1 1 1 1 1 1 1 1 1 1 1 1 1
ciInstanceKlass sun/java2d/pipe/ValidatePipe 1 1 190 10 7 12 1 1 1 10 7 12 1 1 10 7 12 1 1 1 9 12 1 1 11 7 12 1 1 1 11 12 1 9 12 1 1 11 7 12 1 1 11 12 1 1 11 12 1 11 12 1 11 12 1 11 12 1 11 12 1 11 12 1 1 11 12 1 11 12 1 9 12 1 1 11 7 12 1 1 1 11 12 1 9 12 1 1 11 7 12 1 1 1 11 12 1 1 11 12 1 1 9 12 1 1 11 7 12 1 1 1 11 12 1 11 12 1 1 11 12 1 11 12 1 1 11 12 1 1 1 1 1 1 1 1 1 1 1 1 1 1 1 1 1 1 1 1 1 1 1 1 1 1 1 1 1 1 1 1 1 1 1 1 1 1 1 1 1 1 1 1 1 1 1 1 1 1 1 1 1 1 1 1 1 1 1 1 1 1 1 1
ciInstanceKlass java/awt/geom/Rectangle2D$Double 1 1 115 10 7 12 1 1 1 10 7 12 1 1 1 9 12 1 1 9 12 1 9 12 1 9 12 1 10 12 1 1 10 12 1 10 12 1 10 12 1 10 12 10 10 12 1 1 10 12 1 10 100 12 1 1 1 10 100 12 1 1 1 18 12 1 1 100 1 1 1 1 5 0 1 1 1 1 1 1 1 1 1 1 1 1 1 1 1 1 1 1 1 1 1 1 1 1 1 1 1 1 8 1 15 10 100 12 1 1 1 1 100 1 100 1 1
ciInstanceKlass java/awt/geom/Rectangle2D$Float 1 1 121 10 7 12 1 1 1 10 7 12 1 1 1 9 12 1 1 9 12 1 9 12 1 9 12 1 10 12 1 1 10 12 1 10 12 1 10 12 1 10 12 10 100 1 10 10 12 1 1 10 12 1 10 100 12 1 1 1 10 100 12 1 1 1 18 12 1 1 100 1 1 1 1 5 0 1 1 1 1 1 1 1 1 1 1 1 1 1 1 1 1 1 1 1 1 1 1 1 1 1 1 1 1 1 1 8 1 15 10 100 12 1 1 1 1 1 100 1 100 1 1
ciInstanceKlass javax/swing/JViewport 1 1 917 100 1 10 7 12 1 1 1 9 7 12 1 1 1 9 12 1 1 9 12 1 9 12 1 1 9 12 1 9 12 1 1 9 12 1 1 9 12 1 1 10 12 1 1 10 12 1 1 10 12 1 10 12 1 1 9 12 1 1 7 1 10 12 1 1 10 7 12 1 1 1 10 12 1 8 1 10 12 1 1 10 7 12 1 1 1 10 12 1 10 12 1 1 10 12 1 1 10 12 1 10 12 1 1 9 7 12 1 1 9 12 1 10 12 1 1 10 12 1 9 12 1 9 12 1 10 12 1 1 10 12 1 1 9 7 1 9 10 12 1 10 12 1 1 10 7 12 1 1 1 10 7 12 1 1 9 7 1 10 100 12 1 1 1 10 12 1 9 10 12 1 1 10 7 12 1 1 1 10 12 1 10 7 12 1 1 1 10 12 1 1 100 1 8 1 10 12 1 7 1 10 12 1 9 12 1 9 12 1 9 12 1 9 12 1 10 100 12 1 1 1 10 100 12 1 1 1 10 12 1 1 10 12 1 1 10 12 1 1 10 12 1 1 10 12 1 1 10 12 1 1 10 12 1 1 10 12 1 1 10 12 1 10 12 1 10 12 1 9 12 1 9 12 1 9 12 1 9 12 1 1 10 12 1 1 10 100 12 1 1 10 12 1 10 12 1 10 12 1 10 12 1 10 12 1 10 12 1 100 1 10 12 1 1 10 12 1 10 12 1 1 10 12 1 1 10 12 1 10 12 1 10 12 1 1 10 12 1 10 12 1 100 1 9 12 1 9 12 1 10 12 1 1 10 12 10 12 1 1 10 12 10 12 1 1 10 10 10 10 12 1 1 10 12 1 1 10 12 1 1 10 12 1 1 10 12 1 10 12 1 9 12 1 10 12 1 10 12 1 1 10 10 12 1 10 12 1 1 10 7 12 1 1 10 7 12 1 1 1 10 12 1 10 12 1 1 10 10 12 1 1 10 12 1 1 10 12 1 9 12 1 10 12 1 10 12 1 10 10 12 1 10 10 12 1 1 10 12 1 10 12 1 10 12 1 10 12 1 1 10 12 1 10 12 1 1 10 12 1 10 12 1 1 10 12 1 10 12 1 10 10 10 12 1 1 10 12 1 10 12 1 1 10 12 1 10 12 1 10 12 1 10 12 1 10 10 12 10 12 10 7 1 10 12 1 9 7 12 1 1 1 9 12 1 1 7 1 10 7 12 1 1 1 10 12 10 12 1 1 100 1 10 12 1 1 7 1 10 12 1 11 12 1 1 10 10 10 12 1 10 8 1 8 1 10 12 1 1 8 1 10 12 1 18 12 1 1 10 12 1 1 9 12 1 1 10 7 1 10 12 1 10 10 100 12 1 1 1 11 100 12 1 1 1 11 100 12 1 1 11 12 1 100 1 10 10 12 1 10 12 1 10 12 1 10 10 12 1 1 10 12 1 1 9 100 12 1 1 1 10 12 1 1 10 12 1 10 12 1 10 12 1 10 10 10 12 1 10 12 1 10 12 1 1 10 10 10 10 10 12 1 1 10 12 1 1 10 10 12 1 10 12 1 1 10 12 10 12 1 10 9 12 1 1 100 1 10 10 12 1 8 100 1 1 1 1 1 1 1 1 3 1 3 1 3 1 1 1 1 1 1 1 1 1 1 1 1 1 1 1 1 1 1 1 1 1 1 1 1 1 1 1 1 1 1 1 1 1 1 1 1 1 1 1 1 1 1 1 1 1 1 1 1 100 1 1 1 1 1 1 1 1 1 1 1 1 1 1 1 1 1 1 1 1 1 1 1 1 1 1 1 1 1 1 1 1 1 1 1 1 1 1 1 1 1 1 1 1 1 1 1 1 1 1 1 1 1 1 1 1 1 1 1 1 1 1 1 1 1 1 1 1 1 1 1 1 1 1 1 1 1 1 1 100 1 1 1 1 1 1 1 1 1 1 1 1 1 1 1 1 1 1 1 1 1 1 1 1 1 1 1 100 1 1 1 1 1 1 1 100 1 1 1 1 1 1 1 1 8 1 15 10 100 12 1 1 1 1 1 1 1 100 1 100 1 1
staticfield javax/swing/JViewport EnableWindowBlit Ljava/lang/Object; "EnableWindowBlit"
ciInstanceKlass javax/swing/plaf/metal/MetalBumps 1 1 184 10 7 12 1 1 1 10 7 12 1 1 1 10 12 1 1 10 7 12 1 1 1 9 12 1 1 10 12 1 1 7 1 7 1 10 10 12 1 1 11 12 1 1 11 7 12 1 1 1 11 12 1 1 7 1 10 12 1 1 10 12 1 11 12 1 1 9 7 12 1 1 1 9 12 1 9 12 1 9 12 1 9 12 1 1 9 12 1 9 12 1 9 12 1 7 1 10 12 1 1 9 12 1 1 10 12 1 1 10 12 1 1 10 12 1 10 7 12 1 1 1 10 12 1 1 10 7 12 1 1 1 7 1 10 12 1 100 1 1 1 1 1 1 1 1 1 1 1 1 1 1 1 1 1 1 1 1 1 1 1 1 1 1 1 1 1 1 1 1 1 1 1 1 1 1 1 100 1 100 1 1 1 1
staticfield javax/swing/plaf/metal/MetalBumps ALPHA Ljava/awt/Color; java/awt/Color
staticfield javax/swing/plaf/metal/MetalBumps METAL_BUMPS Ljava/lang/Object; java/lang/Object
instanceKlass javax/swing/plaf/metal/MetalSplitPaneDivider
ciInstanceKlass javax/swing/plaf/basic/BasicSplitPaneDivider 1 1 330 10 7 12 1 1 1 9 7 12 1 1 1 10 7 12 1 1 1 8 1 10 7 12 1 1 1 9 12 1 8 1 9 12 1 8 1 10 12 1 1 9 12 1 1 7 1 10 12 1 10 12 1 1 10 12 1 1 9 12 1 1 10 7 12 1 1 1 9 12 1 7 1 10 12 1 1 10 12 1 1 8 1 10 7 12 1 1 1 10 12 1 1 10 12 1 10 12 1 10 12 1 1 9 12 1 1 10 12 1 1 10 12 1 1 10 10 9 12 1 1 7 1 10 10 12 1 10 12 1 10 10 10 12 1 10 12 1 1 10 12 1 9 12 1 1 10 12 1 1 11 7 12 1 1 1 10 12 1 1 9 12 1 7 1 10 12 1 10 12 1 10 12 1 1 10 7 12 1 1 1 10 12 1 1 8 10 12 1 8 1 9 12 1 1 9 12 1 10 100 12 1 1 1 10 12 1 1 10 12 1 9 12 1 9 12 1 11 12 1 1 8 1 10 12 1 1 100 1 10 12 1 10 12 1 1 10 12 1 10 12 1 1 100 1 10 10 12 1 1 10 10 12 1 10 12 1 10 12 1 10 12 1 100 1 10 10 12 1 10 12 1 1 10 12 1 100 1 1 1 3 1 3 1 1 1 1 1 1 1 1 1 1 1 1 1 1 1 1 1 1 1 1 1 1 1 1 1 1 1 1 1 1 1 1 1 1 1 1 1 100 1 100 1 1 1 1 1 1 1
ciInstanceKlass javax/swing/plaf/metal/MetalSplitPaneDivider 1 1 239 10 7 12 1 1 1 7 1 10 7 12 1 1 1 10 12 1 10 12 1 10 12 1 9 7 12 1 1 1 10 12 1 10 12 1 8 1 10 7 12 1 1 1 9 12 1 9 12 1 1 9 12 1 1 9 12 1 9 12 1 1 10 7 12 1 1 1 10 7 12 1 1 1 10 12 1 1 10 12 1 1 9 7 12 1 1 9 12 1 9 12 1 9 12 1 10 12 1 1 10 12 1 1 9 7 1 9 9 7 12 1 1 9 12 1 9 12 1 9 12 1 10 12 1 1 10 12 1 1 10 12 1 1 100 1 10 12 1 10 100 12 1 1 1 100 1 10 12 1 1 10 12 1 1 10 12 1 10 12 1 10 12 1 1 8 1 10 12 1 1 100 1 10 12 1 10 100 12 1 1 100 1 10 9 12 1 9 9 12 1 1 9 12 1 1 1 1 1 1 1 1 1 1 1 1 1 1 1 1 1 1 1 1 1 1 1 1 1 1 1 100 1 1 1 1 1 1 1 1 1 1 1 1 1 100 1 1 1
ciInstanceKlass wv/codeclip/io/FileDropHandler$DragOverlayPanel 1 1 98 10 7 12 1 1 1 7 1 10 12 1 10 7 12 1 1 1 10 12 1 1 8 1 7 1 10 9 12 1 1 10 12 1 1 8 1 10 12 1 1 7 1 10 10 12 10 12 1 1 7 1 10 12 1 7 1 8 1 10 12 1 10 12 1 1 10 12 1 100 1 10 12 1 1 10 1 1 1 1 1 1 1 1 1 1 1 1 1 1 1 1 1 1 100 1 1 1
ciInstanceKlass sun/font/FontDesignMetrics 1 1 408 9 7 12 1 1 1 10 7 12 1 1 1 7 1 10 12 1 1 10 12 1 1 10 12 1 1 10 7 12 1 1 1 10 7 12 1 1 1 7 1 10 12 1 10 12 1 1 10 12 1 1 10 7 12 1 1 1 10 12 1 10 7 12 1 1 1 100 1 10 12 1 10 12 1 1 9 12 1 1 10 7 12 1 1 1 7 1 7 1 9 12 1 1 10 12 1 10 12 1 10 12 1 10 12 1 1 10 9 12 1 1 9 12 1 1 10 7 12 1 1 9 12 1 9 12 1 9 12 1 1 9 12 1 1 9 12 1 10 12 1 9 12 1 10 12 1 9 12 10 12 1 9 12 1 1 9 12 1 10 12 1 10 12 1 10 7 12 1 1 1 9 12 1 1 10 7 12 1 1 1 10 7 12 1 1 1 9 12 1 1 10 12 1 9 12 1 10 12 1 9 12 1 10 12 1 9 12 1 10 12 1 1 9 12 1 1 4 10 100 12 1 1 9 12 1 1 10 100 12 1 1 10 12 1 1 10 12 1 10 12 1 1 6 0 10 100 12 1 1 1 3 10 7 12 1 1 100 1 8 1 10 12 1 10 7 12 1 1 1 7 1 10 12 1 10 12 1 10 12 1 1 10 12 1 1 10 12 1 100 1 18 12 1 1 10 7 1 10 12 1 4 9 12 1 10 12 4 10 1 1 1 5 0 1 1 3 1 1 1 3 1 1 1 1 1 1 1 1 1 1 1 1 1 1 1 100 1 100 1 1 1 1 1 1 1 1 1 1 1 100 1 100 1 1 1 1 1 1 1 1 1 1 1 1 1 1 1 1 1 1 1 1 1 1 1 1 1 1 1 1 1 100 1 1 1 1 1 1 8 1 15 10 100 12 1 1 1 1 1 100 1 1 100 1 100 1 1
staticfield sun/font/FontDesignMetrics metricsCache Ljava/util/concurrent/ConcurrentHashMap; java/util/concurrent/ConcurrentHashMap
staticfield sun/font/FontDesignMetrics recentMetrics [Lsun/font/FontDesignMetrics; 5 [Lsun/font/FontDesignMetrics;
instanceKlass com/sun/java/swing/plaf/windows/WindowsPopupWindow
instanceKlass javax/swing/Popup$HeavyWeightWindow
ciInstanceKlass javax/swing/JWindow 1 1 304 100 1 10 7 12 1 1 1 10 12 1 10 7 12 1 1 1 10 100 12 1 1 1 10 9 12 1 1 9 12 1 1 10 12 1 1 10 12 1 1 10 12 1 1 10 12 1 10 10 7 12 1 1 1 10 12 1 1 10 12 1 1 10 12 1 1 10 12 1 10 7 12 1 1 1 7 1 10 12 10 12 1 9 12 1 1 10 12 1 1 8 10 12 1 1 10 12 1 1 10 12 1 1 10 12 1 1 10 100 12 1 1 1 10 12 1 9 12 1 1 10 12 1 1 10 10 12 1 1 10 10 100 1 8 1 10 12 1 10 12 1 10 10 12 1 10 12 1 1 10 12 1 1 10 12 1 1 10 12 1 10 12 1 10 12 1 1 9 100 12 1 1 10 12 1 1 10 12 1 1 10 12 1 1 8 1 8 1 10 12 1 1 18 12 1 1 100 1 10 12 1 100 1 100 1 100 1 1 1 1 1 1 1 1 1 1 1 1 1 1 1 100 1 1 1 1 1 1 1 1 1 3 1 1 1 1 1 1 1 1 1 1 1 1 1 1 1 1 1 1 3 1 1 1 100 1 1 1 1 1 1 1 1 1 1 1 1 1 1 1 1 1 100 1 1 1 1 1 1 1 1 1 1 1 1 8 1 15 10 100 12 1 1 1 1 100 1 1 100 1 100 1 1
ciInstanceKlass sun/java2d/windows/GDIWindowSurfaceData 1 1 468 10 7 12 1 1 1 7 1 10 12 1 3 9 7 12 1 1 1 9 7 12 1 1 9 12 1 9 12 1 10 12 1 9 12 1 9 12 1 10 12 1 1 10 100 12 1 1 100 1 9 12 1 100 1 10 12 1 1 9 12 1 9 12 1 100 1 18 12 1 1 10 12 1 1 10 7 12 1 1 1 10 12 1 1 10 12 1 9 100 12 1 1 1 100 1 8 1 10 9 7 12 1 1 1 100 1 9 12 1 9 12 1 9 12 1 10 7 12 1 1 1 9 12 1 9 12 1 1 9 12 1 9 12 1 10 12 1 1 9 100 12 1 1 9 12 1 9 12 1 1 9 9 12 1 9 12 1 1 9 12 1 1 9 12 1 1 9 12 1 9 12 1 1 9 12 1 1 9 12 1 1 10 12 1 1 9 12 1 10 9 12 1 1 10 12 1 9 12 1 1 10 12 1 10 12 1 1 7 1 10 12 1 1 10 12 1 1 10 7 12 1 1 1 9 12 1 1 10 12 1 9 12 1 10 12 1 10 12 1 1 10 12 1 1 10 12 1 1 10 100 12 1 1 1 10 12 1 1 10 12 1 1 9 7 12 1 1 9 12 1 9 12 1 10 7 12 1 1 1 9 12 1 9 12 1 1 9 100 12 1 1 10 12 1 1 9 12 1 10 12 1 1 10 12 1 10 12 1 10 12 1 10 12 1 10 7 12 1 1 1 10 12 1 1 10 12 1 1 10 12 1 10 12 1 1 9 12 1 8 1 10 12 1 1 9 12 1 9 12 1 9 12 1 9 12 1 7 1 10 12 1 1 10 7 12 1 1 10 7 12 1 1 10 12 10 7 12 1 1 10 12 1 1 7 1 10 12 1 1 1 1 1 1 1 1 1 1 1 1 1 1 1 1 1 1 1 1 1 1 1 1 1 1 1 1 1 1 1 1 1 1 1 1 1 1 1 1 1 1 1 1 1 1 1 1 1 1 1 1 1 1 1 1 1 1 1 1 1 8 1 15 10 100 12 1 1 1 100 1 100 1 1 100 1 100 1 1
staticfield sun/java2d/windows/GDIWindowSurfaceData AnyGdi Lsun/java2d/loops/SurfaceType; sun/java2d/loops/SurfaceType
staticfield sun/java2d/windows/GDIWindowSurfaceData IntRgbGdi Lsun/java2d/loops/SurfaceType; sun/java2d/loops/SurfaceType
staticfield sun/java2d/windows/GDIWindowSurfaceData Ushort565RgbGdi Lsun/java2d/loops/SurfaceType; sun/java2d/loops/SurfaceType
staticfield sun/java2d/windows/GDIWindowSurfaceData Ushort555RgbGdi Lsun/java2d/loops/SurfaceType; sun/java2d/loops/SurfaceType
staticfield sun/java2d/windows/GDIWindowSurfaceData ThreeByteBgrGdi Lsun/java2d/loops/SurfaceType; sun/java2d/loops/SurfaceType
ciInstanceKlass java/awt/SystemColor 1 1 264 10 7 12 1 1 1 10 7 12 1 1 1 9 7 12 1 1 1 10 12 1 1 9 12 1 1 9 12 1 1 10 7 12 1 1 1 9 12 1 10 100 12 1 1 1 10 100 12 1 1 1 18 12 1 1 10 12 1 3 3 3 3 3 3 3 9 12 1 1 9 12 1 9 12 1 9 12 1 9 12 1 9 12 1 9 12 1 9 12 1 9 12 1 9 12 1 9 12 1 9 12 1 9 12 1 9 12 1 9 12 1 9 12 1 9 12 1 9 12 1 9 12 1 9 12 1 9 12 1 9 12 1 9 12 1 9 12 1 9 12 1 9 12 1 18 12 1 1 10 7 12 1 1 1 10 12 1 100 1 1 1 3 1 3 1 3 1 3 1 3 1 3 1 3 1 3 1 3 1 3 1 3 1 3 1 3 1 3 1 3 1 3 1 3 1 3 1 3 1 3 1 3 1 3 1 3 1 3 1 3 1 3 1 3 1 1 5 0 1 1 1 1 1 1 1 1 1 1 1 1 1 100 1 1 1 1 1 8 1 16 15 15 10 100 12 1 1 15 10 7 12 1 1 1 1 100 1 1 100 1 100 1 1
staticfield java/awt/SystemColor desktop Ljava/awt/SystemColor; java/awt/SystemColor
staticfield java/awt/SystemColor activeCaption Ljava/awt/SystemColor; java/awt/SystemColor
staticfield java/awt/SystemColor activeCaptionText Ljava/awt/SystemColor; java/awt/SystemColor
staticfield java/awt/SystemColor activeCaptionBorder Ljava/awt/SystemColor; java/awt/SystemColor
staticfield java/awt/SystemColor inactiveCaption Ljava/awt/SystemColor; java/awt/SystemColor
staticfield java/awt/SystemColor inactiveCaptionText Ljava/awt/SystemColor; java/awt/SystemColor
staticfield java/awt/SystemColor inactiveCaptionBorder Ljava/awt/SystemColor; java/awt/SystemColor
staticfield java/awt/SystemColor window Ljava/awt/SystemColor; java/awt/SystemColor
staticfield java/awt/SystemColor windowBorder Ljava/awt/SystemColor; java/awt/SystemColor
staticfield java/awt/SystemColor windowText Ljava/awt/SystemColor; java/awt/SystemColor
staticfield java/awt/SystemColor menu Ljava/awt/SystemColor; java/awt/SystemColor
staticfield java/awt/SystemColor menuText Ljava/awt/SystemColor; java/awt/SystemColor
staticfield java/awt/SystemColor text Ljava/awt/SystemColor; java/awt/SystemColor
staticfield java/awt/SystemColor textText Ljava/awt/SystemColor; java/awt/SystemColor
staticfield java/awt/SystemColor textHighlight Ljava/awt/SystemColor; java/awt/SystemColor
staticfield java/awt/SystemColor textHighlightText Ljava/awt/SystemColor; java/awt/SystemColor
staticfield java/awt/SystemColor textInactiveText Ljava/awt/SystemColor; java/awt/SystemColor
staticfield java/awt/SystemColor control Ljava/awt/SystemColor; java/awt/SystemColor
staticfield java/awt/SystemColor controlText Ljava/awt/SystemColor; java/awt/SystemColor
staticfield java/awt/SystemColor controlHighlight Ljava/awt/SystemColor; java/awt/SystemColor
staticfield java/awt/SystemColor controlLtHighlight Ljava/awt/SystemColor; java/awt/SystemColor
staticfield java/awt/SystemColor controlShadow Ljava/awt/SystemColor; java/awt/SystemColor
staticfield java/awt/SystemColor controlDkShadow Ljava/awt/SystemColor; java/awt/SystemColor
staticfield java/awt/SystemColor scrollbar Ljava/awt/SystemColor; java/awt/SystemColor
staticfield java/awt/SystemColor info Ljava/awt/SystemColor; java/awt/SystemColor
staticfield java/awt/SystemColor infoText Ljava/awt/SystemColor; java/awt/SystemColor
ciInstanceKlass java/awt/geom/GeneralPath 1 1 57 100 1 10 7 12 1 1 1 10 12 1 10 12 1 9 100 12 1 1 1 9 12 1 1 9 12 1 9 12 1 1 9 12 1 1 1 1 5 0 1 1 1 1 1 1 1 1 1 1 1 1 1 1 1 1 1
ciInstanceKlass sun/awt/NullComponentPeer 1 1 201 10 7 12 1 1 1 7 1 10 12 1 10 7 12 1 1 1 10 12 1 100 1 10 10 12 1 1 7 1 10 12 1 100 1 8 1 10 12 1 100 1 10 100 1 10 100 1 10 100 1 100 1 100 1 1 1 1 1 1 1 1 1 1 1 1 1 1 1 1 1 1 1 1 1 1 1 1 1 1 1 1 1 1 1 1 1 1 1 1 1 1 1 1 1 1 1 1 1 1 1 1 1 1 1 1 1 1 1 1 1 1 1 1 1 1 1 1 1 1 1 1 1 1 1 1 1 1 1 1 1 1 1 1 1 1 1 1 1 1 1 1 1 1 1 1 1 1 1 1 1 1 1 1 1 1 1 1 1 1 1 1 1 1 1 1 1 1 1 1 1 1 1 1 1 1 1 1 1 1 1 1 1 1 1 1 1 1 1 1 1 100 1 100 1 1 100 1 100 1 1
ciInstanceKlass wv/codeclip/ui/CheckpointDialog 1 1 622 8 1 10 7 12 1 1 1 7 1 10 12 1 9 7 12 1 1 1 9 12 1 7 1 7 1 10 12 1 10 12 1 9 12 1 1 7 1 8 1 10 12 1 9 12 1 1 8 1 9 12 1 8 1 9 12 1 7 1 10 9 12 1 1 9 12 1 1 9 12 1 1 10 12 1 10 12 1 7 1 10 10 12 1 1 10 12 1 1 10 12 1 10 12 1 1 10 7 12 1 1 1 10 7 12 1 1 1 7 1 10 12 1 10 12 1 1 10 12 1 1 10 10 12 1 1 7 1 4 10 12 1 1 10 12 1 1 4 10 7 1 10 12 1 10 10 12 1 1 10 12 1 1 10 7 12 1 1 1 8 1 10 12 1 8 1 10 7 1 8 1 10 10 12 1 8 1 10 12 1 10 8 1 10 7 12 1 1 1 10 12 1 1 10 7 1 10 12 18 12 1 1 10 12 1 1 18 18 8 1 18 7 1 10 8 1 9 12 1 11 7 12 1 1 1 10 7 12 1 1 11 12 1 1 9 12 1 1 10 9 12 1 10 12 1 8 1 8 1 18 12 1 1 10 12 1 8 1 8 1 8 1 9 12 1 9 12 1 8 1 8 1 10 12 1 9 12 1 8 1 10 11 12 1 7 1 10 10 12 1 1 11 12 1 1 11 7 12 1 1 1 11 7 12 1 1 11 12 1 1 7 1 11 12 1 7 1 11 12 1 10 12 1 11 12 1 1 10 12 1 1 11 12 1 1 10 12 1 7 1 10 12 1 1 11 7 12 1 11 8 1 8 1 7 1 10 12 1 1 11 7 12 1 1 10 12 1 7 1 10 11 10 12 1 1 8 1 10 12 1 8 1 11 8 1 8 1 8 1 10 12 1 8 1 10 12 1 10 12 1 1 10 7 12 1 1 1 100 1 7 1 10 10 12 1 1 10 12 1 8 1 8 1 8 1 8 1 11 12 1 8 1 8 1 7 1 8 1 8 1 8 1 8 1 10 12 1 1 11 12 1 8 1 8 1 8 1 8 1 8 1 10 12 1 1 7 1 10 12 1 1 10 12 1 1 8 1 8 1 8 1 10 12 1 8 1 8 1 10 12 1 8 1 8 1 8 1 8 1 10 12 1 10 12 1 10 12 1 10 12 1 1 1 1 1 1 1 1 1 1 1 1 1 1 1 1 1 1 1 1 1 1 1 1 1 1 1 1 1 1 1 1 1 1 1 1 1 1 1 1 1 1 1 1 1 1 1 1 1 1 1 1 1 1 1 1 1 1 1 1 1 1 1 100 1 1 1 1 1 1 1 1 1 1 1 1 16 15 10 12 15 10 12 15 10 12 15 10 12 8 1 15 10 7 12 1 1 1 15 10 100 12 1 1 1 1 100 1 100 1 1
staticfield wv/codeclip/ui/CheckpointDialog WARN_BG Ljava/awt/Color; java/awt/Color
staticfield wv/codeclip/ui/CheckpointDialog WARN_FG Ljava/awt/Color; java/awt/Color
staticfield wv/codeclip/ui/CheckpointDialog OK_BG Ljava/awt/Color; java/awt/Color
staticfield wv/codeclip/ui/CheckpointDialog OK_FG Ljava/awt/Color; java/awt/Color
staticfield wv/codeclip/ui/CheckpointDialog BTN_OK_FG Ljava/awt/Color; java/awt/Color
ciInstanceKlass java/lang/CloneNotSupportedException 0 0 26 10 100 12 1 1 1 10 12 1 100 1 1 1 1 5 0 1 1 1 1 1 1 1 1 1
ciInstanceKlass sun/java2d/loops/FontInfo 1 1 105 10 7 12 1 1 1 18 12 1 1 10 12 1 1 100 1 9 100 12 1 1 1 10 100 12 1 1 1 9 12 1 1 10 12 1 1 9 12 1 9 12 1 1 9 12 1 1 9 12 1 9 12 1 9 12 1 1 8 1 8 1 9 12 1 18 12 1 100 1 1 1 1 1 1 1 1 1 1 1 1 1 1 1 1 1 1 1 1 8 1 8 1 15 10 100 12 1 1 1 100 1 100 1 1
ciInstanceKlass sun/java2d/pipe/ShapeSpanIterator 1 1 136 10 7 12 1 1 1 10 7 12 1 1 1 11 7 12 1 1 1 10 12 1 1 11 12 1 1 11 12 1 1 10 12 1 1 11 12 1 10 12 1 10 7 12 1 1 1 10 12 1 1 9 100 12 1 1 1 9 12 1 9 12 1 9 12 1 10 12 1 10 12 1 10 12 1 10 12 1 10 12 1 10 12 1 100 1 100 1 1 1 1 1 1 1 1 1 1 1 1 1 1 1 1 1 100 1 1 1 1 1 1 1 1 1 1 1 1 1 1 1 1 1 1 1 1 1 1 1 1 1 1 1 1 1 1 1
ciInstanceKlass java/awt/geom/Path2D$Double 1 1 308 7 1 10 7 12 1 1 1 10 9 12 1 1 10 12 1 10 12 1 9 12 1 1 10 12 1 1 9 12 1 9 9 12 1 1 10 7 12 1 1 1 9 9 12 1 9 10 12 1 1 11 100 12 1 1 1 11 100 12 1 1 1 10 12 1 1 10 12 1 10 100 12 1 1 1 10 12 1 100 1 10 12 1 100 1 8 1 10 12 1 10 12 1 10 12 1 100 1 8 1 10 10 100 12 1 1 1 9 12 1 1 100 1 10 100 1 3 100 1 10 12 1 1 10 100 12 1 1 1 10 12 1 1 10 12 1 1 3 10 12 1 1 10 12 1 1 10 12 1 1 11 12 1 1 11 12 1 1 10 12 1 10 12 1 10 12 1 1 10 12 1 1 10 12 1 11 12 1 10 10 12 1 1 7 1 10 12 1 100 1 10 12 1 10 12 1 10 12 1 1 10 12 1 1 10 7 12 1 1 100 1 1 1 1 5 0 1 1 1 1 1 1 1 1 1 1 1 1 1 1 1 1 1 1 1 1 1 1 100 100 1 1 1 1 1 1 1 1 1 1 1 1 1 1 1 1 1 1 1 1 1 1 1 1 1 1 1 1 1 1 1 1 1 1 1 1 1 1 1 1 1 1 1 1 1 1 1 1 1 1 1 100 1 1 1 100 1 1 1 1 1 1 1 100 1 1 1
staticfield java/awt/geom/Path2D$Double $assertionsDisabled Z 1
ciInstanceKlass java/awt/geom/Path2D$Double$CopyIterator 1 1 67 10 7 12 1 1 1 9 7 12 1 1 1 9 7 1 9 12 1 1 9 7 12 1 1 1 9 12 1 1 9 12 1 1 9 12 1 10 7 12 1 1 1 1 1 1 1 1 1 1 1 1 1 1 1 1 1 1 1 1 1 1 1 1 1 1 1
ciMethodData java/lang/Object <init> ()V 2 5388444 orig 80 1 0 0 0 0 0 0 0 0 0 0 0 0 0 0 0 0 0 0 0 0 0 0 0 0 0 0 0 0 0 0 0 0 0 0 0 0 0 0 0 0 0 0 0 0 0 0 0 0 0 0 0 0 0 0 0 0 0 0 0 0 0 0 0 0 0 0 0 0 0 0 0 0 0 0 0 0 0 0 0 data 4 0x0 0x9 0x1 0x0 oops 0 methods 0
ciInstanceKlass java/util/EventListener 1 0 7 100 1 100 1 1 1
ciInstanceKlass java/awt/event/FocusListener 1 0 12 100 1 100 1 100 1 1 1 1 1 1
ciInstanceKlass javax/swing/WindowConstants 1 0 17 100 1 100 1 1 1 1 3 1 3 1 3 1 3 1 1
ciInstanceKlass javax/accessibility/Accessible 1 0 9 100 1 100 1 1 1 1 1
ciInstanceKlass javax/swing/RootPaneContainer 1 0 21 100 1 100 1 1 1 1 1 1 1 1 1 1 1 1 1 1 1 1 1
ciInstanceKlass javax/swing/TransferHandler$HasGetTransferHandler 1 0 14 100 1 100 1 1 1 1 1 1 100 1 1 1
ciInstanceKlass java/awt/MenuContainer 1 0 16 100 1 100 1 1 1 1 1 1 1 1 1 1 1 1
ciMethod java/awt/Window getBackground ()Ljava/awt/Color; 966 0 5504 0 0
ciMethod java/awt/Window isOpaque ()Z 934 0 5089 0 0
ciMethod java/awt/Container getComponentCount ()I 552 0 26745 0 128
ciMethod java/awt/Container countComponents ()I 580 0 28627 0 0
ciMethod java/awt/Container getComponent (I)Ljava/awt/Component; 784 0 87861 0 376
ciInstanceKlass java/awt/image/ImageObserver 1 0 27 100 1 100 1 1 1 1 3 1 3 1 3 1 3 1 3 1 3 1 3 1 3 1 1 1 1
ciMethod java/awt/Component getParent ()Ljava/awt/Container; 464 0 323120 0 88
ciMethod java/awt/Component getParent_NoClientCode ()Ljava/awt/Container; 320 0 160 0 0
ciMethod java/awt/Component getTreeLock ()Ljava/lang/Object; 558 0 234925 0 88
ciMethod java/awt/Component isVisible ()Z 942 0 8268 0 -1
ciMethod java/awt/Component getForeground ()Ljava/awt/Color; 516 0 18287 0 168
ciMethod java/awt/Component getBackground ()Ljava/awt/Color; 512 0 10001 0 256
ciMethod java/awt/Component getFont ()Ljava/awt/Font; 526 0 52125 0 0
ciMethod java/awt/Component getFont_NoClientCode ()Ljava/awt/Font; 526 0 52709 0 168
ciMethod java/awt/Component getSize ()Ljava/awt/Dimension; 518 0 1485 0 -1
ciMethod java/awt/Component getBounds (Ljava/awt/Rectangle;)Ljava/awt/Rectangle; 186 0 93 0 -1
ciMethod java/awt/Component isOpaque ()Z 0 0 1 0 -1
ciMethod java/awt/Component paint (Ljava/awt/Graphics;)V 0 0 1 0 -1
ciMethod java/awt/Component print (Ljava/awt/Graphics;)V 0 0 1 0 -1
ciMethod java/awt/Component printAll (Ljava/awt/Graphics;)V 0 0 1 0 -1
ciMethod java/awt/Component hasFocus ()Z 936 0 12812 0 -1
instanceKlass java/awt/Scrollbar
instanceKlass javax/swing/ImageIcon$2
instanceKlass javax/swing/ImageIcon$1
instanceKlass java/awt/TextComponent
instanceKlass java/awt/Canvas
instanceKlass java/awt/Container
ciInstanceKlass java/awt/Component 1 1 3018 9 7 12 1 1 1 9 12 1 1 10 12 1 1 10 7 12 1 1 1 100 1 10 12 1 1 9 12 1 1 7 1 10 7 1 9 12 1 1 9 12 1 9 12 1 9 12 1 9 12 1 9 12 1 9 12 1 9 12 1 9 7 12 1 1 1 9 12 1 9 12 1 7 1 5 0 9 12 1 1 9 12 1 9 12 1 1 9 12 1 9 12 1 10 12 1 1 9 12 1 9 12 1 9 12 1 9 12 1 1 10 7 12 1 1 1 9 12 1 1 7 1 9 12 1 1 9 12 1 1 10 12 1 10 12 1 1 8 10 12 1 1 10 12 1 1 9 12 1 1 9 12 1 1 10 12 1 10 7 12 1 1 10 12 1 1 100 1 10 12 1 10 12 1 1 9 12 1 1 10 12 1 1 10 10 10 12 1 10 12 1 8 1 10 12 1 9 12 1 1 11 10 100 12 1 1 1 10 100 12 1 1 10 7 1 8 1 10 12 1 9 12 1 100 1 8 1 10 10 12 1 1 10 7 1 10 7 12 1 1 10 12 1 7 1 100 1 10 12 1 1 18 12 1 1 10 9 12 1 10 12 1 10 12 1 10 12 1 10 12 1 1 10 12 1 10 7 12 1 1 1 10 12 1 1 10 12 1 1 7 1 9 12 1 9 12 1 10 12 10 12 1 10 12 1 1 11 12 1 1 11 100 12 1 1 1 10 100 12 1 1 10 7 12 1 1 1 10 12 1 1 10 7 12 1 1 100 1 10 10 100 12 1 1 1 10 12 1 1 10 12 1 1 10 10 10 12 1 10 12 1 1 11 12 1 10 12 1 10 12 1 100 1 8 1 9 100 12 1 1 1 10 10 12 10 12 1 10 7 12 1 1 10 12 1 10 12 1 10 12 1 10 12 1 10 12 1 1 10 12 1 1 7 1 10 12 1 10 7 12 1 1 1 10 12 1 10 12 5 0 10 12 1 10 12 1 11 12 1 7 1 5 0 5 0 10 12 1 1 10 12 1 1 7 1 10 12 1 9 12 1 1 7 1 10 10 12 1 1 10 7 12 1 1 10 12 1 10 12 10 12 1 10 12 1 10 12 1 10 12 1 9 12 1 1 10 12 1 1 10 11 12 1 1 8 9 12 1 10 12 1 10 11 12 1 8 10 12 1 1 9 12 1 1 10 10 12 1 11 12 1 1 9 12 1 8 10 7 1 10 12 1 9 12 1 1 100 1 8 1 10 10 12 1 1 8 11 12 1 1 10 100 12 1 1 10 10 12 1 10 12 1 10 12 1 9 11 9 9 8 1 10 12 1 10 12 1 10 12 1 1 9 12 1 9 12 1 10 12 1 1 10 10 12 1 1 7 1 10 10 12 1 10 12 1 9 9 10 12 1 10 12 1 10 12 10 12 1 10 12 1 10 12 1 1 10 12 1 1 10 10 10 12 1 1 10 12 1 10 12 11 12 10 12 1 5 0 10 12 1 1 9 9 9 9 10 12 1 10 12 1 10 12 1 10 12 1 10 10 10 9 12 1 9 12 1 1 8 1 10 12 10 12 1 10 12 1 11 12 1 10 12 1 10 12 9 12 1 9 12 1 8 1 10 12 10 12 1 11 9 12 1 9 12 1 8 1 10 12 1 100 1 4 8 1 9 100 12 1 1 1 10 12 1 10 7 12 1 1 11 10 12 1 10 12 1 10 12 1 10 12 1 10 12 1 10 10 10 12 1 1 7 1 11 12 1 10 7 12 1 1 10 12 1 10 11 10 12 1 10 100 12 1 1 1 9 12 1 1 11 10 12 1 1 10 100 1 10 12 1 1 10 12 1 1 10 100 12 1 1 1 10 12 1 1 100 1 10 12 1 1 10 12 1 10 10 12 1 100 1 10 12 1 10 7 12 1 1 1 10 12 1 10 100 12 1 1 10 10 12 1 100 1 11 12 1 1 10 100 12 1 1 10 100 1 9 12 1 9 12 1 10 12 1 1 10 12 1 11 10 12 1 1 11 10 10 12 1 1 10 10 12 1 1 10 100 1 100 1 10 12 9 100 12 1 1 1 10 12 1 10 12 1 1 100 1 100 1 8 1 10 12 1 8 1 8 1 10 100 12 1 1 100 1 10 12 1 10 12 1 1 100 1 10 12 1 10 12 1 1 100 1 10 12 1 100 1 10 12 1 100 1 10 100 1 10 12 1 1 100 1 10 10 12 1 1 10 12 1 10 12 1 1 10 12 1 10 12 1 10 12 1 10 12 1 9 12 1 1 9 7 12 1 1 1 10 7 12 1 1 1 18 10 12 1 9 12 1 8 1 10 12 1 1 7 1 10 12 1 7 1 10 12 1 9 12 1 9 12 1 10 12 1 1 10 12 1 1 10 12 1 9 12 1 18 10 12 7 1 10 12 1 1 11 12 1 7 1 10 12 1 1 10 12 1 10 12 1 10 12 1 1 10 12 1 7 1 100 1 7 1 18 7 1 10 12 1 10 12 1 1 8 1 10 12 1 10 12 1 10 12 1 1 10 12 1 10 12 1 1 9 100 12 1 1 9 12 1 10 10 12 1 9 12 1 10 12 1 1 10 12 1 1 10 12 1 10 12 1 11 12 1 10 12 1 10 12 1 1 10 10 8 10 10 12 1 1 18 10 12 1 10 10 10 10 18 10 10 12 1 1 10 12 1 10 12 1 10 12 1 10 12 1 10 12 1 10 12 1 10 12 1 10 12 1 10 12 1 1 10 12 1 10 12 1 10 12 1 10 10 5 0 9 12 1 1 9 9 12 1 1 5 0 9 12 1 1 5 0 9 12 1 1 5 0 9 12 1 1 5 0 9 12 1 1 9 12 1 1 9 12 1 1 5 0 5 0 5 0 5 0 10 12 10 9 9 10 10 7 12 1 1 1 10 12 1 7 1 10 12 1 1 100 1 10 12 1 10 12 1 1 10 12 7 1 100 1 10 12 1 10 12 1 1 10 12 7 1 100 1 10 12 1 10 12 8 1 10 12 1 10 8 1 10 12 1 8 1 7 1 100 1 10 12 1 10 12 1 10 12 7 1 100 1 10 12 1 10 12 7 1 100 1 10 12 1 10 12 7 1 7 1 10 12 1 10 12 7 1 100 1 10 12 1 10 12 100 1 100 1 100 1 10 12 1 1 100 1 10 12 1 10 5 0 10 7 12 1 1 1 9 12 1 1 11 7 12 1 1 1 7 1 10 12 1 10 12 1 1 10 12 1 11 12 1 1 10 12 1 8 1 9 12 1 1 10 12 1 1 7 1 10 12 1 1 10 12 1 1 10 12 1 10 12 1 10 12 10 12 1 1 10 12 1 1 10 12 1 1 10 12 1 10 11 12 1 11 12 1 11 12 1 11 12 1 10 11 12 1 11 12 1 10 11 12 1 11 12 1 11 12 1 10 11 12 1 11 12 1 11 12 1 11 12 1 11 12 1 11 12 1 11 12 1 11 12 1 10 11 12 1 11 12 1 10 11 12 1 11 12 1 11 12 1 10 12 1 1 10 12 1 10 12 1 10 12 1 10 12 1 10 12 1 10 12 1 1 10 12 1 9 12 1 10 12 1 1 10 12 1 10 12 1 10 12 1 1 11 12 1 1 10 10 12 1 10 12 1 9 12 1 1 10 100 12 1 10 12 1 1 100 1 10 10 12 1 10 12 1 10 10 12 1 1 10 12 1 10 12 1 1 10 12 1 10 10 10 12 1 1 10 12 1 11 10 12 1 8 10 12 1 8 1 10 12 1 1 10 12 1 1 10 12 1 11 12 1 1 11 7 12 1 1 11 12 1 7 1 8 1 10 12 1 3 8 1 11 12 8 1 7 1 10 12 1 10 7 12 1 1 1 9 12 1 1 10 12 1 10 12 1 8 10 12 1 1 10 12 1 9 7 12 1 1 10 12 1 1 10 12 1 10 12 1 8 1 10 12 1 8 1 10 12 1 8 1 8 1 8 1 10 12 1 10 12 1 10 7 12 1 1 11 12 1 1 10 12 1 10 12 1 1 8 1 18 10 12 1 8 1 8 1 10 12 1 8 1 10 12 1 1 10 12 1 8 1 9 12 1 8 1 9 12 1 1 11 7 12 1 1 1 8 1 7 1 10 10 12 1 9 10 12 1 10 12 1 9 12 1 18 12 1 10 12 1 10 12 1 9 12 1 10 12 1 1 8 1 10 12 1 18 10 12 1 10 12 1 18 12 1 10 12 1 1 10 7 12 1 1 1 18 10 12 1 1 18 10 100 12 1 1 1 18 10 12 1 10 12 1 9 12 1 10 10 12 1 10 10 12 1 1 9 12 1 10 12 1 10 10 10 12 1 9 12 1 11 100 12 1 1 10 10 12 1 1 9 12 1 10 12 1 1 10 12 1 10 12 1 8 1 10 12 1 1 8 1 8 1 8 1 18 12 1 10 10 12 1 18 9 12 1 1 10 12 1 1 8 1 10 100 12 1 10 12 1 10 12 1 10 100 1 10 9 12 1 1 7 1 10 12 10 12 1 1 10 12 1 10 10 12 1 10 12 10 12 1 10 10 10 12 1 10 100 12 1 1 10 100 12 1 1 10 12 1 10 100 12 1 1 10 100 12 1 1 10 7 12 1 1 100 1 8 1 10 100 12 1 1 1 10 12 1 10 100 12 1 1 1 11 100 12 1 1 1 10 12 1 10 100 12 1 1 8 1 10 12 1 1 8 1 8 1 8 1 8 1 8 1 10 12 1 8 1 8 1 8 1 10 100 12 1 1 10 12 1 10 12 1 10 12 1 1 10 12 1 1 10 12 1 1 10 12 1 1 10 12 1 1 10 12 1 1 100 1 9 12 1 10 12 1 1 10 12 1 1 10 12 1 1 8 100 1 10 10 12 1 1 10 10 12 1 10 10 12 1 10 12 1 10 12 1 1 10 12 1 1 11 100 1 10 12 1 10 12 1 1 100 1 10 10 12 1 9 12 1 9 12 1 9 12 1 9 12 1 10 12 1 1 9 12 1 10 12 1 11 100 12 1 1 9 12 1 8 1 10 12 1 1 10 12 1 9 12 1 10 10 12 1 1 10 12 1 9 12 1 18 12 1 10 7 1 9 12 1 10 12 1 1 10 11 12 1 1 10 12 1 10 12 1 18 12 1 10 12 1 1 10 10 12 1 1 10 12 1 1 10 12 1 10 12 1 10 10 12 1 18 10 12 1 10 12 1 1 10 10 12 1 18 18 10 12 1 10 12 1 18 10 12 1 10 12 1 10 10 10 12 1 1 10 12 1 10 12 1 10 12 1 18 10 12 1 18 12 1 10 12 1 10 12 10 12 1 18 10 12 1 10 12 1 10 12 1 18 12 1 18 10 12 1 10 12 1 10 12 1 1 11 12 1 1 10 12 1 8 1 10 12 1 1 9 12 1 8 1 8 1 8 1 8 1 8 1 8 1 8 1 7 1 10 10 12 1 10 12 1 8 1 10 12 1 8 1 8 1 10 100 12 1 1 1 7 1 10 10 7 12 1 1 1 7 1 10 100 1 1 1 1 1 3 1 3 1 3 1 1 8 1 1 8 1 1 1 8 1 1 1 8 1 1 1 1 1 1 8 1 1 8 1 1 8 1 1 1 1 1 8 1 1 8 1 1 1 4 1 1 4 1 1 1 5 0 1 1 1 1 1 1 1 1 1 1 1 1 100 1 1 1 1 1 1 1 1 1 1 1 1 1 1 1 1 1 1 1 1 1 1 1 1 1 1 1 1 1 1 1 1 1 1 1 1 1 1 1 1 1 1 1 1 1 1 1 1 1 1 1 1 100 1 1 1 1 1 1 1 1 1 100 1 1 1 1 1 1 1 1 1 1 1 1 1 1 1 1 1 1 1 1 1 1 1 1 1 1 1 1 1 1 1 1 1 1 1 1 1 1 1 1 1 1 1 1 1 1 1 1 1 1 1 1 1 1 1 1 1 1 1 1 1 1 1 1 1 1 1 1 1 1 1 1 1 1 1 1 100 1 100 1 1 1 1 1 1 1 1 1 1 1 1 1 1 1 1 1 1 1 1 1 1 1 1 1 1 1 1 1 1 1 1 1 1 1 1 1 1 1 1 1 1 1 1 1 1 1 1 1 1 1 1 1 1 1 1 1 1 1 1 1 1 1 1 1 1 1 1 1 1 1 1 1 1 1 1 1 1 1 1 1 1 1 1 1 1 100 1 1 1 1 1 1 1 1 1 1 1 1 1 1 1 1 1 1 1 1 1 1 1 1 1 1 1 1 1 1 1 1 1 1 1 1 1 1 1 1 1 1 100 1 1 1 1 1 1 1 1 1 1 1 1 1 1 1 1 1 1 1 1 1 1 1 1 1 1 1 1 1 1 1 1 1 1 1 1 1 1 1 1 1 1 1 1 1 1 1 1 1 1 1 1 1 1 1 1 1 1 1 1 1 1 1 100 1 1 1 1 1 1 100 1 1 1 1 1 1 1 1 1 1 1 1 1 1 1 1 1 1 1 1 1 1 1 1 1 1 1 1 1 1 1 1 1 1 1 1 1 1 1 1 1 100 1 1 1 1 1 1 100 1 100 1 100 1 1 8 1 8 1 8 1 8 1 8 1 8 1 8 1 8 1 8 1 8 1 8 1 8 1 8 1 8 1 8 1 8 1 8 1 8 1 8 1 8 1 8 1 8 1 8 1 8 1 8 1 8 1 15 10 100 12 1 1 1 1 1 1 1 1 1 1 1 1 1 1 1 1 1 1 100 1 1 1 1 1 100 1 100 1 1
staticfield java/awt/Component log Lsun/util/logging/PlatformLogger; sun/util/logging/PlatformLogger
staticfield java/awt/Component eventLog Lsun/util/logging/PlatformLogger; sun/util/logging/PlatformLogger
staticfield java/awt/Component focusLog Lsun/util/logging/PlatformLogger; sun/util/logging/PlatformLogger
staticfield java/awt/Component mixingLog Lsun/util/logging/PlatformLogger; sun/util/logging/PlatformLogger
staticfield java/awt/Component focusTraversalKeyPropertyNames [Ljava/lang/String; 4 [Ljava/lang/String;
staticfield java/awt/Component LOCK Ljava/lang/Object; java/awt/Component$AWTTreeLock
staticfield java/awt/Component coalesceMap Ljava/util/Map; java/util/WeakHashMap
staticfield java/awt/Component coalesceEventsParams [Ljava/lang/Class; 2 [Ljava/lang/Class;
staticfield java/awt/Component $assertionsDisabled Z 1
ciMethod javax/swing/JComponent fetchRectangle ()Ljava/awt/Rectangle; 410 0 4613 0 0
ciMethod javax/swing/JComponent recycleRectangle (Ljava/awt/Rectangle;)V 412 0 4606 0 0
ciMethod javax/swing/JComponent paintChildren (Ljava/awt/Graphics;)V 518 1180 4376 0 -1
ciMethod javax/swing/JComponent isLightweightComponent (Ljava/awt/Component;)Z 10 0 93 0 0
ciMethod javax/swing/JComponent getWidth ()I 514 0 32945 0 -1
ciMethod javax/swing/JComponent getHeight ()I 532 0 32349 0 -1
ciMethod javax/swing/JComponent isOptimizedDrawingEnabled ()Z 258 0 129 0 -1
ciMethod javax/swing/JComponent getObscuredState (IIIII)I 66 62 850 0 0
ciMethod javax/swing/JComponent checkIfChildObscuredBySibling ()Z 44 0 513 0 0
ciMethod javax/swing/JComponent setFlag (IZ)V 512 0 19840 0 128
ciMethod javax/swing/JComponent getFlag (I)Z 514 0 60100 0 0
instanceKlass javax/swing/JOptionPane
instanceKlass javax/swing/JToolTip
instanceKlass javax/swing/JLayer
instanceKlass javax/swing/JToolBar
instanceKlass javax/swing/JInternalFrame
instanceKlass javax/swing/Box$Filler
instanceKlass javax/swing/Box
instanceKlass javax/swing/JScrollBar
instanceKlass javax/swing/JViewport
instanceKlass javax/swing/JPopupMenu
instanceKlass javax/swing/JMenuBar
instanceKlass javax/swing/JLayeredPane
instanceKlass javax/swing/JRootPane
instanceKlass javax/swing/JProgressBar
instanceKlass javax/swing/JSplitPane
instanceKlass javax/swing/JTabbedPane
instanceKlass javax/swing/JScrollPane
instanceKlass javax/swing/JPanel
instanceKlass javax/swing/JLabel
instanceKlass javax/swing/AbstractButton
instanceKlass javax/swing/text/JTextComponent
ciInstanceKlass javax/swing/JComponent 1 1 1952 9 7 12 1 1 1 10 7 12 1 1 1 10 12 1 1 9 12 1 1 9 12 1 1 10 7 12 1 1 1 10 12 1 1 100 1 11 12 1 1 10 100 12 1 1 1 9 12 1 1 7 1 10 12 1 1 7 1 100 1 10 7 12 1 1 1 11 7 12 1 1 1 9 12 1 9 12 1 1 11 7 12 1 1 1 11 12 1 1 7 1 10 12 1 11 10 12 1 1 10 12 1 1 8 1 10 12 1 1 100 1 5 0 10 12 1 1 9 12 1 1 8 1 10 12 1 10 12 1 1 10 12 1 1 10 12 1 1 7 1 7 1 10 7 1 10 12 7 1 10 9 12 1 1 9 12 1 1 9 12 1 1 7 1 10 12 1 9 12 1 1 5 0 10 12 1 8 1 10 12 1 1 10 100 12 1 1 1 8 1 10 12 1 10 12 1 1 10 12 1 1 9 12 1 1 10 12 1 10 7 12 1 1 1 9 7 12 1 1 1 10 7 12 1 1 1 9 12 1 9 12 1 9 12 1 10 7 12 1 1 1 8 1 10 12 1 10 12 1 10 12 1 9 12 1 1 10 7 12 1 1 1 100 1 10 12 1 1 8 1 9 12 1 10 100 12 1 1 10 12 1 10 12 1 10 12 1 1 10 7 12 1 1 1 10 12 1 1 10 12 1 1 10 12 1 10 12 1 10 12 1 10 12 1 1 10 12 1 9 12 1 10 12 1 10 12 1 1 10 12 1 1 10 12 1 10 12 1 10 12 1 10 12 1 10 12 1 10 12 1 1 10 10 12 1 10 12 1 10 12 1 1 10 12 1 1 9 12 1 1 9 12 1 9 12 1 9 12 1 11 7 12 1 1 1 10 12 1 1 10 12 1 1 10 12 1 10 10 10 12 1 1 10 12 1 10 12 1 10 12 1 1 10 12 1 1 11 7 12 1 1 1 10 10 12 1 1 10 7 12 1 1 1 10 12 1 10 12 1 10 12 1 10 12 1 10 12 1 10 12 1 10 12 1 10 12 1 10 12 1 1 10 12 1 10 12 10 12 1 10 12 1 10 12 1 10 12 1 10 8 1 10 12 1 1 10 12 1 1 10 12 1 10 12 1 10 12 1 1 100 1 10 12 1 10 12 1 10 12 1 1 10 12 1 10 12 1 10 12 1 8 1 10 12 1 10 12 1 10 12 1 10 12 1 10 12 10 8 10 7 12 1 1 1 10 12 1 1 10 12 1 10 12 1 1 10 12 1 10 12 1 10 12 1 10 12 1 10 12 10 12 1 10 12 1 10 12 1 10 12 10 12 1 1 10 12 1 9 12 1 1 8 11 12 1 1 10 7 12 1 1 10 12 1 1 10 7 1 10 12 1 9 12 1 9 12 1 9 12 1 9 12 1 9 12 1 9 12 1 1 10 12 1 1 10 12 1 1 9 12 1 9 12 1 10 12 1 9 7 12 1 1 1 100 1 8 10 10 12 1 1 10 12 1 1 10 12 1 10 12 1 1 10 12 1 1 100 1 10 12 1 10 7 12 1 1 1 10 7 12 1 1 8 1 7 1 10 12 1 1 10 10 12 1 1 10 12 10 10 12 1 1 11 7 12 1 1 11 12 1 10 12 1 10 12 1 10 10 12 1 10 12 1 10 12 10 7 12 1 1 1 10 12 1 1 10 12 1 10 12 1 1 10 12 1 10 12 1 10 12 100 1 10 100 12 1 1 1 10 12 1 9 12 1 1 10 10 7 1 100 1 8 1 10 12 1 9 12 1 1 9 12 1 1 9 12 1 8 1 9 12 1 1 10 10 12 1 1 10 12 10 10 12 1 1 10 12 1 1 10 12 1 10 12 1 1 9 100 12 1 1 1 10 100 12 1 1 1 10 10 10 12 1 10 12 10 12 10 12 1 10 12 1 8 1 10 12 1 10 7 1 10 12 1 10 12 1 10 8 1 10 12 1 7 1 10 12 1 10 12 1 10 12 1 10 12 1 1 10 12 1 10 12 1 10 7 12 1 1 1 10 12 1 10 12 1 1 10 12 1 10 12 1 10 12 1 1 10 12 1 10 12 1 1 10 12 1 10 12 1 10 12 1 10 12 1 10 12 1 1 7 1 10 12 1 1 10 12 1 1 7 1 10 12 1 1 10 12 1 1 8 1 10 7 12 1 1 1 10 12 1 10 12 1 7 1 7 1 10 10 12 1 10 12 1 10 12 1 7 1 10 10 12 1 9 12 1 5 0 10 7 12 1 1 9 12 1 100 1 10 12 1 1 8 1 10 7 1 10 12 1 1 10 12 1 1 10 12 1 10 12 1 10 12 1 100 1 8 1 9 100 12 1 1 1 10 10 12 1 10 10 10 12 1 1 10 12 10 10 12 1 1 10 7 12 1 1 8 1 10 7 1 10 12 1 10 12 1 8 10 12 1 100 1 10 12 1 1 18 12 1 1 10 7 12 1 1 1 11 7 12 1 1 10 12 1 10 12 1 100 1 10 12 1 10 12 1 100 1 10 10 12 1 10 10 10 10 10 10 10 10 10 10 10 12 1 1 10 10 12 10 10 12 1 10 12 1 9 12 1 1 10 100 12 1 1 10 12 10 12 1 1 10 12 1 7 1 10 12 1 1 9 12 1 100 1 10 12 1 1 10 10 12 1 1 10 12 1 9 10 12 1 1 10 12 1 7 1 10 12 1 1 10 100 1 10 7 1 10 12 1 1 10 12 1 1 10 10 12 1 8 1 10 12 10 12 1 10 12 10 12 1 10 12 1 10 12 1 10 7 12 1 1 1 10 12 1 10 12 1 1 10 12 1 10 12 1 10 12 1 10 12 1 10 12 1 18 12 1 1 10 12 1 1 10 12 1 10 12 1 1 10 12 1 1 10 12 1 10 12 1 10 7 1 10 10 12 1 10 10 12 1 10 12 1 1 10 11 12 10 12 1 9 12 1 3 10 12 1 10 12 1 1 10 12 1 1 100 1 10 100 12 1 1 1 8 10 100 12 1 1 8 10 12 1 8 8 8 10 12 1 8 8 10 12 1 8 100 1 8 8 8 8 9 12 1 1 100 1 10 12 1 100 1 100 1 10 10 10 10 12 1 10 12 1 10 100 12 1 1 10 12 1 10 12 1 1 10 10 8 1 10 10 8 1 11 10 12 1 18 12 1 10 12 1 10 12 1 7 1 8 1 10 9 12 1 8 7 1 10 10 7 12 1 1 1 7 1 10 9 12 1 1 100 1 100 1 1 1 1 1 1 1 1 3 1 3 1 3 1 1 1 1 3 1 8 1 1 1 1 1 1 1 1 3 1 3 1 3 1 3 1 3 1 3 1 3 1 3 1 3 1 3 1 3 1 3 1 3 1 3 1 3 1 3 1 3 1 3 1 3 1 3 1 3 1 3 1 3 1 3 1 1 1 1 1 1 1 1 1 1 1 100 1 1 1 1 1 1 1 1 1 1 1 1 1 1 1 1 1 1 1 1 1 1 1 1 1 1 1 1 1 1 1 1 1 1 1 1 1 100 1 1 1 1 1 1 1 1 1 1 1 1 1 1 1 1 1 1 1 1 1 1 1 1 1 1 1 1 1 1 1 1 1 1 1 1 1 1 1 1 1 1 1 1 1 1 1 1 1 1 1 1 1 1 1 1 1 1 1 1 1 1 1 1 1 1 1 1 1 1 1 1 1 1 1 1 1 1 1 1 1 1 1 1 1 1 1 1 1 1 1 1 1 1 1 1 1 1 1 1 1 1 1 1 1 1 1 1 1 1 1 1 1 1 1 1 1 1 1 1 1 1 1 1 100 100 1 1 1 1 1 1 100 1 1 1 1 1 1 1 1 1 1 1 1 1 1 1 1 1 1 1 1 100 1 1 1 1 1 1 1 1 1 1 1 1 1 1 1 1 1 1 1 1 1 1 1 1 1 1 1 1 1 1 1 1 1 1 1 1 1 1 1 1 1 1 1 1 1 1 1 1 1 1 1 1 1 1 1 1 1 1 1 1 1 1 1 1 1 1 1 1 1 1 1 1 1 1 1 1 1 1 1 1 1 1 100 1 1 1 1 1 1 1 1 1 1 1 1 1 1 1 1 1 1 1 1 1 1 1 1 1 1 1 1 1 1 1 1 1 1 1 1 1 1 1 100 1 1 1 1 1 1 1 1 1 1 1 1 1 1 1 1 1 1 1 1 1 100 1 1 1 1 1 1 1 1 1 1 1 1 1 1 1 1 1 1 1 1 1 1 100 1 100 1 100 1 100 1 1 8 1 16 15 10 12 8 1 15 10 100 12 1 1 15 10 100 12 1 1 1 1 100 1 1 1 1 1 100 1 1 1 1 1 100 1 1 1 1 1 100 1 1 1 1 100 1 100 1 1
staticfield javax/swing/JComponent readObjectCallbacks Ljava/util/Hashtable; java/util/Hashtable
staticfield javax/swing/JComponent INPUT_VERIFIER_SOURCE_KEY Ljava/lang/Object; java/lang/StringBuilder
staticfield javax/swing/JComponent focusController Lsun/awt/RequestFocusController; javax/swing/JComponent$2
ciInstanceKlass java/awt/Transparency 1 0 17 100 1 100 1 1 1 1 3 1 3 1 3 1 1 1 1
ciInstanceKlass java/awt/Paint 1 0 11 100 1 100 1 100 1 1 1 1 1
ciInstanceKlass java/awt/Stroke 1 0 9 100 1 100 1 1 1 1 1
ciMethod javax/swing/SwingUtilities getWindowAncestor (Ljava/awt/Component;)Ljava/awt/Window; 746 6340 5061 0 0
ciMethod javax/swing/SwingUtilities computeIntersection (IIIILjava/awt/Rectangle;)Ljava/awt/Rectangle; 1024 0 8880 0 0
ciMethod sun/awt/AWTAccessor getComponentAccessor ()Lsun/awt/AWTAccessor$ComponentAccessor; 514 0 19230 0 0
ciMethod sun/awt/AWTAccessor ensureClassInitialized (Ljava/lang/Class;)V 0 0 1 0 -1
ciInstanceKlass sun/java2d/DisposerTarget 1 0 9 100 1 100 1 1 1 1 1
ciInstanceKlass sun/java2d/StateTrackable 1 0 16 100 1 100 1 1 1 1 1 1 1 1 100 1 1 1
ciInstanceKlass sun/java2d/Surface 1 0 7 100 1 100 1 1 1
ciMethod sun/java2d/SurfaceData pixelFor (I)I 516 0 6593 0 184
instanceKlass sun/java2d/d3d/D3DSurfaceData
instanceKlass sun/java2d/windows/GDIWindowSurfaceData
instanceKlass sun/awt/image/BufImgSurfaceData
instanceKlass sun/java2d/NullSurfaceData
ciInstanceKlass sun/java2d/SurfaceData 1 1 821 9 7 12 1 1 1 10 7 12 1 1 1 10 7 12 1 1 1 10 12 1 10 7 12 1 1 9 12 1 1 9 12 1 1 9 12 1 1 9 12 1 1 9 12 1 1 10 7 12 1 1 1 9 12 1 1 10 7 12 1 1 1 10 12 1 1 10 7 12 1 1 1 10 7 12 1 1 1 10 12 1 10 12 1 1 9 12 1 9 12 1 1 10 12 1 1 10 12 1 1 10 12 1 1 10 12 1 10 10 12 1 1 10 12 1 9 12 1 9 12 1 1 7 1 6 0 6 0 10 12 1 10 12 1 1 9 7 12 1 1 1 9 12 1 9 12 1 9 12 1 1 10 12 1 1 100 1 9 12 1 9 7 12 1 1 9 7 12 1 1 1 10 12 1 1 10 7 12 1 1 1 9 12 1 9 12 1 10 7 12 1 1 9 12 1 100 1 9 12 1 9 12 1 1 9 9 12 1 1 9 12 1 1 9 12 1 1 9 12 1 1 9 12 1 1 9 12 1 1 9 12 1 10 12 1 1 9 12 1 1 9 12 1 9 12 1 1 9 12 1 9 12 1 9 12 1 9 12 1 9 12 1 9 12 1 9 12 1 9 12 1 9 12 1 10 12 1 1 9 12 1 1 9 12 1 9 12 1 10 7 12 1 1 9 12 1 9 12 1 9 12 1 10 12 1 1 9 12 1 9 12 1 9 12 1 9 12 1 7 1 10 12 1 1 9 12 1 1 9 12 1 9 12 1 10 12 1 1 9 7 12 1 1 9 12 1 9 12 1 9 12 1 1 11 7 1 9 12 1 9 12 1 9 12 1 9 12 1 9 12 1 9 12 1 9 12 1 9 12 1 9 12 1 9 12 1 9 12 1 9 12 1 10 12 1 1 10 12 1 1 10 12 1 1 10 12 1 9 12 1 1 10 7 12 1 1 7 1 10 12 1 1 10 12 1 10 10 7 12 1 1 9 12 1 1 10 7 12 1 1 9 12 1 1 10 7 12 1 1 9 12 1 1 10 7 12 1 1 9 12 1 1 10 7 12 1 1 9 12 1 1 10 7 12 1 1 9 12 1 1 10 7 12 1 1 9 12 1 1 9 12 1 1 10 7 12 1 1 9 12 1 1 10 7 12 1 1 9 12 1 1 10 7 12 1 1 9 12 1 1 9 12 1 1 10 7 12 1 1 9 12 1 1 10 12 1 1 10 7 1 10 12 1 1 10 100 12 1 1 10 12 1 10 12 1 9 100 12 1 1 10 100 12 1 1 1 100 1 100 1 10 100 12 1 1 1 18 12 1 1 10 12 1 10 12 1 7 1 10 7 1 10 7 1 10 9 7 12 1 1 7 1 10 7 1 10 7 1 10 9 12 1 1 7 1 10 12 1 7 1 6 0 10 7 1 10 12 1 7 1 10 9 12 1 1 7 1 10 9 12 1 1 10 12 1 9 12 1 7 1 10 9 12 1 7 1 10 7 1 10 9 12 1 9 12 1 9 12 1 7 1 10 9 12 1 9 12 1 9 12 1 9 12 1 7 1 10 10 12 1 100 1 100 1 100 1 1 1 3 1 3 1 3 1 1 1 1 1 1 1 1 1 1 1 1 1 1 1 1 1 1 1 1 1 1 1 1 1 1 1 1 1 1 1 1 1 1 1 1 1 1 1 1 1 1 1 1 1 1 1 1 1 1 1 1 1 1 1 1 1 1 1 1 1 1 1 1 1 1 1 1 1 1 1 1 1 1 1 1 1 1 1 1 1 1 1 1 1 1 1 1 1 1 1 1 1 1 1 1 8 1 15 10 100 12 1 1 1 1 1 1 1 100 1 1 100 1 100 1 1
staticfield sun/java2d/SurfaceData colorPrimitives Lsun/java2d/pipe/LoopPipe; sun/java2d/pipe/LoopPipe
staticfield sun/java2d/SurfaceData outlineTextRenderer Lsun/java2d/pipe/TextPipe; sun/java2d/pipe/OutlineTextRenderer
staticfield sun/java2d/SurfaceData solidTextRenderer Lsun/java2d/pipe/TextPipe; sun/java2d/pipe/SolidTextRenderer
staticfield sun/java2d/SurfaceData aaTextRenderer Lsun/java2d/pipe/TextPipe; sun/java2d/pipe/AATextRenderer
staticfield sun/java2d/SurfaceData lcdTextRenderer Lsun/java2d/pipe/TextPipe; sun/java2d/pipe/LCDTextRenderer
staticfield sun/java2d/SurfaceData colorPipe Lsun/java2d/pipe/AlphaColorPipe; sun/java2d/pipe/AlphaColorPipe
staticfield sun/java2d/SurfaceData colorViaShape Lsun/java2d/pipe/PixelToShapeConverter; sun/java2d/SurfaceData$PixelToShapeLoopConverter
staticfield sun/java2d/SurfaceData colorViaPgram Lsun/java2d/pipe/PixelToParallelogramConverter; sun/java2d/SurfaceData$PixelToPgramLoopConverter
staticfield sun/java2d/SurfaceData colorText Lsun/java2d/pipe/TextPipe; sun/java2d/pipe/TextRenderer
staticfield sun/java2d/SurfaceData clipColorPipe Lsun/java2d/pipe/CompositePipe; sun/java2d/pipe/SpanClipRenderer
staticfield sun/java2d/SurfaceData clipColorText Lsun/java2d/pipe/TextPipe; sun/java2d/pipe/TextRenderer
staticfield sun/java2d/SurfaceData AAColorShape Lsun/java2d/pipe/AAShapePipe; sun/java2d/pipe/AAShapePipe
staticfield sun/java2d/SurfaceData AAColorViaShape Lsun/java2d/pipe/PixelToParallelogramConverter; sun/java2d/pipe/PixelToParallelogramConverter
staticfield sun/java2d/SurfaceData AAColorViaPgram Lsun/java2d/pipe/PixelToParallelogramConverter; sun/java2d/pipe/PixelToParallelogramConverter
staticfield sun/java2d/SurfaceData AAClipColorShape Lsun/java2d/pipe/AAShapePipe; sun/java2d/pipe/AAShapePipe
staticfield sun/java2d/SurfaceData AAClipColorViaShape Lsun/java2d/pipe/PixelToParallelogramConverter; sun/java2d/pipe/PixelToParallelogramConverter
staticfield sun/java2d/SurfaceData paintPipe Lsun/java2d/pipe/CompositePipe; sun/java2d/pipe/AlphaPaintPipe
staticfield sun/java2d/SurfaceData paintShape Lsun/java2d/pipe/SpanShapeRenderer; sun/java2d/pipe/SpanShapeRenderer$Composite
staticfield sun/java2d/SurfaceData paintViaShape Lsun/java2d/pipe/PixelToShapeConverter; sun/java2d/pipe/PixelToShapeConverter
staticfield sun/java2d/SurfaceData paintText Lsun/java2d/pipe/TextPipe; sun/java2d/pipe/TextRenderer
staticfield sun/java2d/SurfaceData clipPaintPipe Lsun/java2d/pipe/CompositePipe; sun/java2d/pipe/SpanClipRenderer
staticfield sun/java2d/SurfaceData clipPaintText Lsun/java2d/pipe/TextPipe; sun/java2d/pipe/TextRenderer
staticfield sun/java2d/SurfaceData AAPaintShape Lsun/java2d/pipe/AAShapePipe; sun/java2d/pipe/AAShapePipe
staticfield sun/java2d/SurfaceData AAPaintViaShape Lsun/java2d/pipe/PixelToParallelogramConverter; sun/java2d/pipe/PixelToParallelogramConverter
staticfield sun/java2d/SurfaceData AAClipPaintShape Lsun/java2d/pipe/AAShapePipe; sun/java2d/pipe/AAShapePipe
staticfield sun/java2d/SurfaceData AAClipPaintViaShape Lsun/java2d/pipe/PixelToParallelogramConverter; sun/java2d/pipe/PixelToParallelogramConverter
staticfield sun/java2d/SurfaceData compPipe Lsun/java2d/pipe/CompositePipe; sun/java2d/pipe/GeneralCompositePipe
staticfield sun/java2d/SurfaceData compShape Lsun/java2d/pipe/SpanShapeRenderer; sun/java2d/pipe/SpanShapeRenderer$Composite
staticfield sun/java2d/SurfaceData compViaShape Lsun/java2d/pipe/PixelToShapeConverter; sun/java2d/pipe/PixelToShapeConverter
staticfield sun/java2d/SurfaceData compText Lsun/java2d/pipe/TextPipe; sun/java2d/pipe/TextRenderer
staticfield sun/java2d/SurfaceData clipCompPipe Lsun/java2d/pipe/CompositePipe; sun/java2d/pipe/SpanClipRenderer
staticfield sun/java2d/SurfaceData clipCompText Lsun/java2d/pipe/TextPipe; sun/java2d/pipe/TextRenderer
staticfield sun/java2d/SurfaceData AACompShape Lsun/java2d/pipe/AAShapePipe; sun/java2d/pipe/AAShapePipe
staticfield sun/java2d/SurfaceData AACompViaShape Lsun/java2d/pipe/PixelToParallelogramConverter; sun/java2d/pipe/PixelToParallelogramConverter
staticfield sun/java2d/SurfaceData AAClipCompShape Lsun/java2d/pipe/AAShapePipe; sun/java2d/pipe/AAShapePipe
staticfield sun/java2d/SurfaceData AAClipCompViaShape Lsun/java2d/pipe/PixelToParallelogramConverter; sun/java2d/pipe/PixelToParallelogramConverter
staticfield sun/java2d/SurfaceData imagepipe Lsun/java2d/pipe/DrawImagePipe; sun/java2d/pipe/DrawImage
ciMethod sun/java2d/loops/SurfaceType pixelFor (ILjava/awt/image/ColorModel;)I 620 0 6593 0 0
ciMethod sun/awt/image/PixelConverter rgbToPixel (ILjava/awt/image/ColorModel;)I 0 0 1 0 -1
ciMethod sun/awt/image/PixelConverter$Xrgb rgbToPixel (ILjava/awt/image/ColorModel;)I 518 0 1434 0 80
ciMethod sun/awt/image/PixelConverter$Argb rgbToPixel (ILjava/awt/image/ColorModel;)I 28 0 14 0 0
instanceKlass java/awt/image/IndexColorModel
instanceKlass java/awt/image/PackedColorModel
ciInstanceKlass java/awt/image/ColorModel 1 1 442 9 7 12 1 1 1 8 1 10 7 12 1 1 1 9 7 12 1 1 1 10 7 12 1 1 1 100 1 9 12 1 1 9 12 1 9 12 1 9 12 1 9 12 1 7 1 10 12 1 1 9 12 1 1 9 12 1 9 12 1 9 12 1 100 1 8 1 10 12 9 12 1 10 12 1 1 9 12 1 10 12 1 1 10 12 1 18 12 1 1 18 12 1 10 7 12 1 1 1 9 12 1 1 8 1 8 1 8 1 100 1 8 1 10 10 100 12 1 1 10 12 1 10 12 1 10 12 1 10 12 1 100 1 100 1 3 100 1 18 10 8 1 10 12 1 10 12 10 12 10 12 8 1 8 1 18 4 8 1 10 12 1 1 10 12 1 1 10 12 1 1 10 12 1 1 10 12 1 1 10 12 1 1 10 12 1 8 1 10 100 12 1 1 1 18 12 1 100 1 9 12 1 4 4 4 4 6 0 10 100 12 1 1 1 4 10 12 1 1 9 12 1 4 6 0 9 12 1 3 4 9 12 1 10 12 1 1 10 12 1 1 9 12 1 1 11 100 12 1 1 1 10 100 12 1 1 10 100 12 1 1 1 100 1 10 100 12 1 1 1 11 100 12 1 1 1 11 12 1 1 100 1 10 12 1 10 100 12 1 1 1 11 12 1 1 9 12 1 11 12 1 4 10 12 1 9 12 1 9 12 1 10 12 1 10 12 1 1 1 1 1 1 1 1 1 1 1 1 1 1 1 1 1 1 1 1 1 1 1 1 1 1 1 1 1 1 1 1 1 1 1 1 1 1 1 1 1 1 1 1 1 1 1 1 1 1 1 1 1 1 1 1 1 1 1 1 1 1 1 1 1 1 1 1 1 1 1 1 1 1 1 1 1 1 1 1 1 1 1 1 1 1 1 1 1 1 1 1 1 1 1 1 1 1 1 1 1 1 8 1 8 1 8 1 8 1 8 1 15 10 100 12 1 1 1 1 100 1 100 1 1
ciInstanceKlass sun/java2d/pipe/PixelDrawPipe 1 0 17 100 1 100 1 1 1 1 1 1 1 1 1 1 1 1 1
ciInstanceKlass sun/java2d/pipe/PixelFillPipe 1 0 15 100 1 100 1 1 1 1 1 1 1 1 1 1 1
ciInstanceKlass sun/java2d/pipe/ShapeDrawPipe 1 0 10 100 1 100 1 1 1 1 1 1
ciInstanceKlass sun/java2d/pipe/TextPipe 1 0 13 100 1 100 1 1 1 1 1 1 1 1 1
ciInstanceKlass sun/java2d/pipe/DrawImagePipe 1 0 16 100 1 100 1 1 1 1 1 1 1 1 1 1 1 1
ciMethod sun/java2d/pipe/LoopPipe getFillSSI (Lsun/java2d/SunGraphics2D;)Lsun/java2d/pipe/ShapeSpanIterator; 16 0 209 0 -1
ciMethod sun/font/FontUtilities getFont2D (Ljava/awt/Font;)Lsun/font/Font2D; 14 0 17720 0 -1
ciMethod sun/java2d/pipe/Region getInstance ([ILsun/java2d/pipe/SpanIterator;)Lsun/java2d/pipe/Region; 0 0 2 0 -1
ciMethod sun/java2d/pipe/Region getIntersection (Ljava/awt/geom/Rectangle2D;)Lsun/java2d/pipe/Region; 200 0 2514 0 -1
ciMethod sun/java2d/pipe/Region isRectangular ()Z 414 0 7398 0 -1
ciInstanceKlass sun/java2d/DestSurfaceProvider 1 0 9 100 1 100 1 1 1 1 1
ciInstanceKlass java/awt/peer/ComponentPeer 1 0 97 100 1 100 1 1 1 1 3 1 3 1 3 1 3 1 3 1 3 1 1 1 1 1 1 1 1 1 1 1 1 1 1 1 1 1 1 1 1 1 1 1 1 1 1 1 1 1 1 1 1 1 1 1 1 1 1 1 1 1 1 1 1 1 1 1 1 100 1 1 1 1 1 1 1 1 1 1 1 1 1 1 1 1 1 1 1 100 1 100 1 1 100 1 100 1 1
ciMethod java/awt/Font getSize ()I 260 0 130 0 -1
ciMethod java/awt/Font isTransformed ()Z 266 0 133 0 -1
ciMethod java/awt/geom/AffineTransform <init> (DDDDDDI)V 562 0 3445 0 -1
ciMethod java/awt/geom/AffineTransform <init> ()V 274 0 5261 0 -1
ciMethod java/awt/geom/AffineTransform <init> (Ljava/awt/geom/AffineTransform;)V 48 0 5162 0 168
ciMethod java/awt/geom/AffineTransform getTranslateInstance (DD)Ljava/awt/geom/AffineTransform; 260 0 560 0 -1
ciMethod java/awt/geom/AffineTransform getType ()I 516 0 41632 0 112
ciMethod java/awt/geom/AffineTransform calculateType ()V 96 0 5222 0 -1
ciMethod java/awt/geom/AffineTransform getDeterminant ()D 454 0 8433 0 -1
ciMethod java/awt/geom/AffineTransform updateState ()V 512 0 5889 0 -1
ciMethod java/awt/geom/AffineTransform stateError ()V 0 0 1 0 -1
ciMethod java/awt/geom/AffineTransform getScaleX ()D 260 0 130 0 -1
ciMethod java/awt/geom/AffineTransform getScaleY ()D 258 0 129 0 -1
ciMethod java/awt/geom/AffineTransform getShearX ()D 264 0 132 0 -1
ciMethod java/awt/geom/AffineTransform getShearY ()D 258 0 129 0 -1
ciMethod java/awt/geom/AffineTransform getTranslateX ()D 264 0 132 0 0
ciMethod java/awt/geom/AffineTransform getTranslateY ()D 262 0 131 0 0
ciMethod java/awt/geom/AffineTransform translate (DD)V 514 0 5387 0 -1
ciMethod java/awt/geom/AffineTransform createInverse ()Ljava/awt/geom/AffineTransform; 378 0 5316 0 -1
ciMethod java/awt/geom/AffineTransform transform ([DI[DII)V 512 716 6779 0 -1
ciMethod java/awt/geom/AffineTransform createTransformedShape (Ljava/awt/Shape;)Ljava/awt/Shape; 0 0 2 0 0
ciMethod java/awt/geom/AffineTransform isIdentity ()Z 354 0 15719 0 152
ciMethod sun/awt/AWTAccessor$ComponentAccessor isLightweight (Ljava/awt/Component;)Z 0 0 1 0 -1
ciInstanceKlass sun/awt/AWTAccessor$ComponentAccessor 1 0 79 100 1 100 1 1 1 1 1 1 1 1 1 1 1 1 1 1 1 1 1 1 1 1 1 1 1 1 1 1 1 1 1 1 1 1 1 1 1 1 1 1 1 1 1 1 1 1 1 1 1 1 1 1 1 1 1 1 1 1 1 1 1 100 1 1 1 1 1 1 100 1 1 1 100 1 100 1 1
ciMethod java/awt/Component$1 isLightweight (Ljava/awt/Component;)Z 10 0 93 0 0
ciInstanceKlass java/beans/PropertyChangeListener 1 0 11 100 1 100 1 100 1 1 1 1 1
ciMethodData java/util/Arrays copyOf ([Ljava/lang/Object;I)[Ljava/lang/Object; 2 7898 orig 80 0 0 0 0 0 0 0 0 0 0 0 0 0 0 0 0 0 0 0 0 0 0 0 0 0 0 0 0 0 0 0 0 0 0 0 0 0 0 0 0 0 0 0 0 0 0 0 0 0 0 0 0 0 0 0 0 0 0 0 0 0 0 0 0 0 0 0 0 0 0 0 0 0 0 0 0 0 0 0 0 data 18 0x30005 0xf90 0x208fc46bee0 0x8f9 0x208fc46bff0 0x651 0x60002 0x1eda 0x0 0x0 0x0 0x0 0x0 0x0 0x9 0x2 0xffffffffffffffff 0x0 oops 2 2 [Ljava/lang/classfile/Attribute; 4 [Ljdk/internal/classfile/impl/Util$Writable; methods 0
ciMethod java/awt/Color getAlpha ()I 516 0 15886 0 0
ciMethod java/awt/Color getRGB ()I 264 0 132 0 0
ciMethod java/awt/Shape getBounds ()Ljava/awt/Rectangle; 0 0 1 0 -1
ciMethod java/awt/Shape getBounds2D ()Ljava/awt/geom/Rectangle2D; 0 0 1 0 -1
ciMethod java/awt/Shape intersects (DDDD)Z 0 0 1 0 -1
ciMethod java/awt/Shape contains (DDDD)Z 0 0 1 0 -1
ciMethod java/awt/Shape getPathIterator (Ljava/awt/geom/AffineTransform;)Ljava/awt/geom/PathIterator; 0 0 1 0 -1
ciInstanceKlass java/awt/Shape 1 0 20 100 1 100 1 1 1 1 1 1 1 1 1 1 1 1 1 1 1 1
ciMethod java/awt/Rectangle <init> ()V 572 0 6430 0 96
ciMethod java/awt/Rectangle <init> (IIII)V 78 0 106973 0 88
ciMethod java/awt/Rectangle getX ()D 526 0 1293 0 88
ciMethod java/awt/Rectangle getY ()D 524 0 1295 0 88
ciMethod java/awt/Rectangle getWidth ()D 516 0 1288 0 88
ciMethod java/awt/Rectangle getHeight ()D 518 0 1289 0 88
ciMethod java/awt/Rectangle setBounds (Ljava/awt/Rectangle;)V 798 0 10284 0 -1
ciMethod java/awt/Rectangle setRect (DDDD)V 550 0 15871 0 1456
ciMethod java/awt/Rectangle clip (DZ)I 512 0 6400 0 240
ciMethod java/awt/Rectangle reshape (IIII)V 1024 0 24602 0 0
ciMethod java/awt/Rectangle translate (II)V 32 0 1122 0 -1
ciMethod java/awt/Rectangle intersection (Ljava/awt/Rectangle;)Ljava/awt/Rectangle; 0 0 94 0 -1
ciMethod java/awt/geom/Rectangle2D <init> ()V 84 0 149384 0 0
ciMethod java/awt/geom/Rectangle2D setRect (DDDD)V 0 0 1 0 -1
ciMethod java/awt/geom/Rectangle2D setFrame (DDDD)V 550 0 6440 0 1568
ciMethod java/awt/geom/Rectangle2D intersects (DDDD)Z 646 0 5446 0 480
ciMethod java/awt/geom/RectangularShape <init> ()V 92 0 149488 0 0
ciMethod java/awt/geom/RectangularShape getX ()D 0 0 1 0 -1
ciMethod java/awt/geom/RectangularShape getY ()D 0 0 1 0 -1
ciMethod java/awt/geom/RectangularShape getWidth ()D 0 0 1 0 -1
ciMethod java/awt/geom/RectangularShape getHeight ()D 0 0 1 0 -1
ciMethod java/awt/geom/RectangularShape isEmpty ()Z 0 0 1 0 -1
ciMethod java/awt/geom/RectangularShape setFrame (DDDD)V 0 0 1 0 -1
ciMethod java/awt/geom/RectangularShape setFrame (Ljava/awt/geom/Rectangle2D;)V 548 0 5695 0 0
ciMethod java/awt/geom/RectangularShape setFrameFromDiagonal (DDDD)V 536 0 4097 0 0
ciMethod java/awt/geom/RectangularShape contains (Ljava/awt/geom/Rectangle2D;)Z 0 0 2 0 0
instanceKlass java/awt/geom/Ellipse2D
instanceKlass java/awt/geom/RoundRectangle2D
instanceKlass java/awt/geom/Rectangle2D
ciInstanceKlass java/awt/geom/RectangularShape 1 1 166 10 7 12 1 1 1 10 7 12 1 1 1 10 12 1 10 12 1 10 12 1 6 0 100 1 10 12 1 10 100 1 10 10 100 1 10 10 12 1 10 7 1 10 10 10 10 12 1 10 7 12 1 1 1 10 12 1 10 12 1 1 10 12 1 1 10 12 7 1 10 10 12 1 10 12 1 10 12 1 100 1 10 12 1 1 10 12 1 10 12 1 1 100 1 100 1 10 12 1 100 1 100 1 1 1 1 1 1 1 1 1 1 1 1 1 1 1 1 1 1 1 1 1 1 1 1 1 1 1 1 1 1 1 1 1 1 1 1 1 1 1 1 1 1 1 1 1 1 1 1 1 1 1 1 1 1 1 1 1 1 1 1 1 1 1
instanceKlass java/awt/geom/Rectangle2D$Float
instanceKlass java/awt/geom/Rectangle2D$Double
instanceKlass java/awt/Rectangle
ciInstanceKlass java/awt/geom/Rectangle2D 1 1 188 10 7 12 1 1 1 10 7 12 1 1 1 10 12 1 10 12 1 10 12 1 10 12 1 1 10 12 1 1 10 100 12 1 1 10 12 1 10 12 1 10 12 1 10 12 1 1 10 100 1 10 10 12 1 1 10 12 1 1 10 12 1 10 100 12 1 1 1 10 12 1 10 12 1 10 12 1 10 12 1 10 12 1 10 12 1 10 12 1 1 7 1 10 12 1 10 100 12 1 1 1 5 0 5 0 5 0 1 1 1 3 1 3 1 3 1 3 1 1 1 1 1 1 1 1 1 1 1 1 1 1 1 1 1 1 1 1 1 1 1 1 1 1 1 1 1 1 1 1 1 1 1 1 1 1 1 1 1 1 1 1 1 1 1 1 1 1 1 1 1 1 1 1 1 1 1 1 1 1 1 100 1 100 1 1 1 1
ciMethod java/awt/RenderingHints clone ()Ljava/lang/Object; 2 0 1 0 -1
ciMethod java/awt/Graphics create ()Ljava/awt/Graphics; 0 0 1 0 -1
ciMethod java/awt/Graphics create (IIII)Ljava/awt/Graphics; 506 0 4026 0 0
ciMethod java/awt/Graphics translate (II)V 0 0 1 0 -1
ciMethod java/awt/Graphics setColor (Ljava/awt/Color;)V 0 0 1 0 -1
ciMethod java/awt/Graphics setFont (Ljava/awt/Font;)V 0 0 1 0 -1
ciMethod java/awt/Graphics getClipBounds ()Ljava/awt/Rectangle; 0 0 1 0 -1
ciMethod java/awt/Graphics clipRect (IIII)V 0 0 1 0 -1
ciMethod java/awt/Graphics getClip ()Ljava/awt/Shape; 0 0 1 0 -1
ciMethod java/awt/Graphics fillRect (IIII)V 0 0 1 0 -1
ciMethod java/awt/Graphics dispose ()V 0 0 1 0 -1
instanceKlass java/awt/Graphics2D
ciInstanceKlass java/awt/Graphics 1 1 220 10 7 12 1 1 1 10 7 12 1 1 1 10 12 1 1 10 12 1 1 10 12 1 1 10 12 1 1 10 12 1 10 12 1 1 10 100 12 1 1 10 12 1 10 12 1 1 10 12 1 9 100 12 1 1 1 9 12 1 9 12 1 1 10 12 1 1 10 12 1 100 1 10 12 1 10 12 1 1 10 12 1 10 12 1 10 12 1 1 10 100 12 1 1 1 10 12 1 1 18 12 1 1 10 12 1 1 10 100 12 1 1 1 9 12 1 9 12 1 9 12 1 9 12 1 100 1 8 1 10 12 1 1 1 1 1 1 1 1 1 1 1 1 1 1 1 1 1 1 1 1 1 1 1 1 1 1 1 1 1 1 1 1 1 1 1 1 1 1 1 1 1 1 1 1 1 1 1 1 1 1 1 1 1 1 1 1 1 1 1 1 1 1 1 3 1 1 1 1 1 1 1 1 1 1 8 1 15 10 100 12 1 1 1 100 1 100 1 1
instanceKlass sun/java2d/SunGraphics2D
ciInstanceKlass java/awt/Graphics2D 1 1 125 10 7 12 1 1 1 10 100 12 1 1 1 10 12 1 1 10 100 12 1 1 10 12 1 10 12 1 1 10 12 1 1 10 12 1 1 1 1 1 1 1 1 1 1 1 1 1 1 1 1 1 1 1 1 1 100 1 1 1 1 1 1 1 1 1 1 1 1 1 1 1 1 1 1 1 1 1 1 1 1 1 1 1 1 1 1 1 1 1 1 1 1 1 1 1 1 1 1 1 1 1 1 1 1 1 1 1 1 1 1 1 1 1 1 1 1 1 1 1 100 1 100 1 1
ciInstanceKlass sun/awt/ConstrainableGraphics 1 0 9 100 1 100 1 1 1 1 1
ciMethod sun/java2d/SunGraphics2D clone ()Ljava/lang/Object; 530 0 5405 0 604
ciMethod sun/java2d/SunGraphics2D create ()Ljava/awt/Graphics; 528 0 11523 0 0
ciMethod sun/java2d/SunGraphics2D invalidatePipe ()V 520 0 1480 0 935
ciMethod sun/java2d/SunGraphics2D intersectShapes (Ljava/awt/Shape;Ljava/awt/Shape;ZZ)Ljava/awt/Shape; 536 0 4099 0 0
ciMethod sun/java2d/SunGraphics2D intersectRectShape (Ljava/awt/geom/Rectangle2D;Ljava/awt/Shape;ZZ)Ljava/awt/Shape; 536 0 4099 0 0
ciMethod sun/java2d/SunGraphics2D cloneShape (Ljava/awt/Shape;)Ljava/awt/Shape; 0 0 2 0 0
ciMethod sun/java2d/SunGraphics2D intersectByArea (Ljava/awt/Shape;Ljava/awt/Shape;ZZ)Ljava/awt/Shape; 0 0 1 0 0
ciMethod sun/java2d/SunGraphics2D setFont (Ljava/awt/Font;)V 528 0 5393 0 194
ciMethod sun/java2d/SunGraphics2D validateBasicStroke (Ljava/awt/BasicStroke;)V 512 0 9791 0 -1
ciMethod sun/java2d/SunGraphics2D translate (II)V 518 0 5402 0 2353
ciMethod sun/java2d/SunGraphics2D invalidateTransform ()V 526 0 11534 0 2022
ciMethod sun/java2d/SunGraphics2D validateColor ()V 514 0 6598 0 520
ciMethod sun/java2d/SunGraphics2D setColor (Ljava/awt/Color;)V 516 0 5390 0 618
ciMethod sun/java2d/SunGraphics2D getClipBounds ()Ljava/awt/Rectangle; 548 0 5695 0 0
ciMethod sun/java2d/SunGraphics2D getClipBounds (Ljava/awt/Rectangle;)Ljava/awt/Rectangle; 548 0 5695 0 0
ciMethod sun/java2d/SunGraphics2D validateCompClip ()V 536 0 5541 0 3154
ciMethod sun/java2d/SunGraphics2D transformShape (Ljava/awt/Shape;)Ljava/awt/Shape; 516 0 5240 0 0
ciMethod sun/java2d/SunGraphics2D untransformShape (Ljava/awt/Shape;)Ljava/awt/Shape; 524 0 5403 0 1216
ciMethod sun/java2d/SunGraphics2D transformShape (IILjava/awt/Shape;)Ljava/awt/Shape; 10 0 1122 0 0
ciMethod sun/java2d/SunGraphics2D transformShape (Ljava/awt/geom/AffineTransform;Ljava/awt/Shape;)Ljava/awt/Shape; 660 0 8607 0 0
ciMethod sun/java2d/SunGraphics2D fixRectangleOrientation ([DLjava/awt/geom/Rectangle2D;)V 660 0 6526 0 488
ciMethod sun/java2d/SunGraphics2D clipRect (IIII)V 536 0 4097 0 0
ciMethod sun/java2d/SunGraphics2D getClip ()Ljava/awt/Shape; 524 0 11720 0 0
ciMethod sun/java2d/SunGraphics2D clip (Ljava/awt/Shape;)V 536 0 4099 0 0
ciMethod sun/java2d/SunGraphics2D dispose ()V 532 0 19069 0 0
ciInstanceKlass java/awt/Composite 1 0 9 100 1 100 1 1 1 1 1
ciMethod java/awt/AlphaComposite getAlpha ()F 294 0 147 0 -1
ciMethod java/awt/geom/Path2D <init> ()V 8 0 4 0 -1
ciMethod java/awt/geom/Path2D cloneCoordsFloat (Ljava/awt/geom/AffineTransform;)[F 0 0 1 0 -1
ciMethod java/awt/geom/Path2D cloneCoordsDouble (Ljava/awt/geom/AffineTransform;)[D 0 0 1 0 -1
ciMethod java/awt/geom/Path2D setWindingRule (I)V 514 0 287 0 -1
ciMethod java/awt/geom/Path2D getBounds2D (Ljava/awt/geom/PathIterator;)Ljava/awt/geom/Rectangle2D; 2 36 3 0 -1
instanceKlass java/awt/geom/Path2D$Double
instanceKlass java/awt/geom/Path2D$Float
ciInstanceKlass java/awt/geom/Path2D 1 1 446 7 1 7 1 10 7 12 1 1 1 10 12 1 1 9 12 1 1 100 1 8 1 10 12 1 10 100 12 1 1 1 9 12 1 1 100 1 10 100 1 3 10 100 12 1 1 1 100 1 9 12 1 1 10 12 1 1 11 7 12 1 1 1 10 12 1 1 9 12 1 100 1 8 1 10 9 12 1 10 12 1 1 10 12 1 1 10 12 1 1 10 12 1 1 10 100 12 1 1 1 11 12 1 1 11 12 1 1 10 100 12 1 1 1 10 12 1 1 11 12 1 7 1 10 12 1 10 11 12 1 1 10 12 1 1 10 100 12 1 1 1 10 12 1 10 12 1 1 10 12 1 1 10 12 1 10 100 12 1 1 1 10 12 1 1 3 10 10 10 12 1 10 12 1 10 12 1 10 12 1 1 10 12 1 10 12 1 10 12 100 1 10 10 12 1 10 100 12 1 1 100 1 9 12 1 1 100 1 9 12 1 1 10 12 1 10 12 1 100 1 8 1 10 10 12 1 1 10 12 1 1 10 100 12 1 1 10 12 1 1 10 12 1 100 1 10 12 1 1 10 100 1 8 1 10 10 12 1 10 12 1 10 12 1 1 10 12 1 8 1 10 7 12 1 1 100 1 1 1 3 1 3 1 1 1 1 3 1 3 1 3 1 3 1 3 1 3 1 3 1 3 1 3 1 3 1 3 1 3 1 3 1 3 1 3 1 3 1 3 1 3 1 3 1 1 1 1 1 1 1 1 1 1 1 1 1 1 1 1 1 1 1 1 1 1 1 1 1 1 1 1 1 1 1 1 1 1 1 1 1 1 1 1 1 1 1 1 1 1 1 1 1 1 1 1 1 1 1 1 1 100 1 1 1 1 1 1 1 1 1 1 1 1 1 1 1 1 1 1 1 1 1 1 1 1 1 1 1 100 1 100 1 1 1 1 1 1 1 1 1 1 1 100 1 1 1 1 1 100 1 100 1 100 1 100 1 100 1 1 1 1 1 1 1 1
staticfield java/awt/geom/Path2D $assertionsDisabled Z 1
ciMethod java/awt/geom/Path2D$Float <init> (Ljava/awt/Shape;Ljava/awt/geom/AffineTransform;)V 0 0 2 0 -1
ciMethod java/awt/geom/Path2D$Float append (Ljava/awt/geom/PathIterator;Z)V 224 2104 112 0 -1
ciMethod java/awt/BasicStroke getLineWidth ()F 304 0 152 0 -1
ciMethod java/awt/BasicStroke getDashArray ()[F 134 0 4534 0 -1
ciMethod java/awt/geom/Rectangle2D$Double <init> (DDDD)V 542 0 6687 0 96
ciMethod java/awt/geom/Rectangle2D$Double getX ()D 304 0 152 0 0
ciMethod java/awt/geom/Rectangle2D$Double getY ()D 304 0 152 0 0
ciMethod java/awt/geom/Rectangle2D$Double getWidth ()D 272 0 136 0 0
ciMethod java/awt/geom/Rectangle2D$Double getHeight ()D 272 0 136 0 0
ciMethod java/awt/geom/Rectangle2D$Double isEmpty ()Z 648 0 5446 0 0
ciMethod java/awt/geom/Rectangle2D$Double setRect (DDDD)V 542 0 6687 0 0
ciMethod java/awt/geom/Rectangle2D$Double getBounds2D ()Ljava/awt/geom/Rectangle2D; 548 0 5695 0 0
ciMethod java/awt/geom/PathIterator getWindingRule ()I 0 0 1 0 -1
ciInstanceKlass java/awt/geom/PathIterator 1 0 30 100 1 100 1 1 1 1 3 1 3 1 1 1 3 1 3 1 3 1 1 1 1 1 1 1 1 1 1 1
ciMethod java/awt/geom/Rectangle2D$Float <init> ()V 536 0 26679 0 0
ciMethod java/awt/geom/Rectangle2D$Float setRect (DDDD)V 536 0 1304 0 112
ciMethodData sun/awt/AWTAccessor getComponentAccessor ()Lsun/awt/AWTAccessor$ComponentAccessor; 2 18973 orig 80 0 0 0 0 0 0 0 0 0 0 0 0 0 0 0 0 0 0 0 0 0 0 0 0 0 0 0 0 0 0 0 0 0 0 0 0 0 0 0 0 0 0 0 0 0 0 0 0 0 0 0 0 0 0 0 0 0 0 0 0 0 0 0 0 0 0 0 0 0 0 0 0 0 0 0 0 0 0 0 0 data 14 0x50007 0x4a1d 0x30 0x0 0xa0002 0x0 0x0 0x0 0x0 0x0 0x0 0x0 0x9 0x0 oops 0 methods 0
ciMethodData java/awt/Component getParent ()Ljava/awt/Container; 2 322888 orig 80 0 0 0 0 0 0 0 0 0 0 0 0 0 0 0 0 0 0 0 0 0 0 0 0 0 0 0 0 0 0 0 0 0 0 0 0 0 0 0 0 0 0 0 0 0 0 0 0 0 0 0 0 0 0 0 0 0 0 0 0 0 0 0 0 0 0 0 0 0 0 0 0 0 0 0 0 0 0 0 0 data 15 0x10005 0x2ad60 0x208fd771608 0x1fcd6 0x208fd894ac0 0x4312 0x0 0x0 0x0 0x0 0x0 0x0 0x9 0x1 0x0 oops 2 2 javax/swing/JPanel 4 javax/swing/JTextPane methods 0
ciMethodData java/awt/Rectangle <init> (IIII)V 2 106978 orig 80 0 0 0 0 0 0 0 0 0 0 0 0 0 0 0 0 0 0 0 0 0 0 0 0 0 0 0 0 0 0 0 0 0 0 0 0 0 0 0 0 0 0 0 0 0 0 0 0 0 0 0 0 0 0 0 0 0 0 0 0 0 0 0 0 0 0 0 0 0 0 0 0 0 0 0 0 0 0 0 0 data 13 0x10002 0x1a1e2 0x0 0x0 0x0 0x0 0x9 0x5 0x0 0x0 0x0 0x0 0x0 oops 0 methods 0
ciMethodData java/awt/geom/Rectangle2D <init> ()V 2 149344 orig 80 0 0 0 0 0 0 0 0 0 0 0 0 0 0 0 0 0 0 0 0 0 0 0 0 0 0 0 0 0 0 0 0 0 0 0 0 0 0 0 0 0 0 0 0 0 0 0 0 0 0 0 0 0 0 0 0 0 0 0 0 0 0 0 0 0 0 0 0 0 0 0 0 0 0 0 0 0 0 0 0 data 7 0x10002 0x24760 0x0 0x0 0x9 0x1 0x0 oops 0 methods 0
ciMethodData java/awt/geom/RectangularShape <init> ()V 2 149457 orig 80 0 0 0 0 0 0 0 0 0 0 0 0 0 0 0 0 0 0 0 0 0 0 0 0 0 0 0 0 0 0 0 0 0 0 0 0 0 0 0 0 0 0 0 0 0 0 0 0 0 0 0 0 0 0 0 0 0 0 0 0 0 0 0 0 0 0 0 0 0 0 0 0 0 0 0 0 0 0 0 0 data 7 0x10002 0x247d1 0x0 0x0 0x9 0x1 0x0 oops 0 methods 0
ciMethodData java/awt/Component getTreeLock ()Ljava/lang/Object; 2 234650 orig 80 0 0 0 0 0 0 0 0 0 0 0 0 0 0 0 0 0 0 0 0 0 0 0 0 0 0 0 0 0 0 0 0 0 0 0 0 0 0 0 0 0 0 0 0 0 0 0 0 0 0 0 0 0 0 0 0 0 0 0 0 0 0 0 0 0 0 0 0 0 0 0 0 0 0 0 0 0 0 0 0 data 5 0x0 0x0 0x9 0x1 0x0 oops 0 methods 0
ciMethod javax/swing/plaf/metal/MetalBumps setBumpArea (Ljava/awt/Dimension;)V 16 0 8 0 -1
ciMethod javax/swing/plaf/metal/MetalBumps paintIcon (Ljava/awt/Component;Ljava/awt/Graphics;II)V 16 192 8 0 -1
ciMethodData javax/swing/JComponent getFlag (I)Z 2 59978 orig 80 0 0 0 0 0 0 0 0 0 0 0 0 0 0 0 0 0 0 0 0 0 0 0 0 0 0 0 0 0 0 0 0 0 0 0 0 0 0 0 0 0 0 0 0 0 0 0 0 0 0 0 0 0 0 0 0 0 0 0 0 0 0 0 0 0 0 0 0 0 0 0 0 0 0 0 0 0 0 0 0 data 14 0xb0007 0xaa6a 0x38 0x3fe0 0xf0003 0x3fe0 0x18 0x0 0x0 0x0 0x9 0x2 0x0 0x0 oops 0 methods 0
ciMethodData javax/swing/JComponent setFlag (IZ)V 2 19685 orig 80 0 0 0 0 0 0 0 0 0 0 0 0 0 0 0 0 0 0 0 0 0 0 0 0 0 0 0 0 0 0 0 0 0 0 0 0 0 0 0 0 0 0 0 0 0 0 0 0 0 0 0 0 0 0 0 0 0 0 0 0 0 0 0 0 0 0 0 0 0 0 0 0 0 0 0 0 0 0 0 0 data 16 0x10007 0x2e8c 0x38 0x1e59 0x100003 0x1e59 0x18 0x0 0x0 0x0 0x0 0x9 0x3 0xffffffff80000000 0x0 0x0 oops 0 methods 0
ciMethodData java/awt/Component getFont ()Ljava/awt/Font; 2 51922 orig 80 0 0 0 0 0 0 0 0 0 0 0 0 0 0 0 0 0 0 0 0 0 0 0 0 0 0 0 0 0 0 0 0 0 0 0 0 0 0 0 0 0 0 0 0 0 0 0 0 0 0 0 0 0 0 0 0 0 0 0 0 0 0 0 0 0 0 0 0 0 0 0 0 0 0 0 0 0 0 0 0 data 15 0x10005 0x8b06 0x208facac388 0x35 0x208fd771560 0x3f97 0x0 0x0 0x0 0x0 0x0 0x0 0x9 0x1 0x0 oops 2 2 javax/swing/JToggleButton 4 javax/swing/JButton methods 0
ciMethodData java/awt/Component getFont_NoClientCode ()Ljava/awt/Font; 2 52446 orig 80 0 0 0 0 0 0 0 0 0 0 0 0 0 0 0 0 0 0 0 0 0 0 0 0 0 0 0 0 0 0 0 0 0 0 0 0 0 0 0 0 0 0 0 0 0 0 0 0 0 0 0 0 0 0 0 0 0 0 0 0 0 0 0 0 0 0 0 0 0 0 0 0 0 0 0 0 0 0 0 0 data 26 0x60007 0x12f5 0x20 0xb9e9 0x110007 0x770 0x68 0xb85 0x150005 0x4b5 0x208fd771800 0x30e 0x208fd771410 0x3c2 0x180003 0xb85 0x18 0x0 0x0 0x0 0x0 0x0 0x0 0x9 0x1 0x0 oops 2 10 wv/codeclip/CodeClipFrame 12 javax/swing/JRootPane methods 0
ciMethod javax/swing/plaf/basic/BasicSplitPaneDivider getInsets ()Ljava/awt/Insets; 16 0 8 0 -1
ciMethod javax/swing/plaf/basic/BasicSplitPaneDivider paint (Ljava/awt/Graphics;)V 16 0 8 0 -1
ciMethod javax/swing/plaf/metal/MetalSplitPaneDivider paint (Ljava/awt/Graphics;)V 16 0 8 0 0
ciMethodData java/awt/Component getBackground ()Ljava/awt/Color; 2 9745 orig 80 0 0 0 0 0 0 0 0 0 0 0 0 0 0 0 0 0 0 0 0 0 0 0 0 0 0 0 0 0 0 0 0 0 0 0 0 0 0 0 0 0 0 0 0 0 0 0 0 0 0 0 0 0 0 0 0 0 0 0 0 0 0 0 0 0 0 0 0 0 0 0 0 0 0 0 0 0 0 0 0 data 26 0x60007 0x627 0x20 0x1fea 0x110007 0x4b8 0x68 0x16f 0x150005 0x15 0x208fd771800 0x158 0x208fd893418 0x2 0x180003 0x16f 0x18 0x0 0x0 0x0 0x0 0x0 0x0 0x9 0x1 0x0 oops 2 10 wv/codeclip/CodeClipFrame 12 javax/swing/JWindow methods 0
ciMethodData java/util/ArrayList add (Ljava/lang/Object;)Z 2 44928 orig 80 0 0 0 0 0 0 0 0 0 0 0 0 0 0 0 0 0 0 0 0 0 0 0 0 0 0 0 0 0 0 0 0 0 0 0 0 0 0 0 0 0 0 0 0 0 0 0 0 0 0 0 0 0 0 0 0 0 0 0 0 0 0 0 0 0 0 0 0 0 0 0 0 0 0 0 0 0 0 0 0 data 16 0x140005 0xaf80 0x0 0x0 0x0 0x0 0x0 0x0 0x0 0x0 0x0 0x0 0x9 0x2 0xe 0x0 oops 0 methods 0
ciMethodData java/util/ArrayList add (Ljava/lang/Object;[Ljava/lang/Object;I)V 2 44926 orig 80 0 0 0 0 0 0 0 0 0 0 0 0 0 0 0 0 0 0 0 0 0 0 0 0 0 0 0 0 0 0 0 0 0 0 0 0 0 0 0 0 0 0 0 0 0 0 0 0 0 0 0 0 0 0 0 0 0 0 0 0 0 0 0 0 0 0 0 0 0 0 0 0 0 0 0 0 0 0 0 0 data 28 0x30007 0x9fc1 0x50 0xfbd 0x70005 0xfbd 0x0 0x0 0x0 0x0 0xe0004 0xa408 0x208fd7714b8 0x5b2 0x208fd771410 0x5c4 0x0 0x0 0x0 0x0 0x0 0x0 0x9 0x4 0xc 0x0 0xffffffffffffffff 0x0 oops 2 12 javax/swing/JLayeredPane 14 javax/swing/JRootPane methods 0
ciMethodData java/util/ArrayList grow ()[Ljava/lang/Object; 2 4067 orig 80 0 0 0 0 0 0 0 0 0 0 0 0 0 0 0 0 0 0 0 0 0 0 0 0 0 0 0 0 0 0 0 0 0 0 0 0 0 0 0 0 0 0 0 0 0 0 0 0 0 0 0 0 0 0 0 0 0 0 0 0 0 0 0 0 0 0 0 0 0 0 0 0 0 0 0 0 0 0 0 0 data 15 0x70005 0xfe3 0x0 0x0 0x0 0x0 0x0 0x0 0x0 0x0 0x0 0x0 0x9 0x1 0xc oops 0 methods 0
ciMethodData java/util/ArrayList grow (I)[Ljava/lang/Object; 2 10279 orig 80 0 0 0 0 0 0 0 0 0 0 0 0 0 0 0 0 0 0 0 0 0 0 0 0 0 0 0 0 0 0 0 0 0 0 0 0 0 0 0 0 0 0 0 0 0 0 0 0 0 0 0 0 0 0 0 0 0 0 0 0 0 0 0 0 0 0 0 0 0 0 0 0 0 0 0 0 0 0 0 0 data 24 0x70007 0x767 0x40 0x20c0 0x110007 0x20bd 0x40 0x3 0x1b0002 0x76a 0x250002 0x76a 0x310002 0x20bd 0x0 0x0 0x0 0x0 0x0 0x0 0x9 0x2 0xc 0x0 oops 0 methods 0
ciMethodData java/awt/Container getComponentCount ()I 2 26473 orig 80 0 0 0 0 0 0 0 0 0 0 0 0 0 0 0 0 0 0 0 0 0 0 0 0 0 0 0 0 0 0 0 0 0 0 0 0 0 0 0 0 0 0 0 0 0 0 0 0 0 0 0 0 0 0 0 0 0 0 0 0 0 0 0 0 0 0 0 0 0 0 0 0 0 0 0 0 0 0 0 0 data 15 0x10005 0x2420 0x208fd7716b0 0x3085 0x208fd771608 0x12c4 0x0 0x0 0x0 0x0 0x0 0x0 0x9 0x1 0x0 oops 2 2 javax/swing/JViewport 4 javax/swing/JPanel methods 0
ciMethodData java/awt/geom/AffineTransform getType ()I 2 41374 orig 80 0 0 0 0 0 0 0 0 0 0 0 0 0 0 0 0 0 0 0 0 0 0 0 0 0 0 0 0 0 0 0 0 0 0 0 0 0 0 0 0 0 0 0 0 0 0 0 0 0 0 0 0 0 0 0 0 0 0 0 0 0 0 0 0 0 0 0 0 0 0 0 0 0 0 0 0 0 0 0 0 data 19 0x50007 0x736d 0x50 0x2e31 0x90005 0x2e31 0x0 0x0 0x0 0x0 0x0 0x0 0x0 0x0 0x0 0x0 0x9 0x1 0xffffffffffffffff oops 0 methods 0
ciMethodData java/awt/geom/AffineTransform calculateType ()V 2 5174 orig 80 0 0 0 0 0 0 0 0 0 0 0 0 0 0 0 0 0 0 0 0 0 0 0 0 0 0 0 0 0 0 0 0 0 0 0 0 0 0 0 0 0 0 0 0 0 0 0 0 0 0 0 0 0 0 0 0 0 0 0 0 0 0 0 0 0 0 0 0 0 0 0 0 0 0 0 0 0 0 0 0 data 229 0x30005 0x0 0x208f90ba180 0x1436 0x0 0x0 0xa0008 0x12 0x0 0xa0 0x0 0x6a0 0x0 0x688 0x66e 0x458 0xdc8 0x458 0x0 0x2d0 0x0 0x2d0 0x0 0xd0 0x0 0xd0 0x390005 0x0 0x0 0x0 0x0 0x0 0x5f0007 0x0 0x20 0x0 0x6d0007 0x0 0x38 0x0 0x710003 0x0 0x18 0x7a0007 0x0 0x38 0x0 0x7e0003 0x0 0x18 0x850007 0x0 0xc8 0x0 0x8d0007 0x0 0x40 0x0 0x960007 0x0 0x38 0x0 0x9e0003 0x0 0x4e0 0xae0007 0x0 0x38 0x0 0xb60003 0x0 0x4a8 0xbe0003 0x0 0x490 0xc70007 0x0 0x40 0x0 0xcf0007 0x0 0x38 0x0 0xd70003 0x0 0x438 0xe70007 0x0 0x38 0x0 0xef0003 0x0 0x400 0xf70003 0x0 0x3e8 0x1050007 0x0 0x38 0x0 0x1090003 0x0 0x18 0x1170007 0x0 0x38 0x0 0x11b0003 0x0 0x18 0x1220007 0x0 0xc8 0x0 0x12b0007 0x0 0x38 0x0 0x1330003 0x0 0x320 0x13a0007 0x0 0x58 0x0 0x1430007 0x0 0x38 0x0 0x14b0003 0x0 0x2c8 0x1530003 0x0 0x2b0 0x15b0007 0x0 0x38 0x0 0x1630003 0x0 0x278 0x16b0003 0x0 0x260 0x1790007 0x0 0x38 0x1436 0x17d0003 0x1436 0x18 0x18b0007 0x0 0x38 0x1436 0x18f0003 0x1436 0x18 0x1960007 0x0 0x118 0x1436 0x19a0007 0x0 0x70 0x1436 0x1a20007 0x0 0x38 0x1436 0x1a90003 0x1436 0x178 0x1b00003 0x0 0x160 0x1b80007 0x0 0x38 0x0 0x1c00003 0x0 0x128 0x1c90007 0x0 0x38 0x0 0x1d10003 0x0 0xf0 0x1d90003 0x0 0xd8 0x1e20007 0x0 0x90 0x0 0x1e90007 0x0 0x40 0x0 0x1f20007 0x0 0x38 0x0 0x1fa0003 0x0 0x60 0x2020003 0x0 0x48 0x20a0003 0x0 0x30 0x20f0003 0x0 0x18 0x0 0x0 0x0 0x0 0x0 0x0 0x0 0x0 0x9 0x1 0x0 oops 1 2 java/awt/geom/AffineTransform methods 0
ciMethodData java/awt/geom/AffineTransform <init> (Ljava/awt/geom/AffineTransform;)V 2 5138 orig 80 0 0 0 0 0 0 0 0 0 0 0 0 0 0 0 0 0 0 0 0 0 0 0 0 0 0 0 0 0 0 0 0 0 0 0 0 0 0 0 0 0 0 0 0 0 0 0 0 0 0 0 0 0 0 0 0 0 0 0 0 0 0 0 0 0 0 0 0 0 0 0 0 0 0 0 0 0 0 0 0 data 13 0x10002 0x1412 0x0 0x0 0x0 0x0 0x0 0x0 0x0 0x9 0x2 0x0 0x0 oops 0 methods 0
ciMethodData java/util/ArrayList remove (I)Ljava/lang/Object; 2 7382 orig 80 0 0 0 0 0 0 0 0 0 0 0 0 0 0 0 0 0 0 0 0 0 0 0 0 0 0 0 0 0 0 0 0 0 0 0 0 0 0 0 0 0 0 0 0 0 0 0 0 0 0 0 0 0 0 0 0 0 0 0 0 0 0 0 0 0 0 0 0 0 0 0 0 0 0 0 0 0 0 0 0 data 18 0x50002 0x1cd6 0x150005 0x1cd6 0x0 0x0 0x0 0x0 0x0 0x0 0x0 0x0 0x0 0x0 0x9 0x2 0x0 0x0 oops 0 methods 0
ciMethodData java/util/ArrayList fastRemove ([Ljava/lang/Object;I)V 2 5160 orig 80 0 0 0 0 0 0 0 0 0 0 0 0 0 0 0 0 0 0 0 0 0 0 0 0 0 0 0 0 0 0 0 0 0 0 0 0 0 0 0 0 0 0 0 0 0 0 0 0 0 0 0 0 0 0 0 0 0 0 0 0 0 0 0 0 0 0 0 0 0 0 0 0 0 0 0 0 0 0 0 0 data 23 0x130007 0x1423 0x30 0x5 0x1f0002 0x5 0x2a0104 0x0 0x0 0x0 0x0 0x0 0x0 0x0 0x0 0x0 0x0 0x0 0x9 0x3 0x6 0xffffffffffffffff 0x0 oops 0 methods 0
ciMethodData java/awt/Rectangle <init> ()V 2 6144 orig 80 0 0 0 0 0 0 0 0 0 0 0 0 0 0 0 0 0 0 0 0 0 0 0 0 0 0 0 0 0 0 0 0 0 0 0 0 0 0 0 0 0 0 0 0 0 0 0 0 0 0 0 0 0 0 0 0 0 0 0 0 0 0 0 0 0 0 0 0 0 0 0 0 0 0 0 0 0 0 0 0 data 7 0x50002 0x1800 0x0 0x0 0x9 0x1 0x0 oops 0 methods 0
ciMethodData java/awt/Container countComponents ()I 2 28337 orig 80 0 0 0 0 0 0 0 0 0 0 0 0 0 0 0 0 0 0 0 0 0 0 0 0 0 0 0 0 0 0 0 0 0 0 0 0 0 0 0 0 0 0 0 0 0 0 0 0 0 0 0 0 0 0 0 0 0 0 0 0 0 0 0 0 0 0 0 0 0 0 0 0 0 0 0 0 0 0 0 0 data 15 0x40005 0x0 0x208f48005f8 0x6eb1 0x0 0x0 0x0 0x0 0x0 0x0 0x0 0x0 0x9 0x1 0x0 oops 1 2 java/util/ArrayList methods 0
ciMethodData java/awt/Container getComponent (I)Ljava/awt/Component; 2 87501 orig 80 0 0 0 0 0 0 0 0 0 0 0 0 0 0 0 0 0 0 0 0 0 0 0 0 0 0 0 0 0 0 0 0 0 0 0 0 0 0 0 0 0 0 0 0 0 0 0 0 0 0 0 0 0 0 0 0 0 0 0 0 0 0 0 0 0 0 0 0 0 0 0 0 0 0 0 0 0 0 0 0 data 29 0x50005 0x0 0x208f48005f8 0x155cd 0x0 0x0 0xa0004 0x6218 0x208fd771608 0xea2d 0x208f4850630 0x988 0x14000a 0x0 0x1 0x208f47fd308 0x190002 0x0 0x0 0x0 0x0 0x0 0x0 0x0 0x9 0x2 0x0 0x0 0xe0001 oops 4 2 java/util/ArrayList 8 javax/swing/JPanel 10 javax/swing/JLabel 15 java/lang/String methods 0
instanceKlass sun/font/FontDesignMetrics
ciInstanceKlass java/awt/FontMetrics 1 1 237 10 7 12 1 1 1 9 7 12 1 1 1 9 12 1 1 10 100 12 1 1 1 10 12 1 10 12 1 10 12 1 10 12 1 10 100 12 1 1 1 3 10 12 1 1 10 12 1 1 10 12 1 1 10 100 12 1 1 10 12 1 1 10 12 1 10 12 1 1 10 12 1 10 12 1 1 10 12 1 1 10 12 1 1 10 12 1 1 10 12 1 10 12 1 10 12 1 10 12 1 1 10 12 1 10 12 1 10 12 1 10 12 1 1 100 1 10 12 1 1 10 12 1 1 10 100 12 1 1 1 10 12 1 1 10 12 1 1 10 12 1 18 12 1 1 10 7 12 1 1 10 7 12 1 1 10 12 1 7 1 10 12 1 100 1 1 1 1 5 0 1 1 1 1 1 1 1 1 1 1 1 1 1 1 1 1 1 1 1 1 1 1 1 1 1 1 1 1 1 1 100 1 1 1 1 1 1 1 1 1 1 1 1 1 1 1 1 1 1 1 1 1 8 1 15 10 100 12 1 1 1 100 1 100 1 1
staticfield java/awt/FontMetrics DEFAULT_FRC Ljava/awt/font/FontRenderContext; java/awt/font/FontRenderContext
ciMethodData java/awt/Component getForeground ()Ljava/awt/Color; 2 18083 orig 80 0 0 0 0 0 0 0 0 0 0 0 0 0 0 0 0 0 0 0 0 0 0 0 0 0 0 0 0 0 0 0 0 0 0 0 0 0 0 0 0 0 0 0 0 0 0 0 0 0 0 0 0 0 0 0 0 0 0 0 0 0 0 0 0 0 0 0 0 0 0 0 0 0 0 0 0 0 0 0 0 data 26 0x60007 0xdc9 0x20 0x38da 0x110007 0x4b3 0x68 0x916 0x150005 0x269 0x208fd771800 0x3f7 0x208fd771410 0x2b6 0x180003 0x916 0x18 0x0 0x0 0x0 0x0 0x0 0x0 0x9 0x1 0x0 oops 2 10 wv/codeclip/CodeClipFrame 12 javax/swing/JRootPane methods 0
ciMethodData java/util/ArrayList elementData (I)Ljava/lang/Object; 2 40353 orig 80 0 0 0 0 0 0 0 0 0 0 0 0 0 0 0 0 0 0 0 0 0 0 0 0 0 0 0 0 0 0 0 0 0 0 0 0 0 0 0 0 0 0 0 0 0 0 0 0 0 0 0 0 0 0 0 0 0 0 0 0 0 0 0 0 0 0 0 0 0 0 0 0 0 0 0 0 0 0 0 0 data 8 0x0 0x0 0x0 0x0 0x9 0x2 0x0 0x0 oops 0 methods 0
ciMethodData java/util/Objects checkIndex (II)I 2 67697 orig 80 0 0 0 0 0 0 0 0 0 0 0 0 0 0 0 0 0 0 0 0 0 0 0 0 0 0 0 0 0 0 0 0 0 0 0 0 0 0 0 0 0 0 0 0 0 0 0 0 0 0 0 0 0 0 0 0 0 0 0 0 0 0 0 0 0 0 0 0 0 0 0 0 0 0 0 0 0 0 0 0 data 12 0x30002 0x10871 0x0 0x0 0x0 0x0 0x0 0x0 0x9 0x2 0x0 0x0 oops 0 methods 0
ciMethodData java/util/ArrayList get (I)Ljava/lang/Object; 2 39284 orig 80 0 0 0 0 0 0 0 0 0 0 0 0 0 0 0 0 0 0 0 0 0 0 0 0 0 0 0 0 0 0 0 0 0 0 0 0 0 0 0 0 0 0 0 0 0 0 0 0 0 0 0 0 0 0 0 0 0 0 0 0 0 0 0 0 0 0 0 0 0 0 0 0 0 0 0 0 0 0 0 0 data 18 0x50002 0x9974 0xb0005 0x0 0x208f48005f8 0x9974 0x0 0x0 0x0 0x0 0x0 0x0 0x0 0x0 0x9 0x2 0x0 0x0 oops 1 4 java/util/ArrayList methods 0
ciMethod sun/font/Font2D useAAForPtSize (I)Z 0 0 1 0 -1
instanceKlass sun/font/CompositeFont
instanceKlass sun/font/PhysicalFont
ciInstanceKlass sun/font/Font2D 1 1 433 10 7 12 1 1 1 7 1 9 7 12 1 1 1 9 12 1 7 1 10 9 12 1 1 7 1 10 12 1 9 12 1 1 9 12 1 9 12 1 1 9 12 1 1 10 7 12 1 1 1 9 12 1 1 10 12 1 1 9 12 1 9 12 1 10 12 1 1 10 7 12 1 1 1 10 12 1 10 7 12 1 1 1 7 1 9 12 1 1 10 12 1 1 10 12 1 1 10 7 12 1 1 10 12 1 1 10 12 1 1 10 12 1 1 10 12 1 1 10 12 1 1 10 12 1 10 12 1 10 12 1 10 12 1 10 12 1 10 12 1 1 7 1 10 12 1 10 12 1 10 12 1 10 7 1 10 12 1 1 10 12 1 10 12 1 1 10 12 1 7 1 10 9 12 1 1 10 12 1 1 10 12 1 10 12 1 1 10 7 12 1 1 10 12 1 10 12 1 1 9 12 1 1 10 12 1 10 12 1 10 12 1 1 10 12 1 1 10 12 1 10 12 1 10 12 1 10 12 1 1 10 7 12 1 1 10 12 1 10 12 1 10 12 1 10 12 1 1 4 4 4 5 0 9 12 1 10 12 1 1 10 12 1 1 10 12 1 10 12 1 10 12 1 1 10 12 1 9 12 1 1 9 12 1 8 1 8 1 8 1 8 1 8 1 8 1 8 1 8 1 8 1 8 1 8 1 8 1 8 1 8 1 8 1 8 1 8 1 8 1 8 1 10 12 1 1 1 3 1 1 3 1 3 1 3 1 3 1 1 1 1 1 1 1 1 1 1 1 1 3 1 3 1 1 1 1 1 1 1 1 1 1 1 1 1 1 1 1 1 1 1 1 1 1 1 1 1 1 1 1 1 1 1 1 1 1 1 1 1 1 1 1 1 1 1 1 1 1 1 1 1 1 1 1 1 1 1 1 1 1 1 1 1 1 1 1 1 1 1 1 1 1 1 1 1 1 1 1 1 1 1 1
staticfield sun/font/Font2D boldNames [Ljava/lang/String; 6 [Ljava/lang/String;
staticfield sun/font/Font2D italicNames [Ljava/lang/String; 4 [Ljava/lang/String;
staticfield sun/font/Font2D boldItalicNames [Ljava/lang/String; 9 [Ljava/lang/String;
staticfield sun/font/Font2D DEFAULT_FRC Ljava/awt/font/FontRenderContext; java/awt/font/FontRenderContext
ciMethod java/awt/geom/GeneralPath <init> (Ljava/awt/Shape;)V 0 0 2 0 -1
ciInstanceKlass java/awt/peer/LightweightPeer 1 0 9 100 1 100 1 100 1 1 1
ciMethod sun/java2d/loops/FontInfo clone ()Ljava/lang/Object; 0 0 1 0 -1
ciInstanceKlass sun/java2d/pipe/SpanIterator 1 0 17 100 1 100 1 1 1 1 1 1 1 1 1 1 1 1 1
ciMethod sun/java2d/pipe/ShapeSpanIterator appendPath (Ljava/awt/geom/PathIterator;)V 16 96 232 0 -1
ciMethod sun/java2d/pipe/ShapeSpanIterator setOutputArea (Lsun/java2d/pipe/Region;)V 18 0 233 0 -1
ciMethod sun/java2d/pipe/ShapeSpanIterator getPathBox ([I)V 6 0 3 0 -1
ciMethod sun/java2d/pipe/ShapeSpanIterator dispose ()V 256 0 128 0 -1
ciMethodData sun/java2d/SunGraphics2D invalidatePipe ()V 2 1220 orig 80 0 0 0 0 0 0 0 0 0 0 0 0 0 0 0 0 0 0 0 0 0 0 0 0 0 0 0 0 0 0 0 0 0 0 0 0 0 0 0 0 0 0 0 0 0 0 0 0 0 0 0 0 0 0 0 0 0 0 0 0 0 0 0 0 0 0 0 0 0 0 0 0 0 0 0 0 0 0 0 0 data 8 0x0 0x0 0x0 0x0 0x0 0x9 0x1 0x1f000 oops 0 methods 0
ciMethodData java/awt/Color getAlpha ()I 2 15628 orig 80 0 0 0 0 0 0 0 0 0 0 0 0 0 0 0 0 0 0 0 0 0 0 0 0 0 0 0 0 0 0 0 0 0 0 0 0 0 0 0 0 0 0 0 0 0 0 0 0 0 0 0 0 0 0 0 0 0 0 0 0 0 0 0 0 0 0 0 0 0 0 0 0 0 0 0 0 0 0 0 0 data 15 0x10005 0x0 0x208fd8969e0 0x3d04 0x208fd896a88 0x8 0x0 0x0 0x0 0x0 0x0 0x0 0x9 0x1 0x0 oops 2 2 javax/swing/plaf/ColorUIResource 4 java/awt/SystemColor methods 0
ciMethodData sun/java2d/SunGraphics2D validateColor ()V 2 6341 orig 80 1 0 0 0 0 0 0 0 0 0 0 0 0 0 0 0 0 0 0 0 0 0 0 0 0 0 0 0 0 0 0 0 0 0 0 0 0 0 0 0 0 0 0 0 0 0 0 0 0 0 0 0 0 0 0 0 0 0 0 0 0 0 0 0 0 0 0 0 0 0 0 0 0 0 0 0 0 0 0 0 data 54 0x70007 0x18c5 0x38 0x0 0xc0003 0x0 0x118 0x130005 0x347 0x208f4abdbc8 0xffc 0x208fd8969e0 0x582 0x1c0007 0x0 0xd0 0x18c5 0x260007 0x759 0xb0 0x116c 0x300007 0x116c 0x90 0x0 0x370004 0x0 0x0 0x0 0x0 0x0 0x3c0005 0x0 0x0 0x0 0x0 0x0 0x450002 0x0 0x5f0005 0x0 0x208fa8c29f8 0x1858 0x208fa8c2aa0 0x6d 0x0 0x0 0x0 0x0 0x0 0x0 0x9 0x1 0x0 oops 4 9 java/awt/Color 11 javax/swing/plaf/ColorUIResource 41 sun/awt/image/BufImgSurfaceData 43 sun/java2d/windows/GDIWindowSurfaceData methods 0
ciMethodData sun/java2d/SurfaceData pixelFor (I)I 2 6335 orig 80 0 0 0 0 0 0 0 0 0 0 0 0 0 0 0 0 0 0 0 0 0 0 0 0 0 0 0 0 0 0 0 0 0 0 0 0 0 0 0 0 0 0 0 0 0 0 0 0 0 0 0 0 0 0 0 0 0 0 0 0 0 0 0 0 0 0 0 0 0 0 0 0 0 0 0 0 0 0 0 0 data 16 0x90005 0xa1 0x208faca8250 0x181e 0x0 0x0 0x0 0x0 0x0 0x0 0x0 0x0 0x9 0x2 0x0 0x0 oops 1 2 sun/java2d/loops/SurfaceType methods 0
ciMethodData sun/java2d/loops/SurfaceType pixelFor (ILjava/awt/image/ColorModel;)I 2 6283 orig 80 0 0 0 0 0 0 0 0 0 0 0 0 0 0 0 0 0 0 0 0 4 0 0 0 0 0 0 0 0 0 0 0 0 0 0 0 0 0 0 0 0 0 0 0 0 0 0 0 0 0 0 0 0 0 0 0 0 0 0 0 0 0 0 0 0 0 0 0 0 0 0 0 0 0 0 0 0 0 0 0 data 17 0x8000000400060005 0x0 0x208faca9f68 0x188b 0x208facaa010 0x4 0x0 0x0 0x0 0x0 0x0 0x0 0x9 0x3 0x0 0x0 0x0 oops 2 2 sun/awt/image/PixelConverter$Xrgb 4 sun/awt/image/PixelConverter$Argb methods 0
ciMethodData sun/awt/image/PixelConverter$Xrgb rgbToPixel (ILjava/awt/image/ColorModel;)I 2 1175 orig 80 0 0 0 0 0 0 0 0 0 0 0 0 0 0 0 0 0 0 0 0 0 0 0 0 0 0 0 0 0 0 0 0 0 0 0 0 0 0 0 0 0 0 0 0 0 0 0 0 0 0 0 0 0 0 0 0 0 0 0 0 0 0 0 0 0 0 0 0 0 0 0 0 0 0 0 0 0 0 0 0 data 6 0x0 0x9 0x3 0x0 0x0 0x0 oops 0 methods 0
ciMethodData java/awt/geom/AffineTransform transform ([DI[DII)V 2 6523 orig 80 1 0 0 0 0 0 0 0 0 0 0 0 0 0 0 0 0 0 0 0 0 0 0 0 0 0 0 0 0 0 0 0 0 0 0 1 0 0 0 0 0 0 0 0 0 0 0 0 0 0 0 0 0 0 0 0 0 0 0 0 0 0 0 0 0 0 0 0 0 0 0 0 0 0 0 0 0 0 0 0 data 133 0x20007 0x0 0x70 0x197b 0x80007 0x197b 0x50 0x0 0x130007 0x0 0x30 0x0 0x1f0002 0x0 0x290008 0x12 0x0 0xa0 0x592 0x258 0x0 0x220 0x59 0x1e8 0x1390 0x1b0 0x0 0x178 0x0 0x140 0x0 0x108 0x0 0xd0 0x590005 0x0 0x0 0x0 0x0 0x0 0x860007 0x0 0x38 0x0 0xc30003 0x0 0xffffffffffffffe0 0xe40007 0x0 0x38 0x0 0x11b0003 0x0 0xffffffffffffffe0 0x13c0007 0x0 0x38 0x0 0x1690003 0x0 0xffffffffffffffe0 0x17e0007 0x0 0x38 0x0 0x1a50003 0x0 0xffffffffffffffe0 0x1c60007 0x1391 0x38 0x2812 0x1ef0003 0x2812 0xffffffffffffffe0 0x2040007 0x59 0x38 0xad 0x2270003 0xad 0xffffffffffffffe0 0x23c0007 0x0 0x38 0x0 0x25f0003 0x0 0xffffffffffffffe0 0x2650007 0x0 0x40 0x592 0x26b0007 0x592 0x30 0x0 0x2770002 0x0 0x0 0x0 0x0 0x0 0x0 0x0 0x0 0x0 0x0 0x0 0x0 0x0 0x0 0x0 0x0 0x0 0x0 0x0 0x0 0x0 0x0 0x0 0x0 0x0 0x0 0x0 0x9 0x6 0x0 0x0 0x0 0x0 0x0 0x0 oops 0 methods 0
ciMethodData java/awt/geom/AffineTransform createInverse ()Ljava/awt/geom/AffineTransform; 2 5127 orig 80 0 0 0 0 0 0 0 0 0 0 0 0 0 0 0 0 0 0 0 0 0 0 0 0 0 0 0 0 0 0 0 0 0 0 0 0 0 0 0 0 0 0 0 0 0 0 0 0 0 0 0 0 0 0 0 0 0 0 0 0 0 0 0 0 0 0 0 0 0 0 0 0 0 0 0 0 0 0 0 0 data 150 0x40008 0x12 0x0 0xa0 0x6e4 0x340 0x0 0x330 0x36 0x2d0 0xced 0x270 0x0 0x210 0x0 0x1b0 0x0 0x140 0x0 0xd0 0x350005 0x0 0x0 0x0 0x0 0x0 0x4f0002 0x0 0x560007 0x0 0x50 0x0 0x5e000a 0x0 0x1 0x208f47fd308 0x630002 0x0 0xb10002 0x0 0xca0002 0x0 0xd10007 0x0 0x50 0x0 0xd9000a 0x0 0x1 0x208f47fd308 0xde0002 0x0 0x1040002 0x0 0x10e0007 0x0 0x40 0x0 0x1170007 0x0 0x30 0x0 0x1200002 0x0 0x14b0002 0x0 0x1550007 0x0 0x40 0x0 0x15e0007 0x0 0x30 0x0 0x1670002 0x0 0x1800002 0x0 0x18a0007 0x0 0x40 0xced 0x1930007 0xced 0x30 0x0 0x19c0002 0x0 0x1c70002 0xced 0x1d10007 0x0 0x40 0x36 0x1da0007 0x36 0x30 0x0 0x1e30002 0x0 0x1fc0002 0x36 0x2130002 0x0 0x21b0002 0x6e4 0x0 0x0 0x0 0x0 0x0 0x0 0x0 0x0 0x0 0x0 0x0 0x0 0x0 0x0 0x0 0x0 0x0 0x0 0x0 0x0 0x0 0x0 0x0 0x0 0x0 0x0 0x0 0x0 0x0 0x0 0x0 0x0 0x0 0x0 0x0 0x0 0x0 0x0 0x0 0x0 0x0 0x9 0x1 0x0 oops 2 35 java/lang/String 49 java/lang/String methods 0
ciMethodData sun/java2d/SunGraphics2D setColor (Ljava/awt/Color;)V 2 5132 orig 80 0 0 0 0 0 0 0 0 0 0 0 0 0 0 0 0 0 0 0 0 0 0 0 0 0 0 0 0 0 0 0 0 0 0 0 0 0 0 0 0 0 0 0 0 0 0 0 0 0 0 0 0 0 0 0 0 0 0 0 0 0 0 0 0 0 0 0 0 0 0 0 0 0 0 0 0 0 0 0 0 data 57 0x10007 0x0 0x40 0x140c 0x90007 0xd55 0x20 0x6b7 0x180005 0xa 0x208fd771758 0xd4b 0x0 0x0 0x230007 0x0 0x78 0xd55 0x2a0007 0x0 0x20 0xd55 0x3a0007 0x0 0x78 0x0 0x420003 0x0 0x58 0x4a0007 0x0 0x20 0x0 0x5a0007 0x0 0x20 0x0 0x680005 0x0 0x0 0x0 0x0 0x0 0x0 0x0 0x0 0x0 0x0 0x0 0x0 0x0 0x0 0x0 0x9 0x2 0x0 0x0 oops 1 10 sun/java2d/SunGraphics2D methods 0
ciMethodData sun/java2d/SunGraphics2D validateBasicStroke (Ljava/awt/BasicStroke;)V 2 9536 orig 80 1 0 0 0 0 0 0 0 0 0 0 0 0 0 0 0 0 0 0 0 0 0 0 0 0 0 0 0 0 0 0 0 0 0 0 0 0 0 0 1 0 0 0 0 0 0 0 0 0 0 0 0 0 0 0 0 0 0 0 0 0 0 0 0 0 0 0 0 0 0 0 0 0 0 0 0 0 0 0 0 data 187 0x50007 0x2540 0x38 0x0 0x90003 0x0 0x18 0x130007 0x1e33 0x248 0x70d 0x170007 0x70d 0x108 0x0 0x1b0005 0x0 0x0 0x0 0x0 0x0 0x230007 0x0 0xa0 0x0 0x270005 0x0 0x0 0x0 0x0 0x0 0x2a0007 0x0 0x38 0x0 0x320003 0x0 0x438 0x3a0003 0x0 0x420 0x420003 0x0 0x408 0x490007 0x0 0x38 0x70d 0x510003 0x70d 0x3d0 0x550005 0x0 0x0 0x0 0x0 0x0 0x5a0007 0x0 0xa0 0x0 0x5e0005 0x0 0x0 0x0 0x0 0x0 0x610007 0x0 0x38 0x0 0x690003 0x0 0x318 0x710003 0x0 0x300 0x790003 0x0 0x2e8 0x800005 0x0 0x208f90ba180 0x1e33 0x0 0x0 0x860007 0x0 0x78 0x1e33 0x8d0005 0x0 0x208f90ba180 0x1e33 0x0 0x0 0x900002 0x1e33 0x940003 0x1e33 0xe8 0x9b0005 0x0 0x0 0x0 0x0 0x0 0xa40005 0x0 0x0 0x0 0x0 0x0 0xad0005 0x0 0x0 0x0 0x0 0x0 0xb60005 0x0 0x0 0x0 0x0 0x0 0xf70002 0x0 0x10d0007 0x1e32 0x80 0x1 0x1120005 0x0 0x208fcbd6058 0x1 0x0 0x0 0x1160005 0x0 0x208fcbd6058 0x1 0x0 0x0 0x11f0007 0x1e33 0x38 0x0 0x1250003 0x0 0x18 0x80000006012c0007 0x1e33 0xa0 0x1 0x1300005 0x0 0x208fcbd6058 0x1 0x0 0x0 0x1330007 0x0 0x38 0x1 0x13b0003 0x1 0x30 0x1430003 0x0 0x18 0x0 0x0 0x0 0x0 0x0 0x0 0x0 0x0 0x0 0x0 0x0 0x0 0x0 0x9 0x2 0x0 0x0 oops 5 82 java/awt/geom/AffineTransform 92 java/awt/geom/AffineTransform 133 java/awt/BasicStroke 139 java/awt/BasicStroke 156 java/awt/BasicStroke methods 0
ciMethodData sun/java2d/SunGraphics2D invalidateTransform ()V 2 11271 orig 80 1 0 0 0 0 0 0 0 0 0 0 0 0 0 0 0 0 0 0 0 0 0 0 0 0 0 0 0 0 0 0 0 0 0 0 0 0 0 0 1 0 0 0 0 0 0 0 0 0 0 0 0 0 0 0 0 0 0 0 0 0 0 0 0 0 0 0 0 0 0 0 0 0 0 0 0 0 0 0 0 data 108 0x40005 0x0 0x208f90ba180 0x2c07 0x0 0x0 0xe0007 0x2278 0x38 0x98f 0x200003 0x98f 0x160 0x250007 0x1f62 0x110 0x316 0x2c0005 0x0 0x208f90ba180 0x316 0x0 0x0 0x340005 0x0 0x208f90ba180 0x316 0x0 0x0 0x3f0002 0x316 0x4d0002 0x316 0x5b0007 0x17e 0x58 0x198 0x8000000600660007 0x2 0x38 0x197 0x6e0003 0x197 0x18 0x760003 0x317 0x50 0x7d0007 0x0 0x38 0x1f62 0x8f0003 0x1f62 0x18 0xa60007 0x1f62 0x40 0xca6 0xab0007 0x197 0x70 0xb0f 0xc70007 0xf46 0x50 0x1b2b 0xcb0005 0x2e 0x208fd771758 0x1afd 0x0 0x0 0xd30007 0x0 0x80 0x2c08 0xdb0004 0x0 0x208fcbd6058 0x2c08 0x0 0x0 0xde0005 0x2c08 0x0 0x0 0x0 0x0 0x0 0x0 0x0 0x0 0x0 0x0 0x0 0x0 0x0 0x0 0x0 0x0 0x0 0x0 0x0 0x0 0x0 0x9 0x1 0x0 oops 5 2 java/awt/geom/AffineTransform 19 java/awt/geom/AffineTransform 25 java/awt/geom/AffineTransform 68 sun/java2d/SunGraphics2D 78 java/awt/BasicStroke methods 0
ciMethodData java/awt/Rectangle clip (DZ)I 2 6144 orig 80 0 0 0 0 0 0 0 0 0 0 0 0 0 0 0 0 0 0 0 0 0 0 0 0 0 0 0 0 0 0 0 0 0 0 0 0 0 0 0 0 0 0 0 0 0 0 0 0 0 0 0 0 0 0 0 0 0 0 0 0 0 0 0 0 0 0 0 0 0 0 0 0 0 0 0 0 0 0 0 0 data 30 0x50007 0x1800 0x20 0x0 0x100007 0x1800 0x20 0x0 0x170007 0xc00 0x48 0xc00 0x1b0002 0xc00 0x1e0003 0xc00 0x28 0x220002 0xc00 0x0 0x0 0x0 0x0 0x0 0x0 0x9 0x3 0x0 0x0 0x0 oops 0 methods 0
ciMethodData java/awt/geom/Rectangle2D$Double <init> (DDDD)V 2 6416 orig 80 0 0 0 0 0 0 0 0 0 0 0 0 0 0 0 0 0 0 0 0 0 0 0 0 0 0 0 0 0 0 0 0 0 0 0 0 0 0 0 0 0 0 0 0 0 0 0 0 0 0 0 0 0 0 0 0 0 0 0 0 0 0 0 0 0 0 0 0 0 0 0 0 0 0 0 0 0 0 0 0 data 25 0x10002 0x1910 0xb0005 0x0 0x208fd7719f8 0x1910 0x0 0x0 0x0 0x0 0x0 0x0 0x0 0x0 0x9 0x9 0x0 0x0 0x0 0x0 0x0 0x0 0x0 0x0 0x0 oops 1 4 java/awt/geom/Rectangle2D$Double methods 0
ciMethodData java/awt/geom/Rectangle2D$Double setRect (DDDD)V 2 6416 orig 80 0 0 0 0 0 0 0 0 0 0 0 0 0 0 0 0 0 0 0 0 0 0 0 0 0 0 0 0 0 0 0 0 0 0 0 0 0 0 0 0 0 0 0 0 0 0 0 0 0 0 0 0 0 0 0 0 0 0 0 0 0 0 0 0 0 0 0 0 0 0 0 0 0 0 0 0 0 0 0 0 data 15 0x0 0x0 0x0 0x0 0x9 0x9 0x0 0x0 0x0 0x0 0x0 0x0 0x0 0x0 0x0 oops 0 methods 0
ciMethodData java/awt/Rectangle getWidth ()D 2 1030 orig 80 0 0 0 0 0 0 0 0 0 0 0 0 0 0 0 0 0 0 0 0 0 0 0 0 0 0 0 0 0 0 0 0 0 0 0 0 0 0 0 0 0 0 0 0 0 0 0 0 0 0 0 0 0 0 0 0 0 0 0 0 0 0 0 0 0 0 0 0 0 0 0 0 0 0 0 0 0 0 0 0 data 6 0x0 0x0 0x0 0x9 0x1 0x0 oops 0 methods 0
ciMethodData java/awt/Rectangle getHeight ()D 2 1030 orig 80 0 0 0 0 0 0 0 0 0 0 0 0 0 0 0 0 0 0 0 0 0 0 0 0 0 0 0 0 0 0 0 0 0 0 0 0 0 0 0 0 0 0 0 0 0 0 0 0 0 0 0 0 0 0 0 0 0 0 0 0 0 0 0 0 0 0 0 0 0 0 0 0 0 0 0 0 0 0 0 0 data 6 0x0 0x0 0x0 0x9 0x1 0x0 oops 0 methods 0
ciMethodData java/awt/geom/AffineTransform translate (DD)V 2 5130 orig 80 0 0 0 0 0 0 0 0 0 0 0 0 0 0 0 0 0 0 0 0 0 0 0 0 0 0 0 0 0 0 0 0 0 0 0 0 0 0 0 0 0 0 0 0 0 0 0 0 0 0 0 0 0 0 0 0 0 0 0 0 0 0 0 0 0 0 0 0 0 0 0 0 0 0 0 0 0 0 0 0 data 158 0x40008 0x12 0x0 0xa0 0x125 0x2f0 0x4 0x2b0 0x116 0x270 0x11cb 0x210 0x0 0x1d0 0x0 0x170 0x0 0x130 0x0 0xd0 0x350005 0x0 0x0 0x0 0x0 0x0 0x6b0007 0x0 0x60 0x0 0x740007 0x0 0x40 0x0 0x820007 0x0 0x20 0x0 0xb80007 0x0 0x40 0x0 0xc10007 0x0 0x20 0x0 0xf90007 0x0 0x60 0x0 0x1020007 0x0 0x40 0x0 0x10f0007 0x0 0x20 0x0 0x1370007 0x0 0x40 0x0 0x1400007 0x0 0x20 0x0 0x1770007 0x11a9 0x60 0x22 0x1800007 0x18 0x40 0xa 0x18d0007 0x0 0x20 0xa 0x1b50007 0xa5 0x40 0x71 0x1be0007 0x71 0x20 0x0 0x1eb0007 0x0 0x40 0x4 0x1f40007 0x0 0x20 0x4 0x20f0007 0xf3 0x40 0x32 0x2150007 0x2f 0x20 0x3 0x0 0x0 0x0 0x0 0x0 0x0 0x0 0x0 0x0 0x0 0x0 0x0 0x0 0x0 0x0 0x0 0x0 0x0 0x0 0x0 0x0 0x0 0x0 0x0 0x0 0x0 0x0 0x0 0x0 0x0 0x0 0x0 0x0 0x0 0x0 0x0 0x0 0x0 0x0 0x0 0x0 0x0 0x0 0x0 0x0 0x0 0x0 0x0 0x0 0x9 0x5 0x0 0x0 0x0 0x0 0x0 oops 0 methods 0
ciMethodData sun/java2d/SunGraphics2D dispose ()V 2 18803 orig 80 0 0 0 0 0 0 0 0 0 0 0 0 0 0 0 0 0 0 0 0 0 0 0 0 0 0 0 0 0 0 0 0 0 0 0 0 0 0 0 0 0 0 0 0 0 0 0 0 0 0 0 0 0 0 0 0 0 0 0 0 0 0 0 0 0 0 0 0 0 0 0 0 0 0 0 0 0 0 0 0 data 15 0x80005 0x0 0x208fd771758 0x4973 0x0 0x0 0x0 0x0 0x0 0x0 0x0 0x0 0x9 0x1 0x0 oops 1 2 sun/java2d/SunGraphics2D methods 0
ciMethodData jdk/internal/util/ArraysSupport newLength (III)I 2 7730 orig 80 0 0 0 0 0 0 0 0 0 0 0 0 0 0 0 0 0 0 0 0 0 0 0 0 0 0 0 0 0 0 0 0 0 0 0 0 0 0 0 0 0 0 0 0 0 0 0 0 0 0 0 0 0 0 0 0 0 0 0 0 0 0 0 0 0 0 0 0 0 0 0 0 0 0 0 0 0 0 0 0 data 23 0x30002 0x1e33 0xa0007 0x0 0x40 0x1e33 0x100007 0x0 0x20 0x1e33 0x170002 0x0 0x0 0x0 0x0 0x0 0x0 0x0 0x9 0x3 0x0 0x0 0x0 oops 0 methods 0
ciMethodData javax/swing/SwingUtilities computeIntersection (IIIILjava/awt/Rectangle;)Ljava/awt/Rectangle; 2 8368 orig 80 1 0 0 0 0 0 0 0 0 0 0 0 0 0 0 0 0 0 0 0 0 0 0 0 0 0 0 0 0 0 0 0 0 0 0 0 0 0 0 1 0 0 0 0 0 0 0 0 0 0 0 0 0 0 0 0 0 0 0 0 0 0 0 0 0 0 0 0 0 0 0 0 0 0 0 0 0 0 0 0 data 49 0x60007 0x1f9f 0x38 0x112 0xa0003 0x112 0x18 0x220007 0x1ec0 0x38 0x1f1 0x280003 0x1f1 0x18 0x3e0007 0x1faf 0x38 0x102 0x420003 0x102 0x18 0x5a0007 0x1e3c 0x38 0x275 0x600003 0x275 0x18 0x8000000600970007 0x7 0x40 0x20ab 0x9f0007 0x1f69 0x20 0x142 0x0 0x0 0x0 0x0 0x0 0x0 0x9 0x5 0x0 0x0 0x0 0x0 0x0 oops 0 methods 0
ciMethodData java/awt/Rectangle reshape (IIII)V 2 24090 orig 80 0 0 0 0 0 0 0 0 0 0 0 0 0 0 0 0 0 0 0 0 0 0 0 0 0 0 0 0 0 0 0 0 0 0 0 0 0 0 0 0 0 0 0 0 0 0 0 0 0 0 0 0 0 0 0 0 0 0 0 0 0 0 0 0 0 0 0 0 0 0 0 0 0 0 0 0 0 0 0 0 data 11 0x0 0x0 0x0 0x0 0x9 0x5 0x0 0x0 0x0 0x0 0x0 oops 0 methods 0
ciMethodData java/awt/Rectangle getX ()D 2 1030 orig 80 0 0 0 0 0 0 0 0 0 0 0 0 0 0 0 0 0 0 0 0 0 0 0 0 0 0 0 0 0 0 0 0 0 0 0 0 0 0 0 0 0 0 0 0 0 0 0 0 0 0 0 0 0 0 0 0 0 0 0 0 0 0 0 0 0 0 0 0 0 0 0 0 0 0 0 0 0 0 0 0 data 6 0x0 0x0 0x0 0x9 0x1 0x0 oops 0 methods 0
ciMethodData java/awt/Rectangle getY ()D 2 1033 orig 80 0 0 0 0 0 0 0 0 0 0 0 0 0 0 0 0 0 0 0 0 0 0 0 0 0 0 0 0 0 0 0 0 0 0 0 0 0 0 0 0 0 0 0 0 0 0 0 0 0 0 0 0 0 0 0 0 0 0 0 0 0 0 0 0 0 0 0 0 0 0 0 0 0 0 0 0 0 0 0 0 data 6 0x0 0x0 0x0 0x9 0x1 0x0 oops 0 methods 0
ciMethodData sun/java2d/SunGraphics2D transformShape (Ljava/awt/geom/AffineTransform;Ljava/awt/Shape;)Ljava/awt/Shape; 2 8277 orig 80 1 0 0 0 0 0 0 0 0 0 0 0 0 0 0 0 0 0 0 0 0 0 0 0 0 0 0 0 0 0 0 0 0 0 0 0 0 0 0 1 0 0 0 0 0 0 0 0 0 0 0 0 0 0 0 0 0 0 0 0 0 0 0 0 0 0 0 0 0 0 0 0 0 0 0 0 0 0 0 0 data 92 0x10007 0x2055 0x20 0x0 0x70004 0x8 0x208f92c1520 0xfd6 0x208f4ab8d10 0x1077 0x80000006000a0007 0x2 0x1b0 0x2054 0xe0005 0x0 0x208f90ba180 0x2054 0x0 0x0 0x140007 0x0 0x160 0x2054 0x180004 0x7 0x208f92c1520 0xfd6 0x208f4ab8d10 0x1077 0x230005 0x7 0x208f92c1520 0xfd6 0x208f4ab8d10 0x1077 0x2a0005 0x7 0x208f92c1520 0xfd6 0x208f4ab8d10 0x1077 0x340005 0x7 0x208f92c1520 0xfd6 0x208f4ab8d10 0x1077 0x3f0005 0x7 0x208f92c1520 0xfd6 0x208f4ab8d10 0x1077 0x4a0005 0x0 0x208f90ba180 0x2054 0x0 0x0 0x4f0002 0x2054 0x6a0002 0x2054 0x6f0005 0x0 0x208f90ba180 0x2 0x0 0x0 0x720007 0x2 0x30 0x0 0x760002 0x0 0x7c0005 0x0 0x208f90ba180 0x2 0x0 0x0 0x0 0x0 0x0 0x0 0x0 0x0 0x9 0x2 0x0 0x0 oops 16 6 java/awt/geom/Rectangle2D$Float 8 java/awt/Rectangle 16 java/awt/geom/AffineTransform 26 java/awt/geom/Rectangle2D$Float 28 java/awt/Rectangle 32 java/awt/geom/Rectangle2D$Float 34 java/awt/Rectangle 38 java/awt/geom/Rectangle2D$Float 40 java/awt/Rectangle 44 java/awt/geom/Rectangle2D$Float 46 java/awt/Rectangle 50 java/awt/geom/Rectangle2D$Float 52 java/awt/Rectangle 56 java/awt/geom/AffineTransform 66 java/awt/geom/AffineTransform 78 java/awt/geom/AffineTransform methods 0
ciMethodData sun/java2d/SunGraphics2D fixRectangleOrientation ([DLjava/awt/geom/Rectangle2D;)V 2 6196 orig 80 0 0 0 0 0 0 0 0 0 0 0 0 0 0 0 0 0 0 0 0 0 0 0 0 0 0 0 0 0 0 0 0 0 0 0 0 0 0 0 0 0 0 0 0 0 0 0 0 0 0 0 0 0 0 0 0 0 0 0 0 0 0 0 0 0 0 0 0 0 0 0 0 0 0 0 0 0 0 0 0 data 59 0x10005 0x7 0x208f92c1520 0xfd6 0x208f4ab8d10 0x857 0x60007 0x0 0x38 0x1834 0xa0003 0x1834 0x18 0x170007 0x0 0x38 0x1834 0x1b0003 0x1834 0x18 0x1f0007 0x1834 0x20 0x0 0x310005 0x7 0x208f92c1520 0xfd6 0x208f4ab8d10 0x857 0x360007 0x0 0x38 0x1834 0x3a0003 0x1834 0x18 0x470007 0x0 0x38 0x1834 0x4b0003 0x1834 0x18 0x4f0007 0x1834 0x20 0x0 0x0 0x0 0x0 0x0 0x0 0x0 0x0 0x9 0x2 0x0 0x0 oops 4 2 java/awt/geom/Rectangle2D$Float 4 java/awt/Rectangle 26 java/awt/geom/Rectangle2D$Float 28 java/awt/Rectangle methods 0
ciMethodData java/awt/geom/AffineTransform isIdentity ()Z 2 15542 orig 80 0 0 0 0 0 0 0 0 0 0 0 0 0 0 0 0 0 0 0 0 0 0 0 0 0 0 0 0 0 0 0 0 0 0 0 0 0 0 0 0 0 0 0 0 0 0 0 0 0 0 0 0 0 0 0 0 0 0 0 0 0 0 0 0 0 0 0 0 0 0 0 0 0 0 0 0 0 0 0 0 data 26 0x40007 0x26b2 0x70 0x1604 0x80005 0x0 0x208f90ba180 0x1604 0x0 0x0 0xb0007 0x1604 0x38 0x0 0xf0003 0x26b2 0x18 0x0 0x0 0x0 0x0 0x0 0x0 0x9 0x1 0xffffffffffffffff oops 1 6 java/awt/geom/AffineTransform methods 0
ciMethodData sun/java2d/SunGraphics2D cloneShape (Ljava/awt/Shape;)Ljava/awt/Shape; 1 2 orig 80 0 0 0 0 0 0 0 0 0 0 0 0 0 0 0 0 0 0 0 0 0 0 0 0 0 0 0 0 0 0 0 0 0 0 0 0 0 0 0 0 0 0 0 0 0 0 0 0 0 0 0 0 0 0 0 0 0 0 0 0 0 0 0 0 0 0 0 0 0 0 0 0 0 0 0 0 0 0 0 0 data 8 0x50002 0x2 0x0 0x0 0x0 0x9 0x1 0xffffffffffffffff oops 0 methods 0
ciMethodData java/awt/geom/GeneralPath <init> (Ljava/awt/Shape;)V 1 2 orig 80 0 0 0 0 0 0 0 0 0 0 0 0 0 0 0 0 0 0 0 0 0 0 0 0 0 0 0 0 0 0 0 0 0 0 0 0 0 0 0 0 0 0 0 0 0 0 0 0 0 0 0 0 0 0 0 0 0 0 0 0 0 0 0 0 0 0 0 0 0 0 0 0 0 0 0 0 0 0 0 0 data 8 0x30002 0x2 0x0 0x0 0x9 0x2 0xffffffffffffffff 0xffffffffffffffff oops 0 methods 0
ciMethodData java/awt/geom/Path2D$Float <init> (Ljava/awt/Shape;Ljava/awt/geom/AffineTransform;)V 1 2 orig 80 0 0 0 0 0 0 0 0 0 0 0 0 0 0 0 0 0 0 0 0 0 0 0 0 0 0 0 0 0 0 0 0 0 0 0 0 0 0 0 0 0 0 0 0 0 0 0 0 0 0 0 0 0 0 0 0 0 0 0 0 0 0 0 0 0 0 0 0 0 0 0 0 0 0 0 0 0 0 0 0 data 71 0x10002 0x2 0x50004 0x0 0x208fba255a8 0x2 0x0 0x0 0x80007 0x0 0xd8 0x2 0xc0004 0x0 0x208fba255a8 0x2 0x0 0x0 0x150005 0x2 0x0 0x0 0x0 0x0 0x290002 0x2 0x3a0005 0x0 0x208fba255a8 0x2 0x0 0x0 0x400003 0x2 0xd8 0x450005 0x0 0x0 0x0 0x0 0x0 0x4d0005 0x0 0x0 0x0 0x0 0x0 0x520005 0x0 0x0 0x0 0x0 0x0 0x680005 0x0 0x0 0x0 0x0 0x0 0x0 0x0 0x0 0x0 0x0 0x0 0x0 0x9 0x3 0xffffffffffffffff 0xffffffffffffffff 0xffffffffffffffff oops 3 4 java/awt/geom/Path2D$Double 14 java/awt/geom/Path2D$Double 28 java/awt/geom/Path2D$Double methods 0
ciMethodData java/awt/geom/AffineTransform createTransformedShape (Ljava/awt/Shape;)Ljava/awt/Shape; 1 2 orig 80 0 0 0 0 0 0 0 0 0 0 0 0 0 0 0 0 0 0 0 0 0 0 0 0 0 0 0 0 0 0 0 0 0 0 0 0 0 0 0 0 0 0 0 0 0 0 0 0 0 0 0 0 0 0 0 0 0 0 0 0 0 0 0 0 0 0 0 0 0 0 0 0 0 0 0 0 0 0 0 0 data 16 0x10007 0x2 0x20 0x0 0xc0002 0x2 0x0 0x0 0x0 0x0 0x0 0x0 0x9 0x2 0xffffffffffffffff 0xffffffffffffffff oops 0 methods 0
ciMethodData sun/java2d/SunGraphics2D getClip ()Ljava/awt/Shape; 2 11458 orig 80 0 0 0 0 0 0 0 0 0 0 0 0 0 0 0 0 0 0 0 0 0 0 0 0 0 0 0 0 0 0 0 0 0 0 0 0 0 0 0 0 0 0 0 0 0 0 0 0 0 0 0 0 0 0 0 0 0 0 0 0 0 0 0 0 0 0 0 0 0 0 0 0 0 0 0 0 0 0 0 0 data 15 0x50005 0x0 0x208fd771758 0x2cc2 0x0 0x0 0x0 0x0 0x0 0x0 0x0 0x0 0x9 0x1 0x0 oops 1 2 sun/java2d/SunGraphics2D methods 0
ciMethodData sun/java2d/SunGraphics2D untransformShape (Ljava/awt/Shape;)Ljava/awt/Shape; 2 5141 orig 80 0 0 0 0 0 0 0 0 0 0 0 0 0 0 0 0 0 0 0 0 0 0 0 0 0 0 0 0 0 0 0 0 0 0 0 0 0 0 0 0 0 0 0 0 0 0 0 0 0 0 0 0 0 0 0 0 0 0 0 0 0 0 0 0 0 0 0 0 0 0 0 0 0 0 0 0 0 0 0 0 data 29 0x10007 0x1415 0x20 0x0 0xb0007 0x0 0x60 0x1415 0x120005 0x0 0x208f90ba180 0x1415 0x0 0x0 0x160002 0x1415 0x280002 0x0 0x0 0x0 0x0 0x0 0x0 0x0 0x9 0x2 0x0 0x0 0x1a0001 oops 1 10 java/awt/geom/AffineTransform methods 0
ciMethodData sun/java2d/SunGraphics2D transformShape (IILjava/awt/Shape;)Ljava/awt/Shape; 2 1117 orig 80 0 0 0 0 0 0 0 0 0 0 0 0 0 0 0 0 0 0 0 0 0 0 0 0 0 0 0 0 0 0 0 0 0 0 0 0 0 0 0 0 0 0 0 0 0 0 0 0 0 0 0 0 0 0 0 0 0 0 0 0 0 0 0 0 0 0 0 0 0 0 0 0 0 0 0 0 0 0 0 0 data 97 0x10007 0x45d 0x20 0x0 0x70004 0x0 0x208f4ab8d10 0x45d 0x0 0x0 0xa0007 0x0 0x80 0x45d 0xe0005 0x0 0x208f4ab8d10 0x45d 0x0 0x0 0x170005 0x0 0x208f4ab8d10 0x45d 0x0 0x0 0x1d0004 0x0 0x0 0x0 0x0 0x0 0x200007 0x0 0x120 0x0 0x240004 0x0 0x0 0x0 0x0 0x0 0x2d0005 0x0 0x0 0x0 0x0 0x0 0x340005 0x0 0x0 0x0 0x0 0x0 0x3b0005 0x0 0x0 0x0 0x0 0x0 0x3f0005 0x0 0x0 0x0 0x0 0x0 0x420002 0x0 0x470007 0x0 0x50 0x0 0x4b0007 0x0 0x30 0x0 0x4f0002 0x0 0x570002 0x0 0x5d0005 0x0 0x0 0x0 0x0 0x0 0x0 0x0 0x0 0x0 0x0 0x0 0x9 0x3 0x0 0x0 0xffffffffffffffff oops 3 6 java/awt/Rectangle 16 java/awt/Rectangle 22 java/awt/Rectangle methods 0
ciMethodData sun/java2d/SunGraphics2D validateCompClip ()V 2 5273 orig 80 0 0 0 0 0 0 0 0 0 0 0 0 0 0 0 0 0 0 0 0 0 0 0 0 0 0 0 0 0 0 0 0 0 0 0 0 0 0 0 0 0 0 0 0 0 0 0 0 0 0 0 0 0 0 0 0 0 0 0 0 0 0 0 0 0 0 0 0 0 0 0 0 0 0 0 0 0 0 0 0 data 122 0x90007 0x970 0x38 0xb29 0x190003 0xb29 0x2a0 0x200004 0x11 0x208f92c1520 0x7b0 0x208f4ab8d10 0x1af 0x230007 0x1 0x98 0x96f 0x340004 0x10 0x208f92c1520 0x7b0 0x208f4ab8d10 0x1af 0x370005 0x3 0x208fc9c5068 0x96c 0x0 0x0 0x3d0003 0x96f 0x1d8 0x450005 0x0 0x208fba249f0 0x1 0x0 0x0 0x500002 0x1 0x5b0005 0x0 0x208fc9c4bf0 0x1 0x0 0x0 0x610005 0x0 0x208fc9c4bf0 0x1 0x0 0x0 0x670005 0x0 0x208fc9c4bf0 0x1 0x0 0x0 0x6d0002 0x1 0x7b0005 0x0 0x208fc9c5068 0x1 0x0 0x0 0x7e0007 0x1 0x38 0x0 0x820003 0x0 0x18 0x8b0005 0x0 0x208fc9c4bf0 0x1 0x0 0x0 0x8e0003 0x1 0x48 0x950005 0x0 0x0 0x0 0x0 0x0 0xa00007 0x12e9 0x90 0x1b0 0xa80007 0x1 0x40 0x1af 0xad0007 0x1af 0x50 0x0 0xb60005 0x0 0x208fd771758 0x1 0x0 0x0 0x0 0x0 0x0 0x0 0x0 0x0 0x0 0x0 0x0 0x0 0x0 0x9 0x1 0x0 0x910001 0x910001 oops 12 9 java/awt/geom/Rectangle2D$Float 11 java/awt/Rectangle 19 java/awt/geom/Rectangle2D$Float 21 java/awt/Rectangle 25 sun/java2d/pipe/Region 34 java/awt/geom/GeneralPath 42 sun/java2d/pipe/ShapeSpanIterator 48 sun/java2d/pipe/ShapeSpanIterator 54 sun/java2d/pipe/ShapeSpanIterator 62 sun/java2d/pipe/Region 75 sun/java2d/pipe/ShapeSpanIterator 102 sun/java2d/SunGraphics2D methods 0
ciMethodData sun/java2d/SunGraphics2D create ()Ljava/awt/Graphics; 2 11259 orig 80 0 0 0 0 0 0 0 0 0 0 0 0 0 0 0 0 0 0 0 0 0 0 0 0 0 0 0 0 0 0 0 0 0 0 0 0 0 0 0 0 0 0 0 0 0 0 0 0 0 0 0 0 0 0 0 0 0 0 0 0 0 0 0 0 0 0 0 0 0 0 0 0 0 0 0 0 0 0 0 0 data 21 0x10005 0x3 0x208fd771758 0x2bf8 0x0 0x0 0x40004 0x0 0x208fd771758 0x2bfb 0x0 0x0 0x0 0x0 0x0 0x0 0x0 0x0 0x9 0x1 0x0 oops 2 2 sun/java2d/SunGraphics2D 8 sun/java2d/SunGraphics2D methods 0
ciMethodData sun/java2d/SunGraphics2D clone ()Ljava/lang/Object; 2 5140 orig 80 0 0 0 0 0 0 0 0 0 0 0 0 0 0 0 0 0 0 0 0 0 0 0 0 0 0 0 0 0 0 0 0 0 0 0 0 0 0 0 0 0 0 0 0 0 0 0 0 0 0 0 0 0 0 0 0 0 0 0 0 0 0 0 0 0 0 0 0 0 0 0 0 0 0 0 0 0 0 0 0 data 77 0x10002 0x1414 0x40004 0x0 0x208fd771758 0x1414 0x0 0x0 0x110002 0x1414 0x1b0007 0x1414 0x80 0x0 0x230005 0x0 0x0 0x0 0x0 0x0 0x260004 0x0 0x0 0x0 0x0 0x0 0x300007 0x1414 0xb8 0x0 0x370007 0x0 0x98 0x0 0x3f0005 0x0 0x0 0x0 0x0 0x0 0x420004 0x0 0x0 0x0 0x0 0x0 0x480003 0x0 0x18 0x540007 0x1414 0x80 0x0 0x5c0005 0x0 0x0 0x0 0x0 0x0 0x5f0004 0x0 0x0 0x0 0x0 0x0 0x0 0x0 0x0 0x0 0x0 0x0 0x0 0x0 0x9 0x1 0x0 0x6f0001 oops 1 4 sun/java2d/SunGraphics2D methods 0
ciMethodData sun/java2d/SunGraphics2D translate (II)V 2 5143 orig 80 0 0 0 0 0 0 0 0 0 0 0 0 0 0 0 0 0 0 0 0 0 0 0 0 0 0 0 0 0 0 0 0 0 0 0 0 0 0 0 0 0 0 0 0 0 0 0 0 0 0 0 0 0 0 0 0 0 0 0 0 0 0 0 0 0 0 0 0 0 0 0 0 0 0 0 0 0 0 0 0 data 37 0x80005 0x0 0x208f90ba180 0x1417 0x0 0x0 0x100007 0x13cb 0x70 0x4c 0x310007 0x25 0x38 0x27 0x350003 0x27 0x18 0x3c0003 0x4c 0x48 0x400005 0x1 0x208fd771758 0x13ca 0x0 0x0 0x0 0x0 0x0 0x0 0x0 0x0 0x9 0x3 0x0 0x0 0x0 oops 2 2 java/awt/geom/AffineTransform 22 sun/java2d/SunGraphics2D methods 0
ciMethodData java/awt/geom/Rectangle2D setFrame (DDDD)V 2 6165 orig 80 0 0 0 0 0 0 0 0 0 0 0 0 0 0 0 0 0 0 0 0 0 0 0 0 0 0 0 0 0 0 0 0 0 0 0 0 0 0 0 0 0 0 0 0 0 0 0 0 0 0 0 0 0 0 0 0 0 0 0 0 0 0 0 0 0 0 0 0 0 0 0 0 0 0 0 0 0 0 0 0 data 23 0x70005 0x0 0x208f92c1520 0x9c1 0x208f4ab8d10 0xe54 0x0 0x0 0x0 0x0 0x0 0x0 0x9 0x9 0x0 0x0 0x0 0x0 0x0 0x0 0x0 0x0 0x0 oops 2 2 java/awt/geom/Rectangle2D$Float 4 java/awt/Rectangle methods 0
ciMethodData sun/java2d/SunGraphics2D setFont (Ljava/awt/Font;)V 2 5129 orig 80 0 0 0 0 0 0 0 0 0 0 0 0 0 0 0 0 0 0 0 0 0 0 0 0 0 0 0 0 0 0 0 0 0 0 0 0 0 0 0 0 0 0 0 0 0 0 0 0 0 0 0 0 0 0 0 0 0 0 0 0 0 0 0 0 0 0 0 0 0 0 0 0 0 0 0 0 0 0 0 0 data 70 0x10007 0x0 0x1d8 0x1409 0x90007 0xd89 0x1b8 0x680 0x110007 0x680 0x198 0x0 0x1b0007 0x0 0x178 0x0 0x230007 0x0 0x158 0x0 0x270005 0x0 0x0 0x0 0x0 0x0 0x2a0007 0x0 0x108 0x0 0x310007 0x0 0xe8 0x0 0x3c0007 0x0 0x38 0x0 0x400003 0x0 0x18 0x450002 0x0 0x490005 0x0 0x0 0x0 0x0 0x0 0x4c0005 0x0 0x0 0x0 0x0 0x0 0x4f0007 0x0 0x20 0x0 0x0 0x0 0x0 0x0 0x0 0x0 0x0 0x9 0x2 0x0 0x0 oops 0 methods 0
ciMethodData javax/swing/SwingUtilities getWindowAncestor (Ljava/awt/Component;)Ljava/awt/Window; 2 4701 orig 80 0 0 0 0 0 0 0 0 0 0 0 0 0 0 0 0 0 0 0 0 0 0 0 0 0 0 0 0 0 0 0 0 0 0 0 0 0 0 0 0 0 0 0 0 0 0 0 0 0 0 0 0 0 0 0 0 0 0 0 0 0 0 0 0 0 0 0 0 0 0 0 0 0 0 0 0 0 0 0 0 data 44 0x10005 0x973 0x208fd771608 0x73b 0x208fd771560 0x1af 0x60007 0x2 0xe8 0x5898 0xa0004 0x39e9 0x208fd771608 0x1b91 0x208fd7716b0 0x31e 0xd0007 0x463d 0x50 0x125b 0x110004 0x2e9 0x208fd771800 0xf70 0x208fd893418 0x2 0x160005 0x278e 0x208fd771608 0x1b91 0x208fd7716b0 0x31e 0x1a0003 0x463d 0xffffffffffffff30 0x0 0x0 0x0 0x0 0x0 0x0 0x9 0x1 0x0 oops 8 2 javax/swing/JPanel 4 javax/swing/JButton 12 javax/swing/JPanel 14 javax/swing/JViewport 22 wv/codeclip/CodeClipFrame 24 javax/swing/JWindow 28 javax/swing/JPanel 30 javax/swing/JViewport methods 0
ciMethodData java/awt/Window getBackground ()Ljava/awt/Color; 2 5021 orig 80 0 0 0 0 0 0 0 0 0 0 0 0 0 0 0 0 0 0 0 0 0 0 0 0 0 0 0 0 0 0 0 0 0 0 0 0 0 0 0 0 0 0 0 0 0 0 0 0 0 0 0 0 0 0 0 0 0 0 0 0 0 0 0 0 0 0 0 0 0 0 0 0 0 0 0 0 0 0 0 0 data 7 0x10002 0x139d 0x0 0x0 0x9 0x1 0x0 oops 0 methods 0
ciMethodData java/awt/Window isOpaque ()Z 2 4635 orig 80 0 0 0 0 0 0 0 0 0 0 0 0 0 0 0 0 0 0 0 0 0 0 0 0 0 0 0 0 0 0 0 0 0 0 0 0 0 0 0 0 0 0 0 0 0 0 0 0 0 0 0 0 0 0 0 0 0 0 0 0 0 0 0 0 0 0 0 0 0 0 0 0 0 0 0 0 0 0 0 0 data 35 0x10005 0x304 0x208fd771800 0xf15 0x208fd893418 0x2 0x60007 0x0 0xa0 0x121b 0xa0005 0x0 0x208fd8969e0 0x1219 0x208fd896a88 0x2 0x100007 0x0 0x38 0x121b 0x140003 0x121b 0x30 0x180003 0x0 0x18 0x0 0x0 0x0 0x0 0x0 0x0 0x9 0x1 0x0 oops 4 2 wv/codeclip/CodeClipFrame 4 javax/swing/JWindow 12 javax/swing/plaf/ColorUIResource 14 java/awt/SystemColor methods 0
ciMethodData java/awt/geom/Rectangle2D intersects (DDDD)Z 2 5123 orig 80 0 0 0 0 0 0 0 0 0 0 0 0 0 0 0 0 0 0 0 0 0 0 0 0 0 0 0 0 0 0 0 0 0 0 0 0 0 0 0 0 0 0 0 0 0 0 0 0 0 0 0 0 0 0 0 0 0 0 0 0 0 0 0 0 0 0 0 0 0 0 0 0 0 0 0 0 0 0 0 0 data 78 0x10005 0x0 0x208fd7719f8 0x1403 0x0 0x0 0x40007 0x0 0x60 0x1403 0xb0007 0x0 0x40 0x1403 0x120007 0x1403 0x20 0x0 0x180005 0x0 0x208fd7719f8 0x1403 0x0 0x0 0x1e0005 0x0 0x208fd7719f8 0x1403 0x0 0x0 0x2a0007 0x20a 0xf8 0x11f9 0x340007 0x327 0xd8 0xed2 0x3b0005 0x0 0x208fd7719f8 0xed2 0x0 0x0 0x400007 0x96 0x88 0xe3c 0x470005 0x0 0x208fd7719f8 0xe3c 0x0 0x0 0x4c0007 0xe6 0x38 0xd56 0x500003 0xd56 0x18 0x0 0x0 0x0 0x0 0x0 0x0 0x9 0x9 0x0 0x0 0x0 0x0 0x0 0x0 0x0 0x0 0x0 oops 5 2 java/awt/geom/Rectangle2D$Double 20 java/awt/geom/Rectangle2D$Double 26 java/awt/geom/Rectangle2D$Double 40 java/awt/geom/Rectangle2D$Double 50 java/awt/geom/Rectangle2D$Double methods 0
ciMethodData java/awt/geom/Rectangle2D$Double isEmpty ()Z 2 5122 orig 80 0 0 0 0 0 0 0 0 0 0 0 0 0 0 0 0 0 0 0 0 0 0 0 0 0 0 0 0 0 0 0 0 0 0 0 0 0 0 0 0 0 0 0 0 0 0 0 0 0 0 0 0 0 0 0 0 0 0 0 0 0 0 0 0 0 0 0 0 0 0 0 0 0 0 0 0 0 0 0 0 data 18 0x60007 0x0 0x40 0x1402 0xf0007 0x1402 0x38 0x0 0x130003 0x0 0x18 0x0 0x0 0x0 0x0 0x9 0x1 0x0 oops 0 methods 0
ciMethodData java/awt/Rectangle setRect (DDDD)V 2 15596 orig 80 0 0 0 0 0 0 0 0 0 0 0 0 0 0 0 0 0 0 0 0 0 0 0 0 0 0 0 0 0 0 0 0 0 0 0 0 0 0 0 0 0 0 0 0 0 0 0 0 0 0 0 0 0 0 0 0 0 0 0 0 0 0 0 0 0 0 0 0 0 0 0 0 0 0 0 0 0 0 0 0 data 67 0x50007 0x3cec 0x38 0x0 0xf0003 0x0 0x90 0x140002 0x3cec 0x1d0007 0x0 0x20 0x3cec 0x300007 0x0 0x38 0x3cec 0x340003 0x3cec 0x18 0x380002 0x3cec 0x420007 0x3cec 0x38 0x0 0x4c0003 0x0 0x90 0x510002 0x3cec 0x5a0007 0x0 0x20 0x3cec 0x6d0007 0x0 0x38 0x3cec 0x710003 0x3cec 0x18 0x750002 0x3cec 0x830005 0x0 0x208f4ab8d10 0x3cec 0x0 0x0 0x0 0x0 0x0 0x0 0x0 0x0 0x9 0x9 0x0 0x0 0x0 0x0 0x0 0x0 0x0 0x0 0x0 oops 1 46 java/awt/Rectangle methods 0
ciMethodData sun/java2d/SunGraphics2D getClipBounds ()Ljava/awt/Rectangle; 2 5421 orig 80 0 0 0 0 0 0 0 0 0 0 0 0 0 0 0 0 0 0 0 0 0 0 0 0 0 0 0 0 0 0 0 0 0 0 0 0 0 0 0 0 0 0 0 0 0 0 0 0 0 0 0 0 0 0 0 0 0 0 0 0 0 0 0 0 0 0 0 0 0 0 0 0 0 0 0 0 0 0 0 0 data 21 0x40007 0x152d 0x20 0x0 0xe0002 0x152d 0x110005 0x0 0x208fd771758 0x152d 0x0 0x0 0x0 0x0 0x0 0x0 0x0 0x0 0x9 0x1 0x0 oops 1 8 sun/java2d/SunGraphics2D methods 0
ciMethodData sun/java2d/SunGraphics2D getClipBounds (Ljava/awt/Rectangle;)Ljava/awt/Rectangle; 2 5421 orig 80 0 0 0 0 0 0 0 0 0 0 0 0 0 0 0 0 0 0 0 0 0 0 0 0 0 0 0 0 0 0 0 0 0 0 0 0 0 0 0 0 0 0 0 0 0 0 0 0 0 0 0 0 0 0 0 0 0 0 0 0 0 0 0 0 0 0 0 0 0 0 0 0 0 0 0 0 0 0 0 0 data 91 0x40007 0x0 0x258 0x152d 0xc0007 0x152d 0x190 0x0 0x130004 0x0 0x0 0x0 0x0 0x0 0x160007 0x0 0x98 0x0 0x1e0004 0x0 0x0 0x0 0x0 0x0 0x210005 0x0 0x0 0x0 0x0 0x0 0x240003 0x0 0x78 0x2c0005 0x0 0x0 0x0 0x0 0x0 0x310005 0x0 0x0 0x0 0x0 0x0 0x3f0005 0x0 0x0 0x0 0x0 0x0 0x420003 0x0 0xf0 0x470005 0x0 0x208fd771758 0x152d 0x0 0x0 0x4a0005 0x0 0x208fd7719f8 0x152d 0x0 0x0 0x4f0005 0x0 0x208f4ab8d10 0x152d 0x0 0x0 0x520003 0x152d 0x48 0x560007 0x0 0x30 0x0 0x600002 0x0 0x0 0x0 0x0 0x0 0x0 0x0 0x9 0x2 0x0 0x0 oops 3 56 sun/java2d/SunGraphics2D 62 java/awt/geom/Rectangle2D$Double 68 java/awt/Rectangle methods 0
ciMethodData java/awt/geom/RectangularShape setFrame (Ljava/awt/geom/Rectangle2D;)V 2 5421 orig 80 0 0 0 0 0 0 0 0 0 0 0 0 0 0 0 0 0 0 0 0 0 0 0 0 0 0 0 0 0 0 0 0 0 0 0 0 0 0 0 0 0 0 0 0 0 0 0 0 0 0 0 0 0 0 0 0 0 0 0 0 0 0 0 0 0 0 0 0 0 0 0 0 0 0 0 0 0 0 0 0 data 40 0x20005 0x0 0x208fd7719f8 0x152d 0x0 0x0 0x60005 0x0 0x208fd7719f8 0x152d 0x0 0x0 0xa0005 0x0 0x208fd7719f8 0x152d 0x0 0x0 0xe0005 0x0 0x208fd7719f8 0x152d 0x0 0x0 0x110005 0x0 0x208f4ab8d10 0x152d 0x0 0x0 0x0 0x0 0x0 0x0 0x0 0x0 0x9 0x2 0x0 0x0 oops 5 2 java/awt/geom/Rectangle2D$Double 8 java/awt/geom/Rectangle2D$Double 14 java/awt/geom/Rectangle2D$Double 20 java/awt/geom/Rectangle2D$Double 26 java/awt/Rectangle methods 0
ciMethodData java/awt/geom/Rectangle2D$Double getBounds2D ()Ljava/awt/geom/Rectangle2D; 2 5421 orig 80 0 0 0 0 0 0 0 0 0 0 0 0 0 0 0 0 0 0 0 0 0 0 0 0 0 0 0 0 0 0 0 0 0 0 0 0 0 0 0 0 0 0 0 0 0 0 0 0 0 0 0 0 0 0 0 0 0 0 0 0 0 0 0 0 0 0 0 0 0 0 0 0 0 0 0 0 0 0 0 0 data 9 0x140002 0x152d 0x0 0x0 0x0 0x0 0x9 0x1 0x0 oops 0 methods 0
ciMethodData sun/java2d/SunGraphics2D transformShape (Ljava/awt/Shape;)Ljava/awt/Shape; 2 4982 orig 80 0 0 0 0 0 0 0 0 0 0 0 0 0 0 0 0 0 0 0 0 0 0 0 0 0 0 0 0 0 0 0 0 0 0 0 0 0 0 0 0 0 0 0 0 0 0 0 0 0 0 0 0 0 0 0 0 0 0 0 0 0 0 0 0 0 0 0 0 0 0 0 0 0 0 0 0 0 0 0 0 data 22 0x10007 0x1376 0x20 0x0 0xb0007 0x447 0x30 0xf2f 0x130002 0xf2f 0x200002 0x447 0x0 0x0 0x0 0x0 0x0 0x0 0x9 0x2 0x0 0x0 oops 0 methods 0
ciMethodData javax/swing/JComponent paintChildren (Ljava/awt/Graphics;)V 2 4119 orig 80 0 0 0 0 0 0 0 0 0 0 0 0 0 0 0 0 0 0 0 0 0 0 0 0 0 0 0 0 0 0 0 0 0 0 0 0 0 0 0 0 0 0 0 0 0 0 0 0 0 0 0 0 0 0 0 0 0 0 0 0 0 0 0 0 0 0 0 0 0 0 0 0 0 0 0 0 0 0 0 0 data 494 0x30005 0xd81 0x208fd771410 0x14a 0x208fd7714b8 0x14a 0xa0005 0x715 0x208fd771560 0x2ab 0x208fd771608 0x655 0x130007 0xbf6 0x20 0x41f 0x1d0104 0x2c3 0x208fd7714b8 0x131 0x208fd771608 0x3f5 0x200007 0x40d 0x110 0x7e9 0x270005 0x2c3 0x208fd7714b8 0x131 0x208fd771608 0x3f5 0x2a0007 0x152 0xc0 0x697 0x2f0007 0x0 0xa0 0x1525 0x350005 0x2eb 0x208fd7714b8 0x262 0x208fd771608 0xfd8 0x3c0007 0xe8e 0x38 0x697 0x3f0003 0x697 0x30 0x450003 0xe8e 0xffffffffffffff78 0x480002 0xbf6 0x4e0005 0x459 0x208fd771608 0x653 0x208fd771410 0x14a 0x510007 0xa0b 0x88 0x1eb 0x550005 0x7 0x208fd771410 0x13d 0x208fd7716b0 0xa7 0x580007 0x0 0x38 0x1eb 0x5c0003 0x1eb 0x18 0x670007 0xa0b 0xe0 0x1eb 0x6b0005 0x0 0x208fd771758 0x1eb 0x0 0x0 0x720007 0x1eb 0x90 0x0 0x7c0005 0x0 0x0 0x0 0x0 0x0 0x800005 0x0 0x0 0x0 0x0 0x0 0x830002 0x0 0x8b0005 0xbf6 0x0 0x0 0x0 0x0 0x910002 0xbf6 0x980007 0x0 0x70 0xbf6 0x9d0005 0xa6 0x208fd771800 0xb1e 0x208fd7718a8 0x32 0xa00007 0x0 0x38 0xbf6 0xa40003 0xbf6 0x18 0xac0007 0xbec 0xa50 0x2524 0xb20005 0x765 0x208fd771608 0x1b2c 0x208fd771410 0x293 0xb90007 0x2524 0x38 0x0 0xbc0003 0x0 0x9c8 0xc10004 0x229d 0x208fd771950 0x13d 0x208fd7714b8 0x14a 0xc80007 0x0 0x70 0x2524 0xcd0007 0x24cc 0x50 0x58 0xd20002 0x58 0xd50007 0x0 0x930 0x58 0xda0005 0x229d 0x208fd771950 0x13d 0x208fd7714b8 0x14a 0xdd0007 0xfac 0x8e0 0x1578 0xe40005 0x9ec 0x208fd7714b8 0x14a 0x208fd771608 0xa42 0xea0005 0x0 0x208fd771758 0x1578 0x0 0x0 0xf10007 0x0 0x68 0x1578 0x10e0005 0x0 0x208fd7719f8 0x1578 0x0 0x0 0x1130003 0x1578 0x18 0x11b0007 0x6c1 0x7f8 0xeb7 0x1200007 0xb87 0xb8 0x330 0x1250007 0x1e8 0x98 0x148 0x15a0002 0x148 0x1750005 0x148 0x0 0x0 0x0 0x0 0x1790007 0x148 0x38 0x0 0x17c0003 0x0 0x738 0x1b00005 0x0 0x208fd771758 0xeb7 0x0 0x0 0x1b90005 0x723 0x208fd7714b8 0x14a 0x208fd771608 0x64a 0x1bc0005 0x0 0x208fd771758 0xeb7 0x0 0x0 0x1c30005 0x723 0x208fd7714b8 0x14a 0x208fd771608 0x64a 0x1c60005 0x0 0x208fd771758 0xeb7 0x0 0x0 0x1ce0007 0x7 0x2c8 0xeb0 0x1d30005 0xeb0 0x0 0x0 0x0 0x0 0x1d60007 0x0 0x80 0xeb0 0x1db0004 0x71c 0x208fd7714b8 0x14a 0x208fd771608 0x64a 0x1e00005 0xeb0 0x0 0x0 0x0 0x0 0x1e80005 0xeb0 0x0 0x0 0x0 0x0 0x1eb0007 0xeb0 0x80 0x0 0x1f00004 0x0 0x0 0x0 0x0 0x0 0x1f50005 0x0 0x0 0x0 0x0 0x0 0x1fd0007 0x0 0x68 0xeb0 0x2040005 0x71c 0x208fd7714b8 0x14a 0x208fd771608 0x64a 0x2070003 0xea6 0x228 0x20d0005 0x0 0x0 0x0 0x0 0x0 0x2100007 0x0 0x68 0x0 0x2170005 0x0 0x0 0x0 0x0 0x0 0x21a0003 0x0 0x190 0x2210005 0x0 0x0 0x0 0x0 0x0 0x2240003 0x0 0x148 0x2290007 0x0 0x68 0x7 0x2300005 0x0 0x208fd771aa0 0x7 0x0 0x0 0x2330003 0x7 0xe0 0x2390005 0x0 0x0 0x0 0x0 0x0 0x23c0007 0x0 0x68 0x0 0x2430005 0x0 0x0 0x0 0x0 0x0 0x2460003 0x0 0x48 0x24d0005 0x0 0x0 0x0 0x0 0x0 0x2520005 0x0 0x208fd771758 0xead 0x0 0x0 0x2570007 0x7 0x208 0xea6 0x25c0004 0x643 0x208fd771560 0x21e 0x208fd771608 0x645 0x2610005 0xea6 0x0 0x0 0x0 0x0 0x2660004 0x643 0x208fd771560 0x21e 0x208fd771608 0x645 0x26b0005 0xea6 0x0 0x0 0x0 0x0 0x26e0003 0xea6 0x128 0x2750005 0x0 0x0 0x0 0x0 0x0 0x27a0007 0x0 0xe0 0x0 0x27f0004 0x0 0x0 0x0 0x0 0x0 0x2840005 0x0 0x0 0x0 0x0 0x0 0x2890004 0x0 0x0 0x0 0x0 0x0 0x28e0005 0x0 0x0 0x0 0x0 0x0 0x2970003 0x251a 0xfffffffffffff5c8 0x29c0002 0xbec 0x2a10003 0xbec 0x18 0x0 0x0 0x0 0x0 0x0 0x0 0x0 0x0 0x0 0x0 0x0 0x0 0x0 0x0 0x0 0x0 0x9 0x2 0x0 0x0 0x2710001 0x2710001 0x2a40001 0x2a40001 0x2a40001 oops 44 2 javax/swing/JRootPane 4 javax/swing/JLayeredPane 8 javax/swing/JButton 10 javax/swing/JPanel 18 javax/swing/JLayeredPane 20 javax/swing/JPanel 28 javax/swing/JLayeredPane 30 javax/swing/JPanel 42 javax/swing/JLayeredPane 44 javax/swing/JPanel 60 javax/swing/JPanel 62 javax/swing/JRootPane 70 javax/swing/JRootPane 72 javax/swing/JViewport 87 sun/java2d/SunGraphics2D 123 wv/codeclip/CodeClipFrame 125 wv/codeclip/ui/CheckpointDialog 140 javax/swing/JPanel 142 javax/swing/JRootPane 153 wv/codeclip/io/FileDropHandler$DragOverlayPanel 155 javax/swing/JLayeredPane 173 wv/codeclip/io/FileDropHandler$DragOverlayPanel 175 javax/swing/JLayeredPane 183 javax/swing/JLayeredPane 185 javax/swing/JPanel 189 sun/java2d/SunGraphics2D 199 java/awt/geom/Rectangle2D$Double 235 sun/java2d/SunGraphics2D 241 javax/swing/JLayeredPane 243 javax/swing/JPanel 247 sun/java2d/SunGraphics2D 253 javax/swing/JLayeredPane 255 javax/swing/JPanel 259 sun/java2d/SunGraphics2D 279 javax/swing/JLayeredPane 281 javax/swing/JPanel 317 javax/swing/JLayeredPane 319 javax/swing/JPanel 358 javax/swing/plaf/metal/MetalSplitPaneDivider 392 sun/java2d/SunGraphics2D 402 javax/swing/JButton 404 javax/swing/JPanel 414 javax/swing/JButton 416 javax/swing/JPanel methods 0
ciMethodData javax/swing/JComponent fetchRectangle ()Ljava/awt/Rectangle; 2 4418 orig 80 0 0 0 0 0 0 0 0 0 0 0 0 0 0 0 0 0 0 0 0 0 0 0 0 0 0 0 0 0 0 0 0 0 0 0 0 0 0 0 0 0 0 0 0 0 0 0 0 0 0 0 0 0 0 0 0 0 0 0 0 0 0 0 0 0 0 0 0 0 0 0 0 0 0 0 0 0 0 0 0 data 37 0x90005 0x0 0x208f48005f8 0x1142 0x0 0x0 0x100007 0x1 0x98 0x1141 0x190005 0x0 0x208f48005f8 0x1141 0x0 0x0 0x1e0004 0x0 0x208f4ab8d10 0x1141 0x0 0x0 0x220003 0x1141 0x28 0x2d0002 0x1 0x0 0x0 0x0 0x0 0x0 0x0 0x9 0x0 0x350001 0x350001 oops 3 2 java/util/ArrayList 12 java/util/ArrayList 18 java/awt/Rectangle methods 0
ciMethodData javax/swing/JComponent checkIfChildObscuredBySibling ()Z 1 492 orig 80 0 0 0 0 0 0 0 0 0 0 0 0 0 0 0 0 0 0 0 0 0 0 0 0 0 0 0 0 0 0 0 0 0 0 0 0 0 0 0 0 0 0 0 0 0 0 0 0 0 0 0 0 0 0 0 0 0 0 0 0 0 0 0 0 0 0 0 0 0 0 0 0 0 0 0 0 0 0 0 0 data 4 0x0 0x9 0x1 0x0 oops 0 methods 0
ciMethodData javax/swing/JComponent isLightweightComponent (Ljava/awt/Component;)Z 1 88 orig 80 0 0 0 0 0 0 0 0 0 0 0 0 0 0 0 0 0 0 0 0 0 0 0 0 0 0 0 0 0 0 0 0 0 0 0 0 0 0 0 0 0 0 0 0 0 0 0 0 0 0 0 0 0 0 0 0 0 0 0 0 0 0 0 0 0 0 0 0 0 0 0 0 0 0 0 0 0 0 0 0 data 17 0x2 0x58 0x40005 0x0 0x208f4c037c0 0x58 0x0 0x0 0x0 0x0 0x0 0x0 0x0 0x0 0x9 0x1 0x0 oops 1 4 java/awt/Component$1 methods 0
ciMethodData java/awt/Component$1 isLightweight (Ljava/awt/Component;)Z 1 88 orig 80 0 0 0 0 0 0 0 0 0 0 0 0 0 0 0 0 0 0 0 0 0 0 0 0 0 0 0 0 0 0 0 0 0 0 0 0 0 0 0 0 0 0 0 0 0 0 0 0 0 0 0 0 0 0 0 0 0 0 0 0 0 0 0 0 0 0 0 0 0 0 0 0 0 0 0 0 0 0 0 0 data 16 0x40004 0x0 0x208fc614f28 0x58 0x0 0x0 0x0 0x0 0x0 0x0 0x0 0x0 0x9 0x2 0x0 0x0 oops 1 2 sun/awt/NullComponentPeer methods 0
ciMethodData javax/swing/JComponent getObscuredState (IIIII)I 1 817 orig 80 0 0 0 0 0 0 0 0 0 0 0 0 0 0 0 0 0 0 0 0 0 0 0 0 0 0 0 0 0 0 0 0 0 0 0 0 0 0 0 0 0 0 0 0 0 0 0 0 0 0 0 0 0 0 0 0 0 0 0 0 0 0 0 0 0 0 0 0 0 0 0 0 0 0 0 0 0 0 0 0 data 119 0x30002 0x331 0xf0007 0x331 0x328 0x27f 0x150005 0x0 0x208fd771410 0x26e 0x208fd7714b8 0x11 0x1c0005 0x0 0x208fd771608 0x27f 0x0 0x0 0x1f0007 0x27f 0x38 0x0 0x220003 0x0 0x270 0x270004 0x0 0x208fd771608 0x27f 0x0 0x0 0x2a0007 0x0 0xa8 0x27f 0x2f0005 0x0 0x208fd771608 0x27f 0x0 0x0 0x360007 0x11 0x58 0x26e 0x3c0007 0x26e 0x38 0x0 0x3f0003 0x0 0x198 0x490005 0x0 0x208fd771608 0x27f 0x0 0x0 0x500007 0x26e 0xb0 0x11 0x590007 0xd 0x90 0x4 0x6b0007 0x0 0x70 0x4 0x740007 0x4 0x50 0x0 0x860007 0x0 0x30 0x0 0x8b0002 0x0 0x920007 0x0 0xa0 0x27f 0x9e0007 0x4 0x80 0x27b 0xaa0007 0x4 0x60 0x277 0xb90007 0x0 0x40 0x277 0xc80007 0x0 0x20 0x277 0xd10003 0x27f 0xfffffffffffffcf0 0xd60002 0x331 0x0 0x0 0x0 0x0 0x0 0x0 0x9 0x6 0x0 0x0 0x0 0x0 0x0 0x0 oops 6 8 javax/swing/JRootPane 10 javax/swing/JLayeredPane 14 javax/swing/JPanel 27 javax/swing/JPanel 37 javax/swing/JPanel 54 javax/swing/JPanel methods 0
ciMethodData java/awt/Graphics create (IIII)Ljava/awt/Graphics; 2 3800 orig 80 0 0 0 0 0 0 0 0 0 0 0 0 0 0 0 0 0 0 0 0 0 0 0 0 0 0 0 0 0 0 0 0 0 0 0 0 0 0 0 0 0 0 0 0 0 0 0 0 0 0 0 0 0 0 0 0 0 0 0 0 0 0 0 0 0 0 0 0 0 0 0 0 0 0 0 0 0 0 0 0 data 35 0x10005 0x0 0x208fd771758 0xed8 0x0 0x0 0x80007 0xed8 0x20 0x0 0x110005 0x0 0x208fd771758 0xed8 0x0 0x0 0x1b0005 0x0 0x208fd771758 0xed8 0x0 0x0 0x0 0x0 0x0 0x0 0x0 0x0 0x9 0x5 0x0 0x0 0x0 0x0 0x0 oops 3 2 sun/java2d/SunGraphics2D 12 sun/java2d/SunGraphics2D 18 sun/java2d/SunGraphics2D methods 0
ciMethodData javax/swing/JComponent recycleRectangle (Ljava/awt/Rectangle;)V 2 4420 orig 80 0 0 0 0 0 0 0 0 0 0 0 0 0 0 0 0 0 0 0 0 0 0 0 0 0 0 0 0 0 0 0 0 0 0 0 0 0 0 0 0 0 0 0 0 0 0 0 0 0 0 0 0 0 0 0 0 0 0 0 0 0 0 0 0 0 0 0 0 0 0 0 0 0 0 0 0 0 0 0 0 data 20 0xa0005 0x0 0x208f48005f8 0x1144 0x0 0x0 0x120003 0x1144 0x18 0x0 0x0 0x0 0x0 0x0 0x0 0x9 0x1 0x0 0x150001 0x150001 oops 1 2 java/util/ArrayList methods 0
ciMethodData sun/java2d/SunGraphics2D clipRect (IIII)V 2 3829 orig 80 0 0 0 0 0 0 0 0 0 0 0 0 0 0 0 0 0 0 0 0 0 0 0 0 0 0 0 0 0 0 0 0 0 0 0 0 0 0 0 0 0 0 0 0 0 0 0 0 0 0 0 0 0 0 0 0 0 0 0 0 0 0 0 0 0 0 0 0 0 0 0 0 0 0 0 0 0 0 0 0 data 21 0xa0002 0xef5 0xd0005 0x0 0x208fd771758 0xef5 0x0 0x0 0x0 0x0 0x0 0x0 0x0 0x0 0x9 0x5 0x0 0x0 0x0 0x0 0x0 oops 1 4 sun/java2d/SunGraphics2D methods 0
ciMethodData sun/java2d/SunGraphics2D clip (Ljava/awt/Shape;)V 2 3831 orig 80 0 0 0 0 0 0 0 0 0 0 0 0 0 0 0 0 0 0 0 0 0 0 0 0 0 0 0 0 0 0 0 0 0 0 0 0 0 0 0 0 0 0 0 0 0 0 0 0 0 0 0 0 0 0 0 0 0 0 0 0 0 0 0 0 0 0 0 0 0 0 0 0 0 0 0 0 0 0 0 0 data 32 0x20005 0x0 0x208fd771758 0xef7 0x0 0x0 0xa0007 0x0 0x50 0xef7 0x150005 0x0 0x208fd771758 0xef7 0x0 0x0 0x1f0005 0x0 0x208fd771758 0xef7 0x0 0x0 0x0 0x0 0x0 0x0 0x0 0x0 0x9 0x2 0x0 0x0 oops 3 2 sun/java2d/SunGraphics2D 12 sun/java2d/SunGraphics2D 18 sun/java2d/SunGraphics2D methods 0
ciMethodData sun/java2d/SunGraphics2D intersectShapes (Ljava/awt/Shape;Ljava/awt/Shape;ZZ)Ljava/awt/Shape; 2 3831 orig 80 0 0 0 0 0 0 0 0 0 0 0 0 0 0 0 0 0 0 0 0 0 0 0 0 0 0 0 0 0 0 0 0 0 0 0 0 0 0 0 0 0 0 0 0 0 0 0 0 0 0 0 0 0 0 0 0 0 0 0 0 0 0 0 0 0 0 0 0 0 0 0 0 0 0 0 0 0 0 0 0 data 101 0x10004 0x11 0x208f4ab8d10 0x2dc 0x208f92c1520 0xc0a 0x40007 0xc1b 0x100 0x2dc 0x80004 0x0 0x208fd7719f8 0x2dc 0x0 0x0 0xb0007 0x2dc 0xb0 0x0 0xf0004 0x0 0x0 0x0 0x0 0x0 0x130004 0x0 0x0 0x0 0x0 0x0 0x160005 0x0 0x0 0x0 0x0 0x0 0x1b0004 0x11 0x208f4ab8d10 0x2dc 0x208f92c1520 0xc0a 0x1e0007 0x0 0x80 0xef7 0x230004 0x11 0x208f4ab8d10 0x2dc 0x208f92c1520 0xc0a 0x2a0005 0x0 0x208fd771758 0xef7 0x0 0x0 0x2f0004 0x0 0x0 0x0 0x0 0x0 0x320007 0x0 0x80 0x0 0x370004 0x0 0x0 0x0 0x0 0x0 0x3e0005 0x0 0x0 0x0 0x0 0x0 0x480005 0x0 0x0 0x0 0x0 0x0 0x0 0x0 0x0 0x0 0x0 0x0 0x9 0x5 0x0 0x0 0x0 0x0 0x0 oops 8 2 java/awt/Rectangle 4 java/awt/geom/Rectangle2D$Float 12 java/awt/geom/Rectangle2D$Double 40 java/awt/Rectangle 42 java/awt/geom/Rectangle2D$Float 50 java/awt/Rectangle 52 java/awt/geom/Rectangle2D$Float 56 sun/java2d/SunGraphics2D methods 0
ciMethodData sun/java2d/SunGraphics2D intersectRectShape (Ljava/awt/geom/Rectangle2D;Ljava/awt/Shape;ZZ)Ljava/awt/Shape; 2 3831 orig 80 0 0 0 0 0 0 0 0 0 0 0 0 0 0 0 0 0 0 0 0 0 0 0 0 0 0 0 0 0 0 0 0 0 0 0 0 0 0 0 0 0 0 0 0 0 0 0 0 0 0 0 0 0 0 0 0 0 0 0 0 0 0 0 0 0 0 0 0 0 0 0 0 0 0 0 0 0 0 0 0 data 176 0x10004 0x0 0x208fd7719f8 0xef5 0x208fba255a8 0x2 0x40007 0x2 0x408 0xef5 0x80004 0x0 0x208fd7719f8 0xef5 0x0 0x0 0xe0007 0xef5 0x38 0x0 0x140003 0x0 0x60 0x190007 0xef5 0x38 0x0 0x200003 0x0 0x28 0x270002 0xef5 0x2d0005 0x11 0x208f4ab8d10 0x2dc 0x208f92c1520 0xc08 0x320005 0x0 0x208fd7719f8 0xef5 0x0 0x0 0x350002 0xef5 0x3b0005 0x11 0x208f4ab8d10 0x2dc 0x208f92c1520 0xc08 0x3f0005 0x11 0x208f4ab8d10 0x2dc 0x208f92c1520 0xc08 0x450005 0x0 0x208fd7719f8 0xef5 0x0 0x0 0x4a0005 0x0 0x208fd7719f8 0xef5 0x0 0x0 0x4e0002 0xef5 0x540005 0x11 0x208f4ab8d10 0x2dc 0x208f92c1520 0xc08 0x590005 0x0 0x208fd7719f8 0xef5 0x0 0x0 0x5c0002 0xef5 0x620005 0x11 0x208f4ab8d10 0x2dc 0x208f92c1520 0xc08 0x660005 0x11 0x208f4ab8d10 0x2dc 0x208f92c1520 0xc08 0x6c0005 0x0 0x208fd7719f8 0xef5 0x0 0x0 0x710005 0x0 0x208fd7719f8 0xef5 0x0 0x0 0x750002 0xef5 0x810007 0x0 0x40 0xef5 0x8b0007 0xef5 0x68 0x0 0x940005 0x0 0x0 0x0 0x0 0x0 0x970003 0x0 0x48 0xa40005 0x0 0x208f92c1520 0xef5 0x0 0x0 0xac0005 0x0 0x208fba255a8 0x2 0x0 0x0 0xb10005 0x0 0x208f92c1520 0x2 0x0 0x0 0xb40007 0x0 0x50 0x2 0xb90007 0x0 0x30 0x2 0xbd0002 0x2 0xc90005 0x0 0x0 0x0 0x0 0x0 0x0 0x0 0x0 0x0 0x0 0x0 0x9 0x5 0x0 0x0 0x0 0x0 0x0 oops 24 2 java/awt/geom/Rectangle2D$Double 4 java/awt/geom/Path2D$Double 12 java/awt/geom/Rectangle2D$Double 34 java/awt/Rectangle 36 java/awt/geom/Rectangle2D$Float 40 java/awt/geom/Rectangle2D$Double 48 java/awt/Rectangle 50 java/awt/geom/Rectangle2D$Float 54 java/awt/Rectangle 56 java/awt/geom/Rectangle2D$Float 60 java/awt/geom/Rectangle2D$Double 66 java/awt/geom/Rectangle2D$Double 74 java/awt/Rectangle 76 java/awt/geom/Rectangle2D$Float 80 java/awt/geom/Rectangle2D$Double 88 java/awt/Rectangle 90 java/awt/geom/Rectangle2D$Float 94 java/awt/Rectangle 96 java/awt/geom/Rectangle2D$Float 100 java/awt/geom/Rectangle2D$Double 106 java/awt/geom/Rectangle2D$Double 131 java/awt/geom/Rectangle2D$Float 137 java/awt/geom/Path2D$Double 143 java/awt/geom/Rectangle2D$Float methods 0
ciMethodData sun/java2d/SunGraphics2D intersectByArea (Ljava/awt/Shape;Ljava/awt/Shape;ZZ)Ljava/awt/Shape; 1 0 orig 80 0 0 0 0 0 0 0 0 0 0 0 0 0 0 0 0 0 0 0 0 0 0 0 0 0 0 0 0 0 0 0 0 0 0 0 0 0 0 0 0 0 0 0 0 0 0 0 0 0 0 0 0 0 0 0 0 0 0 0 0 0 0 0 0 0 0 0 0 0 0 0 0 0 0 0 0 0 0 0 0 data 104 0x10007 0x0 0xb8 0x0 0x50004 0x0 0x0 0x0 0x0 0x0 0x80007 0x0 0x68 0x0 0xc0004 0x0 0x0 0x0 0x0 0x0 0x110003 0x0 0xe0 0x160007 0x0 0xb8 0x0 0x1a0004 0x0 0x0 0x0 0x0 0x0 0x1d0007 0x0 0x68 0x0 0x210004 0x0 0x0 0x0 0x0 0x0 0x280003 0x0 0x28 0x300002 0x0 0x360004 0x0 0x0 0x0 0x0 0x0 0x390007 0x0 0x68 0x0 0x3d0004 0x0 0x0 0x0 0x0 0x0 0x420003 0x0 0x28 0x4a0002 0x0 0x530005 0x0 0x0 0x0 0x0 0x0 0x580005 0x0 0x0 0x0 0x0 0x0 0x5b0007 0x0 0x50 0x0 0x600005 0x0 0x0 0x0 0x0 0x0 0x0 0x0 0x0 0x0 0x0 0x0 0x9 0x5 0x0 0xffffffffffffffff 0xffffffffffffffff 0x0 0x0 oops 0 methods 0
ciMethodData java/awt/geom/Rectangle2D$Float <init> ()V 2 26411 orig 80 0 0 0 0 0 0 0 0 0 0 0 0 0 0 0 0 0 0 0 0 0 0 0 0 0 0 0 0 0 0 0 0 0 0 0 0 0 0 0 0 0 0 0 0 0 0 0 0 0 0 0 0 0 0 0 0 0 0 0 0 0 0 0 0 0 0 0 0 0 0 0 0 0 0 0 0 0 0 0 0 data 7 0x10002 0x672b 0x0 0x0 0x9 0x1 0x0 oops 0 methods 0
ciMethodData java/awt/geom/RectangularShape setFrameFromDiagonal (DDDD)V 2 3829 orig 80 0 0 0 0 0 0 0 0 0 0 0 0 0 0 0 0 0 0 0 0 0 0 0 0 0 0 0 0 0 0 0 0 0 0 0 0 0 0 0 0 0 0 0 0 0 0 0 0 0 0 0 0 0 0 0 0 0 0 0 0 0 0 0 0 0 0 0 0 0 0 0 0 0 0 0 0 0 0 0 0 data 31 0x40007 0xef5 0x20 0x0 0x150007 0xef5 0x20 0x0 0x2d0005 0x0 0x208f92c1520 0xef5 0x0 0x0 0x0 0x0 0x0 0x0 0x0 0x0 0x9 0x9 0x0 0x0 0x0 0x0 0x0 0x0 0x0 0x0 0x0 oops 1 10 java/awt/geom/Rectangle2D$Float methods 0
ciMethodData java/awt/geom/RectangularShape contains (Ljava/awt/geom/Rectangle2D;)Z 1 2 orig 80 0 0 0 0 0 0 0 0 0 0 0 0 0 0 0 0 0 0 0 0 0 0 0 0 0 0 0 0 0 0 0 0 0 0 0 0 0 0 0 0 0 0 0 0 0 0 0 0 0 0 0 0 0 0 0 0 0 0 0 0 0 0 0 0 0 0 0 0 0 0 0 0 0 0 0 0 0 0 0 0 data 40 0x20005 0x0 0x208fd7719f8 0x2 0x0 0x0 0x60005 0x0 0x208fd7719f8 0x2 0x0 0x0 0xa0005 0x0 0x208fd7719f8 0x2 0x0 0x0 0xe0005 0x0 0x208fd7719f8 0x2 0x0 0x0 0x110005 0x0 0x208f92c1520 0x2 0x0 0x0 0x0 0x0 0x0 0x0 0x0 0x0 0x9 0x2 0xffffffffffffffff 0xffffffffffffffff oops 5 2 java/awt/geom/Rectangle2D$Double 8 java/awt/geom/Rectangle2D$Double 14 java/awt/geom/Rectangle2D$Double 20 java/awt/geom/Rectangle2D$Double 26 java/awt/geom/Rectangle2D$Float methods 0
ciMethodData java/awt/geom/Rectangle2D$Float setRect (DDDD)V 2 1036 orig 80 0 0 0 0 0 0 0 0 0 0 0 0 0 0 0 0 0 0 0 0 0 0 0 0 0 0 0 0 0 0 0 0 0 0 0 0 0 0 0 0 0 0 0 0 0 0 0 0 0 0 0 0 0 0 0 0 0 0 0 0 0 0 0 0 0 0 0 0 0 0 0 0 0 0 0 0 0 0 0 0 data 15 0x0 0x0 0x0 0x0 0x9 0x9 0x0 0x0 0x0 0x0 0x0 0x0 0x0 0x0 0x0 oops 0 methods 0
ciMethod java/awt/geom/Path2D$Double <init> (Ljava/awt/Shape;Ljava/awt/geom/AffineTransform;)V 2 0 2 0 -1
ciMethod java/awt/geom/Path2D$Double append (Ljava/awt/geom/PathIterator;Z)V 0 0 1 0 -1
ciMethod java/awt/geom/Path2D$Double getBounds2D ()Ljava/awt/geom/Rectangle2D; 4 0 2 0 0
ciMethod java/awt/geom/Path2D$Double getPathIterator (Ljava/awt/geom/AffineTransform;)Ljava/awt/geom/PathIterator; 4 0 2 0 -1
ciMethod java/awt/geom/Path2D$Double$CopyIterator <init> (Ljava/awt/geom/Path2D$Double;)V 4 0 2 0 -1
ciMethodData java/awt/geom/Path2D$Double <init> (Ljava/awt/Shape;Ljava/awt/geom/AffineTransform;)V 1 1 orig 80 0 0 0 0 0 0 0 0 0 0 0 0 0 0 0 0 0 0 0 0 0 0 0 0 0 0 0 0 0 0 0 0 0 0 0 0 0 0 0 0 0 0 0 0 0 0 0 0 0 0 0 0 0 0 0 0 0 0 0 0 0 0 0 0 0 0 0 0 0 0 0 0 0 0 0 0 0 0 0 0 data 71 0x10002 0x1 0x50004 0x0 0x208fca22130 0x1 0x0 0x0 0x80007 0x0 0xd8 0x1 0xc0004 0x0 0x208fca22130 0x1 0x0 0x0 0x150005 0x1 0x0 0x0 0x0 0x0 0x290002 0x1 0x3a0005 0x0 0x208fca22130 0x1 0x0 0x0 0x400003 0x1 0xd8 0x450005 0x0 0x0 0x0 0x0 0x0 0x4d0005 0x0 0x0 0x0 0x0 0x0 0x520005 0x0 0x0 0x0 0x0 0x0 0x680005 0x0 0x0 0x0 0x0 0x0 0x0 0x0 0x0 0x0 0x0 0x0 0x0 0x9 0x3 0xffffffffffffffff 0xffffffffffffffff 0xffffffffffffffff oops 3 4 java/awt/geom/Path2D$Float 14 java/awt/geom/Path2D$Float 28 java/awt/geom/Path2D$Float methods 0
ciMethodData java/awt/geom/Path2D setWindingRule (I)V 1 30 orig 80 0 0 0 0 0 0 0 0 0 0 0 0 0 0 0 0 0 0 0 0 0 0 0 0 0 0 0 0 0 0 0 0 0 0 0 0 0 0 0 0 0 0 0 0 0 0 0 0 0 0 0 0 0 0 0 0 0 0 0 0 0 0 0 0 0 0 0 0 0 0 0 0 0 0 0 0 0 0 0 0 data 18 0x10007 0x1e 0x50 0x0 0x60007 0x0 0x30 0x0 0xf0002 0x0 0x0 0x0 0x0 0x0 0x9 0x2 0xc 0x0 oops 0 methods 0
compile javax/swing/JComponent paintChildren (Ljava/awt/Graphics;)V -1 4 inline 162 0 -1 0 javax/swing/JComponent paintChildren (Ljava/awt/Graphics;)V 1 3 0 java/awt/Component getTreeLock ()Ljava/lang/Object; 1 10 0 java/awt/Container getComponentCount ()I 2 1 0 java/awt/Container countComponents ()I 3 4 0 java/util/ArrayList size ()I 1 53 0 java/awt/Container getComponent (I)Ljava/awt/Component; 2 5 0 java/util/ArrayList get (I)Ljava/lang/Object; 3 5 0 java/util/Objects checkIndex (II)I 3 11 0 java/util/ArrayList elementData (I)Ljava/lang/Object; 1 72 0 javax/swing/JComponent fetchRectangle ()Ljava/awt/Rectangle; 2 9 0 java/util/ArrayList size ()I 2 25 0 java/util/ArrayList remove (I)Ljava/lang/Object; 3 5 0 java/util/Objects checkIndex (II)I 3 21 0 java/util/ArrayList fastRemove ([Ljava/lang/Object;I)V 2 45 0 java/awt/Rectangle <init> (IIII)V 3 1 0 java/awt/geom/Rectangle2D <init> ()V 4 1 0 java/awt/geom/RectangularShape <init> ()V 5 1 0 java/lang/Object <init> ()V 1 85 0 javax/swing/JComponent checkIfChildObscuredBySibling ()Z 1 107 0 sun/java2d/SunGraphics2D getClipBounds ()Ljava/awt/Rectangle; 2 14 0 java/awt/Rectangle <init> ()V 3 5 0 java/awt/Rectangle <init> (IIII)V 4 1 0 java/awt/geom/Rectangle2D <init> ()V 5 1 0 java/awt/geom/RectangularShape <init> ()V 6 1 0 java/lang/Object <init> ()V 2 17 0 sun/java2d/SunGraphics2D getClipBounds (Ljava/awt/Rectangle;)Ljava/awt/Rectangle; 3 71 0 sun/java2d/SunGraphics2D getClip ()Ljava/awt/Shape; 4 5 0 sun/java2d/SunGraphics2D untransformShape (Ljava/awt/Shape;)Ljava/awt/Shape; 5 22 0 sun/java2d/SunGraphics2D transformShape (Ljava/awt/geom/AffineTransform;Ljava/awt/Shape;)Ljava/awt/Shape; 6 14 0 java/awt/geom/AffineTransform getType ()I 6 79 0 sun/java2d/SunGraphics2D fixRectangleOrientation ([DLjava/awt/geom/Rectangle2D;)V 6 106 0 java/awt/geom/Rectangle2D$Double <init> (DDDD)V 7 1 0 java/awt/geom/Rectangle2D <init> ()V 8 1 0 java/awt/geom/RectangularShape <init> ()V 9 1 0 java/lang/Object <init> ()V 7 11 0 java/awt/geom/Rectangle2D$Double setRect (DDDD)V 3 74 0 java/awt/geom/Rectangle2D$Double getBounds2D ()Ljava/awt/geom/Rectangle2D; 4 20 0 java/awt/geom/Rectangle2D$Double <init> (DDDD)V 5 1 0 java/awt/geom/Rectangle2D <init> ()V 6 1 0 java/awt/geom/RectangularShape <init> ()V 7 1 0 java/lang/Object <init> ()V 5 11 0 java/awt/geom/Rectangle2D$Double setRect (DDDD)V 3 79 0 java/awt/geom/RectangularShape setFrame (Ljava/awt/geom/Rectangle2D;)V 4 2 0 java/awt/geom/Rectangle2D$Double getX ()D 4 6 0 java/awt/geom/Rectangle2D$Double getY ()D 4 10 0 java/awt/geom/Rectangle2D$Double getWidth ()D 4 14 0 java/awt/geom/Rectangle2D$Double getHeight ()D 4 17 0 java/awt/geom/Rectangle2D setFrame (DDDD)V 5 7 0 java/awt/Rectangle setRect (DDDD)V 6 20 0 java/awt/Rectangle clip (DZ)I 6 56 0 java/awt/Rectangle clip (DZ)I 6 81 0 java/awt/Rectangle clip (DZ)I 6 117 0 java/awt/Rectangle clip (DZ)I 6 131 0 java/awt/Rectangle reshape (IIII)V 1 139 0 javax/swing/JComponent getFlag (I)Z 1 145 0 javax/swing/SwingUtilities getWindowAncestor (Ljava/awt/Component;)Ljava/awt/Window; 2 1 0 java/awt/Component getParent ()Ljava/awt/Container; 3 1 0 java/awt/Component getParent_NoClientCode ()Ljava/awt/Container; 2 22 0 java/awt/Component getParent ()Ljava/awt/Container; 3 1 0 java/awt/Component getParent_NoClientCode ()Ljava/awt/Container; 1 157 0 java/awt/Window isOpaque ()Z 2 1 0 java/awt/Window getBackground ()Ljava/awt/Color; 3 1 0 java/awt/Component getBackground ()Ljava/awt/Color; 4 21 0 java/awt/Window getBackground ()Ljava/awt/Color; 5 1 0 java/awt/Component getBackground ()Ljava/awt/Color; 2 10 0 java/awt/Color getAlpha ()I 3 1 0 java/awt/Color getRGB ()I 1 178 0 java/awt/Container getComponent (I)Ljava/awt/Component; 2 5 0 java/util/ArrayList get (I)Ljava/lang/Object; 3 5 0 java/util/Objects checkIndex (II)I 3 11 0 java/util/ArrayList elementData (I)Ljava/lang/Object; 1 210 0 javax/swing/JComponent isLightweightComponent (Ljava/awt/Component;)Z 1 234 0 sun/java2d/SunGraphics2D getClip ()Ljava/awt/Shape; 2 5 0 sun/java2d/SunGraphics2D untransformShape (Ljava/awt/Shape;)Ljava/awt/Shape; 3 22 0 sun/java2d/SunGraphics2D transformShape (Ljava/awt/geom/AffineTransform;Ljava/awt/Shape;)Ljava/awt/Shape; 4 14 0 java/awt/geom/AffineTransform getType ()I 4 79 0 sun/java2d/SunGraphics2D fixRectangleOrientation ([DLjava/awt/geom/Rectangle2D;)V 4 106 0 java/awt/geom/Rectangle2D$Double <init> (DDDD)V 5 1 0 java/awt/geom/Rectangle2D <init> ()V 6 1 0 java/awt/geom/RectangularShape <init> ()V 7 1 0 java/lang/Object <init> ()V 5 11 0 java/awt/geom/Rectangle2D$Double setRect (DDDD)V 1 270 0 java/awt/geom/Rectangle2D intersects (DDDD)Z 2 1 0 java/awt/geom/Rectangle2D$Double isEmpty ()Z 2 24 0 java/awt/geom/Rectangle2D$Double getX ()D 2 30 0 java/awt/geom/Rectangle2D$Double getY ()D 2 59 0 java/awt/geom/Rectangle2D$Double getWidth ()D 2 71 0 java/awt/geom/Rectangle2D$Double getHeight ()D 1 432 0 java/awt/Graphics create (IIII)Ljava/awt/Graphics; 2 1 0 sun/java2d/SunGraphics2D create ()Ljava/awt/Graphics; 3 1 0 sun/java2d/SunGraphics2D clone ()Ljava/lang/Object; 4 17 0 java/awt/geom/AffineTransform <init> (Ljava/awt/geom/AffineTransform;)V 5 1 0 java/lang/Object <init> ()V 2 17 0 sun/java2d/SunGraphics2D translate (II)V 3 64 0 sun/java2d/SunGraphics2D invalidateTransform ()V 4 4 0 java/awt/geom/AffineTransform getType ()I 4 44 0 java/awt/geom/AffineTransform getTranslateX ()D 4 52 0 java/awt/geom/AffineTransform getTranslateY ()D 4 203 0 sun/java2d/SunGraphics2D invalidatePipe ()V 2 27 0 sun/java2d/SunGraphics2D clipRect (IIII)V 3 10 0 java/awt/Rectangle <init> (IIII)V 4 1 0 java/awt/geom/Rectangle2D <init> ()V 5 1 0 java/awt/geom/RectangularShape <init> ()V 6 1 0 java/lang/Object <init> ()V 3 13 0 sun/java2d/SunGraphics2D clip (Ljava/awt/Shape;)V 4 2 0 sun/java2d/SunGraphics2D transformShape (Ljava/awt/Shape;)Ljava/awt/Shape; 5 19 0 sun/java2d/SunGraphics2D transformShape (Ljava/awt/geom/AffineTransform;Ljava/awt/Shape;)Ljava/awt/Shape; 6 14 0 java/awt/geom/AffineTransform getType ()I 6 35 0 java/awt/Rectangle getX ()D 6 42 0 java/awt/Rectangle getY ()D 6 52 0 java/awt/Rectangle getWidth ()D 6 63 0 java/awt/Rectangle getHeight ()D 6 79 0 sun/java2d/SunGraphics2D fixRectangleOrientation ([DLjava/awt/geom/Rectangle2D;)V 7 1 0 java/awt/Rectangle getWidth ()D 7 49 0 java/awt/Rectangle getHeight ()D 6 106 0 java/awt/geom/Rectangle2D$Double <init> (DDDD)V 7 1 0 java/awt/geom/Rectangle2D <init> ()V 8 1 0 java/awt/geom/RectangularShape <init> ()V 9 1 0 java/lang/Object <init> ()V 7 11 0 java/awt/geom/Rectangle2D$Double setRect (DDDD)V 4 21 0 sun/java2d/SunGraphics2D intersectShapes (Ljava/awt/Shape;Ljava/awt/Shape;ZZ)Ljava/awt/Shape; 5 42 0 sun/java2d/SunGraphics2D intersectRectShape (Ljava/awt/geom/Rectangle2D;Ljava/awt/Shape;ZZ)Ljava/awt/Shape; 6 39 0 java/awt/geom/Rectangle2D$Float <init> ()V 7 1 0 java/awt/geom/Rectangle2D <init> ()V 8 1 0 java/awt/geom/RectangularShape <init> ()V 9 1 0 java/lang/Object <init> ()V 6 50 0 java/awt/geom/Rectangle2D$Double getX ()D 6 69 0 java/awt/geom/Rectangle2D$Double getX ()D 6 74 0 java/awt/geom/Rectangle2D$Double getWidth ()D 6 89 0 java/awt/geom/Rectangle2D$Double getY ()D 6 108 0 java/awt/geom/Rectangle2D$Double getY ()D 6 113 0 java/awt/geom/Rectangle2D$Double getHeight ()D 6 164 0 java/awt/geom/RectangularShape setFrameFromDiagonal (DDDD)V 7 45 0 java/awt/geom/Rectangle2D setFrame (DDDD)V 8 7 0 java/awt/geom/Rectangle2D$Float setRect (DDDD)V 1 441 0 java/awt/Component getForeground ()Ljava/awt/Color; 2 21 0 java/awt/Component getForeground ()Ljava/awt/Color; 1 444 0 sun/java2d/SunGraphics2D setColor (Ljava/awt/Color;)V 2 24 0 sun/java2d/SunGraphics2D validateColor ()V 3 19 0 java/awt/Color getRGB ()I 3 95 0 sun/java2d/SurfaceData pixelFor (I)I 4 9 0 sun/java2d/loops/SurfaceType pixelFor (ILjava/awt/image/ColorModel;)I 5 6 0 sun/awt/image/PixelConverter$Xrgb rgbToPixel (ILjava/awt/image/ColorModel;)I 5 6 0 sun/awt/image/PixelConverter$Argb rgbToPixel (ILjava/awt/image/ColorModel;)I 1 451 0 java/awt/Component getFont ()Ljava/awt/Font; 2 1 0 java/awt/Component getFont_NoClientCode ()Ljava/awt/Font; 3 21 0 java/awt/Component getFont_NoClientCode ()Ljava/awt/Font; 1 454 0 sun/java2d/SunGraphics2D setFont (Ljava/awt/Font;)V 1 467 0 javax/swing/JComponent getFlag (I)Z 1 480 0 javax/swing/JComponent setFlag (IZ)V 1 488 0 javax/swing/JComponent getFlag (I)Z 1 594 0 sun/java2d/SunGraphics2D dispose ()V 2 8 0 sun/java2d/SunGraphics2D invalidatePipe ()V 1 609 0 javax/swing/JComponent setFlag (IZ)V 1 619 0 javax/swing/JComponent setFlag (IZ)V 1 668 0 javax/swing/JComponent recycleRectangle (Ljava/awt/Rectangle;)V 2 10 0 java/util/ArrayList add (Ljava/lang/Object;)Z 3 20 0 java/util/ArrayList add (Ljava/lang/Object;[Ljava/lang/Object;I)V 4 7 0 java/util/ArrayList grow ()[Ljava/lang/Object; 5 7 0 java/util/ArrayList grow (I)[Ljava/lang/Object; 6 27 0 jdk/internal/util/ArraysSupport newLength (III)I 6 37 0 java/util/Arrays copyOf ([Ljava/lang/Object;I)[Ljava/lang/Object;
