version 2
JvmtiExport can_access_local_variables 0
JvmtiExport can_hotswap_or_post_breakpoint 1
JvmtiExport can_post_on_exceptions 0
# 468 ciObject found
instanceKlass java/awt/Component
ciInstanceKlass java/lang/Cloneable 1 0 7 100 1 100 1 1 1
instanceKlass sun/java2d/pipe/RegionClipSpanIterator
instanceKlass  @bci wv/codeclip/patch/PatchErrorDialog buildResultPanel (Ljava/lang/String;Ljava/util/Map;Lwv/codeclip/patch/PatchApplier$PatchResult;)Ljavax/swing/JPanel; 1198 <appendix> member <vmtarget> ; # wv/codeclip/patch/PatchErrorDialog$$Lambda+0x000000008d244690
instanceKlass  @bci wv/codeclip/patch/PatchErrorDialog buildResultPanel (Ljava/lang/String;Ljava/util/Map;Lwv/codeclip/patch/PatchApplier$PatchResult;)Ljavax/swing/JPanel; 1163 <appendix> member <vmtarget> ; # wv/codeclip/patch/PatchErrorDialog$$Lambda+0x000000008d244460
instanceKlass  @bci wv/codeclip/patch/PatchErrorDialog buildResultPanel (Ljava/lang/String;Ljava/util/Map;Lwv/codeclip/patch/PatchApplier$PatchResult;)Ljavax/swing/JPanel; 1124 <adapter> ; # java/lang/invoke/LambdaForm$MH+0x000000008d241400
# instanceKlass java/lang/invoke/LambdaForm$DMH+0x000000008d241000
instanceKlass  @bci wv/codeclip/patch/PatchErrorDialog buildResultPanel (Ljava/lang/String;Ljava/util/Map;Lwv/codeclip/patch/PatchApplier$PatchResult;)Ljavax/swing/JPanel; 1124 <appendix> form vmentry <vmtarget> ; # java/lang/invoke/LambdaForm$DMH+0x000000008d240c00
instanceKlass  @bci wv/codeclip/patch/PatchErrorDialog buildResultPanel (Ljava/lang/String;Ljava/util/Map;Lwv/codeclip/patch/PatchApplier$PatchResult;)Ljavax/swing/JPanel; 1124 <appendix> member <vmtarget> ; # wv/codeclip/patch/PatchErrorDialog$$Lambda+0x000000008d244230
instanceKlass  @cpi wv/codeclip/patch/PatchErrorDialog 810 form vmentry <vmtarget> ; # java/lang/invoke/LambdaForm$DMH+0x000000008d240800
instanceKlass  @bci javax/swing/border/TitledBorder installPropertyChangeListeners ()V 32 <appendix> member <vmtarget> ; # javax/swing/border/TitledBorder$$Lambda+0x000000008d202fd8
instanceKlass  @bci javax/swing/border/TitledBorder installPropertyChangeListeners ()V 10 <appendix> member <vmtarget> ; # javax/swing/border/TitledBorder$$Lambda+0x000000008d202da8
instanceKlass  @bci wv/codeclip/patch/PatchErrorDialog buildResultPanel (Ljava/lang/String;Ljava/util/Map;Lwv/codeclip/patch/PatchApplier$PatchResult;)Ljavax/swing/JPanel; 765 <appendix> member <vmtarget> ; # wv/codeclip/patch/PatchErrorDialog$$Lambda+0x000000008d244000
instanceKlass wv/codeclip/patch/PatchErrorDialog$1ErrorNav
instanceKlass  @bci wv/codeclip/generic/FuzzyMatchDialogGeneric buildUI (Ljava/lang/String;DLjava/lang/String;Ljava/lang/String;Z)V 344 <appendix> member <vmtarget> ; # wv/codeclip/generic/FuzzyMatchDialogGeneric$$Lambda+0x000000008d1ce690
instanceKlass  @bci wv/codeclip/generic/FuzzyMatchDialogGeneric buildUI (Ljava/lang/String;DLjava/lang/String;Ljava/lang/String;Z)V 315 <appendix> member <vmtarget> ; # wv/codeclip/generic/FuzzyMatchDialogGeneric$$Lambda+0x000000008d1ce460
instanceKlass  @bci wv/codeclip/generic/FuzzyMatchDialogGeneric buildUI (Ljava/lang/String;DLjava/lang/String;Ljava/lang/String;Z)V 286 <appendix> member <vmtarget> ; # wv/codeclip/generic/FuzzyMatchDialogGeneric$$Lambda+0x000000008d1ce230
instanceKlass  @bci wv/codeclip/generic/FuzzyMatchDialogGeneric buildUI (Ljava/lang/String;DLjava/lang/String;Ljava/lang/String;Z)V 244 <appendix> form vmentry <vmtarget> ; # java/lang/invoke/LambdaForm$MH+0x000000008d240400
instanceKlass  @bci javax/swing/text/html/MuxingAttributeSet getAttribute (Ljava/lang/Object;)Ljava/lang/Object; 77 <appendix> argL0 ; # javax/swing/text/html/MuxingAttributeSet$$Lambda+0x000000008d201c08
instanceKlass  @bci javax/swing/text/html/MuxingAttributeSet getAttribute (Ljava/lang/Object;)Ljava/lang/Object; 67 <appendix> argL0 ; # javax/swing/text/html/MuxingAttributeSet$$Lambda+0x000000008d2019b0
instanceKlass  @bci javax/swing/text/html/MuxingAttributeSet getAttribute (Ljava/lang/Object;)Ljava/lang/Object; 57 <appendix> member <vmtarget> ; # javax/swing/text/html/MuxingAttributeSet$$Lambda+0x000000008d201760
instanceKlass javax/swing/text/html/CSSBorder$StrokePainter
instanceKlass javax/swing/text/html/CSSBorder$SolidPainter
instanceKlass javax/swing/text/html/CSSBorder$NullPainter
instanceKlass javax/swing/text/html/CSSBorder$BorderPainter
instanceKlass javax/swing/text/html/StyleSheet$BoxPainter
instanceKlass javax/swing/text/html/StyleSheet$SearchBuffer
instanceKlass javax/swing/text/html/MuxingAttributeSet
instanceKlass javax/swing/text/html/parser/ContentModelState
instanceKlass javax/swing/text/html/parser/TagStack
instanceKlass javax/swing/text/html/parser/TagElement
instanceKlass javax/swing/text/html/parser/Parser
instanceKlass javax/swing/text/html/HTMLDocument$HTMLReader$TagAction
instanceKlass javax/swing/text/html/HTMLEditorKit$ParserCallback
instanceKlass javax/swing/text/html/parser/AttributeList
instanceKlass javax/swing/text/html/parser/ContentModel
instanceKlass javax/swing/text/html/parser/Entity
instanceKlass javax/swing/text/html/parser/Element
instanceKlass javax/swing/text/html/parser/DTD
instanceKlass javax/swing/text/html/parser/DTDConstants
instanceKlass javax/swing/text/html/HTMLEditorKit$Parser
instanceKlass javax/swing/text/html/CSS$ShorthandMarginParser
instanceKlass jdk/internal/math/FloatingDecimal$ASCIIToBinaryBuffer
instanceKlass javax/swing/text/html/CSS$LengthUnit
instanceKlass javax/swing/text/html/CSSParser
instanceKlass javax/swing/text/html/StyleSheet$CssParser
instanceKlass javax/swing/text/html/CSSParser$CSSParserCallback
instanceKlass javax/swing/text/html/StyleSheet$SelectorMapping
instanceKlass javax/swing/text/html/CSS$CssValue
instanceKlass javax/swing/text/html/CSS$Value
instanceKlass javax/swing/text/html/CSS$Attribute
instanceKlass javax/swing/text/html/CSS
instanceKlass javax/swing/text/html/HTML$Attribute
instanceKlass javax/swing/text/html/HTML
instanceKlass javax/swing/text/html/HTML$Tag
instanceKlass javax/swing/text/html/HTMLEditorKit$HTMLFactory
instanceKlass  @bci wv/codeclip/generic/FuzzyMatchDialogGeneric show (Ljavax/swing/JFrame;Ljava/lang/String;DLjava/lang/String;Ljava/lang/String;Z)Lwv/codeclip/generic/FuzzyMatchDialogGeneric$Decision; 23 <adapter> ; # java/lang/invoke/LambdaForm$MH+0x000000008d1cd000
# instanceKlass java/lang/invoke/LambdaForm$DMH+0x000000008d1ccc00
instanceKlass  @bci wv/codeclip/generic/FuzzyMatchDialogGeneric show (Ljavax/swing/JFrame;Ljava/lang/String;DLjava/lang/String;Ljava/lang/String;Z)Lwv/codeclip/generic/FuzzyMatchDialogGeneric$Decision; 23 <appendix> form vmentry <vmtarget> ; # java/lang/invoke/LambdaForm$DMH+0x000000008d1cc800
instanceKlass  @bci wv/codeclip/generic/FuzzyMatchDialogGeneric show (Ljavax/swing/JFrame;Ljava/lang/String;DLjava/lang/String;Ljava/lang/String;Z)Lwv/codeclip/generic/FuzzyMatchDialogGeneric$Decision; 23 <appendix> member <vmtarget> ; # wv/codeclip/generic/FuzzyMatchDialogGeneric$$Lambda+0x000000008d1ce000
instanceKlass  @cpi wv/codeclip/generic/FuzzyMatchDialogGeneric 380 form vmentry <vmtarget> ; # java/lang/invoke/LambdaForm$DMH+0x000000008d1cc400
instanceKlass java/text/DigitList$1
instanceKlass jdk/internal/math/MathUtils
instanceKlass jdk/internal/math/ToDecimal
instanceKlass jdk/internal/math/FormattedFPDecimal
instanceKlass java/util/Formatter$FormatSpecifier
instanceKlass java/util/Formatter$FormatString
instanceKlass java/util/Formatter$Flags
instanceKlass java/util/Formatter$FormatSpecifierParser
instanceKlass java/util/Formatter$Conversion
instanceKlass java/util/Formatter
instanceKlass  @bci wv/codeclip/html/FuzzyMatchProgressDialog$ScanWorker doInBackground ()Lwv/codeclip/html/HtmlFuzzyMatcher$ScanResult; 30 <appendix> member <vmtarget> ; # wv/codeclip/html/FuzzyMatchProgressDialog$ScanWorker$$Lambda+0x000000008d1ca0f0
instanceKlass  @bci wv/codeclip/html/FuzzyMatchProgressDialog$ScanWorker doInBackground ()Lwv/codeclip/html/HtmlFuzzyMatcher$ScanResult; 13 <appendix> member <vmtarget> ; # wv/codeclip/html/FuzzyMatchProgressDialog$ScanWorker$$Lambda+0x000000008d1c9ec0
instanceKlass  @cpi wv/codeclip/html/FuzzyMatchProgressDialog$ScanWorker 190 form vmentry <vmtarget> ; # java/lang/invoke/LambdaForm$DMH+0x000000008d1cc000
instanceKlass jdk/internal/math/FloatingDecimal$PreparedASCIIToBinaryBuffer
instanceKlass jdk/internal/math/FloatingDecimal$ASCIIToBinaryConverter
instanceKlass jdk/internal/math/FloatingDecimal$BinaryToASCIIBuffer
instanceKlass jdk/internal/math/FloatingDecimal$ExceptionalBinaryToASCIIBuffer
instanceKlass jdk/internal/math/FloatingDecimal$BinaryToASCIIConverter
instanceKlass jdk/internal/math/FloatingDecimal
instanceKlass java/text/FieldPosition$Delegate
instanceKlass java/text/DontCareFieldPosition$1
instanceKlass java/text/Format$FieldDelegate
instanceKlass  @bci java/text/DecimalFormat format (Ljava/lang/Object;Ljava/text/Format$StringBuf;Ljava/text/FieldPosition;)Ljava/text/Format$StringBuf; 10 <appendix> member <vmtarget> ; # java/text/DecimalFormat$$TypeSwitch+0x000000008d1fe478
instanceKlass java/text/StringBufFactory$StringBuilderImpl
instanceKlass java/text/Format$StringBuf
instanceKlass java/text/StringBufFactory
instanceKlass java/text/DigitList
instanceKlass java/text/FieldPosition
instanceKlass java/text/DecimalFormatSymbols
instanceKlass java/text/Format
instanceKlass  @bci wv/codeclip/html/FuzzyMatchProgressDialog buildUI ()V 236 <appendix> member <vmtarget> ; # wv/codeclip/html/FuzzyMatchProgressDialog$$Lambda+0x000000008d1c9998
instanceKlass  @bci wv/codeclip/html/HtmlFuzzyMatcher <clinit> ()V 8 <appendix> argL0 ; # wv/codeclip/html/HtmlFuzzyMatcher$$Lambda+0x000000008d1c9558
instanceKlass  @cpi wv/codeclip/html/HtmlFuzzyMatcher 266 form vmentry <vmtarget> ; # java/lang/invoke/LambdaForm$DMH+0x000000008d1c3c00
instanceKlass wv/codeclip/html/HtmlFuzzyMatcher$CancelToken
instanceKlass  @bci wv/codeclip/html/HtmlFuzzyMatcher <clinit> ()V 0 <appendix> argL0 ; # wv/codeclip/html/HtmlFuzzyMatcher$$Lambda+0x000000008d1c9330
instanceKlass  @cpi wv/codeclip/html/HtmlFuzzyMatcher 262 form vmentry <vmtarget> ; # java/lang/invoke/LambdaForm$DMH+0x000000008d1c3800
# instanceKlass java/lang/invoke/LambdaForm$DMH+0x000000008d1c3400
instanceKlass wv/codeclip/html/HtmlFuzzyMatcher$ProgressListener
instanceKlass wv/codeclip/html/HtmlFuzzyMatcher
instanceKlass wv/codeclip/generic/GenericFuzzySettings
instanceKlass  @bci sun/awt/windows/WDesktopPeer ShellExecute (Ljava/io/File;Ljava/lang/String;)V 2 <appendix> member <vmtarget> ; # sun/awt/windows/WDesktopPeer$$Lambda+0x000000008d1fda40
instanceKlass sun/awt/windows/WDesktopPeer$1
instanceKlass java/awt/Desktop
instanceKlass java/lang/StringLatin1$LinesSpliterator
instanceKlass  @bci wv/codeclip/generic/GenericPasteHandler describeChange (Lwv/codeclip/model/PatchChange;)Ljava/lang/String; 11 <appendix> member <vmtarget> ; # wv/codeclip/generic/GenericPasteHandler$$TypeSwitch+0x000000008d1c6fd0
instanceKlass wv/codeclip/generic/GenericPasteHandler$1
instanceKlass wv/codeclip/generic/GenericStrictPatchApplier
instanceKlass  @bci wv/codeclip/generic/GenericPasteHandler applyOneChange (Ljava/lang/String;Lwv/codeclip/model/PatchChange;Ljava/lang/String;)Ljava/lang/String; 15 <appendix> member <vmtarget> ; # wv/codeclip/generic/GenericPasteHandler$$TypeSwitch+0x000000008d1c6330
instanceKlass wv/codeclip/model/PatchChange
instanceKlass  @bci wv/codeclip/patch/PatchParser parse (Ljava/lang/String;)Ljava/util/List; 4 <appendix> argL0 ; # wv/codeclip/patch/PatchParser$$Lambda+0x000000008d1c5830
instanceKlass java/lang/StringUTF16$LinesSpliterator
instanceKlass wv/codeclip/patch/PatchParser
instanceKlass  @bci wv/codeclip/CodeClipFrame showVersionDetail (Lwv/codeclip/CodeClipFrame$VersionEvent;Z)V 990 <appendix> member <vmtarget> ; # wv/codeclip/CodeClipFrame$$Lambda+0x000000008d1c4f98
instanceKlass  @bci wv/codeclip/CodeClipFrame showVersionDetail (Lwv/codeclip/CodeClipFrame$VersionEvent;Z)V 959 <appendix> member <vmtarget> ; # wv/codeclip/CodeClipFrame$$Lambda+0x000000008d1c4d68
instanceKlass  @bci wv/codeclip/CodeClipFrame showVersionDetail (Lwv/codeclip/CodeClipFrame$VersionEvent;Z)V 918 <appendix> member <vmtarget> ; # wv/codeclip/CodeClipFrame$$Lambda+0x000000008d1c4b38
instanceKlass  @bci wv/codeclip/CodeClipFrame showVersionDetail (Lwv/codeclip/CodeClipFrame$VersionEvent;Z)V 885 <appendix> member <vmtarget> ; # wv/codeclip/CodeClipFrame$$Lambda+0x000000008d1c4908
instanceKlass  @bci wv/codeclip/CodeClipFrame isWholeClassFile (Ljava/lang/String;)Z 65 <appendix> member <vmtarget> ; # wv/codeclip/CodeClipFrame$$Lambda+0x000000008d1c46a8
instanceKlass  @bci wv/codeclip/CodeClipFrame isWholeClassFile (Ljava/lang/String;)Z 54 <appendix> argL0 ; # wv/codeclip/CodeClipFrame$$Lambda+0x000000008d1c4460
instanceKlass sun/font/Underline
instanceKlass sun/awt/shell/Win32ShellFolder2$FolderDisposer$1
instanceKlass sun/swing/FilePane$DelayedSelectionUpdater
instanceKlass  @bci java/util/Vector removeAll (Ljava/util/Collection;)Z 7 <appendix> member <vmtarget> ; # java/util/Vector$$Lambda+0x000000008d1fbc88
instanceKlass javax/swing/text/DefaultHighlighter$HighlightInfo
instanceKlass java/nio/file/Paths
instanceKlass  @bci wv/codeclip/CodeClipFrame openGenericDirectoryDialog ()V 372 <appendix> member <vmtarget> ; # wv/codeclip/CodeClipFrame$$Lambda+0x000000008d1c4230
instanceKlass  @bci wv/codeclip/CodeClipFrame openGenericDirectoryDialog ()V 319 <appendix> member <vmtarget> ; # wv/codeclip/CodeClipFrame$$Lambda+0x000000008d1c4000
instanceKlass javax/swing/event/CellEditorListener
instanceKlass javax/swing/event/TableColumnModelListener
instanceKlass javax/swing/text/JTextComponent$InputMethodRequestsHandler
instanceKlass java/lang/ConditionalSpecialCasing$Entry
instanceKlass java/lang/ConditionalSpecialCasing
instanceKlass javax/swing/plaf/basic/BasicDirectoryModel$DoChangeContents
instanceKlass java/util/AbstractList$SubList$1
instanceKlass javax/swing/plaf/basic/BasicDirectoryModel$FilesLoader$1
instanceKlass sun/awt/shell/ShellFolder$1
instanceKlass javax/swing/plaf/basic/BasicDirectoryModel$FilesLoader
instanceKlass javax/swing/plaf/basic/BasicDirectoryModel$1
instanceKlass sun/awt/shell/Win32ShellFolder2$13
instanceKlass sun/awt/shell/Win32ShellFolder2$11
instanceKlass sun/awt/shell/Win32ShellFolder2$ColumnComparator$1
instanceKlass sun/awt/shell/Win32ShellFolder2$18
instanceKlass sun/awt/shell/Win32ShellFolder2$5
instanceKlass sun/awt/shell/Win32ShellFolder2$9
instanceKlass sun/awt/shell/Win32ShellFolder2$ColumnComparator
instanceKlass sun/awt/shell/Win32ShellFolder2$16
instanceKlass sun/awt/shell/Win32ShellFolder2$4
instanceKlass sun/awt/shell/Win32ShellFolder2$2
instanceKlass sun/awt/shell/Win32ShellFolder2$12
instanceKlass sun/awt/shell/Win32ShellFolder2$8
instanceKlass sun/awt/shell/Win32ShellFolder2$10
instanceKlass sun/swing/FilePane$Handler
instanceKlass javax/swing/JList$ListSelectionHandler
instanceKlass javax/swing/plaf/basic/BasicFileChooserUI$Handler
instanceKlass sun/swing/FilePane$DetailsTableRowSorter$1
instanceKlass sun/swing/FilePane$DirectoriesFirstComparatorWrapper
instanceKlass javax/swing/RowSorter$SortKey
instanceKlass sun/swing/FilePane$DetailsTableRowSorter$2
instanceKlass javax/swing/DefaultRowSorter$ModelWrapper
instanceKlass javax/swing/table/TableRowSorter$ComparableComparator
instanceKlass javax/swing/RowSorter
instanceKlass sun/awt/shell/ShellFolderColumnInfo
instanceKlass javax/swing/table/AbstractTableModel
instanceKlass javax/swing/table/TableModel
instanceKlass javax/swing/event/RowSorterListener
instanceKlass javax/swing/event/TableModelListener
instanceKlass sun/swing/FilePane$5
instanceKlass javax/swing/plaf/metal/MetalFileChooserUI$5
instanceKlass javax/swing/plaf/metal/MetalFileChooserUI$ButtonAreaLayout
instanceKlass javax/swing/plaf/metal/MetalFileChooserUI$2
instanceKlass javax/swing/ButtonGroup
instanceKlass sun/awt/shell/Win32ShellFolder2$6
instanceKlass sun/awt/shell/Win32ShellFolder2$1
instanceKlass sun/awt/shell/Win32ShellFolder2$FolderDisposer
instanceKlass sun/awt/shell/Win32ShellFolderManager2$ComInvoker$1
instanceKlass sun/awt/shell/Win32ShellFolder2$7
instanceKlass sun/awt/shell/ShellFolder$4
instanceKlass sun/awt/shell/ShellFolder$3
instanceKlass  @bci sun/awt/shell/Win32ShellFolderManager2$ComInvoker <init> ()V 28 <appendix> member <vmtarget> ; # sun/awt/shell/Win32ShellFolderManager2$ComInvoker$$Lambda+0x000000008d1e8200
instanceKlass sun/awt/shell/ShellFolder$Invoker
instanceKlass sun/awt/shell/ShellFolderManager
instanceKlass javax/swing/ActionPropertyChangeListener
instanceKlass javax/swing/plaf/metal/MetalFileChooserUI$IndentIcon
instanceKlass javax/swing/plaf/metal/MetalFileChooserUI$MetalFileChooserUIAccessor
instanceKlass sun/swing/FilePane$FileChooserUIAccessor
instanceKlass sun/swing/FilePane$3
instanceKlass javax/swing/plaf/metal/MetalIconFactory$FileChooserListViewIcon
instanceKlass javax/swing/plaf/metal/MetalIconFactory$FileChooserDetailViewIcon
instanceKlass sun/awt/image/GifFrame
instanceKlass javax/swing/filechooser/FileView
instanceKlass javax/swing/filechooser/FileFilter
instanceKlass  @bci javax/swing/filechooser/FileSystemView <init> ()V 41 <appendix> member <vmtarget> ; # javax/swing/filechooser/FileSystemView$$Lambda+0x000000008d1be068
instanceKlass  @bci javax/swing/filechooser/FileSystemView <init> ()V 26 <appendix> member <vmtarget> ; # javax/swing/filechooser/FileSystemView$$Lambda+0x000000008d1bdbb0
instanceKlass javax/swing/filechooser/FileSystemView
instanceKlass javax/swing/JFileChooser$FCHierarchyListener
instanceKlass javax/swing/JFileChooser$WeakPCL
# instanceKlass java/lang/invoke/LambdaForm$MH+0x000000008d1c2400
instanceKlass  @bci wv/codeclip/CodeClipFrame addVersionEventFromUndoTop ()V 56 <appendix> argL0 ; # wv/codeclip/CodeClipFrame$$Lambda+0x000000008d1779a0
instanceKlass  @bci wv/codeclip/CodeClipFrame addVersionEventFromUndoTop ()V 46 <appendix> member <vmtarget> ; # wv/codeclip/CodeClipFrame$$Lambda+0x000000008d177750
instanceKlass sun/util/locale/provider/CalendarDataUtility$CalendarFieldValueNameGetter
instanceKlass  @bci java/util/regex/Pattern DOT ()Ljava/util/regex/Pattern$CharPredicate; 0 <appendix> argL0 ; # java/util/regex/Pattern$$Lambda+0x000000008d1bbd08
instanceKlass java/util/concurrent/atomic/AtomicMarkableReference$Pair
instanceKlass java/util/concurrent/atomic/AtomicMarkableReference
instanceKlass  @bci sun/util/cldr/CLDRLocaleProviderAdapter applyAliases (Ljava/util/Locale;)Ljava/util/Locale; 4 <appendix> argL0 ; # sun/util/cldr/CLDRLocaleProviderAdapter$$Lambda+0x80000005a
instanceKlass sun/util/resources/LocaleData$LocaleDataResourceBundleProvider
instanceKlass java/util/spi/ResourceBundleProvider
instanceKlass sun/util/locale/provider/CalendarNameProviderImpl$LengthBasedComparator
instanceKlass sun/util/locale/provider/CalendarDataUtility$CalendarFieldValueNamesMapGetter
instanceKlass sun/util/locale/provider/LocaleServiceProviderPool$LocalizedObjectGetter
instanceKlass sun/util/locale/provider/LocaleServiceProviderPool
instanceKlass java/util/Locale$Builder
instanceKlass sun/util/locale/provider/CalendarDataUtility
instanceKlass java/time/temporal/TemporalQueries$7
instanceKlass java/time/temporal/TemporalQueries$6
instanceKlass java/time/temporal/TemporalQueries$5
instanceKlass java/time/temporal/TemporalQueries$4
instanceKlass java/time/temporal/TemporalQueries$3
instanceKlass java/time/temporal/TemporalQueries$2
instanceKlass java/time/temporal/TemporalQueries$1
instanceKlass java/time/temporal/TemporalQueries
instanceKlass  @bci wv/codeclip/CodeClipFrame appendTempLog (Ljava/lang/String;)V 41 <appendix> member <vmtarget> ; # wv/codeclip/CodeClipFrame$$Lambda+0x000000008d177520
instanceKlass  @bci wv/codeclip/CodeClipFrame insertPersistentLogLine (Ljava/lang/String;Z)V 167 <appendix> member <vmtarget> ; # wv/codeclip/CodeClipFrame$$Lambda+0x000000008d1772f0
instanceKlass  @bci wv/codeclip/generic/GenericPasteHandler finishOutcome (Lwv/codeclip/generic/GenericPasteHandler$PasteOutcome;Ljava/lang/String;)V 182 <adapter> ; # java/lang/invoke/LambdaForm$MH+0x000000008d1c2000
instanceKlass  @bci wv/codeclip/generic/GenericPasteHandler finishOutcome (Lwv/codeclip/generic/GenericPasteHandler$PasteOutcome;Ljava/lang/String;)V 182 <appendix> form vmentry <vmtarget> ; # java/lang/invoke/LambdaForm$MH+0x000000008d1c1c00
# instanceKlass java/lang/invoke/LambdaForm$BMH+0x000000008d1c1800
instanceKlass  @bci wv/codeclip/generic/GenericPasteHandler finishOutcome (Lwv/codeclip/generic/GenericPasteHandler$PasteOutcome;Ljava/lang/String;)V 182 <appendix> form names 7 function resolvedHandle form vmentry <vmtarget> ; # java/lang/invoke/LambdaForm$DMH+0x000000008d1c1400
instanceKlass  @bci wv/codeclip/generic/GenericPasteHandler finishOutcome (Lwv/codeclip/generic/GenericPasteHandler$PasteOutcome;Ljava/lang/String;)V 182 <appendix> argL0 form vmentry <vmtarget> ; # java/lang/invoke/LambdaForm$DMH+0x000000008d1c1000
instanceKlass java/time/format/DateTimeFormatterBuilder$2
instanceKlass java/time/LocalTime$1
instanceKlass java/time/format/DateTimePrintContext
instanceKlass  @bci java/time/format/DateTimeFormatter <clinit> ()V 1075 <appendix> argL0 ; # java/time/format/DateTimeFormatter$$Lambda+0x80000001b
instanceKlass  @bci java/time/format/DateTimeFormatter <clinit> ()V 1067 <appendix> argL0 ; # java/time/format/DateTimeFormatter$$Lambda+0x80000001a
instanceKlass java/time/Period
instanceKlass java/time/chrono/ChronoPeriod
instanceKlass java/time/format/DateTimeFormatterBuilder$TextPrinterParser
instanceKlass java/time/format/DateTimeTextProvider$1
instanceKlass java/time/format/DateTimeTextProvider
instanceKlass java/util/Collections$1
instanceKlass java/util/AbstractMap$SimpleImmutableEntry
instanceKlass java/time/format/DateTimeTextProvider$LocaleStore
instanceKlass java/time/format/DateTimeFormatterBuilder$InstantPrinterParser
instanceKlass java/time/format/DateTimeFormatterBuilder$StringLiteralPrinterParser
instanceKlass java/time/format/DateTimeFormatterBuilder$ZoneIdPrinterParser
instanceKlass java/time/format/DateTimeFormatterBuilder$OffsetIdPrinterParser
instanceKlass java/time/format/DecimalStyle
instanceKlass java/time/format/DateTimeFormatterBuilder$CharLiteralPrinterParser
instanceKlass java/time/format/DateTimeFormatter
instanceKlass java/time/format/DateTimeFormatterBuilder$CompositePrinterParser
instanceKlass java/time/format/DateTimeFormatterBuilder$NumberPrinterParser
instanceKlass java/time/format/DateTimeFormatterBuilder$DateTimePrinterParser
instanceKlass java/time/temporal/JulianFields
instanceKlass java/time/temporal/IsoFields
instanceKlass  @bci java/time/format/DateTimeFormatterBuilder <clinit> ()V 0 <appendix> argL0 ; # java/time/format/DateTimeFormatterBuilder$$Lambda+0x80000001c
instanceKlass java/time/temporal/TemporalQuery
instanceKlass java/time/format/DateTimeFormatterBuilder
instanceKlass java/time/Year
instanceKlass java/time/chrono/AbstractChronology
instanceKlass java/time/chrono/Chronology
instanceKlass java/time/LocalDate$1
instanceKlass  @bci java/time/temporal/TemporalAdjusters nextOrSame (Ljava/time/DayOfWeek;)Ljava/time/temporal/TemporalAdjuster; 6 <appendix> member <vmtarget> ; # java/time/temporal/TemporalAdjusters$$Lambda+0x000000008d1b8798
instanceKlass java/time/temporal/TemporalAdjusters
instanceKlass java/time/LocalDate
instanceKlass java/time/chrono/ChronoLocalDate
instanceKlass java/time/zone/ZoneOffsetTransition
instanceKlass java/time/Instant
instanceKlass java/time/temporal/ValueRange
instanceKlass java/time/Duration
instanceKlass java/time/temporal/TemporalAmount
instanceKlass java/time/temporal/TemporalUnit
instanceKlass java/time/temporal/TemporalField
instanceKlass java/time/LocalDateTime
instanceKlass java/time/chrono/ChronoLocalDateTime
instanceKlass java/time/zone/ZoneOffsetTransitionRule
instanceKlass java/time/zone/ZoneRules
instanceKlass java/time/zone/Ser
instanceKlass java/time/zone/ZoneRulesProvider
instanceKlass java/util/zip/Checksum$1
instanceKlass java/util/zip/CRC32
instanceKlass java/util/zip/Checksum
instanceKlass sun/util/calendar/CalendarUtils
instanceKlass sun/util/calendar/ZoneInfoFile$ZoneOffsetTransitionRule
instanceKlass jdk/internal/util/ByteArray
instanceKlass sun/util/calendar/ZoneInfoFile
instanceKlass java/util/TimeZone
instanceKlass java/util/concurrent/atomic/AtomicReferenceArray
instanceKlass java/time/ZoneId
instanceKlass java/time/Clock
instanceKlass java/time/InstantSource
instanceKlass java/time/LocalTime
instanceKlass java/time/temporal/TemporalAdjuster
instanceKlass java/time/temporal/Temporal
instanceKlass java/time/temporal/TemporalAccessor
instanceKlass  @bci wv/codeclip/generic/GenericPasteHandler handleSmartPasteFromClipboard ()V 281 <appendix> form vmentry <vmtarget> ; # java/lang/invoke/LambdaForm$MH+0x000000008d1c0800
instanceKlass  @bci wv/codeclip/generic/GenericPasteHandler handleSmartPasteFromClipboard ()V 241 <appendix> argL0 ; # wv/codeclip/generic/GenericPasteHandler$$Lambda+0x000000008d176e80
instanceKlass  @bci wv/codeclip/generic/GenericPasteHandler handleSmartPasteFromClipboard ()V 217 <appendix> argL0 ; # wv/codeclip/generic/GenericPasteHandler$$Lambda+0x000000008d176c28
instanceKlass sun/nio/fs/WindowsChannelFactory$2
instanceKlass  @bci wv/codeclip/generic/GenericPasteHandler handleSmartPasteFromClipboard ()V 80 <appendix> argL0 ; # wv/codeclip/generic/GenericPasteHandler$$Lambda+0x000000008d176150
instanceKlass wv/codeclip/generic/GenericPasteHandler$PasteOutcome
instanceKlass wv/codeclip/generic/GenericSmartPasteExtractor$Entry
instanceKlass  @bci wv/codeclip/generic/GenericSmartPasteExtractor extract ()Ljava/util/List; 135 <appendix> argL0 ; # wv/codeclip/generic/GenericSmartPasteExtractor$$Lambda+0x000000008d175a80
instanceKlass wv/codeclip/generic/GenericSmartPasteExtractor
instanceKlass sun/datatransfer/DataFlavorUtil$DataFlavorComparator
instanceKlass sun/awt/datatransfer/ClipboardTransferable$DataFactory
instanceKlass  @bci sun/awt/datatransfer/ClipboardTransferable <init> (Lsun/awt/datatransfer/SunClipboard;)V 71 <appendix> member <vmtarget> ; # sun/awt/datatransfer/ClipboardTransferable$$Lambda+0x000000008d1b2eb8
instanceKlass sun/awt/datatransfer/ClipboardTransferable
instanceKlass java/awt/KeyboardFocusManager$2
instanceKlass  @bci sun/awt/datatransfer/SunClipboard lostOwnershipLater (Lsun/awt/AppContext;)V 18 <appendix> member <vmtarget> ; # sun/awt/datatransfer/SunClipboard$$Lambda+0x000000008d1b2800
instanceKlass java/util/concurrent/LinkedTransferQueue$DualNode
instanceKlass java/util/concurrent/TransferQueue
instanceKlass  @bci java/lang/ProcessHandleImpl initReaper ()Ljava/util/concurrent/Executor; 45 <appendix> member <vmtarget> ; # java/lang/ProcessHandleImpl$$Lambda+0x000000008d1b0730
instanceKlass java/lang/ProcessHandleImpl
instanceKlass java/lang/ProcessHandle
instanceKlass  @bci java/lang/ProcessImpl <init> ([Ljava/lang/String;Ljava/lang/String;Ljava/lang/String;[JZZ)V 251 <appendix> member <vmtarget> ; # java/lang/ProcessImpl$$Lambda+0x000000008d1b0260
instanceKlass java/lang/Process
instanceKlass java/lang/ProcessBuilder
instanceKlass wv/codeclip/io/ExternalEditorLauncher
instanceKlass javax/swing/SwingHeavyWeight
instanceKlass javax/swing/plaf/basic/BasicToolTipUI$PropertyChangeHandler
instanceKlass  @bci wv/codeclip/CodeClipFrame$6 done ()V 145 <appendix> member <vmtarget> ; # wv/codeclip/CodeClipFrame$6$$Lambda+0x000000008d175428
instanceKlass  @bci wv/codeclip/CodeClipFrame$6 done ()V 171 <appendix> member <vmtarget> ; # wv/codeclip/CodeClipFrame$6$$Lambda+0x000000008d1751f8
instanceKlass  @bci wv/codeclip/CodeClipFrame$6 done ()V 122 <appendix> member <vmtarget> ; # wv/codeclip/CodeClipFrame$6$$Lambda+0x000000008d174fc8
instanceKlass sun/nio/cs/Surrogate
instanceKlass sun/nio/cs/Surrogate$Parser
instanceKlass sun/datatransfer/DataFlavorUtil$IndexOrderComparator
instanceKlass java/awt/datatransfer/StringSelection
instanceKlass java/awt/datatransfer/Clipboard
instanceKlass java/awt/Event
instanceKlass javax/swing/Autoscroller
# instanceKlass java/lang/invoke/LambdaForm$MH+0x000000008d1c0000
instanceKlass javax/swing/plaf/basic/BasicComboBoxUI$DefaultKeySelectionManager
instanceKlass javax/swing/JComboBox$KeySelectionManager
instanceKlass javax/swing/plaf/metal/MetalComboBoxIcon
instanceKlass javax/swing/plaf/basic/BasicComboBoxUI$Handler
instanceKlass javax/swing/plaf/basic/BasicComboBoxUI$PropertyChangeHandler
instanceKlass javax/swing/plaf/basic/BasicComboBoxEditor
instanceKlass javax/swing/ComboBoxEditor
instanceKlass javax/swing/plaf/basic/BasicComboPopup$Handler
instanceKlass javax/swing/plaf/basic/BasicListUI$Handler
instanceKlass javax/swing/event/ListSelectionListener
instanceKlass javax/swing/ListCellRenderer
instanceKlass java/util/BitSet
instanceKlass javax/swing/DefaultListSelectionModel
instanceKlass javax/swing/ListSelectionModel
instanceKlass javax/swing/plaf/basic/BasicComboPopup$EmptyListModelClass
instanceKlass javax/swing/plaf/basic/ComboPopup
instanceKlass javax/swing/plaf/basic/BasicComboBoxUI$ComboBoxLayoutManager
instanceKlass javax/swing/AncestorNotifier
instanceKlass javax/swing/JComboBox$1
instanceKlass javax/swing/AbstractListModel
instanceKlass javax/swing/MutableComboBoxModel
instanceKlass javax/swing/ComboBoxModel
instanceKlass javax/swing/ListModel
instanceKlass javax/swing/event/ListDataListener
instanceKlass sun/nio/fs/BasicFileAttributesHolder
instanceKlass java/util/stream/ForEachOps$ForEachOp
instanceKlass java/util/stream/ForEachOps
instanceKlass  @bci wv/codeclip/io/FileDropHandler collectFiles (Ljava/io/File;Ljava/util/List;)V 47 <appendix> member <vmtarget> ; # wv/codeclip/io/FileDropHandler$$Lambda+0x000000008d174d88
instanceKlass  @bci wv/codeclip/io/FileDropHandler collectFiles (Ljava/io/File;Ljava/util/List;)V 31 <appendix> argL0 ; # wv/codeclip/io/FileDropHandler$$Lambda+0x000000008d174b40
instanceKlass  @bci wv/codeclip/io/FileDropHandler collectFiles (Ljava/io/File;Ljava/util/List;)V 21 <appendix> member <vmtarget> ; # wv/codeclip/io/FileDropHandler$$Lambda+0x000000008d1748e0
instanceKlass  @bci java/nio/file/Files walk (Ljava/nio/file/Path;I[Ljava/nio/file/FileVisitOption;)Ljava/util/stream/Stream; 43 <appendix> argL0 ; # java/nio/file/Files$$Lambda+0x000000008d197ad0
instanceKlass  @bci java/nio/file/Files walk (Ljava/nio/file/Path;I[Ljava/nio/file/FileVisitOption;)Ljava/util/stream/Stream; 30 <appendix> member <vmtarget> ; # java/nio/file/Files$$Lambda+0x000000008d1978a0
instanceKlass java/nio/file/FileTreeWalker$Event
instanceKlass sun/nio/fs/WindowsDirectoryStream$WindowsDirectoryIterator
instanceKlass java/nio/file/FileTreeWalker$DirectoryNode
instanceKlass sun/nio/fs/WindowsDirectoryStream
instanceKlass java/nio/file/DirectoryStream
instanceKlass java/nio/file/Files$AcceptAllFilter
instanceKlass java/nio/file/DirectoryStream$Filter
instanceKlass sun/nio/fs/AbstractBasicFileAttributeView
instanceKlass sun/nio/fs/DynamicFileAttributeView
instanceKlass sun/nio/fs/WindowsFileAttributeViews
instanceKlass java/nio/file/attribute/BasicFileAttributeView
instanceKlass java/nio/file/attribute/FileAttributeView
instanceKlass java/nio/file/attribute/AttributeView
instanceKlass java/nio/file/FileTreeWalker
instanceKlass java/nio/file/FileTreeIterator
instanceKlass java/rmi/MarshalledObject
instanceKlass java/rmi/Remote
instanceKlass sun/datatransfer/DataFlavorUtil$RMI
instanceKlass java/util/AbstractMap$SimpleEntry
instanceKlass java/util/Collections$ReverseComparator2
instanceKlass java/util/Collections$ReverseComparator
instanceKlass sun/datatransfer/DataFlavorUtil$CharsetComparator
instanceKlass java/util/NavigableSet
instanceKlass java/util/SortedSet
instanceKlass sun/datatransfer/DataFlavorUtil$StandardEncodingsHolder
instanceKlass sun/awt/datatransfer/TransferableProxy
instanceKlass java/awt/dnd/DropTargetContext$TransferableProxy
instanceKlass java/awt/ColorPaintContext
instanceKlass java/awt/dnd/Autoscroll
instanceKlass java/awt/Container$DropTargetEventTargetFilter
instanceKlass sun/awt/windows/WDropTargetContextPeer$1
instanceKlass sun/awt/Mutex
instanceKlass sun/awt/datatransfer/ToolkitThreadBlockedHandler
instanceKlass java/awt/datatransfer/MimeType
instanceKlass java/awt/datatransfer/MimeTypeParameterList
instanceKlass sun/awt/datatransfer/DataTransferer
instanceKlass sun/awt/dnd/SunDropTargetContextPeer$EventDispatcher
instanceKlass sun/awt/dnd/SunDropTargetContextPeer
instanceKlass java/awt/dnd/peer/DropTargetContextPeer
instanceKlass  @bci wv/codeclip/CodeClipFrame refreshVersionPanel ()V 152 <appendix> member <vmtarget> ; # wv/codeclip/CodeClipFrame$$Lambda+0x000000008d1746b0
instanceKlass javax/swing/text/GapContent$UndoPosRef
instanceKlass sun/awt/SunToolkit$1
instanceKlass java/awt/WaitDispatchSupport$2
instanceKlass java/awt/WaitDispatchSupport$1
instanceKlass java/awt/WaitDispatchSupport$4
instanceKlass java/awt/WaitDispatchSupport
instanceKlass java/awt/SecondaryLoop
instanceKlass  @bci java/awt/Dialog show ()V 192 <appendix> argL0 ; # java/awt/Dialog$$Lambda+0x000000008d18f4a0
instanceKlass  @cpi java/awt/Dialog 812 form vmentry <vmtarget> ; # java/lang/invoke/LambdaForm$DMH+0x000000008d173c00
instanceKlass java/util/Vector$Itr
instanceKlass java/awt/ModalEventFilter$1
instanceKlass java/awt/peer/FileDialogPeer
instanceKlass javax/swing/JOptionPane$1
instanceKlass java/awt/peer/DialogPeer
instanceKlass javax/swing/plaf/basic/BasicOptionPaneUI$Handler
instanceKlass javax/swing/plaf/basic/BasicOptionPaneUI$2
instanceKlass javax/swing/plaf/basic/BasicOptionPaneUI$ButtonActionListener
instanceKlass javax/swing/plaf/basic/BasicOptionPaneUI$ButtonFactory
instanceKlass javax/swing/plaf/basic/BasicOptionPaneUI$ButtonAreaLayout
instanceKlass sun/awt/image/PNGImageDecoder$Chromaticities
instanceKlass java/util/zip/Inflater$InflaterZStreamRef
instanceKlass java/util/zip/ZipUtils
instanceKlass java/util/zip/Inflater
instanceKlass sun/awt/image/ImageDecoder
instanceKlass java/awt/MediaEntry
instanceKlass sun/awt/image/FetcherInfo
instanceKlass sun/awt/image/ImageConsumerQueue
instanceKlass sun/awt/image/ImageWatched$Link
instanceKlass sun/awt/image/ImageWatched
instanceKlass java/awt/image/ImageConsumer
instanceKlass sun/awt/image/InputStreamImageSource
instanceKlass sun/awt/image/ImageFetchable
instanceKlass java/awt/image/ImageProducer
instanceKlass java/awt/MediaTracker
instanceKlass javax/swing/ImageIcon
instanceKlass jdk/internal/event/Event
instanceKlass javax/swing/Popup
instanceKlass javax/swing/PopupFactory$1
instanceKlass sun/swing/SwingAccessor$PopupFactoryAccessor
instanceKlass javax/swing/PopupFactory
instanceKlass javax/sound/sampled/LineListener
# instanceKlass java/lang/invoke/LambdaForm$MH+0x000000008d173800
# instanceKlass java/lang/invoke/LambdaForm$MH+0x000000008d173400
# instanceKlass java/lang/invoke/LambdaForm$MH+0x000000008d173000
instanceKlass javax/swing/event/MenuListener
instanceKlass java/awt/Container$MouseEventTargetFilter
instanceKlass java/awt/Container$EventTargetFilter
instanceKlass java/awt/Cursor$CursorDisposer
instanceKlass java/awt/event/MouseEvent$1
instanceKlass sun/awt/AWTAccessor$MouseEventAccessor
instanceKlass java/text/AttributedString$AttributedStringIterator
instanceKlass java/text/AttributedString
instanceKlass sun/awt/im/CompositionAreaHandler
instanceKlass java/awt/Window$1DisposeAction
instanceKlass sun/awt/im/InputMethodAdapter
instanceKlass java/awt/im/spi/InputMethod
instanceKlass java/awt/im/spi/InputMethodContext
instanceKlass java/awt/im/InputMethodRequests
instanceKlass java/awt/im/InputContext
instanceKlass  @bci java/util/Comparator comparingInt (Ljava/util/function/ToIntFunction;)Ljava/util/Comparator; 6 <appendix> member <vmtarget> ; # java/util/Comparator$$Lambda+0x000000008d17b9a8
instanceKlass java/lang/classfile/constantpool/IntegerEntry
instanceKlass sun/invoke/util/BytecodeDescriptor
instanceKlass java/lang/classfile/constantpool/StringEntry
instanceKlass java/lang/classfile/constantpool/ConstantValueEntry
instanceKlass java/lang/invoke/InnerClassLambdaMetafactory$4
instanceKlass java/lang/invoke/InnerClassLambdaMetafactory$SerializationSupport
instanceKlass  @cpi java/util/Comparator 262 form vmentry <vmtarget> ; # java/lang/invoke/LambdaForm$DMH+0x000000008d172c00
instanceKlass  @bci wv/codeclip/CodeClipFrame refreshPanels ()V 412 <appendix> argL0 ; # wv/codeclip/CodeClipFrame$$Lambda+0x000000008d174488
instanceKlass java/util/stream/ReduceOps$5ReducingSink
instanceKlass  @bci java/util/stream/IntPipeline sum ()I 2 <appendix> argL0 ; # java/util/stream/IntPipeline$$Lambda+0x000000008d17a190
instanceKlass java/util/function/IntBinaryOperator
instanceKlass  @bci wv/codeclip/CodeClipFrame refreshStats ()V 68 <appendix> argL0 ; # wv/codeclip/CodeClipFrame$$Lambda+0x000000008d174260
instanceKlass java/util/function/ToIntFunction
instanceKlass  @bci wv/codeclip/CodeClipFrame refreshStats ()V 58 <appendix> member <vmtarget> ; # wv/codeclip/CodeClipFrame$$Lambda+0x000000008d174000
instanceKlass java/util/Spliterators$IteratorSpliterator
instanceKlass  @bci wv/codeclip/CodeClipFrame refreshStats ()V 32 <appendix> form vmentry <vmtarget> ; # java/lang/invoke/LambdaForm$MH+0x000000008d172800
instanceKlass java/awt/font/NumericShaper
instanceKlass sun/font/DelegatingShape
instanceKlass sun/font/StandardGlyphVector$GlyphStrike
instanceKlass java/awt/font/GraphicAttribute
instanceKlass java/awt/font/CharArrayIterator
instanceKlass java/awt/font/StyledParagraph
instanceKlass jdk/internal/icu/text/BidiBase$TextAttributeConstants
instanceKlass java/awt/font/TextMeasurer
instanceKlass java/awt/font/LineBreakMeasurer
instanceKlass java/text/BreakIterator$BreakIteratorCache
instanceKlass sun/text/SupplementaryCharacterData
instanceKlass sun/text/CompactByteArray
instanceKlass sun/util/resources/Bundles$CacheKeyReference
instanceKlass sun/util/resources/Bundles$CacheKey
instanceKlass sun/util/resources/Bundles
instanceKlass sun/util/resources/LocaleData$LocaleDataStrategy
instanceKlass sun/util/resources/Bundles$Strategy
instanceKlass sun/util/resources/LocaleData
instanceKlass java/util/regex/ASCII
instanceKlass sun/util/locale/provider/LocaleResources
instanceKlass java/util/regex/IntHashSet
instanceKlass java/util/regex/Matcher
instanceKlass java/util/regex/MatchResult
instanceKlass sun/util/resources/provider/NonBaseLocaleDataMetaInfo
instanceKlass sun/util/locale/provider/BaseLocaleDataMetaInfo
instanceKlass sun/util/locale/provider/AvailableLanguageTags
instanceKlass sun/util/resources/cldr/provider/CLDRLocaleDataMetaInfo
instanceKlass jdk/internal/module/ModulePatcher$PatchedModuleReader
instanceKlass java/util/Locale$LocaleCache
instanceKlass jdk/internal/util/ReferencedKeyMap$1
instanceKlass sun/util/locale/BaseLocale$1InterningCache
instanceKlass sun/util/locale/InternalLocaleBuilder$CaseInsensitiveChar
instanceKlass sun/util/locale/InternalLocaleBuilder
instanceKlass sun/util/locale/StringTokenIterator
instanceKlass java/text/ParsePosition
instanceKlass sun/util/cldr/CLDRBaseLocaleDataMetaInfo
instanceKlass sun/util/locale/provider/LocaleDataMetaInfo
instanceKlass sun/util/locale/provider/ResourceBundleBasedAdapter
instanceKlass sun/util/locale/provider/LocaleProviderAdapter
instanceKlass java/util/spi/LocaleServiceProvider
instanceKlass java/text/AttributedCharacterIterator
instanceKlass jdk/internal/icu/util/CodePointTrie$Data
instanceKlass jdk/internal/icu/util/CodePointMap
instanceKlass jdk/internal/icu/util/VersionInfo
instanceKlass jdk/internal/icu/impl/UCharacterProperty$IsAcceptable
instanceKlass jdk/internal/icu/impl/UCharacterProperty$IntProperty
instanceKlass jdk/internal/icu/impl/UCharacterProperty
instanceKlass  @bci java/util/DualPivotQuicksort sort (Ljava/util/DualPivotQuicksort$Sorter;[JIII)V 63 <appendix> argL0 ; # java/util/DualPivotQuicksort$$Lambda+0x000000008d13b278
instanceKlass  @cpi java/util/DualPivotQuicksort 420 form vmentry <vmtarget> ; # java/lang/invoke/LambdaForm$DMH+0x000000008d171c00
instanceKlass java/util/DualPivotQuicksort$SortOperation
instanceKlass java/util/DualPivotQuicksort
instanceKlass jdk/internal/icu/text/BidiLine
instanceKlass sun/font/BidiUtils
instanceKlass jdk/internal/icu/text/UTF16
instanceKlass jdk/internal/icu/text/BidiBase$Point
instanceKlass jdk/internal/icu/text/BidiBase$InsertPoints
instanceKlass jdk/internal/icu/text/BidiRun
instanceKlass  @bci wv/codeclip/CodeClipFrame refreshText ()V 22 <appendix> member <vmtarget> ; # wv/codeclip/CodeClipFrame$$Lambda+0x000000008d0d3d28
instanceKlass wv/codeclip/modecontext/ModeContext$1
# instanceKlass java/lang/invoke/LambdaForm$DMH+0x000000008d171800
# instanceKlass java/lang/invoke/LambdaForm$MH+0x000000008d171400
# instanceKlass java/lang/invoke/LambdaForm$DMH+0x000000008d171000
# instanceKlass java/lang/invoke/LambdaForm$MH+0x000000008d170c00
# instanceKlass java/lang/invoke/LambdaForm$DMH+0x000000008d170800
# instanceKlass java/lang/invoke/LambdaForm$MH+0x000000008d170400
# instanceKlass java/lang/invoke/LambdaForm$MH+0x000000008d170000
# instanceKlass java/lang/invoke/LambdaForm$MH+0x000000008d16fc00
instanceKlass java/awt/font/TextLine$TextLineMetrics
instanceKlass java/awt/font/GlyphVector
# instanceKlass java/lang/invoke/LambdaForm$MH+0x000000008d16f800
# instanceKlass java/lang/invoke/LambdaForm$DMH+0x000000008d16f400
# instanceKlass java/lang/invoke/LambdaForm$MH+0x000000008d16f000
# instanceKlass java/lang/invoke/LambdaForm$BMH+0x000000008d16ec00
# instanceKlass java/lang/invoke/LambdaForm$DMH+0x000000008d16e800
# instanceKlass java/lang/invoke/LambdaForm$DMH+0x000000008d16e400
# instanceKlass java/lang/invoke/LambdaForm$MH+0x000000008d16e000
# instanceKlass java/lang/invoke/LambdaForm$DMH+0x000000008d16dc00
# instanceKlass java/lang/invoke/LambdaForm$MH+0x000000008d16d800
# instanceKlass java/lang/invoke/LambdaForm$DMH+0x000000008d16d400
instanceKlass jdk/internal/util/random/RandomSupport
instanceKlass java/util/Random
instanceKlass java/util/random/RandomGenerator
# instanceKlass java/lang/invoke/LambdaForm$MH+0x000000008d16d000
# instanceKlass java/lang/invoke/LambdaForm$DMH+0x000000008d16cc00
# instanceKlass java/lang/invoke/LambdaForm$MH+0x000000008d16c800
# instanceKlass java/lang/invoke/LambdaForm$BMH+0x000000008d16c400
# instanceKlass java/lang/invoke/LambdaForm$DMH+0x000000008d16c000
instanceKlass java/lang/invoke/VarHandles$1
# instanceKlass java/lang/invoke/LambdaForm$DMH+0x000000008d16bc00
instanceKlass  @bci jdk/internal/foreign/Utils$BaseAndScale of (Ljava/lang/Object;)Ljdk/internal/foreign/Utils$BaseAndScale; 11 <appendix> member <vmtarget> ; # jdk/internal/foreign/Utils$BaseAndScale$$TypeSwitch+0x000000008d139028
instanceKlass  @bci sun/font/HBShaper getFontTableData (Lsun/font/Font2D;ILjava/lang/foreign/MemorySegment;)I 77 <adapter> ; # java/lang/invoke/LambdaForm$MH+0x000000008d16b800
# instanceKlass java/lang/invoke/LambdaForm$MH+0x000000008d16b400
# instanceKlass java/lang/invoke/LambdaForm$DMH+0x000000008d16b000
# instanceKlass java/lang/invoke/LambdaForm$MH+0x000000008d16ac00
# instanceKlass java/lang/invoke/LambdaForm$DMH+0x000000008d16a800
instanceKlass  @bci sun/font/HBShaper lambda$shape$0 (Ljava/awt/geom/Point2D$Float;[F[CFLjava/lang/foreign/MemorySegment;IIIIII)V 79 <adapter> ; # java/lang/invoke/LambdaForm$MH+0x000000008d16a400
# instanceKlass java/lang/invoke/LambdaForm$DMH+0x000000008d16a000
instanceKlass java/lang/ScopedValue$Snapshot
instanceKlass  @bci sun/font/HBShaper shape (Lsun/font/Font2D;Lsun/font/FontStrike;F[FLjava/lang/foreign/MemorySegment;[CLsun/font/GlyphLayout$GVData;IIIILjava/awt/geom/Point2D$Float;II)V 43 <adapter> ; # java/lang/invoke/LambdaForm$MH+0x000000008d169c00
# instanceKlass java/lang/invoke/LambdaForm$DMH+0x000000008d169800
instanceKlass  @bci sun/font/HBShaper shape (Lsun/font/Font2D;Lsun/font/FontStrike;F[FLjava/lang/foreign/MemorySegment;[CLsun/font/GlyphLayout$GVData;IIIILjava/awt/geom/Point2D$Float;II)V 43 <appendix> form vmentry <vmtarget> ; # java/lang/invoke/LambdaForm$DMH+0x000000008d169400
instanceKlass  @bci sun/font/HBShaper shape (Lsun/font/Font2D;Lsun/font/FontStrike;F[FLjava/lang/foreign/MemorySegment;[CLsun/font/GlyphLayout$GVData;IIIILjava/awt/geom/Point2D$Float;II)V 43 <appendix> member <vmtarget> ; # sun/font/HBShaper$$Lambda+0x000000008d136c48
instanceKlass  @cpi sun/font/HBShaper 721 form vmentry <vmtarget> ; # java/lang/invoke/LambdaForm$DMH+0x000000008d169000
instanceKlass java/lang/ScopedValue$Carrier
# instanceKlass java/lang/invoke/LambdaForm$MH+0x000000008d168c00
# instanceKlass java/lang/invoke/LambdaForm$DMH+0x000000008d168800
# instanceKlass java/lang/invoke/LambdaForm$MH+0x000000008d168400
# instanceKlass java/lang/invoke/LambdaForm$MH+0x000000008d168000
# instanceKlass java/lang/invoke/LambdaForm$MH+0x000000008d167c00
# instanceKlass java/lang/invoke/LambdaForm$DMH+0x000000008d167800
# instanceKlass java/lang/invoke/LambdaForm$MH+0x000000008d167400
# instanceKlass java/lang/invoke/LambdaForm$BMH+0x000000008d167000
# instanceKlass java/lang/invoke/LambdaForm$DMH+0x000000008d166c00
# instanceKlass java/lang/invoke/LambdaForm$DMH+0x000000008d166800
# instanceKlass jdk/internal/foreign/abi/UpcallStub+0x000000008d166400
# instanceKlass java/lang/invoke/LambdaForm$MH+0x000000008d166000
# instanceKlass java/lang/invoke/LambdaForm$BMH+0x000000008d165c00
# instanceKlass java/lang/invoke/LambdaForm$DMH+0x000000008d165800
# instanceKlass java/lang/invoke/LambdaForm$DMH+0x000000008d165400
instanceKlass jdk/internal/foreign/MemorySessionImpl$ResourceList
instanceKlass  @bci sun/font/HBShaper getFace (Lsun/font/Font2D;)Ljava/lang/foreign/MemorySegment; 10 <appendix> argL0 ; # sun/font/HBShaper$$Lambda+0x000000008d136380
instanceKlass sun/font/HBShaper$FaceRef
instanceKlass java/util/concurrent/ThreadLocalRandom$Access$1
instanceKlass jdk/internal/access/JavaUtilConcurrentTLRAccess
instanceKlass java/util/concurrent/ThreadLocalRandom$Access
instanceKlass java/lang/ScopedValue$Cache
instanceKlass java/lang/ScopedValue
instanceKlass  @bci java/lang/invoke/VarHandles collectCoordinates (Ljava/lang/invoke/VarHandle;ILjava/lang/invoke/MethodHandle;)Ljava/lang/invoke/VarHandle; 217 <appendix> member <vmtarget> ; # java/lang/invoke/VarHandles$$Lambda+0x000000008d135688
# instanceKlass java/lang/invoke/LambdaForm$MH+0x000000008d165000
instanceKlass sun/invoke/util/ValueConversions$1
# instanceKlass java/lang/invoke/LambdaForm$MH+0x000000008d164c00
instanceKlass java/util/TreeMap$PrivateEntryIterator
instanceKlass java/lang/invoke/LambdaFormEditor$1
instanceKlass sun/invoke/util/ValueConversions$WrapperCache
# instanceKlass java/lang/invoke/LambdaForm$MH+0x000000008d164800
# instanceKlass java/lang/invoke/LambdaForm$MH+0x000000008d164400
# instanceKlass java/lang/invoke/LambdaForm$DMH+0x000000008d164000
# instanceKlass java/lang/invoke/LambdaForm$DMH+0x000000008d163c00
instanceKlass java/lang/ClassValue$RemovalToken
instanceKlass java/lang/ClassValue$Identity
instanceKlass java/lang/ClassValue$Entry
instanceKlass java/lang/ClassValue
instanceKlass java/lang/invoke/MethodHandleImpl$ArrayAccessor
# instanceKlass java/lang/invoke/LambdaForm$MH+0x000000008d163800
# instanceKlass java/lang/invoke/LambdaForm$DMH+0x000000008d163400
# instanceKlass java/lang/invoke/LambdaForm$DMH+0x000000008d163000
instanceKlass java/lang/invoke/MethodHandleImpl$CasesHolder
instanceKlass java/lang/invoke/MethodHandleImpl$LoopClauses
# instanceKlass java/lang/invoke/LambdaForm$MH+0x000000008d162c00
# instanceKlass java/lang/invoke/LambdaForm$MH+0x000000008d162800
# instanceKlass java/lang/invoke/LambdaForm$DMH+0x000000008d162400
instanceKlass java/lang/invoke/MethodHandleImpl$2
# instanceKlass java/lang/invoke/LambdaForm$MH+0x000000008d162000
# instanceKlass java/lang/invoke/LambdaForm$BMH+0x000000008d161c00
# instanceKlass java/lang/invoke/LambdaForm$DMH+0x000000008d161800
# instanceKlass java/lang/invoke/LambdaForm$DMH+0x000000008d161400
instanceKlass jdk/internal/foreign/layout/AbstractLayout$1Holder
instanceKlass java/lang/invoke/VarHandleSegmentAsInts
# instanceKlass java/lang/invoke/LambdaForm$MH+0x000000008d161000
# instanceKlass java/lang/invoke/LambdaForm$MH+0x000000008d160c00
# instanceKlass java/lang/invoke/LambdaForm$MH+0x000000008d160800
# instanceKlass java/lang/invoke/LambdaForm$DMH+0x000000008d160400
# instanceKlass java/lang/invoke/LambdaForm$MH+0x000000008d160000
# instanceKlass java/lang/invoke/LambdaForm$BMH+0x000000008d15fc00
# instanceKlass java/lang/invoke/LambdaForm$DMH+0x000000008d15f800
# instanceKlass java/lang/invoke/LambdaForm$DMH+0x000000008d15f400
# instanceKlass jdk/internal/foreign/abi/UpcallStub+0x000000008d15f000
# instanceKlass java/lang/invoke/LambdaForm$DMH+0x000000008d15ec00
# instanceKlass java/lang/invoke/LambdaForm$DMH+0x000000008d15e800
# instanceKlass java/lang/invoke/LambdaForm$MH+0x000000008d15e400
# instanceKlass java/lang/invoke/LambdaForm$DMH+0x000000008d15e000
instanceKlass  @bci java/lang/invoke/BootstrapMethodInvoker invoke (Ljava/lang/Class;Ljava/lang/invoke/MethodHandle;Ljava/lang/String;Ljava/lang/Object;Ljava/lang/Object;Ljava/lang/Class;)Ljava/lang/Object; 95 <adapter> ; # java/lang/invoke/LambdaForm$MH+0x000000008d15dc00
instanceKlass java/lang/invoke/ConstantBootstraps
instanceKlass  @bci sun/font/HBShaper <clinit> ()V 1122 <adapter> ; # java/lang/invoke/LambdaForm$MH+0x000000008d15d800
# instanceKlass java/lang/invoke/LambdaForm$MH+0x000000008d15d400
# instanceKlass java/lang/invoke/LambdaForm$MH+0x000000008d15d000
# instanceKlass java/lang/invoke/LambdaForm$MH+0x000000008d15cc00
# instanceKlass java/lang/invoke/LambdaForm$MH+0x000000008d15c800
# instanceKlass java/lang/invoke/LambdaForm$DMH+0x000000008d15c400
# instanceKlass jdk/internal/foreign/abi/DowncallStub+0x000000008d15c000
# instanceKlass java/lang/invoke/LambdaForm$MH+0x000000008d15bc00
# instanceKlass java/lang/invoke/LambdaForm$MH+0x000000008d15b800
# instanceKlass java/lang/invoke/LambdaForm$MH+0x000000008d15b400
# instanceKlass java/lang/invoke/LambdaForm$MH+0x000000008d15b000
# instanceKlass java/lang/invoke/LambdaForm$DMH+0x000000008d15ac00
# instanceKlass java/lang/invoke/LambdaForm$MH+0x000000008d15a800
# instanceKlass java/lang/invoke/LambdaForm$BMH+0x000000008d15a400
# instanceKlass java/lang/invoke/LambdaForm$DMH+0x000000008d15a000
# instanceKlass java/lang/invoke/LambdaForm$DMH+0x000000008d159c00
# instanceKlass jdk/internal/foreign/abi/UpcallStub+0x000000008d159800
# instanceKlass java/lang/invoke/LambdaForm$DMH+0x000000008d159400
# instanceKlass java/lang/invoke/LambdaForm$DMH+0x000000008d159000
# instanceKlass java/lang/invoke/LambdaForm$MH+0x000000008d158c00
# instanceKlass java/lang/invoke/LambdaForm$MH+0x000000008d158800
# instanceKlass java/lang/invoke/LambdaForm$MH+0x000000008d158400
# instanceKlass java/lang/invoke/LambdaForm$DMH+0x000000008d158000
# instanceKlass java/lang/invoke/LambdaForm$MH+0x000000008d157c00
# instanceKlass java/lang/invoke/LambdaForm$BMH+0x000000008d157800
# instanceKlass java/lang/invoke/LambdaForm$DMH+0x000000008d157400
# instanceKlass java/lang/invoke/LambdaForm$DMH+0x000000008d157000
# instanceKlass jdk/internal/foreign/abi/UpcallStub+0x000000008d156c00
# instanceKlass java/lang/invoke/LambdaForm$DMH+0x000000008d156800
# instanceKlass java/lang/invoke/LambdaForm$DMH+0x000000008d156400
# instanceKlass java/lang/invoke/LambdaForm$MH+0x000000008d156000
# instanceKlass java/lang/invoke/LambdaForm$MH+0x000000008d155c00
# instanceKlass java/lang/invoke/LambdaForm$MH+0x000000008d155800
# instanceKlass java/lang/invoke/LambdaForm$DMH+0x000000008d155400
# instanceKlass java/lang/invoke/LambdaForm$MH+0x000000008d155000
# instanceKlass java/lang/invoke/LambdaForm$BMH+0x000000008d154c00
# instanceKlass java/lang/invoke/LambdaForm$DMH+0x000000008d154800
# instanceKlass java/lang/invoke/LambdaForm$DMH+0x000000008d154400
# instanceKlass jdk/internal/foreign/abi/UpcallStub+0x000000008d154000
# instanceKlass java/lang/invoke/LambdaForm$DMH+0x000000008d153c00
# instanceKlass java/lang/invoke/LambdaForm$DMH+0x000000008d153800
instanceKlass jdk/internal/foreign/abi/UpcallStubs
# instanceKlass java/lang/invoke/LambdaForm$MH+0x000000008d153400
# instanceKlass java/lang/invoke/LambdaForm$MH+0x000000008d153000
# instanceKlass java/lang/invoke/LambdaForm$MH+0x000000008d152c00
# instanceKlass java/lang/invoke/LambdaForm$DMH+0x000000008d152800
instanceKlass  @bci jdk/internal/foreign/abi/UpcallLinker checkPrimitive (Ljava/lang/invoke/MethodType;)V 19 <appendix> argL0 ; # jdk/internal/foreign/abi/UpcallLinker$$Lambda+0x000000008d1323d8
# instanceKlass java/lang/invoke/LambdaForm$MH+0x000000008d152400
# instanceKlass java/lang/invoke/LambdaForm$BMH+0x000000008d152000
# instanceKlass java/lang/invoke/LambdaForm$DMH+0x000000008d151c00
instanceKlass  @bci jdk/internal/foreign/abi/UpcallLinker makeFactory (Ljava/lang/invoke/MethodType;Ljdk/internal/foreign/abi/ABIDescriptor;Ljdk/internal/foreign/abi/CallingSequence;)Ljdk/internal/foreign/abi/AbstractLinker$UpcallStubFactory; 229 <appendix> form vmentry <vmtarget> ; # java/lang/invoke/LambdaForm$DMH+0x000000008d151800
instanceKlass  @bci jdk/internal/foreign/abi/UpcallLinker makeFactory (Ljava/lang/invoke/MethodType;Ljdk/internal/foreign/abi/ABIDescriptor;Ljdk/internal/foreign/abi/CallingSequence;)Ljdk/internal/foreign/abi/AbstractLinker$UpcallStubFactory; 229 <appendix> member <vmtarget> ; # jdk/internal/foreign/abi/UpcallLinker$$Lambda+0x000000008d1321a8
instanceKlass  @bci jdk/internal/foreign/abi/UpcallLinker makeFactory (Ljava/lang/invoke/MethodType;Ljdk/internal/foreign/abi/ABIDescriptor;Ljdk/internal/foreign/abi/CallingSequence;)Ljdk/internal/foreign/abi/AbstractLinker$UpcallStubFactory; 194 <appendix> argL0 ; # jdk/internal/foreign/abi/UpcallLinker$$Lambda+0x000000008d131f80
instanceKlass  @bci jdk/internal/foreign/abi/UpcallLinker makeFactory (Ljava/lang/invoke/MethodType;Ljdk/internal/foreign/abi/ABIDescriptor;Ljdk/internal/foreign/abi/CallingSequence;)Ljdk/internal/foreign/abi/AbstractLinker$UpcallStubFactory; 184 <appendix> argL0 ; # jdk/internal/foreign/abi/UpcallLinker$$Lambda+0x000000008d131d38
instanceKlass  @bci jdk/internal/foreign/abi/UpcallLinker makeFactory (Ljava/lang/invoke/MethodType;Ljdk/internal/foreign/abi/ABIDescriptor;Ljdk/internal/foreign/abi/CallingSequence;)Ljdk/internal/foreign/abi/AbstractLinker$UpcallStubFactory; 164 <appendix> argL0 ; # jdk/internal/foreign/abi/UpcallLinker$$Lambda+0x000000008d131b10
instanceKlass  @bci jdk/internal/foreign/abi/UpcallLinker makeFactory (Ljava/lang/invoke/MethodType;Ljdk/internal/foreign/abi/ABIDescriptor;Ljdk/internal/foreign/abi/CallingSequence;)Ljdk/internal/foreign/abi/AbstractLinker$UpcallStubFactory; 154 <appendix> argL0 ; # jdk/internal/foreign/abi/UpcallLinker$$Lambda+0x000000008d1318c8
instanceKlass  @bci jdk/internal/foreign/abi/UpcallLinker makeFactory (Ljava/lang/invoke/MethodType;Ljdk/internal/foreign/abi/ABIDescriptor;Ljdk/internal/foreign/abi/CallingSequence;)Ljdk/internal/foreign/abi/AbstractLinker$UpcallStubFactory; 56 <appendix> member <vmtarget> ; # jdk/internal/foreign/abi/UpcallLinker$$Lambda+0x000000008d131660
# instanceKlass java/lang/invoke/LambdaForm$DMH+0x000000008d151400
# instanceKlass jdk/internal/foreign/abi/UpcallStub+0x000000008d151000
instanceKlass jdk/internal/foreign/abi/BindingSpecializer$1
instanceKlass  @bci jdk/internal/foreign/abi/UpcallLinker retMoveBindings (Ljdk/internal/foreign/abi/CallingSequence;)[Ljdk/internal/foreign/abi/Binding$VMStore; 43 <appendix> argL0 ; # jdk/internal/foreign/abi/UpcallLinker$$Lambda+0x000000008d130d98
instanceKlass  @bci jdk/internal/foreign/abi/UpcallLinker retMoveBindings (Ljdk/internal/foreign/abi/CallingSequence;)[Ljdk/internal/foreign/abi/Binding$VMStore; 33 <appendix> member <vmtarget> ; # jdk/internal/foreign/abi/UpcallLinker$$Lambda+0x000000008d130b48
instanceKlass  @bci jdk/internal/foreign/abi/UpcallLinker retMoveBindings (Ljdk/internal/foreign/abi/CallingSequence;)[Ljdk/internal/foreign/abi/Binding$VMStore; 16 <appendix> member <vmtarget> ; # jdk/internal/foreign/abi/UpcallLinker$$Lambda+0x000000008d1308e8
instanceKlass  @bci jdk/internal/foreign/abi/UpcallLinker argMoveBindings (Ljdk/internal/foreign/abi/CallingSequence;)[Ljdk/internal/foreign/abi/Binding$VMLoad; 4 <appendix> argL0 ; # jdk/internal/foreign/abi/UpcallLinker$$Lambda+0x000000008d1306c0
instanceKlass  @bci jdk/internal/foreign/abi/UpcallLinker argMoveBindingsStream (Ljdk/internal/foreign/abi/CallingSequence;)Ljava/util/stream/Stream; 28 <appendix> member <vmtarget> ; # jdk/internal/foreign/abi/UpcallLinker$$Lambda+0x000000008d130470
instanceKlass  @bci jdk/internal/foreign/abi/UpcallLinker argMoveBindingsStream (Ljdk/internal/foreign/abi/CallingSequence;)Ljava/util/stream/Stream; 11 <appendix> member <vmtarget> ; # jdk/internal/foreign/abi/UpcallLinker$$Lambda+0x000000008d130210
instanceKlass jdk/internal/foreign/abi/UpcallLinker
instanceKlass  @bci jdk/internal/foreign/abi/AbstractLinker upcallStub (Ljava/lang/invoke/MethodHandle;Ljava/lang/foreign/FunctionDescriptor;Ljava/lang/foreign/Arena;[Ljava/lang/foreign/Linker$Option;)Ljava/lang/foreign/MemorySegment; 115 <appendix> member <vmtarget> ; # jdk/internal/foreign/abi/AbstractLinker$$Lambda+0x000000008d12fb98
instanceKlass  @bci jdk/internal/foreign/abi/LinkerOptions forUpcall (Ljava/lang/foreign/FunctionDescriptor;[Ljava/lang/foreign/Linker$Option;)Ljdk/internal/foreign/abi/LinkerOptions; 0 <appendix> argL0 ; # jdk/internal/foreign/abi/LinkerOptions$$Lambda+0x000000008d12f960
# instanceKlass java/lang/invoke/LambdaForm$DMH+0x000000008d150c00
# instanceKlass java/lang/invoke/LambdaForm$DMH+0x000000008d150800
# instanceKlass java/lang/invoke/LambdaForm$MH+0x000000008d150400
# instanceKlass java/lang/invoke/LambdaForm$MH+0x000000008d150000
# instanceKlass java/lang/invoke/LambdaForm$MH+0x000000008d14fc00
# instanceKlass java/lang/invoke/LambdaForm$MH+0x000000008d14f800
# instanceKlass java/lang/invoke/LambdaForm$BMH+0x000000008d14f400
# instanceKlass java/lang/invoke/LambdaForm$DMH+0x000000008d14f000
# instanceKlass java/lang/invoke/LambdaForm$DMH+0x000000008d14ec00
# instanceKlass java/lang/invoke/LambdaForm$DMH+0x000000008d14e800
# instanceKlass jdk/internal/foreign/abi/DowncallStub+0x000000008d14e400
# instanceKlass java/lang/invoke/LambdaForm$MH+0x000000008d14e000
# instanceKlass java/lang/invoke/LambdaForm$MH+0x000000008d14dc00
# instanceKlass java/lang/invoke/LambdaForm$MH+0x000000008d14d800
# instanceKlass java/lang/invoke/LambdaForm$MH+0x000000008d14d400
# instanceKlass java/lang/invoke/LambdaForm$MH+0x000000008d14d000
# instanceKlass java/lang/invoke/LambdaForm$DMH+0x000000008d14cc00
# instanceKlass java/lang/invoke/LambdaForm$DMH+0x000000008d14c800
# instanceKlass jdk/internal/foreign/abi/DowncallStub+0x000000008d14c400
# instanceKlass java/lang/invoke/LambdaForm$MH+0x000000008d14c000
# instanceKlass java/lang/invoke/LambdaForm$MH+0x000000008d14bc00
# instanceKlass java/lang/invoke/LambdaForm$MH+0x000000008d14b800
# instanceKlass java/lang/invoke/LambdaForm$MH+0x000000008d14b400
# instanceKlass java/lang/invoke/LambdaForm$MH+0x000000008d14b000
# instanceKlass jdk/internal/foreign/abi/DowncallStub+0x000000008d14ac00
instanceKlass java/util/AbstractList$Itr
# instanceKlass java/lang/invoke/LambdaForm$MH+0x000000008d14a800
# instanceKlass java/lang/invoke/LambdaForm$MH+0x000000008d14a400
# instanceKlass java/lang/invoke/LambdaForm$MH+0x000000008d14a000
# instanceKlass java/lang/invoke/LambdaForm$MH+0x000000008d149c00
# instanceKlass java/lang/invoke/LambdaForm$DMH+0x000000008d149800
# instanceKlass java/lang/invoke/LambdaForm$DMH+0x000000008d149400
# instanceKlass java/lang/invoke/LambdaForm$DMH+0x000000008d149000
# instanceKlass jdk/internal/foreign/abi/DowncallStub+0x000000008d148c00
instanceKlass java/lang/classfile/instruction/ExceptionCatch
instanceKlass java/lang/classfile/instruction/InvokeInstruction
instanceKlass java/lang/classfile/instruction/LoadInstruction
instanceKlass java/lang/classfile/Instruction
instanceKlass jdk/internal/classfile/impl/NonterminalCodeBuilder
instanceKlass  @bci jdk/internal/foreign/abi/BindingSpecializer emitReleaseScopes ()V 36 <appendix> member <vmtarget> ; # jdk/internal/foreign/abi/BindingSpecializer$$Lambda+0x000000008d12d200
instanceKlass  @cpi jdk/internal/foreign/abi/BindingSpecializer 1415 form vmentry <vmtarget> ; # java/lang/invoke/LambdaForm$DMH+0x000000008d148800
instanceKlass java/lang/classfile/CodeBuilder$BlockCodeBuilder
instanceKlass  @bci jdk/internal/foreign/abi/BindingSpecializer needsSession ()Z 43 <appendix> argL0 ; # jdk/internal/foreign/abi/BindingSpecializer$$Lambda+0x000000008d12cfa8
instanceKlass  @bci jdk/internal/foreign/abi/BindingSpecializer needsSession ()Z 33 <appendix> member <vmtarget> ; # jdk/internal/foreign/abi/BindingSpecializer$$Lambda+0x000000008d12cd58
instanceKlass  @bci jdk/internal/foreign/abi/BindingSpecializer needsSession ()Z 15 <appendix> member <vmtarget> ; # jdk/internal/foreign/abi/BindingSpecializer$$Lambda+0x000000008d12caf8
instanceKlass java/lang/classfile/constantpool/ConstantDynamicEntry
instanceKlass java/lang/classfile/constantpool/DynamicConstantPoolEntry
instanceKlass  @bci java/lang/classfile/constantpool/ConstantPoolBuilder bsmEntry (Ljava/lang/constant/DirectMethodHandleDesc;Ljava/util/List;)Ljava/lang/classfile/BootstrapMethodEntry; 15 <appendix> member <vmtarget> ; # java/lang/classfile/constantpool/ConstantPoolBuilder$$Lambda+0x000000008d12c4e0
instanceKlass java/lang/classfile/constantpool/MethodHandleEntry
instanceKlass java/lang/classfile/constantpool/ConstantPoolBuilder$1
instanceKlass  @bci jdk/internal/foreign/abi/BindingSpecializer doBindings (Ljava/util/List;)V 41 <appendix> member <vmtarget> ; # jdk/internal/foreign/abi/BindingSpecializer$$TypeSwitch+0x000000008d12bda8
instanceKlass  @bci jdk/internal/foreign/abi/BindingSpecializer lambda$specializeHelper$1 (Ljava/lang/invoke/MethodType;Ljdk/internal/foreign/abi/CallingSequence;Ljdk/internal/foreign/abi/ABIDescriptor;Ljava/lang/invoke/MethodType;Ljava/lang/classfile/MethodBuilder;)V 34 <appendix> member <vmtarget> ; # jdk/internal/foreign/abi/BindingSpecializer$$Lambda+0x000000008d12bb68
instanceKlass  @bci jdk/internal/foreign/abi/BindingSpecializer lambda$specializeHelper$0 (Ljava/lang/invoke/MethodType;Ljdk/internal/foreign/abi/CallingSequence;Ljdk/internal/foreign/abi/ABIDescriptor;Ljava/lang/invoke/MethodType;Ljava/lang/classfile/ClassBuilder;)V 38 <appendix> member <vmtarget> ; # jdk/internal/foreign/abi/BindingSpecializer$$Lambda+0x000000008d12b928
instanceKlass java/lang/classfile/ClassFileVersion
instanceKlass  @bci jdk/internal/foreign/abi/BindingSpecializer specializeHelper (Ljava/lang/invoke/MethodType;Ljava/lang/invoke/MethodType;Ljdk/internal/foreign/abi/CallingSequence;Ljdk/internal/foreign/abi/ABIDescriptor;)[B 28 <appendix> member <vmtarget> ; # jdk/internal/foreign/abi/BindingSpecializer$$Lambda+0x000000008d12b488
instanceKlass  @cpi jdk/internal/foreign/abi/BindingSpecializer 1379 form vmentry <vmtarget> ; # java/lang/invoke/LambdaForm$DMH+0x000000008d148400
instanceKlass jdk/internal/vm/annotation/ForceInline
instanceKlass jdk/internal/foreign/abi/BindingSpecializer
# instanceKlass java/lang/invoke/LambdaForm$MH+0x000000008d148000
instanceKlass java/lang/invoke/NativeMethodHandle$Lazy
instanceKlass  @bci java/lang/ProcessHandleImpl initReaper ()Ljava/util/concurrent/Executor; 45 <appendix> form vmentry <vmtarget> ; # java/lang/invoke/LambdaForm$DMH+0x000000008d147c00
instanceKlass  @bci jdk/internal/foreign/abi/NativeEntryPoint lambda$make$0 (Ljava/lang/invoke/MethodType;Ljdk/internal/foreign/abi/ABIDescriptor;[Ljdk/internal/foreign/abi/VMStorage;[Ljdk/internal/foreign/abi/VMStorage;ZIZLjdk/internal/foreign/abi/NativeEntryPoint$CacheKey;)Ljdk/internal/foreign/abi/NativeEntryPoint; 51 <appendix> member <vmtarget> ; # jdk/internal/foreign/abi/NativeEntryPoint$$Lambda+0x000000008d12aad8
instanceKlass  @cpi java/lang/ProcessImpl 633 form vmentry <vmtarget> ; # java/lang/invoke/LambdaForm$DMH+0x000000008d147800
instanceKlass  @bci jdk/internal/foreign/abi/NativeEntryPoint make (Ljdk/internal/foreign/abi/ABIDescriptor;[Ljdk/internal/foreign/abi/VMStorage;[Ljdk/internal/foreign/abi/VMStorage;Ljava/lang/invoke/MethodType;ZIZZ)Ljdk/internal/foreign/abi/NativeEntryPoint; 76 <adapter> ; # java/lang/invoke/LambdaForm$MH+0x000000008d147400
# instanceKlass java/lang/invoke/LambdaForm$DMH+0x000000008d147000
instanceKlass  @bci jdk/internal/foreign/abi/NativeEntryPoint make (Ljdk/internal/foreign/abi/ABIDescriptor;[Ljdk/internal/foreign/abi/VMStorage;[Ljdk/internal/foreign/abi/VMStorage;Ljava/lang/invoke/MethodType;ZIZZ)Ljdk/internal/foreign/abi/NativeEntryPoint; 76 <appendix> form vmentry <vmtarget> ; # java/lang/invoke/LambdaForm$DMH+0x000000008d146c00
instanceKlass  @bci jdk/internal/foreign/abi/NativeEntryPoint make (Ljdk/internal/foreign/abi/ABIDescriptor;[Ljdk/internal/foreign/abi/VMStorage;[Ljdk/internal/foreign/abi/VMStorage;Ljava/lang/invoke/MethodType;ZIZZ)Ljdk/internal/foreign/abi/NativeEntryPoint; 76 <appendix> member <vmtarget> ; # jdk/internal/foreign/abi/NativeEntryPoint$$Lambda+0x000000008d12a888
instanceKlass  @cpi jdk/internal/foreign/abi/NativeEntryPoint 197 form vmentry <vmtarget> ; # java/lang/invoke/LambdaForm$DMH+0x000000008d146800
instanceKlass  @bci jdk/internal/foreign/abi/DowncallLinker toStorageArray ([Ljdk/internal/foreign/abi/Binding$Move;)[Ljdk/internal/foreign/abi/VMStorage; 14 <appendix> argL0 ; # jdk/internal/foreign/abi/DowncallLinker$$Lambda+0x000000008d12a448
instanceKlass  @bci jdk/internal/foreign/abi/DowncallLinker toStorageArray ([Ljdk/internal/foreign/abi/Binding$Move;)[Ljdk/internal/foreign/abi/VMStorage; 4 <appendix> argL0 ; # jdk/internal/foreign/abi/DowncallLinker$$Lambda+0x000000008d12a200
instanceKlass  @bci jdk/internal/foreign/abi/DowncallLinker retMoveBindings (Ljdk/internal/foreign/abi/CallingSequence;)[Ljdk/internal/foreign/abi/Binding$VMLoad; 5 <appendix> argL0 ; # jdk/internal/foreign/abi/DowncallLinker$$Lambda+0x000000008d129fd8
instanceKlass  @bci jdk/internal/foreign/abi/DowncallLinker retMoveBindingsStream (Ljdk/internal/foreign/abi/CallingSequence;)Ljava/util/stream/Stream; 33 <appendix> member <vmtarget> ; # jdk/internal/foreign/abi/DowncallLinker$$Lambda+0x000000008d129b88
instanceKlass  @bci jdk/internal/foreign/abi/DowncallLinker retMoveBindingsStream (Ljdk/internal/foreign/abi/CallingSequence;)Ljava/util/stream/Stream; 16 <appendix> member <vmtarget> ; # jdk/internal/foreign/abi/DowncallLinker$$Lambda+0x000000008d129928
instanceKlass  @bci jdk/internal/foreign/abi/DowncallLinker getBoundMethodHandle ()Ljava/lang/invoke/MethodHandle; 8 <appendix> argL0 ; # jdk/internal/foreign/abi/DowncallLinker$$Lambda+0x000000008d129700
instanceKlass  @bci jdk/internal/foreign/abi/DowncallLinker argMoveBindingsStream (Ljdk/internal/foreign/abi/CallingSequence;)Ljava/util/stream/Stream; 28 <appendix> member <vmtarget> ; # jdk/internal/foreign/abi/DowncallLinker$$Lambda+0x000000008d1292b0
instanceKlass  @bci jdk/internal/foreign/abi/DowncallLinker argMoveBindingsStream (Ljdk/internal/foreign/abi/CallingSequence;)Ljava/util/stream/Stream; 11 <appendix> member <vmtarget> ; # jdk/internal/foreign/abi/DowncallLinker$$Lambda+0x000000008d129050
instanceKlass  @bci jdk/internal/foreign/abi/CallingSequence argumentBindings ()Ljava/util/stream/Stream; 9 <appendix> argL0 ; # jdk/internal/foreign/abi/CallingSequence$$Lambda+0x000000008d128e08
# instanceKlass java/lang/invoke/LambdaForm$DMH+0x000000008d146400
instanceKlass jdk/internal/foreign/abi/DowncallLinker
instanceKlass  @bci jdk/internal/foreign/abi/CallingSequenceBuilder computeTypeHelper (Ljava/lang/Class;Ljava/lang/Class;)Ljava/lang/invoke/MethodType; 116 <appendix> argL0 ; # jdk/internal/foreign/abi/CallingSequenceBuilder$$Lambda+0x000000008d1287a0
instanceKlass  @bci jdk/internal/foreign/abi/CallingSequenceBuilder computeTypeHelper (Ljava/lang/Class;Ljava/lang/Class;)Ljava/lang/invoke/MethodType; 106 <appendix> member <vmtarget> ; # jdk/internal/foreign/abi/CallingSequenceBuilder$$Lambda+0x000000008d128150
instanceKlass  @bci jdk/internal/foreign/abi/CallingSequenceBuilder computeTypeHelper (Ljava/lang/Class;Ljava/lang/Class;)Ljava/lang/invoke/MethodType; 90 <appendix> member <vmtarget> ; # jdk/internal/foreign/abi/CallingSequenceBuilder$$Lambda+0x000000008d127ef0
instanceKlass java/util/stream/ReferencePipeline$7$1FlatMap
instanceKlass java/util/stream/AbstractSpinedBuffer
instanceKlass  @bci jdk/internal/foreign/abi/CallingSequenceBuilder computeTypeHelper (Ljava/lang/Class;Ljava/lang/Class;)Ljava/lang/invoke/MethodType; 61 <appendix> argL0 ; # jdk/internal/foreign/abi/CallingSequenceBuilder$$Lambda+0x000000008d127cc8
instanceKlass  @bci jdk/internal/foreign/abi/CallingSequenceBuilder computeTypeHelper (Ljava/lang/Class;Ljava/lang/Class;)Ljava/lang/invoke/MethodType; 51 <appendix> argL0 ; # jdk/internal/foreign/abi/CallingSequenceBuilder$$Lambda+0x000000008d127a80
instanceKlass  @bci jdk/internal/foreign/abi/CallingSequenceBuilder computeTypeHelper (Ljava/lang/Class;Ljava/lang/Class;)Ljava/lang/invoke/MethodType; 41 <appendix> member <vmtarget> ; # jdk/internal/foreign/abi/CallingSequenceBuilder$$Lambda+0x000000008d127830
instanceKlass  @bci jdk/internal/foreign/abi/CallingSequenceBuilder computeTypeHelper (Ljava/lang/Class;Ljava/lang/Class;)Ljava/lang/invoke/MethodType; 25 <appendix> member <vmtarget> ; # jdk/internal/foreign/abi/CallingSequenceBuilder$$Lambda+0x000000008d1275d0
instanceKlass  @bci jdk/internal/foreign/abi/CallingSequenceBuilder computeTypeHelper (Ljava/lang/Class;Ljava/lang/Class;)Ljava/lang/invoke/MethodType; 9 <appendix> argL0 ; # jdk/internal/foreign/abi/CallingSequenceBuilder$$Lambda+0x000000008d127388
instanceKlass  @cpi jdk/internal/foreign/abi/UpcallLinker 546 form vmentry <vmtarget> ; # java/lang/invoke/LambdaForm$DMH+0x000000008d146000
instanceKlass  @bci jdk/internal/foreign/abi/CallingSequenceBuilder needsReturnBuffer ()Z 16 <appendix> member <vmtarget> ; # jdk/internal/foreign/abi/CallingSequenceBuilder$$Lambda+0x000000008d126928
instanceKlass java/util/ArrayList$ArrayListSpliterator
instanceKlass  @bci jdk/internal/foreign/abi/CallingSequenceBuilder isUnbox (Ljdk/internal/foreign/abi/Binding;)Z 11 <appendix> member <vmtarget> ; # jdk/internal/foreign/abi/CallingSequenceBuilder$$TypeSwitch+0x000000008d125ee8
instanceKlass  @bci jdk/internal/foreign/abi/CallingSequenceBuilder isBox (Ljdk/internal/foreign/abi/Binding;)Z 11 <appendix> member <vmtarget> ; # jdk/internal/foreign/abi/CallingSequenceBuilder$$TypeSwitch+0x000000008d125cd8
instanceKlass jdk/internal/foreign/abi/Binding$Dereference
instanceKlass  @bci jdk/internal/foreign/Utils pointeeByteAlign (Ljava/lang/foreign/AddressLayout;)J 6 <appendix> argL0 ; # jdk/internal/foreign/Utils$$Lambda+0x000000008d123f78
instanceKlass  @bci jdk/internal/foreign/Utils pointeeByteSize (Ljava/lang/foreign/AddressLayout;)J 6 <appendix> argL0 ; # jdk/internal/foreign/Utils$$Lambda+0x000000008d123d30
instanceKlass  @cpi jdk/internal/foreign/Utils 441 form vmentry <vmtarget> ; # java/lang/invoke/LambdaForm$DMH+0x000000008d145c00
instanceKlass jdk/internal/foreign/abi/Binding$Move
instanceKlass jdk/internal/foreign/abi/x64/windows/CallArranger$1
instanceKlass jdk/internal/foreign/abi/Binding$Builder
instanceKlass jdk/internal/foreign/abi/Binding
instanceKlass  @bci jdk/internal/foreign/abi/x64/windows/CallArranger isInMemoryReturn (Ljava/util/Optional;)Z 16 <appendix> argL0 ; # jdk/internal/foreign/abi/x64/windows/CallArranger$$Lambda+0x000000008d122f78
instanceKlass  @bci jdk/internal/foreign/abi/x64/windows/CallArranger isInMemoryReturn (Ljava/util/Optional;)Z 8 <appendix> member <vmtarget> ; # jdk/internal/foreign/abi/x64/windows/CallArranger$$Lambda+0x000000008d122d18
instanceKlass jdk/internal/foreign/abi/x64/windows/CallArranger$BoxBindingCalculator
instanceKlass jdk/internal/foreign/abi/x64/windows/CallArranger$StorageCalculator
instanceKlass jdk/internal/foreign/abi/x64/windows/CallArranger$UnboxBindingCalculator
instanceKlass jdk/internal/foreign/abi/x64/windows/CallArranger$BindingCalculator
instanceKlass java/util/AbstractList$RandomAccessSpliterator
instanceKlass jdk/internal/foreign/abi/CallingSequenceBuilder
instanceKlass jdk/internal/foreign/abi/x64/windows/CallArranger$1CallingSequenceBuilderHelper
instanceKlass java/util/stream/Sink$ChainedInt
instanceKlass java/util/stream/Sink$OfInt
instanceKlass java/util/function/IntConsumer
instanceKlass  @bci jdk/internal/foreign/abi/x64/X86_64Architecture abiFor ([Ljdk/internal/foreign/abi/VMStorage;[Ljdk/internal/foreign/abi/VMStorage;[Ljdk/internal/foreign/abi/VMStorage;[Ljdk/internal/foreign/abi/VMStorage;I[Ljdk/internal/foreign/abi/VMStorage;[Ljdk/internal/foreign/abi/VMStorage;IILjdk/internal/foreign/abi/VMStorage;Ljdk/internal/foreign/abi/VMStorage;)Ljdk/internal/foreign/abi/ABIDescriptor; 49 <appendix> argL0 ; # jdk/internal/foreign/abi/x64/X86_64Architecture$$Lambda+0x000000008d121630
instanceKlass  @bci jdk/internal/foreign/abi/x64/X86_64Architecture abiFor ([Ljdk/internal/foreign/abi/VMStorage;[Ljdk/internal/foreign/abi/VMStorage;[Ljdk/internal/foreign/abi/VMStorage;[Ljdk/internal/foreign/abi/VMStorage;I[Ljdk/internal/foreign/abi/VMStorage;[Ljdk/internal/foreign/abi/VMStorage;IILjdk/internal/foreign/abi/VMStorage;Ljdk/internal/foreign/abi/VMStorage;)Ljdk/internal/foreign/abi/ABIDescriptor; 39 <appendix> argL0 ; # jdk/internal/foreign/abi/x64/X86_64Architecture$$Lambda+0x000000008d120ee0
instanceKlass java/util/Spliterators$EmptySpliterator
instanceKlass java/util/Spliterator$OfInt
instanceKlass java/util/Spliterator$OfPrimitive
instanceKlass java/util/stream/IntStream
instanceKlass jdk/internal/foreign/abi/x64/X86_64Architecture
instanceKlass jdk/internal/foreign/abi/Architecture
instanceKlass jdk/internal/foreign/abi/x64/X86_64Architecture$Regs
instanceKlass jdk/internal/foreign/abi/x64/windows/CallArranger
instanceKlass  @bci jdk/internal/foreign/abi/SoftReferenceCache get (Ljava/lang/Object;Ljava/util/function/Function;)Ljava/lang/Object; 6 <appendix> member <vmtarget> ; # jdk/internal/foreign/abi/SoftReferenceCache$$Lambda+0x000000008d11f7c8
instanceKlass jdk/internal/foreign/abi/SoftReferenceCache$Node
instanceKlass  @bci jdk/internal/foreign/abi/AbstractLinker downcallHandle0 (Ljava/lang/foreign/FunctionDescriptor;[Ljava/lang/foreign/Linker$Option;)Ljava/lang/invoke/MethodHandle; 46 <appendix> member <vmtarget> ; # jdk/internal/foreign/abi/AbstractLinker$$Lambda+0x000000008d11f360
instanceKlass  @bci jdk/internal/foreign/abi/LinkerOptions forDowncall (Ljava/lang/foreign/FunctionDescriptor;[Ljava/lang/foreign/Linker$Option;)Ljdk/internal/foreign/abi/LinkerOptions; 0 <appendix> argL0 ; # jdk/internal/foreign/abi/LinkerOptions$$Lambda+0x000000008d11ecd8
instanceKlass  @cpi jdk/internal/foreign/abi/LinkerOptions 181 form vmentry <vmtarget> ; # java/lang/invoke/LambdaForm$DMH+0x000000008d145800
instanceKlass jdk/internal/foreign/abi/LinkerOptions$LinkerOptionImpl
instanceKlass  @bci jdk/internal/foreign/abi/AbstractLinker stripNames (Ljava/lang/foreign/MemoryLayout;)Ljava/lang/foreign/MemoryLayout; 11 <appendix> member <vmtarget> ; # jdk/internal/foreign/abi/AbstractLinker$$TypeSwitch+0x000000008d11eac8
instanceKlass java/lang/classfile/MethodModel
instanceKlass java/lang/classfile/FieldModel
instanceKlass  @bci jdk/internal/classfile/impl/ClassFileImpl attributeMapper ()Ljava/util/function/Function; 7 <appendix> argL0 ; # jdk/internal/classfile/impl/ClassFileImpl$$Lambda+0x80000004b
instanceKlass java/lang/classfile/ClassModel
instanceKlass java/lang/classfile/AttributedElement
instanceKlass java/lang/classfile/CompoundElement
instanceKlass jdk/internal/classfile/impl/StackMapDecoder$1
instanceKlass jdk/internal/classfile/impl/StackMapDecoder
instanceKlass java/lang/classfile/attribute/StackMapTableAttribute
instanceKlass java/lang/classfile/instruction/SwitchCase
instanceKlass java/lang/classfile/attribute/StackMapFrameInfo
instanceKlass  @bci java/lang/runtime/SwitchBootstraps generateTypeSwitchSkeleton (Ljava/lang/Class;[Ljava/lang/Object;Ljava/util/List;Ljava/util/List;)Ljava/util/function/Consumer; 45 <appendix> member <vmtarget> ; # java/lang/runtime/SwitchBootstraps$$Lambda+0x800000019
instanceKlass java/lang/classfile/AccessFlags
instanceKlass  @bci java/lang/runtime/SwitchBootstraps generateTypeSwitch (Ljava/lang/invoke/MethodHandles$Lookup;Ljava/lang/Class;[Ljava/lang/Object;)Ljava/lang/invoke/MethodHandle; 70 <appendix> member <vmtarget> ; # java/lang/runtime/SwitchBootstraps$$Lambda+0x800000018
instanceKlass java/lang/classfile/ClassFile$Option
instanceKlass java/lang/invoke/DirectMethodHandle$1
instanceKlass java/lang/classfile/attribute/StackMapFrameInfo$ObjectVerificationTypeInfo
instanceKlass java/lang/classfile/attribute/StackMapFrameInfo$VerificationTypeInfo
instanceKlass java/util/function/BiPredicate
instanceKlass jdk/internal/misc/PreviewFeatures
instanceKlass java/lang/runtime/SwitchBootstraps
instanceKlass  @bci jdk/internal/foreign/abi/AbstractLinker checkLayouts (Ljava/lang/foreign/FunctionDescriptor;)V 22 <appendix> member <vmtarget> ; # jdk/internal/foreign/abi/AbstractLinker$$Lambda+0x000000008d11c688
instanceKlass  @bci jdk/internal/foreign/abi/AbstractLinker checkLayouts (Ljava/lang/foreign/FunctionDescriptor;)V 7 <appendix> member <vmtarget> ; # jdk/internal/foreign/abi/AbstractLinker$$Lambda+0x000000008d11c448
instanceKlass java/lang/foreign/Linker$Option
instanceKlass  @bci jdk/internal/foreign/SystemLookup lambda$makeWindowsLookup$3 (Ljava/lang/foreign/SymbolLookup;Ljava/util/function/Function;Ljava/lang/String;)Ljava/util/Optional; 25 <appendix> member <vmtarget> ; # jdk/internal/foreign/SystemLookup$$Lambda+0x000000008d11c018
instanceKlass  @bci java/lang/foreign/SymbolLookup lambda$or$0 (Ljava/lang/foreign/SymbolLookup;Ljava/lang/String;)Ljava/util/Optional; 9 <appendix> member <vmtarget> ; # java/lang/foreign/SymbolLookup$$Lambda+0x000000008d11bde8
instanceKlass java/util/stream/FindOps$FindOp
instanceKlass  @bci java/util/stream/FindOps$FindSink$OfRef <clinit> ()V 6 <appendix> argL0 ; # java/util/stream/FindOps$FindSink$OfRef$$Lambda+0x800000048
instanceKlass  @bci java/util/stream/FindOps$FindSink$OfRef <clinit> ()V 0 <appendix> argL0 ; # java/util/stream/FindOps$FindSink$OfRef$$Lambda+0x800000049
instanceKlass java/util/stream/FindOps$FindSink
instanceKlass java/util/stream/FindOps
instanceKlass  @bci jdk/internal/foreign/FunctionDescriptorImpl <init> (Ljava/lang/foreign/MemoryLayout;Ljava/util/List;)V 44 <appendix> argL0 ; # jdk/internal/foreign/FunctionDescriptorImpl$$Lambda+0x000000008d11bb90
instanceKlass java/util/Collections$2
instanceKlass jdk/internal/foreign/FunctionDescriptorImpl
instanceKlass  @bci java/lang/foreign/SymbolLookup or (Ljava/lang/foreign/SymbolLookup;)Ljava/lang/foreign/SymbolLookup; 7 <appendix> member <vmtarget> ; # java/lang/foreign/SymbolLookup$$Lambda+0x000000008d11b6e0
instanceKlass  @cpi java/lang/foreign/SymbolLookup 273 form vmentry <vmtarget> ; # java/lang/invoke/LambdaForm$DMH+0x000000008d145400
instanceKlass  @bci jdk/internal/foreign/SystemLookup makeWindowsLookup ()Ljava/lang/foreign/SymbolLookup; 123 <appendix> member <vmtarget> ; # jdk/internal/foreign/SystemLookup$$Lambda+0x000000008d11b490
instanceKlass  @cpi jdk/internal/foreign/SystemLookup 290 form vmentry <vmtarget> ; # java/lang/invoke/LambdaForm$DMH+0x000000008d145000
instanceKlass  @bci jdk/internal/foreign/SystemLookup makeWindowsLookup ()Ljava/lang/foreign/SymbolLookup; 108 <appendix> member <vmtarget> ; # jdk/internal/foreign/SystemLookup$$Lambda+0x000000008d11b240
instanceKlass  @bci jdk/internal/foreign/SystemLookup lookup (Ljdk/internal/loader/NativeLibrary;)Ljava/lang/foreign/SymbolLookup; 1 <appendix> member <vmtarget> ; # jdk/internal/foreign/SystemLookup$$Lambda+0x000000008d11aba0
instanceKlass sun/nio/fs/WindowsLinkSupport
instanceKlass sun/nio/fs/Util
instanceKlass  @bci jdk/internal/foreign/SystemLookup makeWindowsLookup ()Ljava/lang/foreign/SymbolLookup; 62 <appendix> member <vmtarget> ; # jdk/internal/foreign/SystemLookup$$Lambda+0x000000008d11a718
instanceKlass jdk/internal/loader/RawNativeLibraries
instanceKlass sun/nio/fs/WindowsFileAttributes
instanceKlass java/nio/file/attribute/DosFileAttributes
instanceKlass java/nio/file/attribute/BasicFileAttributes
instanceKlass java/nio/file/CopyOption
instanceKlass sun/nio/fs/WindowsPath$1
instanceKlass java/util/TreeMap$Entry
instanceKlass java/lang/ProcessEnvironment$CheckedEntry
instanceKlass java/lang/ProcessEnvironment$CheckedEntrySet$1
instanceKlass java/util/NavigableMap
instanceKlass java/util/SortedMap
instanceKlass java/lang/ProcessEnvironment$EntryComparator
instanceKlass java/lang/ProcessEnvironment$NameComparator
instanceKlass  @bci jdk/internal/foreign/SystemLookup <clinit> ()V 10 <appendix> argL0 ; # jdk/internal/foreign/SystemLookup$$Lambda+0x000000008d118a10
instanceKlass jdk/internal/foreign/SystemLookup
instanceKlass  @bci java/lang/foreign/SymbolLookup loaderLookup ()Ljava/lang/foreign/SymbolLookup; 49 <appendix> member <vmtarget> ; # java/lang/foreign/SymbolLookup$$Lambda+0x000000008d118578
instanceKlass java/lang/foreign/SymbolLookup
instanceKlass java/util/AbstractMap$ValueIterator
instanceKlass jdk/internal/foreign/abi/SoftReferenceCache
instanceKlass jdk/internal/foreign/abi/x64/windows/Windowsx64Linker$1Holder
instanceKlass jdk/internal/foreign/abi/AbstractLinker
instanceKlass jdk/internal/vm/ForeignLinkerSupport
instanceKlass jdk/internal/foreign/abi/SharedUtils$3
instanceKlass jdk/internal/foreign/BufferStack
instanceKlass  @bci jdk/internal/foreign/abi/SharedUtils <clinit> ()V 162 <appendix> argL0 ; # jdk/internal/foreign/abi/SharedUtils$$Lambda+0x000000008d116890
instanceKlass  @cpi jdk/internal/foreign/abi/SharedUtils 962 form vmentry <vmtarget> ; # java/lang/invoke/LambdaForm$DMH+0x000000008d144c00
# instanceKlass java/lang/invoke/LambdaForm$DMH+0x000000008d144800
# instanceKlass java/lang/invoke/LambdaForm$DMH+0x000000008d144400
instanceKlass  @cpi jdk/internal/foreign/SystemLookup 281 form vmentry <vmtarget> ; # java/lang/invoke/LambdaForm$DMH+0x000000008d144000
instanceKlass  @cpi java/lang/classfile/constantpool/ConstantPoolBuilder 412 form vmentry <vmtarget> ; # java/lang/invoke/LambdaForm$DMH+0x000000008d143c00
instanceKlass jdk/internal/foreign/abi/SharedUtils$1
instanceKlass java/lang/foreign/UnionLayout
instanceKlass  @bci java/lang/foreign/MemoryLayout unionLayout ([Ljava/lang/foreign/MemoryLayout;)Ljava/lang/foreign/UnionLayout; 9 <appendix> argL0 ; # java/lang/foreign/MemoryLayout$$Lambda+0x000000008d115df8
instanceKlass  @bci java/lang/foreign/MemoryLayout sequenceLayout (JLjava/lang/foreign/MemoryLayout;)Ljava/lang/foreign/SequenceLayout; 19 <adapter> ; # java/lang/invoke/LambdaForm$MH+0x000000008d143800
# instanceKlass java/lang/invoke/LambdaForm$DMH+0x000000008d143400
instanceKlass  @bci java/lang/foreign/MemoryLayout sequenceLayout (JLjava/lang/foreign/MemoryLayout;)Ljava/lang/foreign/SequenceLayout; 19 <appendix> form vmentry <vmtarget> ; # java/lang/invoke/LambdaForm$DMH+0x000000008d143000
instanceKlass  @bci java/lang/foreign/MemoryLayout sequenceLayout (JLjava/lang/foreign/MemoryLayout;)Ljava/lang/foreign/SequenceLayout; 19 <appendix> member <vmtarget> ; # java/lang/foreign/MemoryLayout$$Lambda+0x000000008d1157f0
instanceKlass java/lang/foreign/SequenceLayout
instanceKlass sun/font/HBShaper
instanceKlass sun/font/GlyphLayout$LayoutEngineKey
instanceKlass sun/font/GlyphLayout$EngineRecord
instanceKlass sun/font/ScriptRunData
instanceKlass sun/font/FontSubstitution
instanceKlass sun/font/GlyphLayout$SDCache$SDKey
instanceKlass sun/font/GlyphLayout$SDCache
instanceKlass sun/font/FontRunIterator
instanceKlass sun/font/ScriptRun
instanceKlass sun/font/TextRecord
instanceKlass sun/font/GlyphLayout$GVData
instanceKlass sun/font/SunLayoutEngine
instanceKlass sun/font/GlyphLayout$LayoutEngineFactory
instanceKlass sun/font/GlyphLayout$LayoutEngine
instanceKlass sun/font/GlyphLayout
instanceKlass sun/font/AttributeValues$1
instanceKlass sun/font/TextLabel
instanceKlass sun/font/Decoration$Label
instanceKlass sun/font/TextSource
instanceKlass sun/font/TextLineComponent
instanceKlass sun/font/TextLabelFactory
instanceKlass sun/font/Decoration
instanceKlass jdk/internal/icu/impl/Trie2$UTrie2Header
instanceKlass jdk/internal/icu/impl/Trie2$1
instanceKlass jdk/internal/icu/impl/Trie2$ValueMapper
instanceKlass jdk/internal/icu/impl/Trie2
instanceKlass jdk/internal/icu/impl/UBiDiProps$IsAcceptable
instanceKlass jdk/internal/icu/impl/ICUBinary$Authenticate
instanceKlass jdk/internal/icu/impl/ICUBinary
instanceKlass jdk/internal/icu/impl/UBiDiProps
instanceKlass jdk/internal/icu/lang/UCharacter
instanceKlass jdk/internal/icu/text/BidiBase$ImpTabPair
instanceKlass jdk/internal/icu/text/BidiBase
instanceKlass java/text/Bidi
instanceKlass java/awt/font/TextLine$Function
instanceKlass java/awt/font/TextLine
instanceKlass java/awt/font/LineMetrics
instanceKlass sun/font/CoreMetrics
instanceKlass java/awt/font/TextLayout$CaretPolicy
instanceKlass java/awt/font/TextLayout
instanceKlass java/awt/KeyboardFocusManager$LightweightFocusRequest
instanceKlass java/awt/DefaultKeyboardFocusManager$TypeAheadMarker
instanceKlass java/awt/KeyboardFocusManager$HeavyweightFocusRequest
instanceKlass sun/awt/KeyboardFocusManagerPeerImpl$KfmAccessor
instanceKlass java/awt/MenuComponent
instanceKlass  @bci wv/codeclip/CodeClipFrame$8 done ()V 141 <appendix> member <vmtarget> ; # wv/codeclip/CodeClipFrame$8$$Lambda+0x000000008d0d38e8
# instanceKlass java/lang/invoke/LambdaForm$MH+0x000000008d142c00
instanceKlass java/lang/invoke/MethodHandle$1
instanceKlass  @bci wv/codeclip/CodeClipFrame$6 done ()V 122 <adapter> ; # java/lang/invoke/LambdaForm$MH+0x000000008d142800
instanceKlass  @bci wv/codeclip/CodeClipFrame$6 done ()V 122 <appendix> form vmentry <vmtarget> ; # java/lang/invoke/LambdaForm$DMH+0x000000008d142400
instanceKlass  @bci wv/codeclip/CodeClipFrame$8 done ()V 122 <appendix> member <vmtarget> ; # wv/codeclip/CodeClipFrame$8$$Lambda+0x000000008d0d36b8
instanceKlass  @cpi wv/codeclip/CodeClipFrame$6 172 form vmentry <vmtarget> ; # java/lang/invoke/LambdaForm$DMH+0x000000008d142000
instanceKlass  @bci wv/codeclip/CodeClipFrame addClassPanel (Ljava/lang/String;Ljava/lang/String;)V 204 <appendix> member <vmtarget> ; # wv/codeclip/CodeClipFrame$$Lambda+0x000000008d0d3488
instanceKlass  @bci wv/codeclip/CodeClipFrame addClassPanel (Ljava/lang/String;Ljava/lang/String;)V 191 <appendix> member <vmtarget> ; # wv/codeclip/CodeClipFrame$$Lambda+0x000000008d0d3258
instanceKlass  @bci wv/codeclip/CodeClipFrame addClassPanel (Ljava/lang/String;Ljava/lang/String;)V 179 <appendix> member <vmtarget> ; # wv/codeclip/CodeClipFrame$$Lambda+0x000000008d0d3028
instanceKlass  @bci wv/codeclip/CodeClipFrame addClassPanel (Ljava/lang/String;Ljava/lang/String;)V 167 <appendix> member <vmtarget> ; # wv/codeclip/CodeClipFrame$$Lambda+0x000000008d0d2df8
instanceKlass  @bci wv/codeclip/CodeClipFrame addClassPanel (Ljava/lang/String;Ljava/lang/String;)V 154 <appendix> member <vmtarget> ; # wv/codeclip/CodeClipFrame$$Lambda+0x000000008d0d2bc8
instanceKlass  @cpi wv/codeclip/CodeClipFrame 3228 form vmentry <vmtarget> ; # java/lang/invoke/LambdaForm$DMH+0x000000008d141c00
instanceKlass wv/codeclip/modecontext/ModeColors$1
instanceKlass wv/codeclip/modecontext/ModeColors
instanceKlass java/awt/geom/RectIterator
instanceKlass  @bci javax/swing/border/LineBorder paintBorder (Ljava/awt/Component;Ljava/awt/Graphics;IIII)V 10 <appendix> member <vmtarget> ; # javax/swing/border/LineBorder$$Lambda+0x000000008d10da08
instanceKlass  @cpi javax/swing/border/LineBorder 153 form vmentry <vmtarget> ; # java/lang/invoke/LambdaForm$DMH+0x000000008d141800
instanceKlass com/sun/java/swing/SwingUtilities3$UnscaledBorderPainter
instanceKlass javax/swing/plaf/metal/BumpBuffer
instanceKlass java/awt/geom/Path2D$Iterator
instanceKlass sun/java2d/pipe/ShapeSpanIterator
instanceKlass sun/awt/geom/PathConsumer2D
instanceKlass sun/java2d/pipe/SpanIterator
instanceKlass sun/java2d/loops/FontInfo
instanceKlass java/awt/PrintGraphics
instanceKlass java/awt/print/PrinterGraphics
instanceKlass sun/swing/MenuItemLayoutHelper$ColumnAlignment
instanceKlass sun/swing/MenuItemLayoutHelper$LayoutResult
instanceKlass sun/swing/ImageCache$Entry
instanceKlass sun/swing/ImageCache
instanceKlass sun/swing/CachedPainter
instanceKlass javax/swing/plaf/metal/MetalUtils
instanceKlass sun/awt/SunGraphicsCallback
instanceKlass sun/java2d/pipe/hw/AccelSurface
instanceKlass java/util/LinkedList$ListItr
instanceKlass wv/codeclip/io/FileDropHandler$1
instanceKlass java/text/BreakIterator
instanceKlass javax/swing/text/GlyphView$GlyphPainter
instanceKlass java/awt/GridBagLayoutInfo
instanceKlass sun/swing/MenuItemLayoutHelper$RectSize
instanceKlass  @bci wv/codeclip/CodeClipFrame <init> ()V 850 <appendix> member <vmtarget> ; # wv/codeclip/CodeClipFrame$$Lambda+0x000000008d0d2018
instanceKlass  @bci wv/codeclip/CodeClipFrame <init> ()V 803 <appendix> member <vmtarget> ; # wv/codeclip/CodeClipFrame$$Lambda+0x000000008d0d1b20
instanceKlass javax/swing/SwingWorker$4
instanceKlass sun/nio/ch/SelChImpl
instanceKlass java/nio/channels/NetworkChannel
instanceKlass sun/nio/ch/Streams
instanceKlass java/nio/channels/Channels
instanceKlass sun/nio/ch/FileChannelImpl$Closer
instanceKlass sun/nio/fs/NativeBuffer$Deallocator
instanceKlass sun/nio/fs/NativeBuffer
instanceKlass sun/nio/fs/NativeBuffers
instanceKlass sun/nio/fs/WindowsNativeDispatcher$CompletionStatus
instanceKlass sun/nio/fs/WindowsNativeDispatcher$AclInformation
instanceKlass sun/nio/fs/WindowsNativeDispatcher$Account
instanceKlass sun/nio/fs/WindowsNativeDispatcher$DiskFreeSpace
instanceKlass sun/nio/fs/WindowsNativeDispatcher$VolumeInformation
instanceKlass sun/nio/fs/WindowsNativeDispatcher$FirstStream
instanceKlass sun/nio/fs/WindowsNativeDispatcher$FirstFile
instanceKlass sun/nio/fs/WindowsNativeDispatcher
instanceKlass java/util/Collections$EmptyIterator
instanceKlass sun/nio/fs/WindowsChannelFactory$Flags
instanceKlass sun/nio/fs/WindowsChannelFactory$1
instanceKlass sun/nio/fs/WindowsChannelFactory
instanceKlass sun/nio/fs/WindowsSecurityDescriptor
instanceKlass java/nio/file/Files
instanceKlass java/net/URI$Parser
instanceKlass java/nio/file/FileSystems$DefaultFileSystemHolder
instanceKlass java/nio/file/FileSystems
instanceKlass javax/swing/TimerQueue$DelayedTimer
instanceKlass java/util/concurrent/Delayed
instanceKlass javax/swing/SwingWorker$SwingWorkerPropertyChangeSupport$1
instanceKlass javax/swing/SwingWorker$6
instanceKlass java/util/concurrent/LinkedBlockingQueue$Node
instanceKlass java/util/concurrent/ThreadPoolExecutor$AbortPolicy
instanceKlass java/util/concurrent/RejectedExecutionHandler
instanceKlass java/util/concurrent/Executors$DefaultThreadFactory
instanceKlass java/util/concurrent/Executors
instanceKlass javax/swing/SwingWorker$5
instanceKlass java/util/concurrent/FutureTask$WaitNode
instanceKlass java/util/concurrent/FutureTask
instanceKlass javax/swing/SwingWorker$1
instanceKlass java/util/concurrent/Callable
instanceKlass sun/swing/AccumulativeRunnable
instanceKlass sun/awt/GlobalCursorManager$NativeUpdater
instanceKlass sun/awt/GlobalCursorManager
instanceKlass java/awt/SplashScreen
# instanceKlass java/lang/invoke/LambdaForm$MH+0x000000008d141400
# instanceKlass java/lang/invoke/LambdaForm$BMH+0x000000008d141000
# instanceKlass java/lang/invoke/LambdaForm$DMH+0x000000008d140c00
# instanceKlass java/lang/invoke/LambdaForm$DMH+0x000000008d140800
# instanceKlass java/lang/invoke/LambdaForm$MH+0x000000008d140400
# instanceKlass java/lang/invoke/LambdaForm$DMH+0x000000008d140000
instanceKlass java/lang/invoke/ClassSpecializer$Factory$1$5$1
instanceKlass java/lang/classfile/attribute/ExceptionsAttribute
instanceKlass java/lang/invoke/ClassSpecializer$Factory$1$5
instanceKlass java/lang/invoke/ClassSpecializer$Factory$1$4
instanceKlass java/lang/invoke/ClassSpecializer$Factory$1$3
instanceKlass java/lang/invoke/ClassSpecializer$Factory$1$2
instanceKlass java/lang/invoke/ClassSpecializer$Factory$1$1Var
instanceKlass java/lang/invoke/ClassSpecializer$Factory$1$1
instanceKlass java/lang/invoke/ClassSpecializer$Factory$1
instanceKlass java/lang/invoke/MethodHandles$1
# instanceKlass java/lang/invoke/LambdaForm$BMH+0x000000008d0d7800
# instanceKlass java/lang/invoke/LambdaForm$DMH+0x000000008d0d7400
# instanceKlass java/lang/invoke/LambdaForm$DMH+0x000000008d0d7000
instanceKlass java/lang/invoke/VarHandle$AccessDescriptor
instanceKlass sun/font/CMap
instanceKlass sun/font/FontScaler
instanceKlass sun/font/TrueTypeFont$DirectoryEntry
instanceKlass sun/nio/ch/Util$BufferCache
instanceKlass sun/nio/ch/Util
instanceKlass jdk/internal/misc/Blocker
instanceKlass sun/nio/ch/IOStatus
instanceKlass sun/nio/ch/NativeThread
instanceKlass sun/nio/ch/NativeThreadSet
instanceKlass java/nio/channels/spi/AbstractInterruptibleChannel$1
instanceKlass sun/nio/ch/Interruptible
instanceKlass sun/nio/ch/IOUtil
instanceKlass sun/nio/ch/NativeDispatcher
instanceKlass java/nio/file/attribute/FileAttribute
instanceKlass java/nio/channels/ScatteringByteChannel
instanceKlass java/nio/channels/GatheringByteChannel
instanceKlass java/nio/channels/SeekableByteChannel
instanceKlass java/nio/channels/ByteChannel
instanceKlass java/nio/channels/WritableByteChannel
instanceKlass java/nio/channels/ReadableByteChannel
instanceKlass java/nio/channels/spi/AbstractInterruptibleChannel
instanceKlass java/nio/channels/InterruptibleChannel
instanceKlass java/nio/channels/Channel
instanceKlass java/io/RandomAccessFile$2
instanceKlass jdk/internal/access/JavaIORandomAccessFileAccess
instanceKlass java/io/RandomAccessFile
instanceKlass java/io/DataOutput
instanceKlass sun/font/TrueTypeFont$TTDisposerRecord
instanceKlass sun/font/StrikeCache$DisposableStrike
instanceKlass sun/font/FontStrikeDisposer
instanceKlass sun/java2d/Disposer$PollDisposable
instanceKlass sun/font/FontStrikeDesc
instanceKlass sun/font/FontDesignMetrics$MetricsKey
instanceKlass java/awt/FontMetrics
instanceKlass sun/swing/SwingUtilities2$KeyPair
instanceKlass javax/swing/SizeRequirements
instanceKlass sun/awt/ModalExclude
instanceKlass sun/awt/NullComponentPeer
instanceKlass sun/awt/LightweightPeerHolder
instanceKlass java/awt/peer/LightweightPeer
instanceKlass sun/awt/im/InputMethodLocator
instanceKlass sun/awt/windows/WInputMethodDescriptor
instanceKlass java/awt/im/spi/InputMethodDescriptor
instanceKlass sun/awt/im/InputMethodManager
instanceKlass java/awt/image/MultiResolutionImage
instanceKlass  @bci wv/codeclip/generic/GenericPasteHandler finishOutcome (Lwv/codeclip/generic/GenericPasteHandler$PasteOutcome;Ljava/lang/String;)V 81 <appendix> form vmentry <vmtarget> ; # java/lang/invoke/LambdaForm$MH+0x000000008d0d6c00
instanceKlass sun/font/FontFamily
instanceKlass sun/font/CompositeFontDescriptor
instanceKlass sun/font/SunFontManager$FontRegistrationInfo
instanceKlass java/io/DataInput
instanceKlass sun/awt/FontDescriptor
instanceKlass sun/awt/FontConfiguration
instanceKlass  @bci sun/awt/Win32FontManager <clinit> ()V 0 <appendix> argL0 ; # sun/awt/Win32FontManager$$Lambda+0x000000008d0f9cd0
instanceKlass sun/font/PlatformFontInfo
instanceKlass sun/font/FontManagerFactory
instanceKlass sun/font/GlyphList
instanceKlass  @bci java/lang/invoke/VarHandles filterValue (Ljava/lang/invoke/VarHandle;Ljava/lang/invoke/MethodHandle;Ljava/lang/invoke/MethodHandle;)Ljava/lang/invoke/VarHandle; 391 <appendix> member <vmtarget> ; # java/lang/invoke/VarHandles$$Lambda+0x000000008d0f8d68
instanceKlass  @bci java/util/stream/MatchOps makeRef (Ljava/util/function/Predicate;Ljava/util/stream/MatchOps$MatchKind;)Ljava/util/stream/TerminalOp; 20 <appendix> member <vmtarget> ; # java/util/stream/MatchOps$$Lambda+0x800000004
instanceKlass java/util/stream/MatchOps$BooleanTerminalSink
instanceKlass java/util/stream/MatchOps$MatchOp
instanceKlass java/util/stream/MatchOps
instanceKlass  @bci java/lang/invoke/VarHandles adaptForCheckedExceptions (Ljava/lang/invoke/MethodHandle;)Ljava/lang/invoke/MethodHandle; 13 <appendix> argL0 ; # java/lang/invoke/VarHandles$$Lambda+0x000000008d0f8b10
instanceKlass jdk/internal/foreign/abi/AbstractLinker$UpcallStubFactory
instanceKlass jdk/internal/foreign/abi/CallingSequence
instanceKlass jdk/internal/foreign/abi/LinkerOptions
instanceKlass java/lang/foreign/FunctionDescriptor
instanceKlass java/lang/foreign/Linker
instanceKlass java/lang/invoke/VarHandleSegmentAsLongs
instanceKlass java/lang/invoke/VarHandleSegmentAsBytes
instanceKlass java/lang/invoke/VarHandleSegmentAsChars
instanceKlass  @bci java/lang/invoke/VarHandles insertCoordinates (Ljava/lang/invoke/VarHandle;I[Ljava/lang/Object;)Ljava/lang/invoke/VarHandle; 204 <appendix> form vmentry <vmtarget> ; # java/lang/invoke/LambdaForm$DMH+0x000000008d0d6400
instanceKlass  @bci java/lang/invoke/VarHandles insertCoordinates (Ljava/lang/invoke/VarHandle;I[Ljava/lang/Object;)Ljava/lang/invoke/VarHandle; 204 <appendix> member <vmtarget> ; # java/lang/invoke/VarHandles$$Lambda+0x000000008d0f7988
instanceKlass  @cpi java/lang/invoke/VarHandles 962 form vmentry <vmtarget> ; # java/lang/invoke/LambdaForm$DMH+0x000000008d0d6000
instanceKlass java/lang/invoke/VarHandleSegmentAsFloats
instanceKlass  @bci jdk/internal/foreign/layout/AbstractLayout varHandleInternal ([Ljava/lang/foreign/MemoryLayout$PathElement;)Ljava/lang/invoke/VarHandle; 7 <appendix> argL0 ; # jdk/internal/foreign/layout/AbstractLayout$$Lambda+0x000000008d0f6df0
# instanceKlass java/lang/invoke/LambdaForm$DMH+0x000000008d0d5c00
# instanceKlass java/lang/invoke/LambdaForm$DMH+0x000000008d0d5800
# instanceKlass java/lang/invoke/LambdaForm$DMH+0x000000008d0d5400
# instanceKlass java/lang/invoke/LambdaForm$DMH+0x000000008d0d5000
# instanceKlass java/lang/invoke/LambdaForm$DMH+0x000000008d0d4c00
# instanceKlass java/lang/invoke/LambdaForm$DMH+0x000000008d0d4800
# instanceKlass java/lang/invoke/LambdaForm$DMH+0x000000008d0d4400
instanceKlass jdk/internal/foreign/LayoutPath
instanceKlass java/util/function/UnaryOperator
instanceKlass java/lang/foreign/MemoryLayout$PathElement
instanceKlass java/util/stream/Nodes$ArrayNode
instanceKlass java/util/stream/Node$Builder
instanceKlass java/util/stream/Node$OfDouble
instanceKlass java/util/stream/Node$OfLong
instanceKlass java/util/stream/Node$OfInt
instanceKlass java/util/stream/Node$OfPrimitive
instanceKlass java/util/stream/Nodes$EmptyNode
instanceKlass java/util/stream/Node
instanceKlass java/util/stream/Nodes
instanceKlass  @bci java/util/stream/ReferencePipeline toArray ()[Ljava/lang/Object; 1 <appendix> argL0 ; # java/util/stream/ReferencePipeline$$Lambda+0x000000008d0f55f0
instanceKlass java/util/function/IntFunction
instanceKlass  @bci java/lang/foreign/MemoryLayout lambda$structLayout$0 ([Ljava/lang/foreign/MemoryLayout;)Ljava/lang/foreign/StructLayout; 4 <appendix> argL0 ; # java/lang/foreign/MemoryLayout$$Lambda+0x000000008d0f53a8
instanceKlass  @bci java/lang/foreign/MemoryLayout structLayout ([Ljava/lang/foreign/MemoryLayout;)Ljava/lang/foreign/StructLayout; 6 <appendix> member <vmtarget> ; # java/lang/foreign/MemoryLayout$$Lambda+0x000000008d0f5178
instanceKlass java/lang/classfile/constantpool/InterfaceMethodRefEntry
instanceKlass java/lang/foreign/StructLayout
instanceKlass java/lang/foreign/GroupLayout
instanceKlass java/lang/foreign/PaddingLayout
instanceKlass java/lang/foreign/ValueLayout$OfDouble
instanceKlass java/lang/foreign/ValueLayout$OfFloat
instanceKlass java/lang/foreign/ValueLayout$OfLong
instanceKlass java/lang/foreign/ValueLayout$OfInt
instanceKlass java/lang/foreign/ValueLayout$OfShort
instanceKlass java/lang/foreign/ValueLayout$OfChar
instanceKlass java/lang/foreign/ValueLayout$OfBoolean
instanceKlass java/lang/foreign/ValueLayout$OfByte
instanceKlass jdk/internal/foreign/layout/MemoryLayoutUtil
instanceKlass jdk/internal/foreign/layout/ValueLayouts
instanceKlass jdk/internal/foreign/layout/AbstractLayout
instanceKlass sun/font/StrikeCache
instanceKlass sun/font/FontStrike
instanceKlass sun/font/CharToGlyphMapper
instanceKlass sun/font/StrikeMetrics
instanceKlass sun/font/Font2D
instanceKlass sun/font/FontManagerNativeLibrary
instanceKlass sun/font/SunFontManager$T1Filter
instanceKlass sun/font/SunFontManager$TTFilter
instanceKlass java/io/FilenameFilter
instanceKlass sun/font/Font2DHandle
instanceKlass sun/font/SunFontManager
instanceKlass sun/font/FontManagerForSGE
instanceKlass sun/font/FontManager
instanceKlass sun/java2d/FontSupport
instanceKlass sun/awt/NativeLibLoader
instanceKlass sun/awt/PlatformFont
instanceKlass java/awt/peer/FontPeer
instanceKlass  @bci java/awt/SystemColor <clinit> ()V 643 <appendix> argL0 ; # java/awt/SystemColor$$Lambda+0x000000008d0efda0
instanceKlass  @cpi java/awt/SystemColor 241 form vmentry <vmtarget> ; # java/lang/invoke/LambdaForm$DMH+0x000000008d0d4000
instanceKlass sun/awt/AWTAccessor$SystemColorAccessor
instanceKlass sun/java2d/StateTracker$2
instanceKlass sun/java2d/StateTracker$1
instanceKlass sun/java2d/StateTracker
instanceKlass sun/java2d/SurfaceDataProxy
instanceKlass sun/awt/image/SurfaceManager$FlushableCacheData
instanceKlass sun/java2d/windows/GDIRenderer
instanceKlass sun/awt/image/SurfaceManager$Factory
instanceKlass sun/java2d/pipe/hw/AccelGraphicsConfig
instanceKlass sun/java2d/pipe/hw/BufferedContextProvider
instanceKlass  @bci sun/java2d/d3d/D3DScreenUpdateManager <init> ()V 21 <appendix> member <vmtarget> ; # sun/java2d/d3d/D3DScreenUpdateManager$$Lambda+0x000000008d0edce0
instanceKlass sun/java2d/ScreenUpdateManager
instanceKlass java/awt/SequencedEvent$1
instanceKlass sun/awt/AWTAccessor$SequencedEventAccessor
instanceKlass  @bci sun/awt/windows/WWindowPeer displayChanged ()V 5 <appendix> member <vmtarget> ; # sun/awt/windows/WWindowPeer$$Lambda+0x000000008d0ecc68
instanceKlass java/lang/WeakPairMap$Pair$Lookup
instanceKlass java/lang/WeakPairMap$Pair
instanceKlass java/lang/WeakPairMap
instanceKlass java/lang/Module$ReflectionData
instanceKlass  @cpi java/nio/file/Files 1118 form vmentry <vmtarget> ; # java/lang/invoke/LambdaForm$DMH+0x000000008d0ccc00
instanceKlass sun/awt/windows/WComponentPeer$2
instanceKlass sun/awt/im/InputMethodWindow
instanceKlass sun/awt/ExtendedKeyCodes
instanceKlass sun/awt/RepaintArea
instanceKlass sun/awt/windows/WWindowPeer$GuiDisposedListener
instanceKlass sun/awt/windows/WWindowPeer$ActiveWindowListener
instanceKlass java/awt/peer/CanvasPeer
instanceKlass java/awt/peer/PanelPeer
instanceKlass java/awt/peer/FramePeer
instanceKlass java/awt/peer/WindowPeer
instanceKlass java/awt/peer/ContainerPeer
instanceKlass javax/swing/BorderFactory
instanceKlass javax/swing/plaf/basic/BasicProgressBarUI$Handler
instanceKlass javax/swing/JProgressBar$ModelListener
instanceKlass jdk/internal/vm/ThreadContainers
instanceKlass java/util/concurrent/ForkJoinPool$DefaultForkJoinWorkerThreadFactory
instanceKlass java/util/concurrent/ForkJoinPool$1
instanceKlass jdk/internal/access/JavaUtilConcurrentFJPAccess
instanceKlass java/util/concurrent/ForkJoinTask
instanceKlass java/util/concurrent/ForkJoinPool$WorkQueue
instanceKlass jdk/internal/vm/StackableScope
instanceKlass java/util/function/Predicate
instanceKlass java/util/concurrent/CountDownLatch
instanceKlass java/util/concurrent/ForkJoinPool$ForkJoinWorkerThreadFactory
instanceKlass java/util/concurrent/ScheduledExecutorService
instanceKlass java/util/concurrent/AbstractExecutorService
instanceKlass java/util/concurrent/ExecutorService
instanceKlass java/util/concurrent/Executor
instanceKlass java/util/concurrent/ForkJoinPool$ManagedBlocker
instanceKlass javax/swing/event/UndoableEditListener
instanceKlass java/util/concurrent/locks/AbstractQueuedSynchronizer$Node
instanceKlass javax/swing/text/DefaultCaret$1
instanceKlass java/util/concurrent/BlockingQueue
instanceKlass javax/swing/TimerQueue
instanceKlass javax/swing/text/AbstractDocument$UndoRedoDocumentEvent
instanceKlass javax/swing/text/SegmentCache
instanceKlass javax/swing/event/DocumentEvent$ElementChange
instanceKlass javax/swing/text/DefaultStyledDocument$ElementBuffer$ElemChanges
instanceKlass javax/swing/text/Utilities
instanceKlass javax/swing/text/DefaultStyledDocument$ElementSpec
instanceKlass javax/swing/text/Segment
instanceKlass java/text/CharacterIterator
instanceKlass wv/codeclip/ui/SmartPasteSettings
instanceKlass  @bci wv/codeclip/CodeClipFrame wireConflictResolver ()V 1 <appendix> member <vmtarget> ; # wv/codeclip/CodeClipFrame$$Lambda+0x000000008d0d16e0
instanceKlass  @cpi wv/codeclip/CodeClipFrame 3314 form vmentry <vmtarget> ; # java/lang/invoke/LambdaForm$DMH+0x000000008d0cc800
instanceKlass wv/codeclip/patch/PatchApplier$InsertConflictResolver
instanceKlass wv/codeclip/modecontext/ModeContext
instanceKlass  @bci wv/codeclip/io/FileDropHandler install (Ljava/awt/Component;)V 55 <appendix> member <vmtarget> ; # wv/codeclip/io/FileDropHandler$$Lambda+0x000000008d0d12a0
instanceKlass java/awt/GridBagConstraints
instanceKlass java/awt/GridBagLayout
instanceKlass  @bci wv/codeclip/CodeClipFrame installDnD ()V 6 <appendix> member <vmtarget> ; # wv/codeclip/CodeClipFrame$$Lambda+0x000000008d0d1060
instanceKlass java/awt/dnd/DropTargetAdapter
instanceKlass  @bci wv/codeclip/CodeClipFrame buildUI ()V 2108 <appendix> member <vmtarget> ; # wv/codeclip/CodeClipFrame$$Lambda+0x000000008d0cf8a8
instanceKlass  @bci wv/codeclip/CodeClipFrame buildUI ()V 2097 <appendix> member <vmtarget> ; # wv/codeclip/CodeClipFrame$$Lambda+0x000000008d0cf678
instanceKlass  @bci wv/codeclip/CodeClipFrame buildUI ()V 2086 <appendix> member <vmtarget> ; # wv/codeclip/CodeClipFrame$$Lambda+0x000000008d0cf448
instanceKlass  @bci wv/codeclip/CodeClipFrame buildUI ()V 2075 <appendix> member <vmtarget> ; # wv/codeclip/CodeClipFrame$$Lambda+0x000000008d0cf218
instanceKlass  @bci wv/codeclip/CodeClipFrame buildUI ()V 2064 <appendix> member <vmtarget> ; # wv/codeclip/CodeClipFrame$$Lambda+0x000000008d0cefe8
instanceKlass  @bci wv/codeclip/CodeClipFrame buildUI ()V 2053 <appendix> member <vmtarget> ; # wv/codeclip/CodeClipFrame$$Lambda+0x000000008d0cedb8
instanceKlass  @bci wv/codeclip/CodeClipFrame buildUI ()V 1947 <appendix> member <vmtarget> ; # wv/codeclip/CodeClipFrame$$Lambda+0x000000008d0ceb88
instanceKlass javax/swing/plaf/basic/BasicSplitPaneUI$Handler
instanceKlass javax/swing/plaf/basic/BasicSplitPaneUI$BasicHorizontalLayoutManager
instanceKlass javax/swing/plaf/basic/BasicBorders$SplitPaneDividerBorder
instanceKlass javax/swing/plaf/basic/BasicSplitPaneDivider$DividerLayout
instanceKlass javax/swing/plaf/basic/BasicBorders$SplitPaneBorder
instanceKlass javax/accessibility/AccessibleRelationSet
instanceKlass javax/accessibility/AccessibleContext$1
instanceKlass sun/awt/AWTAccessor$AccessibleContextAccessor
instanceKlass javax/accessibility/AccessibleContext
instanceKlass javax/accessibility/AccessibleValue
instanceKlass javax/accessibility/AccessibleComponent
instanceKlass javax/swing/plaf/basic/BasicTabbedPaneUI$Handler
instanceKlass javax/swing/plaf/basic/BasicTabbedPaneUI$TabbedPaneLayout
instanceKlass javax/swing/JTabbedPane$ModelListener
instanceKlass  @bci wv/codeclip/CodeClipFrame buildUI ()V 1782 <appendix> member <vmtarget> ; # wv/codeclip/CodeClipFrame$$Lambda+0x000000008d0ce958
instanceKlass  @bci wv/codeclip/CodeClipFrame buildUI ()V 1539 <appendix> member <vmtarget> ; # wv/codeclip/CodeClipFrame$$Lambda+0x000000008d0ce728
instanceKlass java/awt/GridLayout
instanceKlass  @bci wv/codeclip/CodeClipFrame buildUI ()V 1354 <appendix> member <vmtarget> ; # wv/codeclip/CodeClipFrame$$Lambda+0x000000008d0ce230
instanceKlass  @bci wv/codeclip/CodeClipFrame buildUI ()V 1324 <appendix> member <vmtarget> ; # wv/codeclip/CodeClipFrame$$Lambda+0x000000008d0ce000
instanceKlass  @bci wv/codeclip/CodeClipFrame buildUI ()V 1313 <appendix> member <vmtarget> ; # wv/codeclip/CodeClipFrame$$Lambda+0x000000008d0cbbf0
instanceKlass  @bci wv/codeclip/CodeClipFrame buildUI ()V 1278 <appendix> member <vmtarget> ; # wv/codeclip/CodeClipFrame$$Lambda+0x000000008d0cb9c0
instanceKlass  @cpi sun/awt/datatransfer/ClipboardTransferable 193 form vmentry <vmtarget> ; # java/lang/invoke/LambdaForm$DMH+0x000000008d0cc400
instanceKlass java/awt/CardLayout$Card
instanceKlass java/awt/CardLayout
instanceKlass wv/codeclip/ui/ClassTreePanel$FolderNode
instanceKlass  @bci wv/codeclip/CodeClipFrame buildUI ()V 1158 <appendix> member <vmtarget> ; # wv/codeclip/CodeClipFrame$$Lambda+0x000000008d0cb578
instanceKlass  @bci wv/codeclip/CodeClipFrame buildUI ()V 1151 <appendix> member <vmtarget> ; # wv/codeclip/CodeClipFrame$$Lambda+0x000000008d0cb348
instanceKlass  @bci wv/codeclip/CodeClipFrame buildUI ()V 1031 <appendix> member <vmtarget> ; # wv/codeclip/CodeClipFrame$$Lambda+0x000000008d0cae40
instanceKlass  @bci wv/codeclip/CodeClipFrame buildUI ()V 1016 <appendix> member <vmtarget> ; # wv/codeclip/CodeClipFrame$$Lambda+0x000000008d0cac10
instanceKlass wv/codeclip/ui/SimpleDocumentListener
instanceKlass javax/swing/JTextField$ScrollRepainter
instanceKlass javax/swing/plaf/metal/MetalScrollPaneUI$1
instanceKlass javax/swing/plaf/basic/BasicScrollPaneUI$Handler
instanceKlass java/awt/event/ComponentAdapter
instanceKlass javax/swing/plaf/basic/BasicScrollBarUI$ScrollListener
instanceKlass javax/swing/plaf/basic/BasicScrollBarUI$Handler
instanceKlass javax/swing/plaf/basic/BasicScrollBarUI$PropertyChangeHandler
instanceKlass javax/swing/plaf/basic/BasicScrollBarUI$ModelListener
instanceKlass javax/swing/plaf/metal/MetalBumps
instanceKlass javax/swing/DefaultBoundedRangeModel
instanceKlass javax/swing/BoundedRangeModel
instanceKlass javax/swing/JScrollBar$ModelListener
instanceKlass java/awt/Adjustable
instanceKlass javax/swing/ViewportLayout
instanceKlass javax/swing/ScrollPaneLayout
instanceKlass  @bci wv/codeclip/CodeClipFrame buildUI ()V 884 <appendix> member <vmtarget> ; # wv/codeclip/CodeClipFrame$$Lambda+0x000000008d0ca778
instanceKlass  @bci wv/codeclip/CodeClipFrame buildUI ()V 871 <appendix> member <vmtarget> ; # wv/codeclip/CodeClipFrame$$Lambda+0x000000008d0ca538
instanceKlass  @bci wv/codeclip/CodeClipFrame buildUI ()V 858 <appendix> member <vmtarget> ; # wv/codeclip/CodeClipFrame$$Lambda+0x000000008d0ca2f8
instanceKlass  @bci wv/codeclip/CodeClipFrame buildUI ()V 845 <appendix> member <vmtarget> ; # wv/codeclip/CodeClipFrame$$Lambda+0x000000008d0ca0b8
instanceKlass  @bci wv/codeclip/CodeClipFrame buildUI ()V 832 <appendix> member <vmtarget> ; # wv/codeclip/CodeClipFrame$$Lambda+0x000000008d0c9e88
instanceKlass  @bci wv/codeclip/CodeClipFrame buildUI ()V 821 <appendix> member <vmtarget> ; # wv/codeclip/CodeClipFrame$$Lambda+0x000000008d0c9c58
instanceKlass  @bci wv/codeclip/CodeClipFrame buildUI ()V 810 <appendix> member <vmtarget> ; # wv/codeclip/CodeClipFrame$$Lambda+0x000000008d0c9a28
instanceKlass javax/swing/plaf/metal/MetalBorders
instanceKlass javax/swing/KeyboardManager$ComponentKeyStrokePair
instanceKlass  @bci wv/codeclip/CodeClipFrame buildUI ()V 738 <appendix> member <vmtarget> ; # wv/codeclip/CodeClipFrame$$Lambda+0x000000008d0c97f8
instanceKlass  @bci wv/codeclip/CodeClipFrame buildUI ()V 695 <appendix> member <vmtarget> ; # wv/codeclip/CodeClipFrame$$Lambda+0x000000008d0c95c8
instanceKlass  @bci wv/codeclip/CodeClipFrame buildUI ()V 664 <appendix> member <vmtarget> ; # wv/codeclip/CodeClipFrame$$Lambda+0x000000008d0c9398
instanceKlass  @bci wv/codeclip/CodeClipFrame buildUI ()V 612 <appendix> argL0 ; # wv/codeclip/CodeClipFrame$$Lambda+0x000000008d0c9170
instanceKlass  @bci wv/codeclip/CodeClipFrame buildUI ()V 578 <appendix> argL0 ; # wv/codeclip/CodeClipFrame$$Lambda+0x000000008d0c8f48
instanceKlass  @bci wv/codeclip/CodeClipFrame buildUI ()V 548 <appendix> argL0 ; # wv/codeclip/CodeClipFrame$$Lambda+0x000000008d0c8d20
instanceKlass  @cpi javax/swing/filechooser/FileSystemView 397 form vmentry <vmtarget> ; # java/lang/invoke/LambdaForm$DMH+0x000000008d0cc000
instanceKlass  @bci wv/codeclip/CodeClipFrame buildUI ()V 518 <appendix> member <vmtarget> ; # wv/codeclip/CodeClipFrame$$Lambda+0x000000008d0c8af0
instanceKlass  @bci wv/codeclip/CodeClipFrame buildUI ()V 487 <appendix> member <vmtarget> ; # wv/codeclip/CodeClipFrame$$Lambda+0x000000008d0c88c0
instanceKlass  @bci wv/codeclip/CodeClipFrame buildUI ()V 439 <appendix> member <vmtarget> ; # wv/codeclip/CodeClipFrame$$Lambda+0x000000008d0c8690
instanceKlass  @bci wv/codeclip/CodeClipFrame buildUI ()V 391 <appendix> member <vmtarget> ; # wv/codeclip/CodeClipFrame$$Lambda+0x000000008d0c8460
instanceKlass  @bci wv/codeclip/CodeClipFrame buildUI ()V 347 <appendix> member <vmtarget> ; # wv/codeclip/CodeClipFrame$$Lambda+0x000000008d0c8230
instanceKlass  @bci wv/codeclip/CodeClipFrame buildUI ()V 303 <appendix> member <vmtarget> ; # wv/codeclip/CodeClipFrame$$Lambda+0x000000008d0c8000
instanceKlass  @bci wv/codeclip/CodeClipFrame buildUI ()V 259 <appendix> member <vmtarget> ; # wv/codeclip/CodeClipFrame$$Lambda+0x000000008d0c4c00
instanceKlass  @bci wv/codeclip/CodeClipFrame buildUI ()V 215 <appendix> member <vmtarget> ; # wv/codeclip/CodeClipFrame$$Lambda+0x000000008d0c5dc8
instanceKlass  @bci wv/codeclip/CodeClipFrame buildUI ()V 126 <appendix> member <vmtarget> ; # wv/codeclip/CodeClipFrame$$Lambda+0x000000008d0c5b98
instanceKlass  @bci wv/codeclip/CodeClipFrame buildUI ()V 96 <appendix> member <vmtarget> ; # wv/codeclip/CodeClipFrame$$Lambda+0x000000008d0c5968
instanceKlass  @cpi javax/swing/filechooser/FileSystemView 393 form vmentry <vmtarget> ; # java/lang/invoke/LambdaForm$DMH+0x000000008d0c4800
instanceKlass java/awt/event/KeyAdapter
instanceKlass java/awt/event/MouseMotionAdapter
instanceKlass javax/swing/ToolTipManager$stillInsideTimerAction
instanceKlass javax/swing/ToolTipManager$outsideTimerAction
instanceKlass javax/swing/ToolTipManager$insideTimerAction
instanceKlass java/util/prefs/NodeChangeListener
instanceKlass java/util/prefs/PreferenceChangeListener
instanceKlass java/util/prefs/WindowsPreferencesFactory
instanceKlass java/util/prefs/Preferences$1
instanceKlass java/util/prefs/PreferencesFactory
instanceKlass java/util/prefs/Preferences
instanceKlass wv/codeclip/patch/PostPatchVerifierSettings
instanceKlass java/awt/event/WindowAdapter
instanceKlass java/awt/event/FocusAdapter
instanceKlass javax/swing/plaf/basic/BasicPopupMenuUI$MenuKeyboardHelper
instanceKlass javax/swing/plaf/basic/BasicPopupMenuUI$MouseGrabber
instanceKlass javax/swing/plaf/basic/BasicPopupMenuUI$BasicMenuKeyListener
instanceKlass javax/swing/plaf/basic/BasicPopupMenuUI$BasicPopupMenuListener
instanceKlass javax/swing/event/PopupMenuListener
instanceKlass javax/swing/plaf/basic/BasicLookAndFeel$1
instanceKlass java/awt/Toolkit$SelectiveAWTEventListener
instanceKlass javax/swing/plaf/basic/BasicLookAndFeel$AWTEventHelper
instanceKlass  @bci wv/codeclip/CodeClipFrame buildUI ()V 55 <appendix> member <vmtarget> ; # wv/codeclip/CodeClipFrame$$Lambda+0x000000008d0c5528
instanceKlass javax/swing/plaf/metal/MetalIconFactory$CheckBoxMenuItemIcon
instanceKlass javax/swing/plaf/metal/MetalIconFactory$MenuItemArrowIcon
instanceKlass javax/swing/MenuSelectionManager
instanceKlass javax/swing/plaf/basic/BasicMenuItemUI$Handler
instanceKlass javax/swing/event/MenuDragMouseListener
instanceKlass javax/swing/event/MenuKeyListener
instanceKlass sun/swing/MenuItemLayoutHelper
instanceKlass javax/swing/plaf/basic/BasicGraphicsUtils
instanceKlass javax/swing/plaf/metal/MetalIconFactory$MenuArrowIcon
instanceKlass javax/swing/JMenuItem$MenuItemFocusListener
instanceKlass javax/swing/JMenu$MenuChangeListener
instanceKlass javax/swing/KeyboardManager
instanceKlass javax/swing/plaf/basic/BasicMenuBarUI$Handler
instanceKlass javax/swing/BoxLayout
instanceKlass javax/swing/DefaultSingleSelectionModel
instanceKlass javax/swing/SingleSelectionModel
instanceKlass java/awt/geom/EllipseIterator
instanceKlass java/awt/geom/LineIterator
instanceKlass java/awt/geom/Line2D
instanceKlass sun/java2d/marlin/ArrayCacheConst
instanceKlass sun/java2d/pipe/AlphaPaintPipe$TileContext
instanceKlass java/awt/GradientPaintContext
instanceKlass java/awt/PaintContext
instanceKlass sun/java2d/marlin/Helpers
instanceKlass java/awt/geom/RoundRectIterator
instanceKlass sun/java2d/marlin/DPQSSorterContext
instanceKlass sun/java2d/marlin/MarlinUtils
instanceKlass sun/java2d/marlin/MergeSort
instanceKlass sun/java2d/marlin/Dasher$LengthIterator
instanceKlass sun/java2d/marlin/Dasher
instanceKlass sun/java2d/marlin/Stroker
instanceKlass sun/java2d/marlin/MarlinTileGenerator
instanceKlass sun/java2d/pipe/AATileGenerator
instanceKlass sun/java2d/marlin/Renderer
instanceKlass sun/java2d/marlin/ArrayCacheIntClean$Reference
instanceKlass  @bci sun/java2d/marlin/OffHeapArray <init> (Ljava/lang/Object;J)V 52 <appendix> member <vmtarget> ; # sun/java2d/marlin/OffHeapArray$$Lambda+0x000000008d09cf10
instanceKlass sun/java2d/marlin/OffHeapArray
instanceKlass sun/java2d/marlin/MarlinCache
instanceKlass sun/java2d/marlin/ArrayCacheInt$Reference
instanceKlass sun/java2d/marlin/Helpers$IndexStack
instanceKlass sun/java2d/marlin/TransformingPathConsumer2D$PathClipFilter
instanceKlass sun/java2d/marlin/TransformingPathConsumer2D$StartFlagPathConsumer2D
instanceKlass sun/java2d/marlin/ArrayCacheByte$Reference
instanceKlass sun/java2d/marlin/ArrayCacheDouble$Reference
instanceKlass sun/java2d/marlin/Helpers$PolyStack
instanceKlass sun/java2d/marlin/TransformingPathConsumer2D$ClosedPathDetector
instanceKlass sun/java2d/marlin/TransformingPathConsumer2D$PathTracer
instanceKlass sun/java2d/marlin/TransformingPathConsumer2D$DeltaTransformFilter
instanceKlass sun/java2d/marlin/TransformingPathConsumer2D$DeltaScaleFilter
instanceKlass sun/java2d/marlin/TransformingPathConsumer2D$Path2DWrapper
instanceKlass sun/java2d/marlin/TransformingPathConsumer2D
instanceKlass sun/java2d/marlin/TransformingPathConsumer2D$CurveClipSplitter
instanceKlass sun/java2d/marlin/TransformingPathConsumer2D$CurveBasicMonotonizer
instanceKlass sun/java2d/marlin/DMarlinRenderingEngine$NormalizingPathIterator
instanceKlass java/awt/geom/PathIterator
instanceKlass sun/java2d/marlin/RendererContext$PathConsumer2DAdapter
instanceKlass sun/java2d/marlin/ArrayCacheByte
instanceKlass sun/java2d/marlin/ArrayCacheDouble
instanceKlass sun/java2d/marlin/ArrayCacheInt
instanceKlass sun/java2d/marlin/ArrayCacheIntClean
instanceKlass sun/java2d/marlin/PathSimplifier
instanceKlass sun/java2d/marlin/CollinearSimplifier
instanceKlass sun/java2d/marlin/DPathConsumer2D
instanceKlass sun/java2d/marlin/Curve
instanceKlass sun/java2d/ReentrantContext
instanceKlass java/awt/GradientPaint
instanceKlass java/util/TimSort
instanceKlass sun/java2d/loops/GraphicsPrimitiveMgr$PrimitiveSpec
instanceKlass sun/java2d/loops/GraphicsPrimitiveMgr$2
instanceKlass sun/java2d/loops/GraphicsPrimitiveMgr$1
instanceKlass sun/java2d/loops/GeneralRenderer
instanceKlass sun/java2d/loops/CustomComponent
instanceKlass sun/java2d/pipe/ValidatePipe
instanceKlass java/awt/BasicStroke
instanceKlass sun/java2d/loops/GraphicsPrimitiveMgr$GeneralPrimitives
instanceKlass java/awt/geom/Path2D
instanceKlass java/awt/AlphaComposite
instanceKlass sun/java2d/loops/XORComposite
instanceKlass java/awt/Composite
instanceKlass sun/awt/ConstrainableGraphics
instanceKlass sun/java2d/loops/GraphicsPrimitiveMgr
instanceKlass sun/java2d/loops/GraphicsPrimitive
instanceKlass sun/java2d/loops/CompositeType
instanceKlass sun/java2d/DefaultDisposerRecord
instanceKlass sun/java2d/loops/RenderLoops
instanceKlass sun/awt/image/BufImgSurfaceData$ICMColorData
instanceKlass sun/awt/image/NativeLibLoader
instanceKlass java/awt/image/SampleModel
instanceKlass java/awt/image/DataBuffer$1
instanceKlass sun/awt/image/SunWritableRaster$DataStealer
instanceKlass java/awt/image/DataBuffer
instanceKlass java/awt/image/Raster
instanceKlass  @bci wv/codeclip/CodeClipFrame <init> ()V 575 <appendix> member <vmtarget> ; # wv/codeclip/CodeClipFrame$$Lambda+0x000000008d0c52f8
instanceKlass wv/codeclip/ui/ClassActions
instanceKlass  @bci wv/codeclip/CodeClipFrame <init> ()V 536 <appendix> member <vmtarget> ; # wv/codeclip/CodeClipFrame$$Lambda+0x000000008d0c78c8
instanceKlass  @bci wv/codeclip/CodeClipFrame <init> ()V 523 <appendix> member <vmtarget> ; # wv/codeclip/CodeClipFrame$$Lambda+0x000000008d0c7688
instanceKlass  @bci wv/codeclip/CodeClipFrame <init> ()V 503 <appendix> member <vmtarget> ; # wv/codeclip/CodeClipFrame$$Lambda+0x000000008d0c7448
instanceKlass  @bci wv/codeclip/CodeClipFrame <init> ()V 497 <appendix> member <vmtarget> ; # wv/codeclip/CodeClipFrame$$Lambda+0x000000008d0c7208
instanceKlass  @bci wv/codeclip/CodeClipFrame <init> ()V 491 <appendix> member <vmtarget> ; # wv/codeclip/CodeClipFrame$$Lambda+0x000000008d0c6fc8
instanceKlass  @bci wv/codeclip/CodeClipFrame <init> ()V 485 <appendix> member <vmtarget> ; # wv/codeclip/CodeClipFrame$$Lambda+0x000000008d0c6d98
instanceKlass wv/codeclip/generic/GenericPasteHandler
instanceKlass  @bci wv/codeclip/CodeClipFrame <init> ()V 459 <appendix> member <vmtarget> ; # wv/codeclip/CodeClipFrame$$Lambda+0x000000008d0c6920
instanceKlass  @bci wv/codeclip/CodeClipFrame <init> ()V 453 <appendix> member <vmtarget> ; # wv/codeclip/CodeClipFrame$$Lambda+0x000000008d0c66e0
instanceKlass  @bci wv/codeclip/CodeClipFrame <init> ()V 447 <appendix> member <vmtarget> ; # wv/codeclip/CodeClipFrame$$Lambda+0x000000008d0c64a0
instanceKlass  @bci wv/codeclip/CodeClipFrame <init> ()V 441 <appendix> member <vmtarget> ; # wv/codeclip/CodeClipFrame$$Lambda+0x000000008d0c6270
instanceKlass wv/codeclip/html/HtmlPasteHandler
instanceKlass  @bci wv/codeclip/CodeClipFrame <init> ()V 422 <appendix> member <vmtarget> ; # wv/codeclip/CodeClipFrame$$Lambda+0x000000008d0c39c0
instanceKlass wv/codeclip/godot/GodotSourceParser
instanceKlass  @bci wv/codeclip/CodeClipFrame <init> ()V 402 <appendix> member <vmtarget> ; # wv/codeclip/CodeClipFrame$$Lambda+0x000000008d0c3578
instanceKlass  @bci wv/codeclip/CodeClipFrame <init> ()V 388 <appendix> member <vmtarget> ; # wv/codeclip/CodeClipFrame$$Lambda+0x000000008d0c3338
instanceKlass  @bci wv/codeclip/CodeClipFrame <init> ()V 382 <appendix> member <vmtarget> ; # wv/codeclip/CodeClipFrame$$Lambda+0x000000008d0c30f8
instanceKlass  @bci wv/codeclip/CodeClipFrame <init> ()V 376 <appendix> member <vmtarget> ; # wv/codeclip/CodeClipFrame$$Lambda+0x000000008d0c2eb8
instanceKlass  @bci wv/codeclip/CodeClipFrame <init> ()V 370 <appendix> member <vmtarget> ; # wv/codeclip/CodeClipFrame$$Lambda+0x000000008d0c2c88
instanceKlass wv/codeclip/godot/GodotPasteHandler
instanceKlass  @bci wv/codeclip/CodeClipFrame <init> ()V 351 <appendix> member <vmtarget> ; # wv/codeclip/CodeClipFrame$$Lambda+0x000000008d0c2810
instanceKlass wv/codeclip/io/ClassFileWriter
instanceKlass  @bci java/util/regex/CharPredicates ASCII_WORD ()Ljava/util/regex/Pattern$BmpCharPredicate; 0 <appendix> argL0 ; # java/util/regex/CharPredicates$$Lambda+0x000000008d08eb68
instanceKlass wv/codeclip/parse/SourceRootDetector
instanceKlass java/util/regex/Pattern$TreeInfo
instanceKlass  @bci java/util/regex/Pattern Single (I)Ljava/util/regex/Pattern$BmpCharPredicate; 1 <appendix> member <vmtarget> ; # java/util/regex/Pattern$$Lambda+0x800000027
instanceKlass  @bci java/util/regex/Pattern union (Ljava/util/regex/Pattern$CharPredicate;Ljava/util/regex/Pattern$CharPredicate;Z)Ljava/util/regex/Pattern$CharPredicate; 6 <appendix> member <vmtarget> ; # java/util/regex/Pattern$$Lambda+0x800000030
instanceKlass  @bci java/util/regex/Pattern Range (II)Ljava/util/regex/Pattern$CharPredicate; 23 <appendix> member <vmtarget> ; # java/util/regex/Pattern$$Lambda+0x800000028
instanceKlass java/util/regex/Pattern$BitClass
instanceKlass  @bci java/util/regex/CharPredicates ASCII_SPACE ()Ljava/util/regex/Pattern$BmpCharPredicate; 0 <appendix> argL0 ; # java/util/regex/CharPredicates$$Lambda+0x800000025
instanceKlass java/util/regex/Pattern$BmpCharPredicate
instanceKlass java/util/regex/Pattern$CharPredicate
instanceKlass java/util/regex/CharPredicates
instanceKlass java/util/regex/Pattern$Node
instanceKlass java/util/regex/Pattern
instanceKlass wv/codeclip/parse/JavaSourceParser
instanceKlass wv/codeclip/commands/EnablerCommand
instanceKlass wv/codeclip/commands/CopierCommand
instanceKlass wv/codeclip/patch/PatchDuplicateDetector
instanceKlass  @bci wv/codeclip/CodeClipFrame <init> ()V 331 <appendix> member <vmtarget> ; # wv/codeclip/CodeClipFrame$$Lambda+0x000000008d0c18f8
instanceKlass java/lang/invoke/TypeConvertingMethodAdapter$BoxHolder
instanceKlass java/lang/invoke/TypeConvertingMethodAdapter$1
instanceKlass  @cpi wv/codeclip/CodeClipFrame 3054 form vmentry <vmtarget> ; # java/lang/invoke/LambdaForm$DMH+0x000000008d0c4400
instanceKlass  @bci wv/codeclip/CodeClipFrame <init> ()V 317 <appendix> member <vmtarget> ; # wv/codeclip/CodeClipFrame$$Lambda+0x000000008d0c16b8
instanceKlass  @bci wv/codeclip/CodeClipFrame <init> ()V 311 <appendix> member <vmtarget> ; # wv/codeclip/CodeClipFrame$$Lambda+0x000000008d0c1478
instanceKlass  @cpi wv/codeclip/CodeClipFrame 3048 form vmentry <vmtarget> ; # java/lang/invoke/LambdaForm$DMH+0x000000008d0c4000
instanceKlass  @bci wv/codeclip/CodeClipFrame <init> ()V 305 <appendix> member <vmtarget> ; # wv/codeclip/CodeClipFrame$$Lambda+0x000000008d0c1238
instanceKlass  @bci wv/codeclip/CodeClipFrame <init> ()V 299 <appendix> member <vmtarget> ; # wv/codeclip/CodeClipFrame$$Lambda+0x000000008d0c1008
instanceKlass wv/codeclip/io/PasteClassHandler
instanceKlass wv/codeclip/patch/PatchUndoManager
instanceKlass wv/codeclip/generic/GenericDirectory
instanceKlass wv/codeclip/html/HtmlDirectory
instanceKlass wv/codeclip/godot/GodotDirectory
instanceKlass wv/codeclip/config/CodeClipBuildInfo
instanceKlass java/nio/charset/CoderResult
instanceKlass java/util/Properties$LineReader
instanceKlass java/io/Reader
instanceKlass java/lang/Readable
instanceKlass wv/codeclip/io/SettingsManager
instanceKlass wv/codeclip/model/ClassRepository
instanceKlass wv/codeclip/html/HtmlExtensions
instanceKlass javax/swing/plaf/basic/BasicHTML
instanceKlass java/beans/VetoableChangeListener
instanceKlass javax/swing/event/AncestorListener
instanceKlass javax/swing/plaf/basic/BasicButtonUI$KeyHandler
instanceKlass javax/swing/plaf/basic/BasicButtonListener
instanceKlass javax/swing/plaf/metal/MetalIconFactory$CheckBoxIcon
instanceKlass javax/swing/Icon
instanceKlass javax/swing/plaf/metal/MetalIconFactory
instanceKlass javax/swing/plaf/basic/BasicBorders
instanceKlass javax/swing/AbstractButton$Handler
instanceKlass javax/swing/DefaultButtonModel
instanceKlass javax/swing/ButtonModel
instanceKlass java/util/Collections$UnmodifiableCollection$1
instanceKlass java/util/Hashtable$Enumerator
instanceKlass javax/swing/text/TabableView
instanceKlass java/util/Arrays$ArrayItr
instanceKlass javax/swing/text/FlowView$FlowStrategy
instanceKlass javax/swing/text/DefaultStyledDocument$AbstractChangeHandler
instanceKlass sun/swing/text/UndoableEditLockSupport
instanceKlass javax/swing/event/DocumentEvent$EventType
instanceKlass javax/swing/event/DocumentEvent
instanceKlass javax/swing/undo/AbstractUndoableEdit
instanceKlass javax/swing/undo/UndoableEdit
instanceKlass javax/swing/text/DefaultStyledDocument$ElementBuffer
instanceKlass javax/swing/text/StyledEditorKit$AttributeTracker
instanceKlass javax/swing/event/CaretListener
instanceKlass javax/swing/text/StyledEditorKit$StyledViewFactory
instanceKlass javax/swing/plaf/synth/SynthUI
instanceKlass javax/swing/plaf/synth/SynthConstants
instanceKlass javax/swing/text/JTextComponent$DefaultKeymap
instanceKlass javax/swing/text/Keymap
instanceKlass java/awt/Graphics
instanceKlass javax/swing/text/PlainView$FPMethodItem
instanceKlass javax/swing/text/TabExpander
instanceKlass javax/swing/text/StyleContext$KeyEnumeration
instanceKlass javax/swing/text/GapContent$StickyPosition
instanceKlass javax/swing/text/Position
instanceKlass javax/swing/text/AbstractDocument$AbstractElement
instanceKlass javax/swing/tree/TreeNode
instanceKlass java/util/LinkedHashMap$LinkedHashIterator
instanceKlass java/util/Collections$3
instanceKlass javax/swing/text/StyleContext$SmallAttributeSet
instanceKlass javax/swing/text/StyleContext$NamedStyle
instanceKlass java/util/SequencedMap
instanceKlass javax/swing/text/SimpleAttributeSet$EmptyAttributeSet
instanceKlass javax/swing/text/SimpleAttributeSet
instanceKlass javax/swing/text/StyleContext$FontKey
instanceKlass javax/swing/text/AttributeSet$ParagraphAttribute
instanceKlass javax/swing/text/AttributeSet$ColorAttribute
instanceKlass javax/swing/text/AttributeSet$FontAttribute
instanceKlass javax/swing/text/AttributeSet$CharacterAttribute
instanceKlass javax/swing/text/StyleConstants
instanceKlass javax/swing/text/StyleContext
instanceKlass javax/swing/text/AbstractDocument$AttributeContext
instanceKlass javax/swing/text/GapVector
instanceKlass javax/swing/text/AbstractDocument$Content
instanceKlass javax/swing/text/AbstractDocument
instanceKlass javax/swing/TransferHandler$TransferSupport
instanceKlass javax/swing/TransferHandler$DropHandler
instanceKlass java/awt/datatransfer/SystemFlavorMap$SoftCache
instanceKlass  @bci java/awt/datatransfer/SystemFlavorMap getDefaultFlavorMap ()Ljava/awt/datatransfer/FlavorMap; 3 <appendix> argL0 ; # java/awt/datatransfer/SystemFlavorMap$$Lambda+0x000000008d05e2c0
instanceKlass java/awt/datatransfer/DataFlavor
instanceKlass java/io/Externalizable
instanceKlass java/util/SequencedSet
instanceKlass sun/awt/datatransfer/DesktopDatatransferServiceImpl
instanceKlass sun/datatransfer/DataFlavorUtil$DefaultDesktopDatatransferService
instanceKlass sun/datatransfer/DesktopDatatransferService
instanceKlass sun/datatransfer/DataFlavorUtil
instanceKlass java/awt/datatransfer/SystemFlavorMap
instanceKlass java/awt/datatransfer/FlavorTable
instanceKlass java/awt/datatransfer/FlavorMap
instanceKlass java/awt/dnd/DropTargetContext$1
instanceKlass sun/awt/AWTAccessor$DropTargetContextAccessor
instanceKlass java/awt/dnd/DropTargetContext
instanceKlass java/awt/dnd/DropTarget
instanceKlass java/awt/dnd/DropTargetListener
instanceKlass javax/swing/ClientPropertyKey$1
instanceKlass sun/awt/AWTAccessor$ClientPropertyKeyAccessor
instanceKlass javax/swing/text/DefaultHighlighter$SafeDamager
instanceKlass javax/swing/text/LayeredHighlighter$LayerPainter
instanceKlass javax/swing/text/Highlighter$HighlightPainter
instanceKlass javax/swing/text/Highlighter$Highlight
instanceKlass javax/swing/text/LayeredHighlighter
instanceKlass javax/swing/text/Highlighter
instanceKlass javax/swing/Timer$DoPostEvent
instanceKlass javax/swing/text/DefaultCaret$Handler
instanceKlass java/awt/datatransfer/ClipboardOwner
instanceKlass javax/swing/text/Caret
instanceKlass java/awt/event/MouseAdapter
instanceKlass javax/swing/event/MouseInputListener
instanceKlass javax/swing/plaf/basic/DragRecognitionSupport$BeforeDrag
instanceKlass javax/swing/plaf/basic/BasicTextUI$UpdateHandler
instanceKlass javax/swing/text/View
instanceKlass javax/swing/text/Element
instanceKlass javax/swing/text/Position$Bias
instanceKlass sun/swing/UIAction
instanceKlass javax/swing/TransferHandler
instanceKlass javax/swing/AbstractAction
instanceKlass javax/swing/text/EditorKit
instanceKlass javax/swing/text/ViewFactory
instanceKlass java/awt/AWTEventMulticaster
instanceKlass java/awt/event/MouseWheelListener
instanceKlass java/awt/event/HierarchyBoundsListener
instanceKlass java/awt/event/HierarchyListener
instanceKlass java/awt/event/InputMethodListener
instanceKlass java/awt/event/TextListener
instanceKlass java/awt/event/AdjustmentListener
instanceKlass java/awt/event/ItemListener
instanceKlass java/awt/event/WindowStateListener
instanceKlass java/awt/event/WindowFocusListener
instanceKlass java/awt/event/MouseMotionListener
instanceKlass java/awt/event/KeyListener
instanceKlass java/awt/event/ContainerListener
instanceKlass java/awt/event/ComponentListener
instanceKlass javax/swing/event/ChangeListener
instanceKlass com/sun/beans/util/Cache$CacheEntry
instanceKlass com/sun/beans/util/Cache
instanceKlass javax/swing/text/JTextComponent$1
instanceKlass sun/swing/SwingAccessor$JTextComponentAccessor
instanceKlass javax/swing/ActionMap
instanceKlass  @bci jdk/internal/reflect/MethodHandleIntegerFieldAccessorImpl getInt (Ljava/lang/Object;)I 11 <adapter> ; # java/lang/invoke/LambdaForm$MH+0x000000008d04ac00
instanceKlass jdk/internal/reflect/FieldAccessorImpl
instanceKlass jdk/internal/reflect/FieldAccessor
instanceKlass java/awt/event/KeyEvent$1
instanceKlass sun/awt/AWTAccessor$KeyEventAccessor
instanceKlass java/awt/VKCollection
instanceKlass java/util/StringTokenizer
instanceKlass javax/swing/InputMap
instanceKlass javax/swing/LayoutComparator
instanceKlass javax/swing/RepaintManager$PaintManager
instanceKlass javax/swing/JRootPane$RootLayout
instanceKlass javax/swing/ArrayTable
instanceKlass com/sun/java/swing/SwingUtilities3
instanceKlass javax/swing/RepaintManager$ProcessingRunnable
# instanceKlass java/lang/invoke/LambdaForm$MH+0x000000008d04a800
instanceKlass  @bci javax/swing/text/html/CSS hexToColor (Ljava/lang/String;)Ljava/awt/Color; 107 <appendix> form vmentry <vmtarget> ; # java/lang/invoke/LambdaForm$MH+0x000000008d04a400
# instanceKlass java/lang/invoke/LambdaForm$MH+0x000000008d04a000
instanceKlass javax/swing/plaf/ComponentUI
instanceKlass sun/util/ResourceBundleEnumeration
instanceKlass java/util/LinkedList$Node
instanceKlass javax/swing/UIManager$1
instanceKlass sun/awt/PaintEventDispatcher
instanceKlass javax/swing/RepaintManager$1
instanceKlass sun/swing/SwingAccessor$RepaintManagerAccessor
instanceKlass javax/swing/RepaintManager$DisplayChangedHandler
instanceKlass javax/swing/RepaintManager
instanceKlass javax/swing/plaf/metal/OceanTheme$6
instanceKlass javax/swing/plaf/metal/OceanTheme$5
instanceKlass javax/swing/plaf/metal/OceanTheme$4
instanceKlass javax/swing/plaf/metal/OceanTheme$3
instanceKlass javax/swing/plaf/metal/OceanTheme$2
instanceKlass javax/swing/plaf/metal/OceanTheme$1
instanceKlass  @bci javax/swing/plaf/metal/OceanTheme addCustomEntriesToTable (Ljavax/swing/UIDefaults;)V 1 <appendix> member <vmtarget> ; # javax/swing/plaf/metal/OceanTheme$$Lambda+0x000000008d0776b8
instanceKlass java/util/EventListenerProxy
instanceKlass  @bci javax/swing/plaf/metal/MetalLookAndFeel initComponentDefaults (Ljavax/swing/UIDefaults;)V 12018 <appendix> argL0 ; # javax/swing/plaf/metal/MetalLookAndFeel$$Lambda+0x000000008d076fb8
instanceKlass  @bci javax/swing/plaf/metal/MetalLookAndFeel initComponentDefaults (Ljavax/swing/UIDefaults;)V 11955 <appendix> argL0 ; # javax/swing/plaf/metal/MetalLookAndFeel$$Lambda+0x000000008d076d90
instanceKlass  @bci javax/swing/plaf/metal/MetalLookAndFeel initComponentDefaults (Ljavax/swing/UIDefaults;)V 11907 <appendix> argL0 ; # javax/swing/plaf/metal/MetalLookAndFeel$$Lambda+0x000000008d076b68
instanceKlass  @bci javax/swing/plaf/metal/MetalLookAndFeel initComponentDefaults (Ljavax/swing/UIDefaults;)V 11758 <appendix> argL0 ; # javax/swing/plaf/metal/MetalLookAndFeel$$Lambda+0x000000008d076940
instanceKlass  @bci javax/swing/plaf/metal/MetalLookAndFeel initComponentDefaults (Ljavax/swing/UIDefaults;)V 11740 <appendix> argL0 ; # javax/swing/plaf/metal/MetalLookAndFeel$$Lambda+0x000000008d076718
instanceKlass  @bci javax/swing/plaf/metal/MetalLookAndFeel initComponentDefaults (Ljavax/swing/UIDefaults;)V 10675 <appendix> argL0 ; # javax/swing/plaf/metal/MetalLookAndFeel$$Lambda+0x000000008d0764f0
instanceKlass  @bci javax/swing/plaf/metal/MetalLookAndFeel initComponentDefaults (Ljavax/swing/UIDefaults;)V 10657 <appendix> argL0 ; # javax/swing/plaf/metal/MetalLookAndFeel$$Lambda+0x000000008d0762c8
instanceKlass  @bci javax/swing/plaf/metal/MetalLookAndFeel initComponentDefaults (Ljavax/swing/UIDefaults;)V 10639 <appendix> argL0 ; # javax/swing/plaf/metal/MetalLookAndFeel$$Lambda+0x000000008d0760a0
instanceKlass  @bci javax/swing/plaf/metal/MetalLookAndFeel initComponentDefaults (Ljavax/swing/UIDefaults;)V 10621 <appendix> argL0 ; # javax/swing/plaf/metal/MetalLookAndFeel$$Lambda+0x000000008d075e78
instanceKlass  @bci javax/swing/plaf/metal/MetalLookAndFeel initComponentDefaults (Ljavax/swing/UIDefaults;)V 10603 <appendix> argL0 ; # javax/swing/plaf/metal/MetalLookAndFeel$$Lambda+0x000000008d075c50
instanceKlass  @bci javax/swing/plaf/metal/MetalLookAndFeel initComponentDefaults (Ljavax/swing/UIDefaults;)V 10124 <appendix> argL0 ; # javax/swing/plaf/metal/MetalLookAndFeel$$Lambda+0x000000008d075a28
instanceKlass  @bci javax/swing/plaf/metal/MetalLookAndFeel initComponentDefaults (Ljavax/swing/UIDefaults;)V 10106 <appendix> argL0 ; # javax/swing/plaf/metal/MetalLookAndFeel$$Lambda+0x000000008d075800
instanceKlass  @bci javax/swing/plaf/metal/MetalLookAndFeel initComponentDefaults (Ljavax/swing/UIDefaults;)V 9938 <appendix> argL0 ; # javax/swing/plaf/metal/MetalLookAndFeel$$Lambda+0x000000008d0755d8
instanceKlass  @bci javax/swing/plaf/metal/MetalLookAndFeel initComponentDefaults (Ljavax/swing/UIDefaults;)V 9920 <appendix> argL0 ; # javax/swing/plaf/metal/MetalLookAndFeel$$Lambda+0x000000008d0753b0
instanceKlass  @bci javax/swing/plaf/metal/MetalLookAndFeel initComponentDefaults (Ljavax/swing/UIDefaults;)V 9259 <appendix> argL0 ; # javax/swing/plaf/metal/MetalLookAndFeel$$Lambda+0x000000008d075188
instanceKlass  @bci javax/swing/plaf/metal/MetalLookAndFeel initComponentDefaults (Ljavax/swing/UIDefaults;)V 9241 <appendix> argL0 ; # javax/swing/plaf/metal/MetalLookAndFeel$$Lambda+0x000000008d074f60
instanceKlass  @bci javax/swing/plaf/metal/MetalLookAndFeel initComponentDefaults (Ljavax/swing/UIDefaults;)V 9074 <appendix> argL0 ; # javax/swing/plaf/metal/MetalLookAndFeel$$Lambda+0x000000008d074d38
instanceKlass  @bci javax/swing/plaf/metal/MetalLookAndFeel initComponentDefaults (Ljavax/swing/UIDefaults;)V 9056 <appendix> argL0 ; # javax/swing/plaf/metal/MetalLookAndFeel$$Lambda+0x000000008d074b10
instanceKlass  @bci javax/swing/plaf/metal/MetalLookAndFeel initComponentDefaults (Ljavax/swing/UIDefaults;)V 8779 <appendix> argL0 ; # javax/swing/plaf/metal/MetalLookAndFeel$$Lambda+0x000000008d0748e8
instanceKlass  @bci javax/swing/plaf/metal/MetalLookAndFeel initComponentDefaults (Ljavax/swing/UIDefaults;)V 5003 <appendix> member <vmtarget> ; # javax/swing/plaf/metal/MetalLookAndFeel$$Lambda+0x000000008d0746c0
instanceKlass  @bci javax/swing/plaf/metal/MetalLookAndFeel initComponentDefaults (Ljavax/swing/UIDefaults;)V 4983 <appendix> member <vmtarget> ; # javax/swing/plaf/metal/MetalLookAndFeel$$Lambda+0x000000008d074498
instanceKlass  @bci javax/swing/plaf/metal/MetalLookAndFeel initComponentDefaults (Ljavax/swing/UIDefaults;)V 4963 <appendix> member <vmtarget> ; # javax/swing/plaf/metal/MetalLookAndFeel$$Lambda+0x000000008d074270
instanceKlass  @bci javax/swing/plaf/metal/MetalLookAndFeel initComponentDefaults (Ljavax/swing/UIDefaults;)V 4943 <appendix> member <vmtarget> ; # javax/swing/plaf/metal/MetalLookAndFeel$$Lambda+0x000000008d074048
instanceKlass  @bci javax/swing/plaf/metal/MetalLookAndFeel initComponentDefaults (Ljavax/swing/UIDefaults;)V 4923 <appendix> argL0 ; # javax/swing/plaf/metal/MetalLookAndFeel$$Lambda+0x000000008d073e20
instanceKlass  @bci javax/swing/plaf/metal/MetalLookAndFeel initComponentDefaults (Ljavax/swing/UIDefaults;)V 4887 <appendix> argL0 ; # javax/swing/plaf/metal/MetalLookAndFeel$$Lambda+0x000000008d073bf8
instanceKlass  @bci javax/swing/plaf/metal/MetalLookAndFeel initComponentDefaults (Ljavax/swing/UIDefaults;)V 4869 <appendix> argL0 ; # javax/swing/plaf/metal/MetalLookAndFeel$$Lambda+0x000000008d0739d0
instanceKlass  @bci javax/swing/plaf/metal/MetalLookAndFeel initComponentDefaults (Ljavax/swing/UIDefaults;)V 4851 <appendix> argL0 ; # javax/swing/plaf/metal/MetalLookAndFeel$$Lambda+0x000000008d0737a8
instanceKlass  @bci javax/swing/plaf/metal/MetalLookAndFeel initComponentDefaults (Ljavax/swing/UIDefaults;)V 4833 <appendix> argL0 ; # javax/swing/plaf/metal/MetalLookAndFeel$$Lambda+0x000000008d073580
instanceKlass  @bci javax/swing/plaf/metal/MetalLookAndFeel initComponentDefaults (Ljavax/swing/UIDefaults;)V 4204 <appendix> argL0 ; # javax/swing/plaf/metal/MetalLookAndFeel$$Lambda+0x000000008d073358
instanceKlass  @bci javax/swing/plaf/metal/MetalLookAndFeel initComponentDefaults (Ljavax/swing/UIDefaults;)V 4186 <appendix> argL0 ; # javax/swing/plaf/metal/MetalLookAndFeel$$Lambda+0x000000008d073130
instanceKlass  @bci javax/swing/plaf/metal/MetalLookAndFeel initComponentDefaults (Ljavax/swing/UIDefaults;)V 3874 <appendix> argL0 ; # javax/swing/plaf/metal/MetalLookAndFeel$$Lambda+0x000000008d072f08
instanceKlass  @bci javax/swing/plaf/metal/MetalLookAndFeel initComponentDefaults (Ljavax/swing/UIDefaults;)V 3858 <appendix> argL0 ; # javax/swing/plaf/metal/MetalLookAndFeel$$Lambda+0x000000008d072ce0
instanceKlass  @bci javax/swing/plaf/metal/MetalLookAndFeel initComponentDefaults (Ljavax/swing/UIDefaults;)V 3842 <appendix> argL0 ; # javax/swing/plaf/metal/MetalLookAndFeel$$Lambda+0x000000008d072ab8
instanceKlass  @bci javax/swing/plaf/metal/MetalLookAndFeel initComponentDefaults (Ljavax/swing/UIDefaults;)V 3826 <appendix> argL0 ; # javax/swing/plaf/metal/MetalLookAndFeel$$Lambda+0x000000008d072890
instanceKlass  @bci javax/swing/plaf/metal/MetalLookAndFeel initComponentDefaults (Ljavax/swing/UIDefaults;)V 3810 <appendix> argL0 ; # javax/swing/plaf/metal/MetalLookAndFeel$$Lambda+0x000000008d072668
instanceKlass  @bci javax/swing/plaf/metal/MetalLookAndFeel initComponentDefaults (Ljavax/swing/UIDefaults;)V 3794 <appendix> argL0 ; # javax/swing/plaf/metal/MetalLookAndFeel$$Lambda+0x000000008d072440
instanceKlass  @bci javax/swing/plaf/metal/MetalLookAndFeel initComponentDefaults (Ljavax/swing/UIDefaults;)V 3778 <appendix> argL0 ; # javax/swing/plaf/metal/MetalLookAndFeel$$Lambda+0x000000008d072218
instanceKlass  @bci javax/swing/plaf/metal/MetalLookAndFeel initComponentDefaults (Ljavax/swing/UIDefaults;)V 3762 <appendix> argL0 ; # javax/swing/plaf/metal/MetalLookAndFeel$$Lambda+0x000000008d071ff0
instanceKlass  @bci javax/swing/plaf/metal/MetalLookAndFeel initComponentDefaults (Ljavax/swing/UIDefaults;)V 3746 <appendix> argL0 ; # javax/swing/plaf/metal/MetalLookAndFeel$$Lambda+0x000000008d071dc8
instanceKlass  @bci javax/swing/plaf/metal/MetalLookAndFeel initComponentDefaults (Ljavax/swing/UIDefaults;)V 3730 <appendix> argL0 ; # javax/swing/plaf/metal/MetalLookAndFeel$$Lambda+0x000000008d071ba0
instanceKlass  @bci javax/swing/plaf/metal/MetalLookAndFeel initComponentDefaults (Ljavax/swing/UIDefaults;)V 3509 <appendix> argL0 ; # javax/swing/plaf/metal/MetalLookAndFeel$$Lambda+0x000000008d071978
instanceKlass  @bci javax/swing/plaf/metal/MetalLookAndFeel initComponentDefaults (Ljavax/swing/UIDefaults;)V 3399 <appendix> argL0 ; # javax/swing/plaf/metal/MetalLookAndFeel$$Lambda+0x000000008d071750
instanceKlass javax/swing/plaf/metal/MetalLookAndFeel$FontActiveValue
instanceKlass  @bci javax/swing/plaf/metal/MetalLookAndFeel initComponentDefaults (Ljavax/swing/UIDefaults;)V 2174 <appendix> member <vmtarget> ; # javax/swing/plaf/metal/MetalLookAndFeel$$Lambda+0x000000008d0712e8
instanceKlass  @bci javax/swing/plaf/metal/MetalLookAndFeel initComponentDefaults (Ljavax/swing/UIDefaults;)V 2165 <appendix> member <vmtarget> ; # javax/swing/plaf/metal/MetalLookAndFeel$$Lambda+0x000000008d0710b8
instanceKlass  @bci javax/swing/plaf/metal/MetalLookAndFeel initComponentDefaults (Ljavax/swing/UIDefaults;)V 2156 <appendix> member <vmtarget> ; # javax/swing/plaf/metal/MetalLookAndFeel$$Lambda+0x000000008d070e88
instanceKlass  @bci javax/swing/plaf/metal/MetalLookAndFeel initComponentDefaults (Ljavax/swing/UIDefaults;)V 2147 <appendix> member <vmtarget> ; # javax/swing/plaf/metal/MetalLookAndFeel$$Lambda+0x000000008d070c58
instanceKlass  @bci javax/swing/plaf/metal/MetalLookAndFeel initComponentDefaults (Ljavax/swing/UIDefaults;)V 2138 <appendix> argL0 ; # javax/swing/plaf/metal/MetalLookAndFeel$$Lambda+0x000000008d070a30
instanceKlass  @bci javax/swing/plaf/metal/MetalLookAndFeel initComponentDefaults (Ljavax/swing/UIDefaults;)V 2126 <appendix> argL0 ; # javax/swing/plaf/metal/MetalLookAndFeel$$Lambda+0x000000008d070808
instanceKlass  @bci javax/swing/plaf/metal/MetalLookAndFeel initComponentDefaults (Ljavax/swing/UIDefaults;)V 2119 <appendix> argL0 ; # javax/swing/plaf/metal/MetalLookAndFeel$$Lambda+0x000000008d0705e0
instanceKlass  @bci javax/swing/plaf/metal/MetalLookAndFeel initComponentDefaults (Ljavax/swing/UIDefaults;)V 2112 <appendix> argL0 ; # javax/swing/plaf/metal/MetalLookAndFeel$$Lambda+0x000000008d0703b8
instanceKlass  @bci javax/swing/plaf/metal/MetalLookAndFeel initComponentDefaults (Ljavax/swing/UIDefaults;)V 2105 <appendix> argL0 ; # javax/swing/plaf/metal/MetalLookAndFeel$$Lambda+0x000000008d070190
instanceKlass  @bci javax/swing/plaf/metal/MetalLookAndFeel initComponentDefaults (Ljavax/swing/UIDefaults;)V 2098 <appendix> member <vmtarget> ; # javax/swing/plaf/metal/MetalLookAndFeel$$Lambda+0x000000008d06ff60
instanceKlass  @bci javax/swing/plaf/metal/MetalLookAndFeel initComponentDefaults (Ljavax/swing/UIDefaults;)V 2089 <appendix> argL0 ; # javax/swing/plaf/metal/MetalLookAndFeel$$Lambda+0x000000008d06fd38
instanceKlass  @bci javax/swing/plaf/metal/MetalLookAndFeel initComponentDefaults (Ljavax/swing/UIDefaults;)V 2082 <appendix> argL0 ; # javax/swing/plaf/metal/MetalLookAndFeel$$Lambda+0x000000008d06fb10
instanceKlass  @bci javax/swing/plaf/metal/MetalLookAndFeel initComponentDefaults (Ljavax/swing/UIDefaults;)V 2075 <appendix> argL0 ; # javax/swing/plaf/metal/MetalLookAndFeel$$Lambda+0x000000008d06f8e8
instanceKlass  @bci javax/swing/plaf/metal/MetalLookAndFeel initComponentDefaults (Ljavax/swing/UIDefaults;)V 126 <appendix> argL0 ; # javax/swing/plaf/metal/MetalLookAndFeel$$Lambda+0x000000008d06f6c0
instanceKlass  @bci javax/swing/plaf/metal/MetalLookAndFeel initComponentDefaults (Ljavax/swing/UIDefaults;)V 119 <appendix> argL0 ; # javax/swing/plaf/metal/MetalLookAndFeel$$Lambda+0x000000008d06f498
instanceKlass  @bci javax/swing/plaf/metal/MetalLookAndFeel initComponentDefaults (Ljavax/swing/UIDefaults;)V 112 <appendix> argL0 ; # javax/swing/plaf/metal/MetalLookAndFeel$$Lambda+0x000000008d06f270
instanceKlass  @bci javax/swing/plaf/basic/BasicLookAndFeel initComponentDefaults (Ljavax/swing/UIDefaults;)V 10900 <appendix> argL0 ; # javax/swing/plaf/basic/BasicLookAndFeel$$Lambda+0x000000008d06f048
instanceKlass  @bci javax/swing/plaf/basic/BasicLookAndFeel initComponentDefaults (Ljavax/swing/UIDefaults;)V 10882 <appendix> argL0 ; # javax/swing/plaf/basic/BasicLookAndFeel$$Lambda+0x000000008d06ee20
instanceKlass  @bci javax/swing/plaf/basic/BasicLookAndFeel initComponentDefaults (Ljavax/swing/UIDefaults;)V 2622 <appendix> argL0 ; # javax/swing/plaf/basic/BasicLookAndFeel$$Lambda+0x000000008d06ebf8
instanceKlass  @bci javax/swing/plaf/basic/BasicLookAndFeel initComponentDefaults (Ljavax/swing/UIDefaults;)V 2604 <appendix> argL0 ; # javax/swing/plaf/basic/BasicLookAndFeel$$Lambda+0x000000008d06e9d0
instanceKlass  @bci javax/swing/plaf/basic/BasicLookAndFeel initComponentDefaults (Ljavax/swing/UIDefaults;)V 2586 <appendix> argL0 ; # javax/swing/plaf/basic/BasicLookAndFeel$$Lambda+0x000000008d06e7a8
instanceKlass  @bci javax/swing/plaf/basic/BasicLookAndFeel initComponentDefaults (Ljavax/swing/UIDefaults;)V 2568 <appendix> argL0 ; # javax/swing/plaf/basic/BasicLookAndFeel$$Lambda+0x000000008d06e580
instanceKlass javax/swing/UIDefaults$LazyInputMap
instanceKlass  @bci javax/swing/plaf/basic/BasicLookAndFeel initComponentDefaults (Ljavax/swing/UIDefaults;)V 789 <appendix> argL0 ; # javax/swing/plaf/basic/BasicLookAndFeel$$Lambda+0x000000008d06e120
instanceKlass  @bci javax/swing/plaf/basic/BasicLookAndFeel initComponentDefaults (Ljavax/swing/UIDefaults;)V 730 <appendix> argL0 ; # javax/swing/plaf/basic/BasicLookAndFeel$$Lambda+0x000000008d06def8
instanceKlass  @bci javax/swing/plaf/basic/BasicLookAndFeel initComponentDefaults (Ljavax/swing/UIDefaults;)V 723 <appendix> argL0 ; # javax/swing/plaf/basic/BasicLookAndFeel$$Lambda+0x000000008d06dcd0
instanceKlass  @bci javax/swing/plaf/basic/BasicLookAndFeel initComponentDefaults (Ljavax/swing/UIDefaults;)V 671 <appendix> argL0 ; # javax/swing/plaf/basic/BasicLookAndFeel$$Lambda+0x000000008d06daa8
instanceKlass  @bci javax/swing/plaf/basic/BasicLookAndFeel initComponentDefaults (Ljavax/swing/UIDefaults;)V 664 <appendix> member <vmtarget> ; # javax/swing/plaf/basic/BasicLookAndFeel$$Lambda+0x000000008d06d880
instanceKlass  @bci javax/swing/plaf/basic/BasicLookAndFeel initComponentDefaults (Ljavax/swing/UIDefaults;)V 655 <appendix> member <vmtarget> ; # javax/swing/plaf/basic/BasicLookAndFeel$$Lambda+0x000000008d06d658
instanceKlass  @bci javax/swing/plaf/basic/BasicLookAndFeel initComponentDefaults (Ljavax/swing/UIDefaults;)V 642 <appendix> member <vmtarget> ; # javax/swing/plaf/basic/BasicLookAndFeel$$Lambda+0x000000008d06d430
instanceKlass  @cpi java/time/temporal/TemporalAdjusters 209 form vmentry <vmtarget> ; # java/lang/invoke/LambdaForm$DMH+0x000000008d049c00
instanceKlass  @bci javax/swing/plaf/basic/BasicLookAndFeel initComponentDefaults (Ljavax/swing/UIDefaults;)V 611 <appendix> argL0 ; # javax/swing/plaf/basic/BasicLookAndFeel$$Lambda+0x000000008d06cfc0
instanceKlass  @bci javax/swing/plaf/basic/BasicLookAndFeel initComponentDefaults (Ljavax/swing/UIDefaults;)V 604 <appendix> argL0 ; # javax/swing/plaf/basic/BasicLookAndFeel$$Lambda+0x000000008d06cd98
instanceKlass  @bci javax/swing/plaf/basic/BasicLookAndFeel initComponentDefaults (Ljavax/swing/UIDefaults;)V 597 <appendix> argL0 ; # javax/swing/plaf/basic/BasicLookAndFeel$$Lambda+0x000000008d06cb70
instanceKlass  @bci javax/swing/plaf/basic/BasicLookAndFeel initComponentDefaults (Ljavax/swing/UIDefaults;)V 590 <appendix> argL0 ; # javax/swing/plaf/basic/BasicLookAndFeel$$Lambda+0x000000008d06c948
instanceKlass  @bci javax/swing/plaf/basic/BasicLookAndFeel initComponentDefaults (Ljavax/swing/UIDefaults;)V 583 <appendix> argL0 ; # javax/swing/plaf/basic/BasicLookAndFeel$$Lambda+0x000000008d06c720
instanceKlass  @bci javax/swing/plaf/basic/BasicLookAndFeel initComponentDefaults (Ljavax/swing/UIDefaults;)V 576 <appendix> argL0 ; # javax/swing/plaf/basic/BasicLookAndFeel$$Lambda+0x000000008d06c4f8
instanceKlass  @bci javax/swing/plaf/basic/BasicLookAndFeel initComponentDefaults (Ljavax/swing/UIDefaults;)V 569 <appendix> argL0 ; # javax/swing/plaf/basic/BasicLookAndFeel$$Lambda+0x000000008d06c2d0
instanceKlass  @bci javax/swing/plaf/basic/BasicLookAndFeel initComponentDefaults (Ljavax/swing/UIDefaults;)V 562 <appendix> argL0 ; # javax/swing/plaf/basic/BasicLookAndFeel$$Lambda+0x000000008d06c0a8
instanceKlass javax/swing/plaf/basic/BasicLookAndFeel$2
instanceKlass  @bci javax/swing/plaf/basic/BasicLookAndFeel initComponentDefaults (Ljavax/swing/UIDefaults;)V 545 <appendix> argL0 ; # javax/swing/plaf/basic/BasicLookAndFeel$$Lambda+0x000000008d06bc50
instanceKlass  @bci sun/swing/SwingUtilities2 makeIcon (Ljava/lang/Class;Ljava/lang/Class;Ljava/lang/String;)Ljava/lang/Object; 3 <appendix> member <vmtarget> ; # sun/swing/SwingUtilities2$$Lambda+0x000000008d06ba20
instanceKlass  @bci javax/swing/plaf/basic/BasicLookAndFeel initComponentDefaults (Ljavax/swing/UIDefaults;)V 398 <appendix> argL0 ; # javax/swing/plaf/basic/BasicLookAndFeel$$Lambda+0x000000008d06b7f8
instanceKlass  @bci javax/swing/plaf/basic/BasicLookAndFeel initComponentDefaults (Ljavax/swing/UIDefaults;)V 391 <appendix> argL0 ; # javax/swing/plaf/basic/BasicLookAndFeel$$Lambda+0x000000008d06b5d0
instanceKlass  @bci javax/swing/plaf/basic/BasicLookAndFeel initComponentDefaults (Ljavax/swing/UIDefaults;)V 384 <appendix> argL0 ; # javax/swing/plaf/basic/BasicLookAndFeel$$Lambda+0x000000008d06b3a8
instanceKlass  @bci jdk/internal/foreign/abi/BindingSpecializer specializeHelper (Ljava/lang/invoke/MethodType;Ljava/lang/invoke/MethodType;Ljdk/internal/foreign/abi/CallingSequence;Ljdk/internal/foreign/abi/ABIDescriptor;)[B 28 <appendix> form vmentry <vmtarget> ; # java/lang/invoke/LambdaForm$DMH+0x000000008d049800
instanceKlass  @bci javax/swing/plaf/basic/BasicLookAndFeel initComponentDefaults (Ljavax/swing/UIDefaults;)V 377 <appendix> member <vmtarget> ; # javax/swing/plaf/basic/BasicLookAndFeel$$Lambda+0x000000008d06b178
instanceKlass javax/swing/border/AbstractBorder
instanceKlass  @bci javax/swing/plaf/basic/BasicLookAndFeel initComponentDefaults (Ljavax/swing/UIDefaults;)V 349 <appendix> member <vmtarget> ; # javax/swing/plaf/basic/BasicLookAndFeel$$Lambda+0x000000008d06aa58
instanceKlass  @bci javax/swing/plaf/basic/BasicLookAndFeel initComponentDefaults (Ljavax/swing/UIDefaults;)V 340 <appendix> argL0 ; # javax/swing/plaf/basic/BasicLookAndFeel$$Lambda+0x000000008d06a830
instanceKlass  @bci javax/swing/plaf/basic/BasicLookAndFeel initComponentDefaults (Ljavax/swing/UIDefaults;)V 333 <appendix> argL0 ; # javax/swing/plaf/basic/BasicLookAndFeel$$Lambda+0x000000008d06a608
instanceKlass  @bci javax/swing/plaf/basic/BasicLookAndFeel initComponentDefaults (Ljavax/swing/UIDefaults;)V 326 <appendix> argL0 ; # javax/swing/plaf/basic/BasicLookAndFeel$$Lambda+0x000000008d06a3e0
instanceKlass  @bci javax/swing/plaf/basic/BasicLookAndFeel initComponentDefaults (Ljavax/swing/UIDefaults;)V 319 <appendix> argL0 ; # javax/swing/plaf/basic/BasicLookAndFeel$$Lambda+0x000000008d06a1b8
instanceKlass  @bci javax/swing/plaf/basic/BasicLookAndFeel initComponentDefaults (Ljavax/swing/UIDefaults;)V 312 <appendix> argL0 ; # javax/swing/plaf/basic/BasicLookAndFeel$$Lambda+0x000000008d069f90
instanceKlass javax/swing/UIDefaults$ActiveValue
instanceKlass  @bci javax/swing/plaf/basic/BasicLookAndFeel initComponentDefaults (Ljavax/swing/UIDefaults;)V 47 <appendix> argL0 ; # javax/swing/plaf/basic/BasicLookAndFeel$$Lambda+0x000000008d069b50
instanceKlass  @bci javax/swing/plaf/basic/BasicLookAndFeel initComponentDefaults (Ljavax/swing/UIDefaults;)V 40 <appendix> argL0 ; # javax/swing/plaf/basic/BasicLookAndFeel$$Lambda+0x000000008d069928
instanceKlass  @bci javax/swing/plaf/basic/BasicLookAndFeel initComponentDefaults (Ljavax/swing/UIDefaults;)V 33 <appendix> argL0 ; # javax/swing/plaf/basic/BasicLookAndFeel$$Lambda+0x000000008d069700
instanceKlass  @bci javax/swing/plaf/basic/BasicLookAndFeel initComponentDefaults (Ljavax/swing/UIDefaults;)V 26 <appendix> argL0 ; # javax/swing/plaf/basic/BasicLookAndFeel$$Lambda+0x000000008d0694d8
instanceKlass  @bci javax/swing/plaf/basic/BasicLookAndFeel initComponentDefaults (Ljavax/swing/UIDefaults;)V 19 <appendix> argL0 ; # javax/swing/plaf/basic/BasicLookAndFeel$$Lambda+0x000000008d0692b0
instanceKlass javax/swing/UIDefaults$LazyValue
instanceKlass javax/swing/plaf/metal/DefaultMetalTheme$FontDelegate
instanceKlass javax/swing/plaf/UIResource
instanceKlass javax/swing/plaf/metal/MetalTheme
instanceKlass sun/swing/DefaultLookup
instanceKlass javax/swing/LookAndFeel
instanceKlass  @bci javax/swing/UIDefaults <clinit> ()V 10 <appendix> argL0 ; # javax/swing/UIDefaults$$Lambda+0x000000008d0672c0
instanceKlass  @cpi sun/awt/datatransfer/SunClipboard 410 form vmentry <vmtarget> ; # java/lang/invoke/LambdaForm$DMH+0x000000008d049400
instanceKlass sun/swing/SwingAccessor$UIDefaultsAccessor
instanceKlass javax/swing/UIManager$LAFState
instanceKlass sun/swing/SwingUtilities2$LSBCacheEntry
instanceKlass sun/swing/StringUIClientPropertyKey
instanceKlass javax/swing/UIClientPropertyKey
instanceKlass java/awt/font/FontRenderContext
instanceKlass sun/swing/SwingUtilities2
instanceKlass java/util/IdentityHashMap$IdentityHashMapIterator
instanceKlass java/util/Collections$SynchronizedCollection
instanceKlass java/awt/Toolkit$DesktopPropertyChangeSupport$1
instanceKlass java/util/ComparableTimSort
instanceKlass java/util/Arrays$LegacyMergeSort
instanceKlass sun/awt/SunHints$Value
instanceKlass java/awt/RenderingHints$Key
instanceKlass sun/awt/SunHints
instanceKlass java/awt/RenderingHints
instanceKlass sun/awt/windows/WDesktopProperties$WinPlaySound
instanceKlass  @bci javax/swing/text/html/parser/ParserDelegator createDTD (Ljavax/swing/text/html/parser/DTD;Ljava/lang/String;)Ljavax/swing/text/html/parser/DTD; 5 <appendix> form vmentry <vmtarget> ; # java/lang/invoke/LambdaForm$MH+0x000000008d049000
instanceKlass java/util/concurrent/locks/ReentrantReadWriteLock$WriteLock
instanceKlass java/util/concurrent/locks/ReentrantReadWriteLock$ReadLock
instanceKlass java/util/concurrent/locks/ReentrantReadWriteLock
instanceKlass java/util/concurrent/locks/ReadWriteLock
instanceKlass sun/awt/windows/ThemeReader
instanceKlass sun/awt/windows/WDesktopProperties
instanceKlass javax/swing/UIManager$LookAndFeelInfo
instanceKlass javax/swing/UIManager
instanceKlass java/awt/FlowLayout
instanceKlass javax/swing/JComponent$2
instanceKlass javax/swing/JComponent$1
instanceKlass sun/swing/SwingAccessor$JComponentAccessor
instanceKlass sun/awt/KeyboardFocusManagerPeerImpl
instanceKlass java/awt/peer/KeyboardFocusManagerPeer
instanceKlass javax/swing/KeyStroke$1
instanceKlass sun/swing/SwingAccessor$KeyStrokeAccessor
instanceKlass sun/swing/SwingAccessor
instanceKlass java/awt/AWTKeyStroke
instanceKlass java/awt/FocusTraversalPolicy
instanceKlass java/awt/DefaultKeyboardFocusManager$1
instanceKlass sun/awt/AWTAccessor$DefaultKeyboardFocusManagerAccessor
instanceKlass java/awt/KeyboardFocusManager$1
instanceKlass sun/awt/AWTAccessor$KeyboardFocusManagerAccessor
instanceKlass java/awt/KeyboardFocusManager
instanceKlass java/awt/KeyEventPostProcessor
instanceKlass java/awt/KeyEventDispatcher
instanceKlass java/awt/Window$WindowDisposerRecord
instanceKlass java/awt/geom/RectangularShape
instanceKlass java/awt/Shape
instanceKlass java/awt/BorderLayout
instanceKlass java/awt/LayoutManager2
instanceKlass java/awt/GraphicsConfiguration
instanceKlass sun/awt/image/SurfaceManager$ProxiedGraphicsConfig
instanceKlass sun/awt/image/SurfaceManager$ProxyCache
instanceKlass sun/java2d/pipe/hw/ContextCapabilities
instanceKlass sun/java2d/d3d/D3DGraphicsDevice$1
instanceKlass sun/java2d/d3d/D3DGraphicsDevice$1Result
instanceKlass sun/java2d/d3d/D3DRenderQueue$1
instanceKlass jdk/internal/foreign/MemorySessionImpl$ResourceList$ResourceCleanup
# instanceKlass java/lang/invoke/LambdaForm$DMH+0x000000008d048c00
instanceKlass  @cpi java/lang/ProcessHandleImpl 358 form vmentry <vmtarget> ; # java/lang/invoke/LambdaForm$DMH+0x000000008d048800
instanceKlass  @cpi java/lang/foreign/MemoryLayout 148 form vmentry <vmtarget> ; # java/lang/invoke/LambdaForm$DMH+0x000000008d048400
instanceKlass java/lang/foreign/AddressLayout
instanceKlass java/lang/foreign/ValueLayout
instanceKlass java/lang/foreign/MemoryLayout
# instanceKlass java/lang/invoke/LambdaForm$DMH+0x000000008d048000
# instanceKlass java/lang/invoke/LambdaForm$DMH+0x000000008d046c00
instanceKlass jdk/internal/foreign/abi/SharedUtils
instanceKlass jdk/internal/foreign/Utils
instanceKlass jdk/internal/foreign/AbstractMemorySegmentImpl
instanceKlass java/lang/foreign/MemorySegment
instanceKlass jdk/internal/foreign/SegmentFactories
instanceKlass jdk/internal/foreign/ArenaImpl
instanceKlass  @bci jdk/internal/foreign/MemorySessionImpl <clinit> ()V 47 <appendix> argL0 ; # jdk/internal/foreign/MemorySessionImpl$$Lambda+0x000000008d039500
instanceKlass  @bci jdk/internal/foreign/MemorySessionImpl <clinit> ()V 32 <appendix> argL0 ; # jdk/internal/foreign/MemorySessionImpl$$Lambda+0x000000008d039070
instanceKlass jdk/internal/foreign/MemorySessionImpl
instanceKlass java/lang/foreign/MemorySegment$Scope
instanceKlass java/lang/foreign/Arena$1Holder
instanceKlass java/lang/foreign/Arena
instanceKlass java/lang/foreign/SegmentAllocator
instanceKlass sun/java2d/pipe/RenderBuffer
instanceKlass sun/java2d/pipe/RenderQueue
instanceKlass java/awt/GraphicsDevice
instanceKlass sun/awt/SunDisplayChanger
instanceKlass sun/java2d/windows/WindowsFlags
instanceKlass java/awt/GraphicsEnvironment$LocalGE
instanceKlass java/awt/Cursor$1
instanceKlass sun/awt/AWTAccessor$CursorAccessor
instanceKlass java/awt/geom/Point2D
instanceKlass java/awt/Cursor
instanceKlass java/util/stream/Sink$ChainedReference
instanceKlass java/util/stream/ReduceOps$AccumulatingSink
instanceKlass java/util/stream/TerminalSink
instanceKlass java/util/stream/Sink
instanceKlass java/util/stream/ReduceOps$Box
instanceKlass java/util/stream/ReduceOps$ReduceOp
instanceKlass java/util/stream/TerminalOp
instanceKlass java/util/stream/ReduceOps
instanceKlass  @bci java/util/stream/Collectors joining (Ljava/lang/CharSequence;Ljava/lang/CharSequence;Ljava/lang/CharSequence;)Ljava/util/stream/Collector; 22 <appendix> argL0 ; # java/util/stream/Collectors$$Lambda+0x800000043
instanceKlass  @bci java/util/stream/Collectors joining (Ljava/lang/CharSequence;Ljava/lang/CharSequence;Ljava/lang/CharSequence;)Ljava/util/stream/Collector; 17 <appendix> argL0 ; # java/util/stream/Collectors$$Lambda+0x800000041
instanceKlass java/util/function/BinaryOperator
instanceKlass  @bci java/util/stream/Collectors joining (Ljava/lang/CharSequence;Ljava/lang/CharSequence;Ljava/lang/CharSequence;)Ljava/util/stream/Collector; 12 <appendix> argL0 ; # java/util/stream/Collectors$$Lambda+0x80000003e
instanceKlass java/util/function/BiConsumer
instanceKlass  @bci java/util/stream/Collectors joining (Ljava/lang/CharSequence;Ljava/lang/CharSequence;Ljava/lang/CharSequence;)Ljava/util/stream/Collector; 7 <appendix> member <vmtarget> ; # java/util/stream/Collectors$$Lambda+0x800000046
instanceKlass java/util/StringJoiner
instanceKlass java/util/stream/Collector
instanceKlass java/util/Collections$UnmodifiableCollection
instanceKlass java/util/stream/Collectors
instanceKlass  @bci java/lang/Class methodToString (Ljava/lang/String;[Ljava/lang/Class;)Ljava/lang/String; 42 <appendix> argL0 ; # java/lang/Class$$Lambda+0x000000008d036830
instanceKlass wv/codeclip/io/ClipboardService
instanceKlass javax/swing/Timer
instanceKlass wv/codeclip/CodeClipFrame$VersionEvent
instanceKlass javax/swing/text/Style
instanceKlass javax/swing/text/StyledDocument
instanceKlass javax/swing/text/Document
instanceKlass java/awt/ComponentOrientation
instanceKlass java/awt/Color
instanceKlass java/awt/Frame$1
instanceKlass sun/awt/AWTAccessor$FrameAccessor
instanceKlass java/awt/Window$1
instanceKlass sun/awt/AWTAccessor$WindowAccessor
instanceKlass jdk/internal/invoke/MhUtil
instanceKlass java/util/concurrent/atomic/AtomicBoolean
instanceKlass java/awt/Container$1
instanceKlass sun/awt/AWTAccessor$ContainerAccessor
instanceKlass java/awt/geom/Dimension2D
instanceKlass java/awt/LightweightDispatcher
instanceKlass java/awt/event/AWTEventListener
instanceKlass sun/awt/dnd/SunDragSourceContextPeer
instanceKlass java/awt/dnd/peer/DragSourceContextPeer
instanceKlass java/awt/ModalEventFilter
instanceKlass java/awt/EventDispatchThread$HierarchyEventFilter
instanceKlass java/awt/EventFilter
instanceKlass java/awt/EventDispatchThread$1
instanceKlass java/awt/Conditional
instanceKlass sun/awt/EventQueueItem
instanceKlass java/awt/event/InvocationEvent$1
instanceKlass sun/awt/AWTAccessor$InvocationEventAccessor
instanceKlass java/awt/ActiveEvent
instanceKlass sun/awt/PostEventQueue
instanceKlass sun/awt/MostRecentKeyValue
instanceKlass java/awt/Queue
instanceKlass java/lang/ThreadLocal$ThreadLocalMap
instanceKlass sun/awt/AppContext$3
instanceKlass jdk/internal/access/JavaAWTAccess
instanceKlass sun/awt/AppContext$GetAppContextLock
instanceKlass sun/awt/AppContext
instanceKlass java/lang/Shutdown$Lock
instanceKlass java/lang/Shutdown
instanceKlass java/lang/ApplicationShutdownHooks$1
instanceKlass java/lang/ApplicationShutdownHooks
instanceKlass  @bci sun/awt/windows/WToolkit registerShutdownHook ()V 8 <appendix> member <vmtarget> ; # sun/awt/windows/WToolkit$$Lambda+0x000000008d0307f0
instanceKlass sun/awt/AWTAutoShutdown
instanceKlass java/util/concurrent/ConcurrentLinkedDeque$Node
instanceKlass sun/awt/util/ThreadGroupUtils
instanceKlass sun/java2d/Disposer
instanceKlass sun/awt/windows/WToolkit$ToolkitDisposer
instanceKlass sun/java2d/DisposerRecord
instanceKlass  @bci sun/java2d/marlin/RendererContext createContext ()Lsun/java2d/marlin/RendererContext; 10 <appendix> form vmentry <vmtarget> ; # java/lang/invoke/LambdaForm$MH+0x000000008d046800
instanceKlass sun/awt/util/PerformanceLogger$TimeData
instanceKlass sun/awt/util/PerformanceLogger
instanceKlass sun/awt/SunToolkit$ModalityListenerList
instanceKlass sun/awt/ModalityListener
instanceKlass java/beans/PropertyChangeListener
instanceKlass java/beans/ChangeListenerMap
instanceKlass java/beans/PropertyChangeSupport
instanceKlass sun/util/logging/PlatformLogger$ConfigurableBridge$LoggerConfiguration
instanceKlass jdk/internal/logger/BootstrapLogger$RedirectedLoggers
instanceKlass javax/swing/event/EventListenerList
instanceKlass sun/awt/windows/WDesktopPeer
instanceKlass java/awt/peer/DesktopPeer
instanceKlass java/awt/Component$DummyRequestFocusController
instanceKlass sun/awt/RequestFocusController
instanceKlass java/awt/Component$1
instanceKlass sun/awt/AWTAccessor$ComponentAccessor
instanceKlass java/awt/font/JavaAWTFontAccessImpl
instanceKlass jdk/internal/access/JavaAWTFontAccess
instanceKlass java/text/AttributedCharacterIterator$Attribute
instanceKlass sun/font/AttributeValues
instanceKlass java/awt/geom/AffineTransform
instanceKlass sun/font/FontAccess
instanceKlass java/awt/Font
instanceKlass sun/awt/windows/WObjectPeer
instanceKlass java/awt/dnd/peer/DropTargetPeer
instanceKlass java/awt/peer/ComponentPeer
instanceKlass java/awt/event/InputEvent$1
instanceKlass sun/awt/AWTAccessor$InputEventAccessor
instanceKlass java/awt/event/NativeLibLoader
instanceKlass java/awt/AWTEvent$1
instanceKlass sun/awt/AWTAccessor$AWTEventAccessor
instanceKlass java/util/EventObject
instanceKlass java/awt/Component$AWTTreeLock
instanceKlass sun/awt/DisplayChangedListener
instanceKlass sun/awt/image/SurfaceManager
instanceKlass sun/awt/image/SurfaceManager$ImageAccessor
instanceKlass java/awt/ImageCapabilities
instanceKlass sun/java2d/DestSurfaceProvider
instanceKlass sun/java2d/loops/RenderCache$Entry
instanceKlass sun/java2d/loops/RenderCache
instanceKlass sun/java2d/pipe/DrawImage
instanceKlass sun/java2d/pipe/GeneralCompositePipe
instanceKlass sun/java2d/pipe/SpanShapeRenderer
instanceKlass sun/java2d/pipe/AlphaPaintPipe
instanceKlass sun/java2d/pipe/AAShapePipe
instanceKlass sun/java2d/pipe/RegionIterator
instanceKlass sun/java2d/pipe/Region
instanceKlass sun/java2d/pipe/SpanClipRenderer
instanceKlass sun/java2d/pipe/PixelToShapeConverter
instanceKlass sun/java2d/pipe/AlphaColorPipe
instanceKlass sun/java2d/pipe/CompositePipe
instanceKlass  @bci wv/codeclip/patch/PatchDuplicateDetector check (Ljava/lang/String;)Lwv/codeclip/patch/PatchDuplicateDetector$Result; 187 <appendix> form vmentry <vmtarget> ; # java/lang/invoke/LambdaForm$MH+0x000000008d046400
instanceKlass sun/awt/OSInfo$1
instanceKlass  @cpi sun/awt/Win32FontManager 393 form vmentry <vmtarget> ; # java/lang/invoke/LambdaForm$DMH+0x000000008d041c00
instanceKlass sun/awt/OSInfo$WindowsVersion
instanceKlass sun/awt/OSInfo
instanceKlass sun/font/FontUtilities
instanceKlass sun/java2d/pipe/GlyphListPipe
instanceKlass sun/java2d/pipe/OutlineTextRenderer
instanceKlass java/lang/invoke/VarForm
instanceKlass java/lang/invoke/VarHandleGuards
instanceKlass java/lang/invoke/VarHandles
instanceKlass java/util/concurrent/ConcurrentLinkedQueue$Node
instanceKlass java/lang/ThreadLocal
instanceKlass sun/java2d/ReentrantContextProvider
instanceKlass sun/java2d/marlin/FloatMath
instanceKlass sun/java2d/marlin/MarlinProperties
instanceKlass sun/java2d/marlin/MarlinConst
instanceKlass sun/java2d/pipe/RenderingEngine
instanceKlass sun/java2d/pipe/LoopPipe
instanceKlass sun/java2d/pipe/LoopBasedPipe
instanceKlass sun/java2d/pipe/ParallelogramPipe
instanceKlass sun/java2d/pipe/NullPipe
instanceKlass sun/java2d/pipe/DrawImagePipe
instanceKlass sun/java2d/pipe/TextPipe
instanceKlass sun/java2d/pipe/ShapeDrawPipe
instanceKlass sun/java2d/pipe/PixelFillPipe
instanceKlass sun/java2d/pipe/PixelDrawPipe
instanceKlass sun/java2d/StateTrackableDelegate$2
instanceKlass sun/java2d/StateTrackableDelegate
instanceKlass sun/java2d/cmm/ProfileDeferralInfo
instanceKlass java/awt/color/ICC_Profile$BuiltInProfile
instanceKlass  @bci java/awt/color/ICC_Profile <clinit> ()V 0 <appendix> argL0 ; # java/awt/color/ICC_Profile$$Lambda+0x000000008d022078
instanceKlass sun/java2d/cmm/Profile
instanceKlass sun/awt/AWTAccessor$ICC_ProfileAccessor
instanceKlass java/awt/color/ICC_Profile
instanceKlass java/awt/color/ColorSpace$BuiltInSpace
instanceKlass java/awt/color/ColorSpace
instanceKlass java/awt/image/ColorModel$1RGBdefault
instanceKlass java/awt/image/ColorModel
instanceKlass sun/awt/image/PixelConverter
instanceKlass sun/java2d/loops/SurfaceType
instanceKlass sun/java2d/SurfaceData
instanceKlass sun/java2d/Surface
instanceKlass sun/java2d/StateTrackable
instanceKlass sun/java2d/DisposerTarget
instanceKlass jdk/internal/logger/LazyLoggers$LazyLoggerAccessor
instanceKlass jdk/internal/logger/LazyLoggers$LoggerAccessor
instanceKlass jdk/internal/logger/AbstractLoggerWrapper
instanceKlass java/util/ServiceLoader$ProviderImpl
instanceKlass java/util/ServiceLoader$Provider
instanceKlass sun/util/logging/internal/LoggingProviderImpl$LogManagerAccess
instanceKlass java/util/concurrent/CopyOnWriteArrayList$COWIterator
instanceKlass jdk/internal/loader/URLClassPath$1
instanceKlass java/lang/CompoundEnumeration
instanceKlass jdk/internal/loader/BuiltinClassLoader$1
instanceKlass java/util/Collections$EmptyEnumeration
instanceKlass java/util/ServiceLoader$2
instanceKlass java/util/ServiceLoader$1
instanceKlass java/util/ServiceLoader$LazyClassPathLookupIterator
instanceKlass java/util/ArrayList$Itr
instanceKlass java/util/ImmutableCollections$SetN$SetNIterator
instanceKlass java/util/ImmutableCollections$Set12$1
instanceKlass java/util/Spliterators$1Adapter
instanceKlass java/util/EnumMap$1
instanceKlass java/util/stream/StreamOpFlag$MaskBuilder
instanceKlass java/util/stream/Stream
instanceKlass java/util/stream/BaseStream
instanceKlass java/util/stream/PipelineHelper
instanceKlass java/util/stream/StreamSupport
instanceKlass java/util/Spliterators$ArraySpliterator
instanceKlass java/util/Spliterator
instanceKlass java/util/Spliterators
instanceKlass jdk/internal/loader/AbstractClassLoaderValue$Memoizer
instanceKlass java/util/ServiceLoader$ModuleServicesLookupIterator
instanceKlass java/util/ServiceLoader
instanceKlass java/lang/System$LoggerFinder
instanceKlass jdk/internal/logger/BootstrapLogger$DetectBackend
instanceKlass jdk/internal/logger/BootstrapLogger
instanceKlass sun/util/logging/PlatformLogger$ConfigurableBridge
instanceKlass sun/util/logging/PlatformLogger$Bridge
instanceKlass java/lang/System$Logger
instanceKlass jdk/internal/logger/LazyLoggers$LazyLoggerFactories
instanceKlass jdk/internal/logger/LazyLoggers$1
instanceKlass jdk/internal/logger/LazyLoggers
instanceKlass sun/util/logging/PlatformLogger
instanceKlass java/util/Collections$SynchronizedMap
instanceKlass sun/awt/WeakIdentityHashMap
instanceKlass java/util/concurrent/locks/AbstractQueuedSynchronizer$ConditionObject
instanceKlass java/util/concurrent/locks/Condition
instanceKlass sun/awt/KeyboardFocusManagerPeerProvider
instanceKlass sun/awt/InputMethodSupport
instanceKlass sun/awt/ComponentFactory
instanceKlass sun/awt/PlatformGraphicsInfo
instanceKlass java/awt/GraphicsEnvironment
instanceKlass java/awt/Insets
instanceKlass  @bci wv/codeclip/generic/GenericStrictPatchApplier splice (Ljava/lang/String;Lwv/codeclip/html/HtmlFuzzyMatcher$Candidate;Ljava/lang/String;)Ljava/lang/String; 18 <appendix> form vmentry <vmtarget> ; # java/lang/invoke/LambdaForm$MH+0x000000008d041800
instanceKlass  @bci sun/datatransfer/DataFlavorUtil$DataFlavorComparator compare (Ljava/awt/datatransfer/DataFlavor;Ljava/awt/datatransfer/DataFlavor;)I 26 <appendix> form vmentry <vmtarget> ; # java/lang/invoke/LambdaForm$MH+0x000000008d041000
instanceKlass java/lang/StringConcatHelper$StringConcatBase
instanceKlass java/lang/invoke/StringConcatFactory$InlineHiddenClassStrategy$6
instanceKlass java/lang/invoke/StringConcatFactory$InlineHiddenClassStrategy$3$4
instanceKlass java/lang/invoke/StringConcatFactory$InlineHiddenClassStrategy$4
instanceKlass java/lang/invoke/StringConcatFactory$InlineHiddenClassStrategy$3$1
instanceKlass jdk/internal/classfile/impl/BytecodeHelpers$1
instanceKlass java/lang/invoke/StringConcatFactory$InlineHiddenClassStrategy$7
instanceKlass java/lang/invoke/StringConcatFactory$InlineHiddenClassStrategy$3$2
instanceKlass java/lang/invoke/StringConcatFactory$InlineHiddenClassStrategy$5
instanceKlass java/lang/invoke/StringConcatFactory$InlineHiddenClassStrategy$3$3
instanceKlass java/lang/invoke/StringConcatFactory$InlineHiddenClassStrategy$3
instanceKlass java/lang/invoke/StringConcatFactory$InlineHiddenClassStrategy$2
instanceKlass java/lang/invoke/StringConcatFactory$InlineHiddenClassStrategy$1
instanceKlass java/lang/invoke/StringConcatFactory$InlineHiddenClassStrategy
instanceKlass java/lang/invoke/StringConcatFactory
instanceKlass  @bci jdk/internal/module/SystemModuleFinders$SystemModuleReader open (Ljava/lang/String;)Ljava/util/Optional; 6 <appendix> member <vmtarget> ; # jdk/internal/module/SystemModuleFinders$SystemModuleReader$$Lambda+0x000000008d01a540
instanceKlass jdk/internal/module/SystemModuleFinders
instanceKlass jdk/internal/jimage/ImageLocation
instanceKlass jdk/internal/jimage/decompressor/Decompressor
instanceKlass jdk/internal/jimage/ImageStringsReader
instanceKlass jdk/internal/jimage/ImageStrings
instanceKlass jdk/internal/jimage/ImageHeader
instanceKlass java/nio/Bits$1
instanceKlass jdk/internal/misc/VM$BufferPool
instanceKlass java/nio/Bits
instanceKlass sun/nio/ch/DirectBuffer
instanceKlass java/util/Enumeration
instanceKlass java/util/concurrent/ConcurrentHashMap$Traverser
instanceKlass jdk/internal/loader/NativeLibraries$2
instanceKlass jdk/internal/loader/NativeLibrary
instanceKlass java/util/ArrayDeque$DeqIterator
instanceKlass jdk/internal/loader/NativeLibraries$NativeLibraryContext$1
instanceKlass jdk/internal/loader/NativeLibraries$NativeLibraryContext
instanceKlass jdk/internal/loader/NativeLibraries$1
instanceKlass jdk/internal/loader/NativeLibraries$LibraryPaths
instanceKlass jdk/internal/reflect/Reflection$1Holder
instanceKlass jdk/internal/jimage/NativeImageBuffer$1
instanceKlass jdk/internal/jimage/NativeImageBuffer
instanceKlass java/security/AccessControlContext
instanceKlass java/security/AccessController
instanceKlass jdk/internal/jimage/BasicImageReader$1
instanceKlass java/security/PrivilegedAction
instanceKlass jdk/internal/jimage/BasicImageReader
instanceKlass jdk/internal/jimage/ImageReader
instanceKlass jdk/internal/jimage/ImageReaderFactory$1
instanceKlass sun/nio/fs/WindowsPath
instanceKlass java/nio/file/Path
instanceKlass java/nio/file/Watchable
# instanceKlass java/lang/invoke/LambdaForm$MH+0x000000008d040800
instanceKlass jdk/internal/classfile/impl/AnnotationReader
instanceKlass jdk/internal/classfile/impl/TerminalFieldBuilder
instanceKlass java/lang/classfile/FieldBuilder
instanceKlass java/lang/invoke/InvokerBytecodeGenerator$2
instanceKlass jdk/internal/classfile/impl/DirectCodeBuilder$8
instanceKlass java/lang/invoke/InvokerBytecodeGenerator$4$1
instanceKlass java/lang/classfile/constantpool/FieldRefEntry
instanceKlass java/lang/invoke/InvokerBytecodeGenerator$4
instanceKlass java/lang/classfile/attribute/SourceFileAttribute
instanceKlass java/lang/classfile/Superclass
instanceKlass java/lang/invoke/InvokerBytecodeGenerator$1
instanceKlass java/lang/invoke/InvokerBytecodeGenerator$3
instanceKlass java/lang/invoke/LambdaFormBuffer
instanceKlass java/lang/invoke/LambdaFormEditor$TransformKey
instanceKlass java/lang/invoke/LambdaFormEditor
instanceKlass java/lang/invoke/DelegatingMethodHandle$Holder
instanceKlass sun/reflect/annotation/AnnotationParser
instanceKlass sun/nio/fs/WindowsPathParser
instanceKlass java/nio/file/FileSystem
instanceKlass java/nio/file/OpenOption
instanceKlass java/nio/file/spi/FileSystemProvider
instanceKlass sun/nio/fs/DefaultFileSystemProvider
instanceKlass jdk/internal/jimage/ImageReaderFactory
instanceKlass jdk/internal/module/SystemModuleFinders$SystemImage
instanceKlass jdk/internal/module/SystemModuleFinders$SystemModuleReader
instanceKlass java/lang/module/ModuleReader
instanceKlass jdk/internal/loader/BuiltinClassLoader$2
instanceKlass jdk/internal/module/Checks
instanceKlass jdk/internal/module/Resources
instanceKlass sun/invoke/empty/Empty
instanceKlass sun/invoke/util/VerifyType
instanceKlass jdk/internal/reflect/MethodHandleAccessorFactory$LazyStaticHolder
instanceKlass java/util/ResourceBundle$ResourceBundleProviderHelper
instanceKlass java/util/ImmutableCollections$ListItr
instanceKlass java/util/ListIterator
instanceKlass  @bci java/util/ResourceBundle$Control getCandidateLocales (Ljava/lang/String;Ljava/util/Locale;)Ljava/util/List; 23 <appendix> argL0 ; # java/util/ResourceBundle$Control$$Lambda+0x80000001d
instanceKlass java/util/ResourceBundle$CacheKeyReference
instanceKlass java/util/ResourceBundle$CacheKey
instanceKlass  @bci java/util/ResourceBundle$Control <clinit> ()V 39 <appendix> argL0 ; # java/util/ResourceBundle$Control$$Lambda+0x80000001e
instanceKlass java/util/ResourceBundle$Control
instanceKlass java/util/Optional
instanceKlass sun/util/locale/LocaleUtils
instanceKlass java/util/Locale
instanceKlass java/util/ResourceBundle$1
instanceKlass jdk/internal/access/JavaUtilResourceBundleAccess
instanceKlass java/util/ResourceBundle
instanceKlass java/awt/Toolkit$1
instanceKlass sun/awt/AWTAccessor$ToolkitAccessor
instanceKlass java/awt/Toolkit
instanceKlass sun/awt/AWTAccessor
instanceKlass java/awt/EventQueue$2
instanceKlass sun/awt/AWTAccessor$EventQueueAccessor
instanceKlass java/awt/EventQueue$1
instanceKlass java/awt/EventQueue
instanceKlass javax/swing/SwingUtilities
instanceKlass java/lang/invoke/Invokers$Holder
instanceKlass java/lang/invoke/DirectMethodHandle$2
instanceKlass java/lang/invoke/ClassSpecializer$Factory
instanceKlass java/lang/invoke/ClassSpecializer$SpeciesData
instanceKlass java/lang/invoke/ClassSpecializer$1
instanceKlass jdk/internal/vm/annotation/Stable
instanceKlass java/lang/invoke/ClassSpecializer
instanceKlass java/lang/invoke/MethodHandleImpl$1
instanceKlass jdk/internal/access/JavaLangInvokeAccess
instanceKlass  @bci wv/codeclip/CodeClip main ([Ljava/lang/String;)V 0 <appendix> argL0 ; # wv/codeclip/CodeClip$$Lambda+0x000000008d045950
instanceKlass jdk/internal/util/ModifiedUtf
instanceKlass jdk/internal/classfile/impl/ClassReaderImpl
instanceKlass java/lang/classfile/ClassReader
instanceKlass jdk/internal/classfile/impl/ClassHierarchyImpl$CachedClassHierarchyResolver$1
instanceKlass java/lang/classfile/ClassHierarchyResolver$ClassHierarchyInfo
instanceKlass jdk/internal/classfile/impl/ClassHierarchyImpl$CachedClassHierarchyResolver
instanceKlass jdk/internal/classfile/impl/ClassHierarchyImpl$ClassLoadingClassHierarchyResolver$1
instanceKlass jdk/internal/classfile/impl/ClassHierarchyImpl$ClassLoadingClassHierarchyResolver
instanceKlass java/lang/classfile/ClassHierarchyResolver
instanceKlass jdk/internal/classfile/impl/ClassHierarchyImpl
instanceKlass jdk/internal/classfile/impl/RawBytecodeHelper$1
instanceKlass jdk/internal/classfile/impl/RawBytecodeHelper
instanceKlass jdk/internal/classfile/impl/StackMapGenerator$Frame
instanceKlass jdk/internal/classfile/impl/StackMapGenerator
instanceKlass java/lang/classfile/CustomAttribute
instanceKlass jdk/internal/classfile/impl/BytecodeHelpers
instanceKlass java/lang/invoke/TypeConvertingMethodAdapter
instanceKlass java/lang/invoke/InnerClassLambdaMetafactory$6
instanceKlass java/lang/classfile/constantpool/MethodRefEntry
instanceKlass java/lang/classfile/constantpool/MemberRefEntry
instanceKlass java/lang/classfile/constantpool/NameAndTypeEntry
instanceKlass java/lang/classfile/instruction/LabelTarget
instanceKlass java/lang/classfile/Label
instanceKlass jdk/internal/classfile/impl/BufWriterImpl
instanceKlass java/lang/classfile/BufWriter
instanceKlass java/lang/classfile/instruction/LocalVariableType
instanceKlass java/lang/classfile/instruction/LocalVariable
instanceKlass java/lang/classfile/instruction/CharacterRange
instanceKlass java/lang/classfile/PseudoInstruction
instanceKlass java/lang/classfile/CodeElement
instanceKlass jdk/internal/classfile/impl/TerminalCodeBuilder
instanceKlass jdk/internal/classfile/impl/LabelContext
instanceKlass java/lang/classfile/CodeBuilder
instanceKlass jdk/internal/classfile/impl/TerminalMethodBuilder
instanceKlass jdk/internal/classfile/impl/MethodInfo
instanceKlass java/lang/classfile/MethodBuilder
instanceKlass java/lang/invoke/InnerClassLambdaMetafactory$3
instanceKlass java/lang/classfile/Interfaces
instanceKlass java/util/ImmutableCollections$Access$1
instanceKlass jdk/internal/access/JavaUtilCollectionAccess
instanceKlass java/util/ImmutableCollections$Access
instanceKlass jdk/internal/classfile/impl/AttributeHolder
instanceKlass java/lang/classfile/ClassBuilder
instanceKlass java/lang/classfile/ClassFileBuilder
instanceKlass jdk/internal/classfile/impl/AbstractDirectBuilder
instanceKlass java/lang/invoke/InnerClassLambdaMetafactory$1
instanceKlass java/util/function/Consumer
instanceKlass jdk/internal/classfile/impl/ClassFileImpl
instanceKlass java/lang/classfile/ClassFile
instanceKlass java/lang/invoke/LambdaProxyClassArchive
instanceKlass java/lang/classfile/constantpool/ClassEntry
instanceKlass java/lang/classfile/constantpool/LoadableConstantEntry
instanceKlass jdk/internal/classfile/impl/Util
instanceKlass jdk/internal/classfile/impl/EntryMap
instanceKlass jdk/internal/classfile/impl/BootstrapMethodEntryImpl
instanceKlass java/lang/classfile/BootstrapMethodEntry
instanceKlass jdk/internal/classfile/impl/SplitConstantPool
instanceKlass java/lang/invoke/InfoFromMemberName
instanceKlass java/lang/invoke/MethodHandleInfo
instanceKlass java/lang/invoke/AbstractValidatingLambdaMetafactory
instanceKlass java/lang/invoke/BootstrapMethodInvoker
instanceKlass java/awt/datatransfer/Transferable
instanceKlass javax/swing/border/Border
instanceKlass javax/swing/text/MutableAttributeSet
instanceKlass javax/swing/text/AttributeSet
instanceKlass javax/swing/SwingWorker
instanceKlass java/util/concurrent/RunnableFuture
instanceKlass java/util/concurrent/Future
instanceKlass java/awt/image/WritableRenderedImage
instanceKlass java/awt/image/RenderedImage
instanceKlass java/awt/Image
instanceKlass java/awt/Stroke
instanceKlass java/awt/Paint
instanceKlass java/awt/Transparency
instanceKlass javax/swing/ScrollPaneConstants
instanceKlass javax/swing/Action
instanceKlass java/awt/event/ActionListener
instanceKlass javax/swing/SwingConstants
instanceKlass java/awt/ItemSelectable
instanceKlass javax/swing/MenuElement
instanceKlass java/awt/event/WindowListener
instanceKlass javax/swing/event/DocumentListener
instanceKlass java/awt/event/MouseListener
instanceKlass java/awt/LayoutManager
instanceKlass javax/swing/Scrollable
instanceKlass java/awt/Component
instanceKlass java/awt/image/ImageObserver
instanceKlass java/awt/MenuContainer
instanceKlass javax/swing/TransferHandler$HasGetTransferHandler
instanceKlass javax/swing/RootPaneContainer
instanceKlass javax/accessibility/Accessible
instanceKlass javax/swing/WindowConstants
instanceKlass java/awt/event/FocusListener
instanceKlass java/util/EventListener
instanceKlass java/lang/invoke/InvokerBytecodeGenerator$8
instanceKlass jdk/internal/classfile/impl/AbstractAttributeMapper
instanceKlass java/lang/classfile/AttributeMapper
instanceKlass java/lang/classfile/Attributes
instanceKlass jdk/internal/classfile/impl/Util$Writable
instanceKlass jdk/internal/classfile/impl/AbstractElement
instanceKlass java/lang/classfile/attribute/RuntimeVisibleAnnotationsAttribute
instanceKlass java/lang/classfile/FieldElement
instanceKlass java/lang/classfile/MethodElement
instanceKlass java/lang/classfile/ClassElement
instanceKlass java/lang/classfile/Attribute
instanceKlass java/lang/classfile/ClassFileElement
instanceKlass java/lang/classfile/constantpool/Utf8Entry
instanceKlass java/lang/classfile/constantpool/AnnotationConstantValueEntry
instanceKlass java/lang/classfile/constantpool/PoolEntry
instanceKlass jdk/internal/classfile/impl/AbstractPoolEntry
instanceKlass jdk/internal/classfile/impl/TemporaryConstantPool
instanceKlass java/lang/classfile/constantpool/ConstantPoolBuilder
instanceKlass java/lang/classfile/constantpool/ConstantPool
instanceKlass java/lang/classfile/Annotation
instanceKlass java/lang/classfile/AnnotationElement
instanceKlass java/lang/invoke/InvokerBytecodeGenerator
instanceKlass java/lang/invoke/LambdaForm$Holder
instanceKlass java/lang/invoke/LambdaForm$Name
instanceKlass java/lang/reflect/Array
instanceKlass java/lang/invoke/Invokers
instanceKlass sun/invoke/util/ValueConversions
instanceKlass java/lang/invoke/DirectMethodHandle$Holder
instanceKlass java/lang/invoke/LambdaForm$NamedFunction
instanceKlass java/lang/constant/DynamicConstantDesc
instanceKlass jdk/internal/constant/DirectMethodHandleDescImpl$1
instanceKlass jdk/internal/constant/DirectMethodHandleDescImpl
instanceKlass java/lang/constant/DirectMethodHandleDesc
instanceKlass java/lang/constant/MethodHandleDesc$1
instanceKlass java/lang/constant/MethodHandleDesc
instanceKlass jdk/internal/constant/MethodTypeDescImpl
instanceKlass java/lang/constant/MethodTypeDesc
instanceKlass jdk/internal/constant/ConstantUtils
instanceKlass jdk/internal/constant/ArrayClassDescImpl
instanceKlass jdk/internal/constant/ClassOrInterfaceDescImpl
instanceKlass java/lang/constant/ClassDesc
instanceKlass java/lang/constant/ConstantDescs
instanceKlass sun/invoke/util/Wrapper$Format
instanceKlass java/lang/invoke/MethodTypeForm
instanceKlass jdk/internal/util/StrongReferenceKey
instanceKlass jdk/internal/util/ReferenceKey
instanceKlass jdk/internal/util/ReferencedKeyMap
instanceKlass java/lang/invoke/MethodType$1
instanceKlass java/lang/invoke/LambdaMetafactory
instanceKlass java/lang/PublicMethods$Key
instanceKlass java/lang/PublicMethods$MethodList
instanceKlass jdk/internal/misc/MethodFinder
instanceKlass wv/codeclip/CodeClip
instanceKlass java/security/PermissionCollection
instanceKlass java/security/SecureClassLoader$1
instanceKlass java/io/FileInputStream$1
instanceKlass sun/nio/ByteBuffered
instanceKlass jdk/internal/ref/CleanerImpl$CleanableList$Node
instanceKlass jdk/internal/ref/CleanerImpl$CleanableList
instanceKlass jdk/internal/ref/CleanerImpl
instanceKlass java/lang/ref/Cleaner$1
instanceKlass java/lang/ref/Cleaner
instanceKlass jdk/internal/ref/CleanerFactory$1
instanceKlass java/util/concurrent/ThreadFactory
instanceKlass jdk/internal/ref/CleanerFactory
instanceKlass java/lang/ref/Cleaner$Cleanable
instanceKlass java/lang/Package$VersionInfo
instanceKlass java/lang/NamedPackage
instanceKlass jdk/internal/loader/Resource
instanceKlass jdk/internal/loader/URLClassPath$Loader
instanceKlass sun/net/util/URLUtil
instanceKlass java/lang/StringCoding
instanceKlass sun/nio/cs/ArrayDecoder
instanceKlass java/nio/charset/CharsetDecoder
instanceKlass sun/launcher/LauncherHelper
instanceKlass jdk/internal/vm/ContinuationSupport
instanceKlass java/util/Deque
instanceKlass java/util/Queue
instanceKlass sun/net/util/IPAddressUtil$MASKS
instanceKlass sun/net/util/IPAddressUtil
instanceKlass java/net/URLStreamHandler
instanceKlass sun/net/www/ParseUtil
instanceKlass java/net/URL$1
instanceKlass jdk/internal/access/JavaNetURLAccess
instanceKlass java/net/URL$DefaultFactory
instanceKlass java/net/URLStreamHandlerFactory
instanceKlass jdk/internal/loader/URLClassPath
instanceKlass java/lang/Module$EnableNativeAccess
instanceKlass jdk/internal/loader/BootLoader
instanceKlass java/util/concurrent/ConcurrentHashMap$CollectionView
instanceKlass jdk/internal/loader/ClassLoaderHelper
instanceKlass java/lang/ClassLoader$ParallelLoaders
instanceKlass java/security/cert/Certificate
instanceKlass java/net/URI$1
instanceKlass jdk/internal/access/JavaNetUriAccess
instanceKlass jdk/internal/loader/AbstractClassLoaderValue
instanceKlass jdk/internal/module/ModuleBootstrap$Counters
instanceKlass jdk/internal/module/ModuleLoaderMap$Modules
instanceKlass jdk/internal/module/ModuleLoaderMap
instanceKlass jdk/internal/module/ModulePatcher
instanceKlass jdk/internal/util/DecimalDigits
instanceKlass java/io/FileSystem
instanceKlass java/io/DefaultFileSystem
instanceKlass java/io/File
instanceKlass java/lang/module/ModuleDescriptor$1
instanceKlass jdk/internal/access/JavaLangModuleAccess
instanceKlass sun/invoke/util/VerifyAccess
instanceKlass java/util/KeyValueHolder
instanceKlass java/util/ImmutableCollections$MapN$MapNIterator
instanceKlass java/lang/invoke/MethodHandles$Lookup
instanceKlass java/lang/invoke/MemberName$Factory
instanceKlass java/lang/invoke/MethodHandles
instanceKlass jdk/internal/module/ModuleBootstrap
instanceKlass java/util/HexFormat
instanceKlass jdk/internal/util/ClassFileDumper
instanceKlass java/lang/CharacterData
instanceKlass java/lang/invoke/MethodHandleStatics
instanceKlass java/util/Collections
instanceKlass java/lang/Thread$ThreadIdentifiers
instanceKlass sun/io/Win32ErrorMode
instanceKlass jdk/internal/misc/OSEnvironment
instanceKlass jdk/internal/misc/Signal$NativeHandler
instanceKlass java/util/Hashtable$Entry
instanceKlass jdk/internal/misc/Signal
instanceKlass java/lang/Terminator$1
instanceKlass jdk/internal/misc/Signal$Handler
instanceKlass java/lang/Terminator
instanceKlass java/nio/ByteOrder
instanceKlass java/nio/Buffer$2
instanceKlass jdk/internal/access/JavaNioAccess
instanceKlass java/nio/Buffer$1
instanceKlass jdk/internal/misc/ScopedMemoryAccess
instanceKlass java/nio/charset/CodingErrorAction
instanceKlass sun/nio/cs/SingleByte
instanceKlass java/lang/StringUTF16
instanceKlass sun/nio/cs/MS1252$Holder
instanceKlass sun/nio/cs/ArrayEncoder
instanceKlass java/nio/charset/CharsetEncoder
instanceKlass java/io/Writer
instanceKlass java/io/OutputStream
instanceKlass java/io/Flushable
instanceKlass java/io/FileDescriptor$1
instanceKlass jdk/internal/access/JavaIOFileDescriptorAccess
instanceKlass java/io/FileDescriptor
instanceKlass jdk/internal/util/StaticProperty
instanceKlass jdk/internal/reflect/MethodHandleAccessorFactory
instanceKlass jdk/internal/reflect/Reflection
instanceKlass java/lang/reflect/Modifier
instanceKlass java/lang/Class$Atomic
instanceKlass java/lang/Class$ReflectionData
instanceKlass java/nio/charset/StandardCharsets
instanceKlass sun/nio/cs/HistoricallyNamedCharset
instanceKlass java/util/Arrays
instanceKlass jdk/internal/util/Preconditions$3
instanceKlass jdk/internal/util/Preconditions$2
instanceKlass jdk/internal/util/Preconditions$4
instanceKlass java/util/function/BiFunction
instanceKlass jdk/internal/util/Preconditions$1
instanceKlass jdk/internal/util/Preconditions
instanceKlass java/nio/charset/spi/CharsetProvider
instanceKlass java/nio/charset/Charset
instanceKlass java/util/HashMap$HashIterator
instanceKlass java/util/Objects
instanceKlass java/util/concurrent/locks/LockSupport
instanceKlass java/util/concurrent/ConcurrentHashMap$CounterCell
instanceKlass java/util/concurrent/locks/ReentrantLock
instanceKlass java/util/concurrent/locks/Lock
instanceKlass java/lang/Runtime
instanceKlass java/lang/VersionProps
instanceKlass java/lang/StringConcatHelper
instanceKlass jdk/internal/util/ArraysSupport
instanceKlass java/lang/StringLatin1
instanceKlass java/lang/StrictMath
instanceKlass jdk/internal/util/SystemProps$Raw
instanceKlass jdk/internal/util/SystemProps
instanceKlass java/lang/System$1
instanceKlass jdk/internal/access/JavaLangAccess
instanceKlass java/lang/ref/ReferenceQueue$Lock
instanceKlass java/lang/ref/ReferenceQueue
instanceKlass java/lang/ref/Reference$1
instanceKlass jdk/internal/access/JavaLangRefAccess
instanceKlass java/lang/Math
instanceKlass java/io/ObjectStreamClass
instanceKlass jdk/internal/reflect/ReflectionFactory
instanceKlass jdk/internal/access/SharedSecrets
instanceKlass java/lang/reflect/ReflectAccess
instanceKlass jdk/internal/access/JavaLangReflectAccess
instanceKlass jdk/internal/misc/CDS
instanceKlass jdk/internal/misc/VM
instanceKlass java/lang/String$CaseInsensitiveComparator
instanceKlass java/util/Comparator
instanceKlass java/io/ObjectStreamField
instanceKlass java/lang/Module$ArchivedData
instanceKlass jdk/internal/module/ArchivedBootLayer
instanceKlass jdk/internal/loader/BuiltinClassLoader$LoadedModule
instanceKlass jdk/internal/module/ServicesCatalog$ServiceProvider
instanceKlass java/util/concurrent/CopyOnWriteArrayList
instanceKlass jdk/internal/module/ServicesCatalog
instanceKlass java/util/concurrent/ConcurrentHashMap$Node
instanceKlass jdk/internal/loader/NativeLibraries
instanceKlass java/security/Principal
instanceKlass jdk/internal/loader/ArchivedClassLoaders
instanceKlass jdk/internal/math/FDBigInteger
instanceKlass java/lang/ModuleLayer
instanceKlass java/util/ImmutableCollections
instanceKlass jdk/internal/module/ModuleLoaderMap$Mapper
instanceKlass java/util/function/Function
instanceKlass java/lang/module/ResolvedModule
instanceKlass java/lang/module/Configuration
instanceKlass java/util/HashMap$Node
instanceKlass java/util/Map$Entry
instanceKlass java/util/Collections$UnmodifiableMap
instanceKlass jdk/internal/module/ModuleHashes
instanceKlass jdk/internal/module/ModuleTarget
instanceKlass java/lang/module/ModuleDescriptor$Opens
instanceKlass java/lang/module/ModuleDescriptor$Provides
instanceKlass jdk/internal/module/SystemModuleFinders$2
instanceKlass jdk/internal/module/ModuleHashes$HashSupplier
instanceKlass jdk/internal/module/SystemModuleFinders$1
instanceKlass java/util/function/Supplier
instanceKlass java/net/URI
instanceKlass java/lang/module/ModuleDescriptor$Exports
instanceKlass java/lang/module/ModuleDescriptor$Requires
instanceKlass java/lang/module/ModuleDescriptor$Version
instanceKlass java/lang/module/ModuleDescriptor
instanceKlass java/lang/module/ModuleReference
instanceKlass java/util/Set
instanceKlass jdk/internal/module/SystemModuleFinders$SystemModuleFinder
instanceKlass java/lang/module/ModuleFinder
instanceKlass jdk/internal/module/ArchivedModuleGraph
instanceKlass sun/util/locale/BaseLocale
instanceKlass java/util/jar/Attributes$Name
instanceKlass java/lang/Character$CharacterCache
instanceKlass java/lang/Short$ShortCache
instanceKlass java/lang/Byte$ByteCache
instanceKlass java/lang/Long$LongCache
instanceKlass java/lang/Integer$IntegerCache
instanceKlass jdk/internal/vm/FillerObject
instanceKlass jdk/internal/vm/vector/VectorSupport$VectorPayload
instanceKlass jdk/internal/vm/vector/VectorSupport
instanceKlass java/lang/reflect/RecordComponent
instanceKlass java/util/Iterator
instanceKlass java/lang/Void
instanceKlass java/lang/Number
instanceKlass java/lang/Character
instanceKlass java/lang/Boolean
instanceKlass java/util/concurrent/locks/AbstractOwnableSynchronizer
instanceKlass java/lang/LiveStackFrame
instanceKlass java/lang/ClassFrameInfo
instanceKlass java/lang/StackWalker$StackFrame
instanceKlass java/lang/StackStreamFactory$AbstractStackWalker
instanceKlass java/lang/StackWalker
instanceKlass java/nio/Buffer
instanceKlass java/lang/StackTraceElement
instanceKlass java/util/RandomAccess
instanceKlass java/util/List
instanceKlass java/util/SequencedCollection
instanceKlass java/util/AbstractCollection
instanceKlass java/util/Collection
instanceKlass java/lang/Iterable
instanceKlass java/util/concurrent/ConcurrentMap
instanceKlass java/util/AbstractMap
instanceKlass java/security/CodeSource
instanceKlass jdk/internal/loader/ClassLoaders
instanceKlass java/util/jar/Manifest
instanceKlass java/lang/Enum
instanceKlass java/net/URL
instanceKlass java/io/InputStream
instanceKlass java/io/Closeable
instanceKlass java/lang/AutoCloseable
instanceKlass jdk/internal/module/Modules
instanceKlass jdk/internal/misc/Unsafe
instanceKlass jdk/internal/misc/UnsafeConstants
instanceKlass java/lang/AbstractStringBuilder
instanceKlass java/lang/Appendable
instanceKlass java/lang/AssertionStatusDirectives
instanceKlass jdk/internal/foreign/abi/ABIDescriptor
instanceKlass jdk/internal/foreign/abi/NativeEntryPoint
instanceKlass java/lang/invoke/CallSite
instanceKlass java/lang/invoke/MethodType
instanceKlass java/lang/invoke/TypeDescriptor$OfMethod
instanceKlass java/lang/invoke/LambdaForm
instanceKlass java/lang/invoke/MethodHandleNatives
instanceKlass java/lang/invoke/MethodHandleImpl
instanceKlass java/lang/invoke/ResolvedMethodName
instanceKlass java/lang/invoke/MemberName
instanceKlass java/lang/invoke/VarHandle
instanceKlass java/lang/invoke/MethodHandle
instanceKlass jdk/internal/reflect/ConstructorAccessorImpl
instanceKlass jdk/internal/reflect/ConstructorAccessor
instanceKlass jdk/internal/reflect/CallerSensitive
instanceKlass java/lang/annotation/Annotation
instanceKlass jdk/internal/reflect/ConstantPool
instanceKlass jdk/internal/reflect/MethodAccessorImpl
instanceKlass jdk/internal/reflect/MethodAccessor
instanceKlass jdk/internal/vm/StackChunk
instanceKlass jdk/internal/vm/Continuation
instanceKlass jdk/internal/vm/ContinuationScope
instanceKlass java/lang/reflect/Parameter
instanceKlass java/lang/reflect/Member
instanceKlass java/lang/reflect/AccessibleObject
instanceKlass java/lang/Module
instanceKlass java/util/Map
instanceKlass java/util/Dictionary
instanceKlass java/lang/ThreadGroup
instanceKlass java/lang/Thread$UncaughtExceptionHandler
instanceKlass java/lang/Thread$Constants
instanceKlass java/lang/Thread$FieldHolder
instanceKlass java/lang/Thread
instanceKlass java/lang/Runnable
instanceKlass java/lang/ref/Reference
instanceKlass java/lang/Record
instanceKlass java/security/ProtectionDomain
instanceKlass java/lang/Throwable
instanceKlass java/lang/System
instanceKlass java/lang/ClassLoader
instanceKlass java/lang/Cloneable
instanceKlass java/lang/Class
instanceKlass java/lang/invoke/TypeDescriptor$OfField
instanceKlass java/lang/invoke/TypeDescriptor
instanceKlass java/lang/reflect/Type
instanceKlass java/lang/reflect/GenericDeclaration
instanceKlass java/lang/reflect/AnnotatedElement
instanceKlass java/lang/String
instanceKlass java/lang/constant/ConstantDesc
instanceKlass java/lang/constant/Constable
instanceKlass java/lang/CharSequence
instanceKlass java/lang/Comparable
instanceKlass java/io/Serializable
ciInstanceKlass java/lang/Object 1 1 115 7 1 10 12 1 1 10 7 12 1 1 1 10 7 12 1 1 1 10 12 1 1 8 1 10 12 1 1 10 7 12 1 1 1 10 12 1 10 12 1 1 100 1 8 1 10 12 1 10 7 12 1 1 1 7 1 10 12 1 100 1 10 12 1 1 8 1 3 8 1 100 1 5 0 1 1 1 1 1 1 1 1 1 1 1 1 1 1 1 1 100 1 1 1 1 1 1 1 1 1 1 1 1 1 100 1 1 1 1 1 1 3 1 1
ciMethod java/lang/Object equals (Ljava/lang/Object;)Z 540 0 48972 0 88
ciMethod java/lang/Object hashCode ()I 256 0 128 0 -1
ciInstanceKlass java/io/Serializable 1 0 7 100 1 100 1 1 1
ciInstanceKlass java/lang/System 1 1 591 10 100 12 1 1 1 10 7 12 1 1 1 10 12 1 1 10 12 1 9 12 1 1 10 7 12 1 1 1 11 100 12 1 1 1 10 100 12 1 1 1 10 12 1 1 100 1 8 1 10 12 1 9 12 1 1 9 12 1 1 10 7 12 1 1 1 10 7 12 1 1 1 10 12 1 1 10 12 1 10 7 12 1 1 1 10 12 1 10 12 1 1 7 1 10 12 1 1 100 1 8 1 10 10 12 1 1 100 1 8 1 10 10 7 12 1 1 10 12 10 7 12 1 1 10 7 12 1 1 1 100 1 8 1 10 10 7 12 1 1 1 10 7 12 1 1 1 100 1 10 100 12 1 1 1 10 12 1 1 10 7 12 1 1 1 10 12 1 1 10 12 1 10 12 1 8 1 10 12 1 1 10 12 1 1 8 1 10 12 1 7 1 7 1 10 12 1 9 7 12 1 1 1 10 7 12 1 1 1 10 12 1 10 12 1 10 7 12 1 1 1 100 1 8 1 10 9 12 1 1 9 12 1 10 12 1 10 100 12 1 1 10 12 1 10 12 1 1 100 1 10 8 1 10 12 1 1 10 12 1 10 12 1 1 10 12 1 1 8 1 11 7 12 1 1 10 12 11 12 1 1 11 7 12 1 1 1 11 7 12 1 1 11 12 1 1 7 1 11 12 1 10 12 1 8 1 10 12 1 1 8 1 8 1 8 1 8 1 11 12 1 10 12 1 1 10 12 1 10 12 1 8 1 10 12 1 1 8 1 9 12 1 8 1 10 7 12 1 1 8 1 7 1 9 7 12 1 1 1 10 12 1 7 1 9 12 10 9 12 7 1 10 12 9 12 1 1 8 1 10 12 1 1 8 1 9 12 1 10 7 12 1 1 10 12 1 10 12 1 1 11 7 12 1 1 10 12 10 7 12 1 1 1 9 12 1 1 100 1 100 1 8 1 10 12 1 1 10 12 1 8 1 8 1 10 8 1 8 1 8 1 8 1 8 1 10 8 1 10 7 12 1 1 1 10 7 12 1 1 1 10 12 1 1 7 1 10 10 12 1 10 12 1 9 12 1 1 1 1 1 1 1 1 1 1 1 1 100 1 1 100 1 1 1 1 1 1 1 1 1 1 3 1 1 1 1 1 1 1 1 1 1 1 1 1 1 1 1 1 1 1 1 1 1 1 1 1 1 1 1 1 1 1 1 1 1 1 1 1 1 1 1 1 1 1 1 1 1 1 1 1 1 1 100 1 1 1 1 1 1 1 1 1 1 1 1 1 1 1 1 1 1 1 1 1 1 1 1 1 100 1 100 1 1 1 1 1 1 1 1
staticfield java/lang/System in Ljava/io/InputStream; java/io/BufferedInputStream
staticfield java/lang/System out Ljava/io/PrintStream; java/io/PrintStream
staticfield java/lang/System err Ljava/io/PrintStream; java/io/PrintStream
ciInstanceKlass java/util/Properties 1 1 690 10 7 12 1 1 1 100 1 10 7 12 1 1 7 1 10 12 1 9 12 1 1 9 12 1 1 9 12 1 1 10 7 12 1 1 1 10 12 1 1 8 1 10 7 12 1 1 1 7 1 10 12 1 10 12 1 1 8 1 10 12 1 7 1 10 12 10 12 1 1 9 12 1 1 10 12 1 1 7 1 10 12 1 10 12 1 10 12 1 1 100 1 8 1 10 12 1 10 12 1 10 12 1 1 10 12 1 100 1 3 10 10 100 12 1 1 1 10 12 1 10 12 1 1 8 1 10 12 1 10 12 1 1 8 1 10 100 12 1 1 10 12 1 1 10 12 1 10 12 1 1 100 1 10 12 1 10 12 1 1 100 1 9 100 12 1 1 1 10 12 1 10 12 1 1 10 12 1 1 10 12 1 1 100 1 9 12 1 1 100 1 100 1 10 12 1 100 1 11 100 12 1 1 1 11 12 1 1 11 100 12 1 1 1 11 100 12 1 1 1 11 12 1 1 11 12 1 11 12 1 10 12 1 1 8 1 10 12 1 10 100 12 1 1 10 12 1 100 1 10 10 12 1 10 12 1 100 1 10 10 12 1 1 10 100 12 1 1 9 100 12 1 1 10 12 1 1 10 100 12 1 1 1 100 1 100 1 100 1 10 8 1 8 1 10 12 1 10 12 1 10 12 1 1 10 10 12 1 1 10 12 1 1 100 1 10 10 12 1 11 100 12 1 1 10 100 12 1 1 1 8 1 10 100 12 1 1 11 11 100 1 8 1 10 100 1 11 10 12 1 10 10 12 1 10 12 1 1 10 12 1 1 10 12 1 1 10 12 1 10 12 1 10 10 12 1 10 12 1 10 12 1 10 10 12 1 1 10 12 1 1 10 10 12 1 10 12 1 10 12 1 10 12 1 10 12 1 1 10 12 1 1 10 12 1 10 12 1 10 12 1 1 10 12 10 12 1 1 10 12 1 1 10 12 1 10 12 1 1 10 12 1 1 10 12 10 11 12 1 4 11 10 12 1 1 10 100 12 1 1 11 12 1 10 12 1 1 10 100 12 1 1 10 12 1 100 1 8 1 10 12 1 10 10 100 12 1 1 1 100 1 6 0 10 12 1 1 11 100 12 1 1 1 10 12 1 10 12 1 1 1 1 1 5 0 1 1 1 1 1 1 1 1 1 1 1 1 1 1 1 1 1 1 1 1 1 1 1 1 1 1 1 1 1 1 1 1 1 1 1 1 1 1 1 100 1 1 1 1 1 1 1 1 1 1 1 1 1 1 1 1 1 1 1 1 100 1 1 1 1 1 1 1 1 1 1 1 1 100 1 100 1 1 1 1 1 100 1 1 1 1 1 1 1 1 1 1 1 1 1 1 1 1 1 1 1 1 1 1 1 1 1 1 1 1 1 1 1 1 1 1 1 1 1 1 1 1 1 1 1 1 1 1 1 1 1 1 1 1 1 1 1 1 1 1 1 1 1 1 1 1 1 1 1 1 1 1 1 1 1 1 1 1 1 100 1 1 1 1 1 1 1 1 1 1 1 100 1 1
staticfield java/util/Properties UNSAFE Ljdk/internal/misc/Unsafe; jdk/internal/misc/Unsafe
instanceKlass java/util/Hashtable
ciInstanceKlass java/util/Dictionary 1 1 36 10 7 12 1 1 1 100 1 1 1 1 1 1 1 1 1 1 1 1 1 1 1 1 1 1 1 1 1 1 1 1 1 1 1 1
instanceKlass javax/swing/UIDefaults
instanceKlass java/util/Properties
ciInstanceKlass java/util/Hashtable 1 1 516 100 1 10 7 12 1 1 1 9 7 12 1 1 1 100 1 100 1 10 8 1 10 12 1 1 10 12 1 10 12 1 1 10 12 1 10 7 12 1 1 1 8 1 10 12 1 9 12 1 1 7 1 9 12 1 1 4 10 7 12 1 1 1 9 12 1 4 10 12 1 11 100 12 1 1 1 10 12 1 1 10 12 1 1 9 12 1 10 12 1 1 100 1 10 9 12 1 1 10 7 12 1 1 1 9 12 1 1 10 12 1 10 12 1 3 9 12 1 9 12 1 3 10 12 1 10 12 1 10 12 1 1 11 12 1 1 11 100 12 1 1 1 11 100 12 1 1 1 11 12 1 100 1 11 12 1 11 12 1 10 12 1 1 10 12 1 1 10 12 1 9 12 1 1 9 12 9 12 1 1 10 100 1 100 1 10 12 1 10 8 1 10 10 12 1 8 1 10 8 1 10 7 12 1 1 1 7 1 10 12 1 10 12 1 100 1 10 12 1 10 12 1 1 7 1 10 100 1 10 10 12 1 1 11 12 1 1 11 12 1 100 1 10 10 10 7 12 1 1 11 100 12 1 1 1 100 1 10 11 100 12 1 1 11 100 12 1 10 12 1 10 12 1 1 10 100 12 1 1 10 12 1 1 10 12 1 1 10 12 1 1 10 100 12 1 1 1 8 10 100 12 1 1 100 1 8 1 10 4 4 10 12 1 1 10 12 1 8 1 4 10 12 10 100 12 1 1 1 100 1 11 100 12 1 1 1 10 100 12 1 1 1 10 12 1 10 12 1 1 10 100 1 100 1 1 1 1 1 1 5 0 1 1 1 1 1 3 1 3 1 3 1 1 1 1 1 1 1 1 1 1 1 1 1 1 1 1 1 1 1 1 1 1 1 1 1 100 1 1 1 1 1 1 1 1 1 1 1 1 1 1 1 1 1 1 1 1 1 1 1 1 1 1 1 1 1 100 1 1 1 1 1 1 1 1 1 1 1 1 1 1 100 1 1 1 1 1 1 1 1 1 1 1 1 1 1 1 1 1 1 1 1 1 1 1 1 1 1 1 1 1 1 1 1 1 1 1 1 1 1 1 1 1 1 1 1 100 1 1 1 100 1 1 1 1 1 100 1 1 1 1 1 1 1 1 1 1 1 1 1 1 1 1 1 1
ciInstanceKlass java/util/Map 1 1 263 11 7 12 1 1 1 11 12 1 1 10 7 12 1 1 11 12 1 1 11 100 12 1 1 1 11 100 12 1 1 1 11 12 1 1 7 1 11 12 1 11 12 1 100 1 100 1 10 12 1 1 11 100 12 1 1 1 11 100 12 1 1 1 11 12 1 11 12 1 10 12 1 1 11 12 1 11 7 12 1 9 7 12 1 1 1 100 1 10 12 7 1 7 1 10 12 1 7 1 10 100 1 11 12 1 11 12 1 1 11 12 1 1 100 1 11 12 1 1 1 1 1 1 1 1 1 1 1 1 1 1 1 1 1 1 1 1 1 1 1 1 1 1 1 1 1 1 1 1 1 1 1 1 1 1 1 1 1 1 1 1 1 1 1 1 1 1 1 1 1 1 1 1 1 1 1 1 1 1 1 1 1 1 1 1 1 1 1 1 1 1 1 1 1 1 1 1 1 1 1 1 1 1 1 1 1 1 1 1 1 1 1 1 1 1 1 1 1 1 1 1 1 1 1 1 1 1 1 1 1 1 1 1 1 1 1 1 1 1 1 1 1 1 100 1 1 1 1 1 1 1 1 1 1 1 1 1 1 1 1 1 1
ciInstanceKlass java/lang/String 1 1 1471 10 7 12 1 1 1 8 1 9 7 12 1 1 1 9 12 1 1 9 12 1 1 9 12 1 1 10 12 1 10 12 1 1 10 12 1 1 9 12 1 10 7 12 1 1 1 10 12 1 1 10 12 1 10 7 12 1 1 1 10 12 1 1 10 12 1 1 10 12 1 10 12 1 1 10 12 1 10 7 12 1 1 1 7 1 9 7 12 1 1 1 10 7 12 1 1 1 10 12 1 1 10 12 1 1 10 7 12 1 1 1 10 12 1 1 9 7 12 1 1 10 12 9 7 12 1 1 10 12 1 1 3 10 12 1 1 7 1 11 12 1 1 11 12 1 11 12 1 1 10 7 12 1 1 1 10 12 1 1 9 7 12 1 1 1 10 12 1 1 10 12 1 11 12 1 1 10 12 1 10 12 10 12 1 1 100 1 100 1 10 12 1 10 12 1 10 7 12 1 1 1 10 12 1 1 7 1 10 12 1 1 7 1 10 12 1 1 10 12 1 1 10 12 1 10 10 12 1 100 1 100 1 100 1 10 12 1 10 12 1 1 10 12 1 1 10 12 1 10 12 1 1 10 12 1 1 10 7 12 1 1 7 1 11 10 100 12 1 1 11 12 1 11 12 1 10 12 1 10 12 1 10 12 10 12 1 1 10 10 7 12 1 1 1 10 7 12 1 1 10 12 1 1 10 7 12 1 1 10 12 1 10 12 1 1 10 12 1 1 10 12 1 10 12 1 10 12 1 1 100 1 10 12 1 1 10 12 10 12 1 10 12 1 1 10 12 1 1 10 7 12 1 1 1 10 12 1 10 12 1 1 10 12 1 10 12 1 3 3 10 12 1 1 10 12 1 10 12 1 1 10 12 1 1 10 12 1 1 10 12 1 10 12 1 1 10 12 1 1 10 12 1 10 12 1 10 12 1 10 12 1 1 10 12 1 10 12 1 10 12 1 10 12 1 10 12 1 10 12 1 10 7 1 10 8 1 10 12 1 1 10 12 1 8 1 10 12 1 1 10 12 10 12 1 8 1 10 10 12 1 1 10 12 1 1 100 1 5 0 100 1 8 1 10 10 12 1 1 5 0 5 0 5 0 10 12 1 1 10 100 1 10 10 12 1 10 12 1 10 12 1 10 10 12 1 10 12 1 10 12 1 10 12 1 10 12 1 10 12 1 10 12 1 1 10 12 1 1 10 12 1 1 10 10 12 1 1 10 10 12 1 100 1 10 9 100 12 1 1 1 11 100 12 1 1 1 10 12 1 1 10 12 1 1 10 7 1 10 12 1 10 12 1 10 7 12 1 1 1 10 12 1 10 12 1 1 10 12 1 11 7 1 11 12 10 12 1 10 12 1 1 10 12 1 1 10 10 12 1 10 12 1 9 12 1 1 11 7 12 1 1 1 10 12 10 10 12 1 10 12 1 1 10 10 12 1 10 12 1 10 12 1 1 10 12 1 1 10 10 12 1 1 10 10 7 12 1 1 1 10 12 1 10 12 1 10 12 10 10 12 10 10 12 1 10 12 1 10 10 12 10 12 1 1 10 12 10 10 12 10 12 1 10 12 10 12 10 10 12 1 10 12 1 1 10 12 1 1 10 10 12 1 10 7 12 1 1 1 10 12 1 1 10 10 7 12 1 1 1 11 10 12 1 10 12 1 1 10 12 1 1 10 7 12 1 1 1 10 12 1 10 12 1 10 12 1 10 12 1 10 12 1 10 12 1 100 1 10 10 12 1 10 12 1 1 8 1 10 12 1 3 3 10 12 1 10 12 1 1 10 12 7 1 10 10 12 1 1 10 12 10 12 1 10 12 1 10 12 1 1 10 12 1 1 11 7 12 1 1 1 7 1 10 12 1 10 12 1 1 8 1 10 12 1 1 10 12 1 11 100 12 1 1 1 11 100 12 1 1 11 12 1 10 12 1 10 12 1 1 10 10 7 12 1 1 1 10 12 1 10 12 1 10 10 12 10 12 1 1 10 10 12 1 10 10 12 1 10 10 12 1 10 10 12 1 10 12 1 1 10 10 12 1 8 1 10 12 1 1 18 12 1 1 11 100 12 1 1 1 3 18 12 1 18 12 1 8 1 10 100 12 1 1 1 11 12 1 1 10 12 10 10 12 1 10 11 12 1 1 10 12 1 1 11 12 1 18 3 11 10 11 11 10 12 1 10 12 1 1 8 1 10 12 1 10 12 1 10 12 1 1 10 10 12 1 11 100 12 1 100 1 100 1 10 12 100 1 10 10 100 12 1 1 1 100 1 10 7 1 10 10 12 1 10 10 12 1 8 1 10 10 12 1 8 1 8 1 10 12 1 10 12 1 10 10 12 10 100 12 1 1 10 100 12 1 1 10 100 12 1 1 8 1 10 12 1 10 12 1 10 9 12 1 10 12 9 7 12 1 1 1 10 12 1 10 12 1 10 12 1 10 12 10 12 1 10 12 1 8 1 10 100 12 1 1 1 10 12 10 12 1 1 10 12 10 12 10 12 7 1 9 12 1 1 7 1 10 100 1 100 1 100 1 100 1 1 1 1 1 1 5 0 1 1 1 1 1 3 1 3 1 1 1 1 1 1 1 1 1 1 1 1 1 1 1 100 1 1 1 1 1 1 1 1 1 1 1 1 1 1 1 1 1 1 1 1 1 1 1 1 1 1 1 1 1 1 1 100 1 1 1 1 1 1 1 1 1 1 1 1 100 1 1 1 1 1 1 1 1 1 1 1 1 1 1 1 1 1 1 1 1 1 1 1 1 1 1 1 1 1 1 1 1 1 1 1 1 1 1 1 1 1 1 1 1 1 1 1 1 1 1 1 1 1 1 1 1 1 1 1 1 1 1 1 1 1 1 1 1 1 1 1 1 1 1 1 1 1 1 1 1 1 1 1 1 1 1 1 1 1 1 1 1 1 1 1 1 1 1 1 1 1 1 1 1 1 1 1 1 1 1 1 1 1 1 1 1 1 1 1 1 1 1 1 1 1 1 1 1 1 1 1 1 1 1 1 1 1 1 1 1 1 1 1 1 1 1 1 1 1 1 1 1 1 1 1 1 1 1 1 1 1 1 1 1 1 1 1 1 1 1 1 1 1 1 1 1 1 1 1 100 1 1 1 1 1 1 1 1 1 1 1 1 1 1 1 1 1 1 1 1 1 1 1 100 1 1 1 1 1 1 1 1 1 1 1 1 1 1 1 100 1 1 1 1 1 1 1 1 1 1 1 1 1 1 1 16 15 10 12 16 15 10 12 15 10 12 15 10 12 15 10 100 12 1 1 1 1 100 1 1 1 1 1 100 1 100 1 1 1
staticfield java/lang/String COMPACT_STRINGS Z 1
staticfield java/lang/String serialPersistentFields [Ljava/io/ObjectStreamField; 0 [Ljava/io/ObjectStreamField;
staticfield java/lang/String CASE_INSENSITIVE_ORDER Ljava/util/Comparator; java/lang/String$CaseInsensitiveComparator
ciMethod java/lang/String equals (Ljava/lang/Object;)Z 512 0 12741 0 448
ciMethod java/lang/String hashCode ()I 686 0 11758 0 776
ciInstanceKlass java/lang/Comparable 1 0 12 100 1 100 1 1 1 1 1 1 1 1
ciInstanceKlass java/lang/CharSequence 1 1 145 11 7 12 1 1 1 18 12 1 1 100 1 10 100 12 1 1 1 18 10 100 12 1 1 1 11 12 1 1 11 100 1 11 12 1 1 10 100 12 1 1 1 11 12 1 1 10 12 1 1 10 12 1 100 1 10 12 1 1 10 100 12 1 1 1 100 1 10 10 12 1 1 100 1 1 1 1 1 1 1 1 1 1 1 1 1 1 1 1 1 1 1 1 1 1 1 1 1 1 1 1 1 1 1 1 1 1 1 1 1 1 1 1 16 1 15 11 12 16 15 11 12 15 10 100 12 1 1 1 1 1 100 1 100 1 1 100 1 1 100 1 100 1 1
ciInstanceKlass java/lang/constant/Constable 1 0 11 100 1 100 1 1 1 1 1 1 1
ciInstanceKlass java/lang/constant/ConstantDesc 1 0 37 100 1 100 1 1 1 1 100 1 1 1 1 100 1 100 1 100 1 100 1 100 1 100 1 100 1 100 1 100 1 1 100 1 100 1 1
ciInstanceKlass java/lang/AutoCloseable 1 0 12 100 1 100 1 1 1 1 100 1 1 1
ciInstanceKlass java/io/Closeable 1 0 14 100 1 100 1 100 1 1 1 1 100 1 1 1
ciInstanceKlass java/lang/Appendable 1 0 14 100 1 100 1 1 1 1 100 1 1 1 1 1
ciInstanceKlass java/util/Set 1 1 144 100 1 10 100 12 1 1 1 9 7 12 1 1 1 7 1 10 12 1 1 10 12 1 7 1 7 1 10 12 1 7 1 7 1 11 100 12 1 1 1 11 12 1 1 100 1 10 12 1 10 12 1 1 11 12 1 1 1 1 1 1 1 1 1 1 1 1 1 1 1 1 1 1 1 1 1 1 1 1 1 1 1 1 1 1 1 1 1 1 1 1 1 1 1 1 1 1 1 1 1 1 1 1 1 1 1 1 1 1 1 1 1 1 1 1 1 1 1 1 1 1 1 1 1 1 1 1 1 1 1 1 1 1 1 1 1 1 1 1 1 1 1 1
ciInstanceKlass java/util/Iterator 1 1 53 100 1 8 1 10 12 1 1 10 7 12 1 1 1 11 7 12 1 1 1 11 12 1 1 11 7 12 1 1 1 100 1 1 1 1 1 1 1 1 1 1 1 1 1 1 1 1 1 1 1 1 1
ciInstanceKlass java/util/Map$Entry 1 0 178 18 12 1 1 100 1 100 1 18 10 100 12 1 1 1 18 12 1 18 100 1 11 100 12 1 1 1 11 12 1 11 100 12 1 1 1 10 100 12 1 1 1 10 100 12 1 1 1 8 1 10 12 1 1 8 1 8 1 8 1 10 12 1 10 12 1 8 10 100 1 10 12 1 8 10 12 1 8 1 10 12 1 8 10 12 1 8 1 10 12 1 1 8 1 100 1 8 1 10 12 1 1 11 12 100 1 11 12 1 1 1 1 1 1 1 1 1 1 1 1 1 1 1 1 1 1 1 1 1 1 1 1 1 1 1 1 1 1 1 1 1 1 1 1 1 1 1 16 15 11 12 16 3 3 15 11 12 15 11 12 15 11 12 15 10 100 12 1 1 1 1 1 100 1 100 1 1
instanceKlass sun/nio/ch/ChannelInputStream
instanceKlass java/io/FilterInputStream
instanceKlass java/io/FileInputStream
instanceKlass java/io/ByteArrayInputStream
ciInstanceKlass java/io/InputStream 1 1 197 100 1 10 7 12 1 1 1 100 1 10 10 7 12 1 1 1 10 100 12 1 1 1 10 12 1 100 1 100 1 3 10 12 1 1 100 1 8 1 10 12 1 10 7 12 1 1 1 3 100 1 8 1 10 10 7 12 1 1 1 100 1 10 11 100 12 1 1 1 10 12 1 1 11 12 1 1 11 100 12 1 1 1 11 12 1 1 100 1 10 100 12 1 1 1 5 0 10 12 1 10 12 1 1 100 1 10 8 1 10 8 1 8 1 10 12 1 1 10 100 12 1 1 1 100 1 5 0 10 12 1 100 1 100 1 1 1 1 3 1 3 1 1 1 1 1 1 1 1 1 1 1 1 1 1 1 1 1 1 1 1 1 1 1 1 1 1 1 1 1 1 1 1 1 1 1 1 1 1 1 1 1 1 1 1 1 1 1 1 1 1 1 1 1 1 1
instanceKlass java/security/SecureClassLoader
ciInstanceKlass java/lang/ClassLoader 1 1 1076 9 7 12 1 1 1 10 7 12 1 1 1 9 12 1 1 10 7 12 1 1 1 7 1 10 12 1 1 10 12 1 1 9 12 1 1 10 12 1 1 100 1 10 12 1 10 12 1 1 10 7 12 1 1 1 100 1 8 1 10 12 1 10 7 1 10 7 1 7 1 7 1 10 12 1 10 12 1 9 12 1 1 10 10 7 12 1 1 1 9 12 1 1 9 12 1 9 12 1 1 9 12 1 9 12 1 1 9 12 1 1 7 1 10 12 1 9 12 1 1 10 12 1 1 10 7 12 1 1 1 9 12 1 9 12 1 1 9 12 1 10 12 1 1 9 12 10 12 1 1 7 1 10 8 1 10 12 1 1 10 12 1 10 7 1 7 1 10 7 12 1 1 1 10 7 12 1 1 1 8 1 10 12 1 10 12 1 10 12 1 1 10 12 1 1 10 12 1 1 10 12 1 1 10 12 1 1 10 12 1 100 1 10 12 1 10 100 12 1 1 1 10 12 1 1 10 12 1 10 12 1 10 12 1 10 12 1 10 12 1 1 10 10 12 1 10 12 1 10 10 12 1 1 10 12 1 1 100 1 8 1 10 8 1 10 12 1 10 12 1 100 1 8 1 10 12 1 1 10 12 1 1 10 10 12 1 1 10 12 1 1 10 12 1 1 10 7 1 10 12 1 10 12 1 1 10 12 1 1 10 12 1 1 10 12 1 1 10 12 1 1 10 12 1 1 10 12 1 1 10 7 12 1 1 1 10 12 1 10 12 1 10 12 1 1 10 12 1 10 12 1 10 12 1 10 12 1 1 10 12 1 10 12 1 1 8 1 9 12 1 10 12 1 1 8 1 8 1 10 7 12 1 1 100 1 10 10 12 10 12 1 10 12 1 10 12 1 10 12 1 1 10 7 12 1 1 10 12 1 10 7 1 7 1 10 12 1 1 10 12 1 10 7 1 10 12 1 100 1 18 12 1 10 100 12 1 1 1 10 100 12 1 1 1 10 7 12 1 1 10 12 1 10 12 1 100 1 10 12 1 8 1 10 10 12 1 1 10 12 1 10 12 1 1 100 1 10 12 1 1 10 100 12 1 1 10 12 1 10 7 12 1 1 10 12 1 8 1 100 1 10 10 12 1 9 12 1 10 7 12 1 1 10 12 1 100 1 8 1 10 12 1 10 8 1 8 1 10 12 1 1 10 12 1 1 10 12 1 1 10 100 12 1 1 100 1 100 1 10 12 1 1 100 1 100 1 10 100 12 1 1 10 12 1 10 12 1 10 12 1 10 12 1 10 12 1 1 10 12 1 8 1 7 1 18 12 1 1 10 12 1 1 10 12 1 10 12 1 10 12 1 8 1 10 12 1 10 12 1 18 12 1 11 100 12 1 1 1 100 1 10 12 1 1 10 12 1 10 11 12 1 1 10 18 10 12 1 1 11 100 12 1 18 12 1 11 12 1 1 10 12 1 10 12 1 1 10 12 1 1 100 1 8 1 10 10 12 1 8 1 8 1 10 100 12 1 1 10 12 1 100 1 10 10 12 1 8 1 8 1 8 1 10 12 1 10 12 1 10 12 1 1 10 12 1 1 10 12 1 10 100 12 1 1 1 11 100 12 1 1 100 1 10 11 10 12 1 10 12 1 10 12 1 1 9 100 12 1 1 9 12 1 1 9 12 9 12 1 9 12 1 9 12 1 8 10 12 1 1 10 7 12 1 1 1 10 12 1 1 10 12 1 1 10 12 1 1 8 1 10 12 1 1 8 10 12 1 1 8 8 10 12 1 10 12 1 10 12 1 11 12 1 1 10 100 12 1 1 1 100 1 10 12 1 10 12 1 10 12 1 1 1 1 1 1 1 1 1 1 1 1 1 1 1 1 1 1 1 1 1 1 1 1 1 1 100 1 1 1 1 1 1 1 1 1 1 1 1 1 1 1 1 1 1 1 1 1 1 1 1 1 100 1 1 1 1 1 1 1 1 1 1 1 1 1 1 1 1 1 1 1 1 1 1 1 1 1 1 1 1 1 1 1 1 1 1 1 1 1 1 1 1 1 1 1 100 1 1 1 1 1 1 1 1 1 1 1 1 1 1 1 1 1 1 1 1 1 100 1 1 1 1 1 1 1 1 1 1 1 1 1 1 1 1 1 1 1 1 1 1 1 1 1 1 1 1 1 1 1 1 1 1 1 1 1 1 1 1 1 1 1 1 100 1 1 1 1 1 1 1 1 1 1 1 1 1 1 1 1 1 1 1 1 1 1 1 1 1 1 1 1 1 1 1 1 1 1 1 1 1 1 1 1 1 1 1 1 1 1 1 1 1 1 1 16 1 15 10 12 16 1 16 15 10 12 16 1 16 1 15 10 12 16 15 10 12 16 15 10 12 16 15 10 100 12 1 1 1 1 1 100 1 100 1 1
staticfield java/lang/ClassLoader nocerts [Ljava/security/cert/Certificate; 0 [Ljava/security/cert/Certificate;
staticfield java/lang/ClassLoader $assertionsDisabled Z 1
instanceKlass sun/awt/image/ImageFetcher
instanceKlass java/util/concurrent/ForkJoinWorkerThread
instanceKlass java/util/concurrent/DelayScheduler
instanceKlass java/awt/EventDispatchThread
instanceKlass jdk/internal/misc/InnocuousThread
instanceKlass java/lang/ref/Finalizer$FinalizerThread
instanceKlass java/lang/ref/Reference$ReferenceHandler
instanceKlass java/lang/BaseVirtualThread
ciInstanceKlass java/lang/Thread 1 1 761 9 7 12 1 1 1 9 7 12 1 1 1 9 12 1 9 12 1 10 12 1 1 9 12 1 1 10 7 12 1 1 10 12 1 10 100 12 1 1 100 1 8 1 10 12 1 1 9 12 1 1 9 12 1 9 12 1 1 7 1 10 12 1 1 10 12 1 7 1 10 12 10 12 1 1 9 12 1 1 10 12 1 100 1 10 12 1 10 12 1 1 10 12 1 1 10 12 1 10 12 1 1 100 1 8 1 10 9 7 12 1 1 1 10 12 1 1 10 3 8 1 100 1 5 0 10 7 12 1 1 1 9 12 1 10 12 1 1 10 7 1 100 1 8 1 10 10 12 1 10 12 1 1 10 12 1 1 10 7 12 1 1 10 12 1 10 12 1 10 7 12 1 1 5 0 9 12 1 10 7 12 1 1 1 10 12 1 1 9 12 1 1 10 100 12 1 1 10 100 12 1 1 1 10 12 1 10 12 1 1 9 12 1 1 10 7 12 1 1 9 12 1 8 1 9 100 12 1 1 1 5 0 100 1 10 100 1 10 100 1 10 100 1 10 8 1 10 12 1 1 10 100 12 1 10 12 1 10 12 1 100 1 8 1 10 10 12 1 10 12 1 1 10 100 12 1 1 1 10 100 12 1 1 1 10 12 1 7 1 9 12 1 1 100 1 10 10 12 1 9 12 1 1 10 12 1 1 10 12 1 1 10 12 1 10 12 1 9 12 1 1 10 10 12 1 1 10 12 1 1 11 7 12 1 1 10 7 12 1 1 9 12 1 1 9 12 1 1 10 100 12 1 1 10 12 1 1 10 12 1 10 7 12 1 1 10 12 1 100 1 10 9 12 1 1 10 12 1 11 100 12 1 1 11 12 1 10 12 1 10 12 1 10 12 1 9 12 1 10 10 12 1 10 12 1 1 9 12 1 9 12 10 12 1 8 1 10 12 1 10 12 1 10 12 1 10 12 1 10 12 1 1 10 12 1 10 12 1 1 10 100 12 1 1 10 12 1 10 12 1 10 12 1 10 12 1 1 9 7 12 1 1 1 8 1 10 9 12 1 10 12 1 100 1 8 1 10 10 12 1 8 1 10 12 1 1 9 12 8 1 10 10 12 1 10 12 1 8 1 10 12 1 10 8 1 9 12 1 1 10 12 1 1 10 10 12 1 10 12 1 100 10 7 12 1 1 1 10 12 1 1 10 12 1 1 10 100 12 1 1 1 11 100 12 1 1 1 10 12 1 1 9 12 1 10 12 1 10 12 1 1 11 100 12 1 1 1 10 12 1 1 1 1 3 1 3 1 3 1 3 1 1 1 1 1 1 1 1 1 1 1 1 1 1 1 1 1 1 1 1 1 1 1 1 1 1 1 100 1 1 1 1 1 1 1 1 1 1 1 1 1 1 1 1 1 1 100 1 1 1 1 1 1 1 1 1 1 1 1 1 1 1 100 1 1 1 1 1 1 1 1 1 1 1 1 1 1 1 1 1 1 1 1 1 1 1 1 1 1 1 1 1 1 1 1 1 1 1 1 1 1 1 1 1 1 1 1 1 1 1 1 1 1 1 1 1 1 1 1 1 1 1 1 1 1 1 1 1 1 1 1 1 1 100 100 1 1 1 1 1 1 1 1 1 1 1 1 1 1 1 1 1 1 1 1 1 1 1 100 1 100 1 100 1 1 1 1 100 1 1 1 1 1 1 1 1 1 1 1 1
staticfield java/lang/Thread NEW_THREAD_BINDINGS Ljava/lang/Object; java/lang/Class
staticfield java/lang/Thread EMPTY_STACK_TRACE [Ljava/lang/StackTraceElement; 0 [Ljava/lang/StackTraceElement;
ciMethod java/lang/Thread interrupt ()V 0 0 11 0 -1
ciInstanceKlass java/lang/Runnable 1 0 11 100 1 100 1 1 1 1 1 1 1
ciInstanceKlass jdk/internal/access/JavaLangAccess 1 0 206 100 1 100 1 1 1 1 1 1 1 1 1 1 1 1 1 1 1 1 1 1 1 1 1 1 1 1 1 1 1 1 1 1 1 1 1 1 1 1 1 1 1 100 1 1 1 1 1 1 1 1 1 1 1 1 1 1 1 1 1 1 1 1 1 1 1 1 1 1 1 1 1 1 1 1 1 1 1 1 1 1 1 1 1 1 1 1 1 1 1 1 1 1 1 1 1 1 1 1 1 100 1 1 1 1 1 1 1 1 1 1 1 1 1 1 1 1 1 1 1 1 1 1 1 1 1 1 1 1 1 1 1 1 1 1 1 1 1 1 1 1 1 1 1 1 1 1 1 1 1 1 1 1 1 1 1 1 1 1 1 1 1 1 1 1 1 1 1 1 1 1 1 1 1 1 1 1 1 1 1 1 1 1 1 1 1 1 1 1 1 1 1 1 1 1 1 1 1 1 1 100 1 100 1 1
ciMethod java/lang/System getProperty (Ljava/lang/String;)Ljava/lang/String; 144 0 166 0 -1
ciInstanceKlass java/lang/Class 1 1 1652 10 7 12 1 1 1 10 7 12 1 1 9 12 1 1 9 12 1 1 9 12 1 1 9 12 1 1 9 12 1 1 10 12 1 1 8 1 10 12 1 8 1 8 1 10 12 1 1 10 7 12 1 1 1 10 12 1 7 1 10 10 12 1 10 12 1 1 10 12 1 1 10 12 1 1 10 7 12 1 1 10 12 1 10 12 1 10 12 1 1 10 12 1 8 1 10 12 1 8 1 10 12 1 8 1 8 1 10 12 1 1 10 7 12 1 1 1 18 12 1 1 11 7 12 1 1 1 8 1 8 1 8 1 10 7 12 1 1 1 11 12 1 1 8 1 10 12 1 10 10 12 1 1 10 12 1 8 1 10 12 1 1 8 1 10 12 1 10 12 1 1 11 100 12 1 1 1 11 100 12 1 1 1 11 8 1 18 8 1 10 12 1 10 7 12 1 1 10 12 1 1 10 7 12 1 1 1 10 12 1 1 10 12 1 1 10 7 12 1 1 1 10 7 12 1 10 12 1 1 10 7 1 10 12 1 8 1 10 8 1 8 1 8 1 8 1 8 1 8 1 8 1 8 1 9 100 12 1 1 9 100 1 9 100 1 9 100 1 9 100 1 9 100 1 9 100 1 9 100 1 9 100 1 9 12 1 1 100 1 8 1 10 12 1 10 12 1 1 100 1 10 12 1 1 10 7 12 1 1 1 10 7 12 1 1 1 7 1 100 1 10 10 12 1 1 10 12 1 1 100 1 10 100 12 1 1 1 10 12 1 1 10 12 1 1 10 12 9 12 1 1 10 12 1 9 12 1 1 9 12 1 1 10 12 1 1 10 100 1 10 12 1 10 12 1 1 10 9 12 1 10 12 1 8 1 10 12 1 1 10 12 1 1 10 12 1 10 12 1 10 12 1 1 9 7 12 1 1 1 10 12 1 10 7 12 1 1 10 12 1 10 12 1 10 12 1 10 12 1 9 100 12 1 1 1 9 12 1 10 12 1 10 12 1 1 9 12 1 1 10 7 10 12 1 1 10 100 12 1 1 10 12 1 10 12 1 1 10 100 12 1 1 1 10 12 1 10 12 1 1 10 12 1 10 12 1 10 12 1 1 10 7 1 10 10 12 1 1 10 12 1 1 10 12 10 10 12 1 1 100 1 8 1 10 10 12 1 1 10 12 1 100 1 11 12 1 10 12 1 10 12 1 10 100 12 1 1 10 10 12 1 1 8 1 10 12 1 8 1 9 12 1 10 12 1 10 12 1 10 12 1 10 12 100 1 9 12 1 10 12 1 9 12 1 10 12 1 10 12 1 10 12 1 10 10 12 1 10 12 1 10 12 1 10 12 1 10 12 1 10 12 1 7 1 10 10 12 1 10 12 1 11 100 12 1 1 11 12 1 1 10 12 1 1 10 12 1 1 10 12 1 1 10 12 1 1 10 12 1 1 10 12 1 1 100 1 10 10 12 1 1 10 12 1 1 10 12 1 1 10 10 12 1 10 12 1 1 10 12 1 1 10 12 1 1 10 12 1 1 10 12 10 12 1 1 10 7 12 1 1 1 10 12 1 10 12 1 1 10 12 1 10 7 12 1 1 1 10 12 1 1 10 10 12 1 1 100 1 10 10 12 1 1 10 100 12 1 1 1 100 1 100 1 10 12 1 1 10 12 1 10 10 12 1 1 10 12 1 10 12 1 10 12 1 10 100 12 1 1 1 11 100 12 1 1 10 12 1 10 12 1 9 100 12 1 1 8 1 10 12 1 10 12 1 10 12 1 10 12 1 1 9 12 1 9 12 1 1 10 7 12 1 1 9 12 1 10 12 1 1 10 10 12 1 10 7 12 1 1 1 10 100 12 1 1 10 100 12 1 1 9 12 1 1 10 12 1 9 12 1 10 12 1 10 12 1 1 9 12 1 1 9 12 1 10 12 1 10 12 1 1 9 12 1 100 1 10 10 12 1 1 7 1 10 100 11 100 1 9 12 1 1 9 12 1 10 12 1 9 12 1 1 9 12 1 10 12 1 10 12 1 1 9 12 1 100 1 10 10 12 1 1 10 10 12 1 10 12 10 10 12 1 9 12 1 10 12 1 1 10 12 1 8 10 100 8 1 18 8 1 8 1 10 12 1 9 12 1 9 12 1 1 10 12 1 7 1 100 1 10 12 1 9 12 1 1 10 10 12 1 9 12 1 8 1 10 12 1 10 10 12 1 1 100 1 100 1 9 12 1 100 1 8 1 10 10 7 12 1 1 1 10 12 11 7 12 1 1 1 10 12 1 10 12 1 1 10 8 1 10 12 1 8 1 10 12 1 1 9 100 12 1 1 11 12 100 1 11 100 12 1 1 9 12 1 10 100 12 1 1 1 10 100 12 1 1 10 12 1 1 9 12 1 9 10 12 1 1 10 12 1 1 10 12 1 1 10 12 1 1 10 12 1 1 11 12 1 11 12 1 1 11 100 12 1 1 11 12 1 100 1 11 12 1 10 100 12 1 1 1 10 12 1 11 12 1 10 100 12 1 1 1 10 12 1 10 100 12 1 1 1 11 12 1 11 12 1 1 10 12 1 10 12 1 1 9 12 1 1 10 12 1 10 100 12 1 1 1 10 12 1 1 10 12 1 10 12 1 10 12 1 10 7 12 1 1 1 10 12 1 8 1 10 12 1 10 12 1 10 12 1 8 1 8 1 10 7 12 1 1 10 100 12 1 1 100 1 10 12 10 7 12 1 1 1 10 7 12 1 1 1 10 12 1 1 10 12 1 18 12 1 1 11 12 1 1 18 11 12 1 18 12 1 11 12 1 10 12 1 10 12 1 10 12 1 10 12 10 12 1 8 1 10 12 1 7 1 9 12 1 1 100 1 100 1 100 1 100 1 1 1 3 1 3 1 3 1 1 1 1 1 1 1 1 1 5 0 1 1 1 1 1 1 1 1 1 1 1 1 1 1 1 1 1 1 1 1 1 1 1 1 1 1 1 100 1 1 1 1 1 1 1 1 1 1 1 100 1 1 1 1 1 100 1 1 1 1 1 1 1 1 1 1 1 1 1 1 1 1 1 1 1 1 1 1 1 1 1 1 1 1 1 1 1 1 1 1 100 1 1 1 1 1 1 1 1 1 1 1 1 1 1 1 1 1 1 1 1 1 1 1 1 1 1 1 1 1 1 1 100 1 1 1 1 1 1 1 1 1 1 1 1 1 1 1 1 1 1 1 1 1 1 1 1 1 1 1 1 1 1 1 1 1 1 1 1 1 1 1 1 1 1 1 1 1 1 1 1 1 1 1 1 1 1 1 1 1 1 1 1 1 100 1 100 1 1 1 1 1 1 1 1 1 1 1 1 1 1 1 1 1 1 1 1 1 1 1 1 1 1 1 1 1 1 1 1 1 1 1 1 1 1 1 1 1 1 1 1 1 1 1 1 1 1 1 1 1 1 1 1 1 1 1 1 1 1 1 1 1 1 1 1 1 1 1 1 1 1 1 1 1 1 1 1 1 1 1 1 1 1 1 1 1 1 1 1 1 1 1 1 1 1 1 1 1 1 1 1 1 1 1 1 1 1 1 1 1 1 1 1 1 1 1 1 16 15 10 12 16 15 11 12 16 1 15 10 12 16 16 15 10 12 16 15 16 1 15 10 12 16 15 10 7 12 1 1 1 1 1 100 1 1 1 1 1 1 1 1 100 1 1 100 1 100 1 1 100 1 100 1 1
staticfield java/lang/Class EMPTY_CLASS_ARRAY [Ljava/lang/Class; 0 [Ljava/lang/Class;
staticfield java/lang/Class serialPersistentFields [Ljava/io/ObjectStreamField; 0 [Ljava/io/ObjectStreamField;
ciInstanceKlass java/lang/reflect/AnnotatedElement 1 1 165 11 7 12 1 1 1 11 12 1 1 100 1 10 100 12 1 1 1 10 12 1 1 10 12 1 1 10 12 1 10 100 12 1 1 1 11 12 1 1 11 100 12 1 1 10 100 12 1 1 1 10 12 1 10 100 12 1 1 1 18 12 1 1 11 100 12 1 1 18 12 1 18 12 1 1 10 100 12 1 1 1 11 100 12 1 1 1 100 1 10 100 12 1 1 1 1 1 1 1 1 1 1 1 1 1 1 1 1 1 1 1 1 1 1 1 1 1 1 100 1 1 1 1 1 1 1 1 1 1 1 16 15 16 1 16 1 15 11 12 16 16 1 15 10 100 12 1 1 1 16 1 15 10 100 12 1 1 1 1 100 1 100 1 1
ciInstanceKlass java/lang/reflect/Type 1 1 17 11 100 12 1 1 1 100 1 1 1 1 1 1 1 1 1
ciInstanceKlass java/lang/invoke/TypeDescriptor 1 0 17 100 1 100 1 1 1 1 1 1 100 1 100 1 1 1 1
ciInstanceKlass java/lang/invoke/TypeDescriptor$OfField 1 0 21 100 1 100 1 100 1 1 1 1 1 1 1 1 1 1 1 1 1 1 1
ciInstanceKlass java/lang/reflect/GenericDeclaration 1 0 30 100 1 100 1 100 1 1 1 1 1 1 1 1 100 1 8 1 1 12 10 1 1 1 8 1 1 1 8 1
ciInstanceKlass java/lang/Module 1 1 1076 10 7 12 1 1 1 9 7 12 1 1 1 10 7 12 1 1 1 9 12 1 9 12 1 1 9 12 1 1 10 12 1 1 10 12 1 10 12 1 1 10 100 12 1 1 1 100 1 10 7 12 1 1 1 10 12 1 1 11 7 12 1 1 1 10 12 1 1 10 12 1 8 1 10 7 12 1 1 1 10 100 12 1 1 1 10 7 12 1 1 1 10 12 1 1 10 12 1 9 12 1 1 10 7 12 1 1 1 9 7 12 1 1 1 7 1 10 8 1 10 12 1 1 10 12 1 10 12 8 1 10 7 12 1 1 1 10 100 12 1 1 1 10 100 12 1 1 1 8 1 10 12 1 8 1 9 12 1 100 1 8 1 10 12 1 10 8 1 8 1 8 1 10 100 12 1 1 1 8 1 10 100 12 1 1 1 8 1 10 12 1 9 12 1 1 11 12 1 9 7 12 1 1 10 7 12 1 1 1 10 7 12 1 1 1 10 12 1 1 8 1 10 12 1 1 10 12 1 10 12 1 1 9 100 12 1 1 1 10 12 1 1 10 12 1 1 9 12 1 10 12 1 10 12 1 9 12 1 1 11 7 12 1 1 10 12 1 1 9 12 1 9 12 1 10 12 1 10 12 1 100 1 8 1 10 10 12 1 1 10 12 1 8 1 10 12 1 1 8 1 8 1 10 12 1 1 10 12 1 10 12 1 1 10 12 1 18 12 1 1 10 12 1 1 11 12 1 9 12 1 11 12 100 1 10 12 1 18 12 1 11 12 1 1 11 12 1 1 11 12 1 10 12 1 1 10 12 1 1 9 12 1 10 12 10 7 12 1 1 10 7 1 18 12 1 1 11 100 12 1 1 1 18 12 1 11 12 1 1 10 100 12 1 1 1 11 12 1 1 10 100 12 1 1 11 12 1 1 10 12 1 1 100 1 11 12 1 100 1 100 1 10 12 1 10 7 12 1 1 1 10 100 12 1 1 1 10 11 100 12 1 8 1 10 12 1 10 12 1 1 10 100 12 1 1 10 12 1 10 12 1 100 1 10 12 1 10 11 12 1 10 12 11 12 1 1 11 7 12 1 1 11 12 1 1 10 12 1 1 9 12 1 1 100 1 10 10 12 1 1 11 100 1 10 12 1 1 11 12 1 10 11 10 12 1 11 10 12 1 1 10 12 1 1 10 12 1 1 10 100 12 1 1 10 12 1 10 12 1 1 10 10 12 1 1 10 12 1 18 12 1 11 12 1 18 12 1 10 12 1 10 12 1 10 12 100 1 10 12 1 10 12 1 10 12 1 9 12 1 100 1 10 10 10 10 12 1 10 12 1 10 12 1 10 12 1 1 10 12 1 1 10 12 1 9 12 1 10 12 1 100 1 8 1 10 12 1 1 10 12 1 10 100 12 1 1 100 1 10 12 1 1 100 1 8 1 100 1 9 100 12 1 1 1 11 100 12 1 1 10 12 1 1 11 12 1 1 18 12 1 1 11 12 1 1 100 1 10 12 1 10 12 1 1 100 1 100 1 10 12 8 1 10 12 1 1 10 12 1 1 10 7 12 1 1 10 12 1 1 10 12 1 10 12 10 12 1 1 100 1 10 10 12 1 1 10 100 12 1 1 1 100 1 10 100 12 1 1 1 10 100 12 1 1 8 1 18 12 1 1 100 1 100 1 9 12 1 1 9 12 1 9 12 1 11 100 12 1 1 1 100 1 11 12 1 1 100 1 10 12 1 8 1 10 12 1 10 12 10 12 1 8 1 10 10 100 12 1 1 10 12 1 1 100 1 10 10 12 1 10 7 12 1 1 9 12 1 9 12 1 9 12 1 9 12 1 9 12 1 10 12 10 12 1 100 1 1 1 1 1 1 1 1 1 1 1 1 1 1 1 1 1 1 1 1 1 1 1 1 1 1 1 1 1 1 1 1 1 1 1 1 1 1 1 1 1 1 1 1 1 1 1 1 1 1 1 1 1 1 1 1 1 1 1 1 1 1 1 1 1 1 1 1 1 1 1 1 1 1 1 1 1 1 1 1 1 1 1 1 1 1 1 1 1 1 1 1 1 1 1 1 1 1 1 1 1 1 1 1 1 1 1 1 100 100 1 1 1 1 1 1 1 1 1 1 1 1 1 1 1 1 1 1 1 1 1 1 1 1 1 1 100 1 100 1 1 1 1 1 1 1 1 1 1 1 1 1 1 1 1 1 1 100 1 1 1 1 1 1 1 1 1 1 1 1 1 1 1 1 1 1 1 1 1 1 1 1 1 1 1 16 15 10 12 16 15 10 12 16 1 16 15 10 12 16 16 15 10 16 1 15 10 12 16 1 15 10 12 16 1 16 1 15 10 12 16 15 10 100 12 1 1 1 15 10 100 12 1 1 1 1 1 1 1 1 1 1 1 1 1 100 1 100 1 1
staticfield java/lang/Module ALL_UNNAMED_MODULE Ljava/lang/Module; java/lang/Module
staticfield java/lang/Module ALL_UNNAMED_MODULE_SET Ljava/util/Set; java/util/ImmutableCollections$Set12
staticfield java/lang/Module EVERYONE_MODULE Ljava/lang/Module; java/lang/Module
staticfield java/lang/Module EVERYONE_SET Ljava/util/Set; java/util/ImmutableCollections$Set12
staticfield java/lang/Module $assertionsDisabled Z 1
ciInstanceKlass java/lang/StringLatin1 1 1 400 7 1 10 100 12 1 1 1 10 12 1 1 100 1 10 7 12 1 1 1 10 7 12 1 1 1 10 12 1 10 7 12 1 1 1 10 12 1 1 10 7 12 1 1 1 10 7 12 1 1 1 10 12 1 1 10 12 1 1 10 10 12 1 10 12 1 10 9 7 12 1 1 1 10 12 1 1 10 7 12 1 1 1 10 12 10 12 1 1 10 12 1 1 10 12 1 10 12 1 1 10 12 1 10 7 12 1 1 10 12 1 10 12 1 1 9 12 1 1 100 1 10 10 12 1 1 10 7 12 1 1 1 10 12 1 10 12 1 100 1 100 1 8 1 10 12 1 8 1 10 12 1 1 100 1 10 10 12 1 10 7 12 1 1 1 8 1 8 1 8 1 10 12 1 1 10 12 10 100 12 1 1 10 12 1 10 12 1 1 10 12 1 1 10 12 1 1 10 12 1 10 12 10 12 10 12 1 10 12 10 10 12 1 10 12 1 10 12 1 10 7 12 1 1 1 10 7 12 1 1 1 10 12 1 1 10 10 7 12 1 1 1 1 1 1 1 1 1 1 1 1 1 1 1 1 1 1 1 1 1 1 1 1 1 1 1 1 1 1 1 1 1 1 1 1 1 1 1 1 1 1 1 1 1 1 1 1 1 1 1 1 1 1 100 1 1 1 1 1 1 1 1 1 1 1 1 1 1 1 1 1 1 1 1 1 1 1 1 1 1 1 1 1 1 1 1 1 1 1 1 1 1 1 1 1 1 1 100 1 1 1 1 1 1 1 1 1 1 1 1 1 1 1 1 1 1 1 1 1 1 1 100 1 1 1 1 1 1 1 1 1 1 1 1 1 1 1 1 1 1 1 1 1 1 1 1 1 1 1 1 1 1 1 1 100 1 1 1 1
staticfield java/lang/StringLatin1 $assertionsDisabled Z 1
ciMethod java/lang/StringLatin1 equals ([B[B)Z 450 2564 5822 0 -1
ciMethod java/lang/StringLatin1 hashCode ([B)I 60 0 4246 0 -1
ciInstanceKlass java/lang/StringUTF16 1 1 603 100 1 7 1 10 100 12 1 1 1 10 7 12 1 1 1 100 1 10 3 100 1 100 1 10 8 1 10 12 1 1 10 12 1 8 1 10 12 1 1 10 12 1 9 12 1 1 10 12 1 1 100 1 8 1 10 12 1 9 12 1 1 9 12 1 10 10 12 1 1 10 12 1 1 10 7 12 1 1 1 10 12 1 10 12 1 1 10 12 1 1 10 12 1 1 10 12 1 1 10 12 1 10 12 1 1 10 12 1 1 10 12 1 1 10 12 1 1 10 12 1 1 10 12 1 10 7 12 1 1 1 10 12 1 1 10 7 12 1 1 1 10 12 1 1 10 12 1 10 12 1 1 10 12 1 1 10 12 1 1 10 12 1 10 12 1 100 1 10 12 1 10 10 12 1 10 12 1 1 10 12 1 10 7 12 1 1 1 10 12 1 1 10 12 10 12 1 1 10 12 1 10 12 1 1 10 12 1 10 12 1 10 12 1 10 12 1 10 7 12 1 1 1 3 10 12 1 10 12 1 10 12 1 10 12 1 10 12 1 10 12 1 1 9 12 1 10 12 1 10 12 10 12 1 1 10 12 1 10 12 1 10 12 1 10 10 12 10 12 10 10 12 1 1 10 12 1 10 12 1 10 12 1 100 1 8 1 8 1 10 12 1 1 100 1 10 10 7 12 1 1 1 10 7 12 1 1 8 1 8 1 8 1 10 12 1 1 10 12 1 1 10 12 10 7 12 1 1 10 12 1 1 10 12 1 1 10 12 1 10 12 10 12 10 12 1 10 12 10 12 1 10 12 1 10 12 1 10 12 1 10 7 12 1 1 1 10 7 12 1 1 1 10 12 1 1 11 100 12 1 1 10 12 1 1 10 12 1 10 12 10 12 10 7 12 1 1 1 10 7 12 1 1 1 10 12 1 1 1 1 1 1 1 1 1 1 1 1 1 1 1 1 1 1 1 1 1 1 1 1 1 1 1 1 1 1 100 1 1 1 1 1 1 1 1 1 1 1 1 1 1 1 1 1 1 1 1 1 1 1 1 1 1 1 1 1 1 1 1 1 1 1 1 1 1 1 1 1 1 1 1 1 1 1 1 1 1 1 1 1 1 1 1 1 1 1 1 1 1 1 1 1 1 1 1 1 1 1 1 1 1 1 1 1 1 1 1 1 1 1 1 1 1 1 1 1 100 1 1 1 1 1 1 1 1 1 1 1 1 1 1 1 1 1 100 1 1 1 1 1 1 1 1 1 1 1 1 1 1 1 1 1 1 1 1 1 1 1 1 1 1 1 1 1 1 1 1 1 1 1 1 1 1 1 1 1 1 1 1 1 1 1 1 1 100 1 100 1 1 1 1 1
staticfield java/lang/StringUTF16 HI_BYTE_SHIFT I 0
staticfield java/lang/StringUTF16 LO_BYTE_SHIFT I 8
staticfield java/lang/StringUTF16 $assertionsDisabled Z 1
ciInstanceKlass jdk/internal/misc/Unsafe 1 1 1248 10 7 12 1 1 1 10 7 12 1 1 9 12 1 1 9 12 1 1 10 12 1 1 10 7 12 1 1 1 10 12 1 1 10 12 1 1 10 12 1 1 10 12 1 1 10 12 1 1 10 12 1 1 10 12 1 1 10 12 1 1 10 12 1 1 10 12 1 1 10 12 1 1 10 12 1 1 10 12 1 1 10 12 1 10 12 1 100 1 10 10 12 1 1 10 12 1 1 5 0 10 12 1 1 10 12 1 1 10 7 12 1 1 1 10 12 1 1 10 12 1 10 12 1 10 12 1 1 10 12 1 1 10 12 1 10 12 1 100 1 100 1 10 8 1 10 12 1 1 10 12 1 8 1 10 12 1 1 10 12 1 10 12 1 10 12 1 1 10 12 1 10 12 1 1 10 12 1 1 10 12 1 10 12 1 10 12 1 10 12 1 1 10 12 1 10 12 1 10 12 1 1 10 12 1 5 0 5 0 5 0 10 12 1 10 12 1 10 12 1 10 12 1 10 12 1 10 12 1 10 12 1 10 12 1 10 12 1 1 10 12 1 10 12 1 100 1 8 1 10 100 1 10 10 12 1 1 10 12 1 1 10 12 1 10 12 1 1 10 12 1 1 10 12 1 10 12 1 1 10 12 1 9 7 12 1 1 9 12 1 100 1 10 10 12 1 1 8 1 10 8 1 8 1 10 12 1 1 9 7 12 1 1 1 9 100 1 9 7 1 9 7 1 9 9 100 1 9 7 1 9 100 1 10 12 1 1 10 12 1 1 10 12 1 1 10 12 1 1 5 0 5 0 9 12 1 1 10 12 1 10 12 1 10 12 1 1 10 12 1 1 10 12 1 8 1 3 10 12 1 1 10 12 1 1 10 12 1 10 12 1 1 10 12 1 1 10 12 1 10 12 1 10 12 1 10 12 1 10 12 1 10 12 1 1 10 12 1 1 10 12 1 10 12 1 10 12 1 10 12 1 10 12 1 10 12 1 1 10 12 1 1 10 12 1 10 12 1 10 12 1 10 12 1 10 12 1 10 12 1 1 10 12 1 1 10 12 1 1 10 12 1 1 10 12 1 10 12 1 10 12 1 10 12 1 10 12 1 10 12 1 10 12 1 1 10 12 1 1 10 12 1 10 12 1 10 12 1 10 12 1 10 12 1 10 12 1 10 12 1 1 10 12 1 1 10 12 1 10 12 1 10 12 1 10 12 1 10 12 1 10 12 1 10 12 1 10 12 1 1 10 12 1 10 12 1 10 12 1 10 12 1 10 12 1 1 10 12 1 10 12 1 10 12 1 10 12 1 10 12 1 10 12 1 10 12 1 10 12 1 1 10 12 1 10 12 1 10 12 1 10 12 1 10 12 1 10 12 1 1 10 12 1 10 12 1 10 12 1 1 10 12 1 10 12 1 10 12 1 10 12 1 10 12 1 10 12 1 10 12 1 10 12 1 10 12 1 10 12 1 10 12 1 10 12 1 10 12 1 10 12 1 10 12 1 10 12 1 10 12 1 10 12 1 10 12 1 10 12 1 10 12 1 10 12 1 10 12 1 100 1 10 100 1 10 9 12 1 5 0 10 12 1 1 5 0 10 12 1 5 0 10 12 1 10 12 1 10 12 1 1 10 12 1 1 10 12 1 10 12 1 10 12 1 10 12 1 1 10 12 1 10 12 1 10 12 1 10 12 1 10 12 1 1 10 12 1 10 12 1 10 12 1 10 12 1 1 10 12 1 10 12 1 10 12 1 1 10 12 1 10 12 1 10 12 1 10 12 1 1 10 12 1 10 10 12 1 1 10 12 1 10 12 1 1 10 12 1 10 12 5 0 5 0 5 0 10 12 1 1 10 12 1 10 12 1 10 12 10 100 12 1 1 8 1 100 1 11 12 1 1 8 1 11 12 1 1 10 100 12 1 1 10 12 1 10 7 1 10 12 1 1 9 12 1 1 7 1 9 12 1 7 1 9 12 1 7 1 9 12 1 7 1 9 12 1 7 1 9 12 1 7 1 9 12 1 7 1 9 12 1 7 1 9 12 1 10 12 1 9 12 1 9 12 1 9 12 1 9 12 1 9 12 1 9 12 1 9 12 1 9 12 1 9 12 1 9 12 1 1 1 5 0 1 1 1 1 1 1 1 1 1 1 1 1 1 1 1 1 1 1 1 1 1 1 1 1 1 1 1 1 1 1 1 1 1 1 1 1 1 1 1 1 1 1 1 1 1 1 1 1 1 1 1 1 1 1 1 1 1 1 1 1 1 1 1 1 1 1 1 1 1 1 1 1 1 1 1 1 1 1 1 1 1 1 1 1 1 1 1 1 1 1 100 1 1 1 1 1 1 1 1 1 1 1 1 1 1 1 1 1 1 1 1 1 1 1 1 1 1 1 1 1 1 1 1 1 1 1 1 1 1 1 1 1 1 1 1 1 1 1 1 1 1 1 1 1 1 1 1 1 1 1 1 1 1 1 1 1 1 1 1 1 1 1 1 1 1 1 1 1 1 1 1 1 1 1 1 1 1 1 1 1 1 1 1 1 1 1 1 1 1 1 1 1 1 1 1 1 1 1 1 1 1 1 1 1 1 1 1 1 1 1 1 1 1 1 1 1 1 1 1 1 1 1 1 1 1 1 1 1 1 1 1 1 1 1 1 1 1 1 1 1 1 1 1 1 1 1 1 1 1 1 1 1 1 1 1 1 1 1 1 1 1 1 1 1 1 1 1 1 1 1 1 1 1 1 1 1 1 1 1 1 1 1 1 1 1 1 1 1 1 1 1 1 1 1 1 1 1 1 1 1 1 1 1 1
staticfield jdk/internal/misc/Unsafe theUnsafe Ljdk/internal/misc/Unsafe; jdk/internal/misc/Unsafe
staticfield jdk/internal/misc/Unsafe ARRAY_BOOLEAN_BASE_OFFSET J 16
staticfield jdk/internal/misc/Unsafe ARRAY_BYTE_BASE_OFFSET J 16
staticfield jdk/internal/misc/Unsafe ARRAY_SHORT_BASE_OFFSET J 16
staticfield jdk/internal/misc/Unsafe ARRAY_CHAR_BASE_OFFSET J 16
staticfield jdk/internal/misc/Unsafe ARRAY_INT_BASE_OFFSET J 16
staticfield jdk/internal/misc/Unsafe ARRAY_LONG_BASE_OFFSET J 16
staticfield jdk/internal/misc/Unsafe ARRAY_FLOAT_BASE_OFFSET J 16
staticfield jdk/internal/misc/Unsafe ARRAY_DOUBLE_BASE_OFFSET J 16
staticfield jdk/internal/misc/Unsafe ARRAY_OBJECT_BASE_OFFSET J 16
staticfield jdk/internal/misc/Unsafe ARRAY_BOOLEAN_INDEX_SCALE I 1
staticfield jdk/internal/misc/Unsafe ARRAY_BYTE_INDEX_SCALE I 1
staticfield jdk/internal/misc/Unsafe ARRAY_SHORT_INDEX_SCALE I 2
staticfield jdk/internal/misc/Unsafe ARRAY_CHAR_INDEX_SCALE I 2
staticfield jdk/internal/misc/Unsafe ARRAY_INT_INDEX_SCALE I 4
staticfield jdk/internal/misc/Unsafe ARRAY_LONG_INDEX_SCALE I 8
staticfield jdk/internal/misc/Unsafe ARRAY_FLOAT_INDEX_SCALE I 4
staticfield jdk/internal/misc/Unsafe ARRAY_DOUBLE_INDEX_SCALE I 8
staticfield jdk/internal/misc/Unsafe ARRAY_OBJECT_INDEX_SCALE I 4
staticfield jdk/internal/misc/Unsafe ADDRESS_SIZE I 8
ciMethod java/lang/StringUTF16 hashCode ([B)I 0 0 128 0 -1
ciInstanceKlass java/lang/Thread$FieldHolder 1 1 55 10 7 12 1 1 1 9 7 12 1 1 1 9 12 1 1 9 12 1 1 9 12 1 1 9 12 1 1 1 1 1 1 1 1 1 1 1 1 100 1 100 1 1 1 1 100 1 1 1 100 1 100 1 1
ciInstanceKlass java/lang/Thread$Constants 0 0 47 100 1 10 100 12 1 1 1 10 12 1 1 10 12 1 1 10 100 12 1 1 8 1 10 12 1 9 100 12 1 1 1 1 1 1 1 1 1 1 1 1 1 1 1 1 1
ciInstanceKlass java/lang/ThreadGroup 1 1 380 10 7 12 1 1 1 9 7 12 1 1 1 8 1 9 12 1 1 100 1 9 12 1 1 9 12 1 1 10 7 12 1 1 1 10 12 1 1 10 12 1 10 12 1 1 10 12 1 1 10 12 1 10 12 1 10 12 1 10 100 12 1 1 1 10 12 1 1 18 12 1 1 11 100 12 1 1 1 10 12 1 1 10 12 1 1 10 12 1 1 10 100 12 1 1 1 10 12 1 11 12 1 1 11 100 12 1 1 11 12 1 1 10 12 1 1 10 12 1 10 12 1 11 12 1 11 12 1 1 10 12 1 100 1 10 18 12 1 1 11 100 12 1 1 1 11 12 1 1 9 100 12 1 1 1 10 12 1 1 8 1 10 100 12 1 1 1 10 100 12 1 1 1 10 12 1 1 11 12 10 12 1 1 10 12 1 1 11 100 1 9 12 1 100 1 10 8 1 10 12 1 1 10 12 1 1 8 1 10 12 1 10 100 12 1 1 1 10 12 1 1 10 7 1 8 1 10 8 1 10 12 1 10 12 1 8 1 9 12 1 1 9 12 1 10 100 12 1 1 1 100 9 12 1 1 7 1 9 12 1 10 12 10 12 1 1 100 10 12 9 12 1 10 12 1 100 1 10 100 1 10 10 12 1 10 12 1 1 1 1 1 1 1 1 1 1 1 1 1 1 1 1 3 1 1 1 1 1 1 1 1 1 1 1 100 1 1 1 1 1 1 1 1 1 1 1 1 1 1 1 1 1 1 1 1 1 1 1 1 1 1 1 1 1 1 1 1 1 1 1 1 1 1 1 1 16 15 10 12 16 16 15 10 12 16 15 10 100 12 1 1 1 1 1 100 1 100 1 1
staticfield java/lang/ThreadGroup $assertionsDisabled Z 1
ciInstanceKlass java/lang/Thread$UncaughtExceptionHandler 1 0 16 100 1 100 1 1 1 1 1 1 1 1 100 1 1 1
ciMethod java/lang/ThreadGroup getParent ()Ljava/lang/ThreadGroup; 56 0 28 0 -1
instanceKlass java/lang/ThreadBuilders$BoundVirtualThread
instanceKlass java/lang/VirtualThread
ciInstanceKlass java/lang/BaseVirtualThread 0 0 36 10 100 12 1 1 1 100 1 1 1 1 1 1 1 1 1 1 1 1 1 1 1 1 1 1 1 1 100 1 100 1 1 100 1 1
ciInstanceKlass java/lang/VirtualThread 0 0 928 9 100 12 1 1 1 9 12 1 1 10 100 12 1 1 1 10 100 12 1 1 1 10 100 12 1 1 1 9 12 1 1 100 1 10 12 1 9 12 1 1 18 12 1 1 9 12 1 1 10 12 1 1 100 1 10 12 1 10 12 1 1 10 12 1 1 10 12 1 10 12 1 1 9 12 1 1 10 12 1 10 100 12 1 10 12 1 10 12 1 10 12 1 10 12 1 9 12 1 1 11 100 12 1 1 1 10 10 12 1 11 100 12 1 1 1 10 12 1 100 1 10 12 1 1 100 1 9 12 1 1 5 0 10 100 12 1 1 1 9 12 1 100 1 100 1 10 10 100 12 1 1 1 10 100 12 1 1 1 10 12 1 1 10 12 1 10 12 1 1 10 12 1 10 12 10 12 1 100 1 10 10 12 1 10 12 1 1 9 12 1 1 10 12 1 1 9 12 1 1 10 12 1 9 12 1 10 100 12 1 1 10 9 10 10 12 1 1 10 12 1 1 10 100 12 1 1 10 100 1 10 9 10 100 1 10 12 1 1 10 12 1 10 10 12 1 1 9 12 1 10 12 1 10 12 1 9 12 1 1 10 12 1 10 12 1 10 12 1 1 9 12 1 1 10 12 1 10 12 1 1 10 12 1 10 12 1 1 9 12 1 18 9 100 12 1 1 1 10 12 1 1 9 12 1 10 12 1 10 12 1 1 10 12 1 9 12 1 1 18 12 1 9 12 1 9 12 1 10 12 9 12 1 1 10 100 12 1 1 10 12 1 10 12 1 1 10 100 12 1 1 10 12 1 100 1 8 1 10 12 1 10 12 1 1 10 12 1 10 12 1 10 12 1 10 100 12 1 1 10 12 1 10 12 1 10 12 1 10 12 1 10 100 12 1 1 8 1 10 12 1 10 12 1 10 12 1 10 12 1 1 10 12 1 10 12 10 12 1 100 1 10 10 12 1 10 12 1 1 10 12 1 1 10 12 1 10 12 1 10 12 1 1 10 12 1 1 11 100 12 1 1 11 12 1 10 12 9 100 12 1 1 1 9 12 1 10 12 1 1 9 12 1 9 12 1 9 12 1 9 12 1 100 1 10 10 12 1 1 10 12 1 100 1 100 1 10 8 1 10 12 1 1 10 12 1 10 12 1 10 10 12 1 8 1 10 10 12 1 10 12 1 10 100 12 1 1 8 1 8 1 10 12 1 1 10 10 9 100 12 1 1 1 10 12 1 1 10 12 1 10 10 12 9 12 1 10 12 1 1 10 12 1 9 12 1 10 12 1 1 9 12 1 10 12 1 1 9 12 1 10 12 1 1 18 12 1 1 8 1 10 12 1 1 8 1 8 1 10 100 12 1 1 1 10 100 12 1 1 1 10 12 1 10 12 1 1 10 12 1 18 12 1 1 18 12 1 1 5 0 9 12 1 10 12 1 10 12 1 10 100 1 10 12 1 1 9 12 1 9 12 1 1 10 12 1 1 10 12 1 10 12 10 12 1 1 10 100 12 1 1 10 12 1 1 100 1 8 1 10 10 12 1 8 10 12 1 1 8 8 9 12 1 8 8 10 12 1 10 12 1 1 8 1 18 12 1 10 100 12 1 1 10 12 1 10 12 1 3 1 3 1 3 1 3 1 3 1 3 1 3 1 3 1 3 1 3 1 3 1 3 1 3 3 1 3 3 1 3 3 1 3 3 1 3 1 1 1 1 1 1 1 1 1 1 1 1 1 1 1 1 1 100 1 1 1 1 1 1 1 1 1 1 1 1 1 1 1 1 1 1 1 1 100 1 1 1 1 1 1 1 1 1 1 1 1 1 1 1 1 1 1 1 1 1 1 1 1 1 1 1 1 1 1 1 1 1 100 1 1 1 1 1 1 1 1 1 1 1 1 1 1 1 1 1 1 1 1 1 1 1 1 1 1 1 100 1 1 1 1 1 1 1 1 1 1 1 1 1 1 1 1 1 1 1 1 1 1 100 1 1 16 15 10 12 15 10 12 15 10 12 16 15 10 12 16 15 10 12 16 15 10 12 16 15 10 12 15 10 100 12 1 1 1 1 1 1 1 100 1 1 1 100 1 100 1 1
ciInstanceKlass java/lang/ThreadBuilders$BoundVirtualThread 0 0 132 10 100 12 1 1 1 9 100 12 1 1 1 10 100 12 1 1 1 9 12 1 1 10 12 1 1 10 12 1 1 9 12 1 1 10 100 12 1 1 1 10 12 1 1 100 1 8 1 10 12 1 10 12 1 1 10 12 1 1 10 12 1 1 10 100 12 1 1 1 8 1 10 12 1 8 1 10 12 1 1 10 100 12 1 1 9 100 12 1 1 1 10 12 1 1 10 10 12 1 1 1 1 1 1 1 1 1 1 1 1 1 1 1 1 1 1 1 1 1 1 1 1 1 1 1 1 100 1 1 1 1
instanceKlass java/lang/Exception
instanceKlass java/lang/Error
ciInstanceKlass java/lang/Throwable 1 1 403 10 7 12 1 1 1 9 7 12 1 1 1 9 12 1 1 9 12 1 9 12 1 1 9 12 1 10 12 1 1 9 12 1 1 10 12 1 1 10 100 12 1 1 1 9 12 1 1 10 12 1 1 10 12 1 100 1 7 1 10 8 1 10 12 1 1 8 1 10 100 12 1 1 10 10 12 1 100 1 8 1 10 10 7 12 1 1 10 12 1 8 1 9 100 12 1 1 1 10 12 1 1 100 1 10 12 10 12 1 100 1 10 10 7 12 1 1 1 11 100 12 1 1 1 10 100 12 1 1 1 10 12 1 1 10 12 1 1 8 1 10 12 1 10 12 1 1 8 1 8 1 10 12 1 1 10 12 1 8 1 8 1 9 12 1 10 100 12 1 1 100 1 10 11 12 1 8 1 8 1 10 7 12 1 1 8 1 10 12 1 8 1 100 1 10 12 1 9 12 1 1 10 12 1 10 100 12 1 9 12 1 1 10 12 1 1 100 1 8 1 10 12 1 10 100 12 1 1 10 12 1 1 100 1 10 100 12 1 1 1 10 12 1 11 100 12 1 1 1 11 100 12 1 1 1 11 12 1 8 1 10 12 1 1 8 1 10 10 9 100 12 1 1 1 8 1 10 12 1 1 11 10 100 1 8 1 10 11 12 1 1 8 1 9 12 1 10 100 12 1 1 11 9 12 1 1 11 12 1 1 100 10 12 1 10 12 1 1 100 1 1 1 1 5 0 1 1 1 1 1 1 1 1 1 1 1 1 100 1 1 1 1 1 1 1 1 1 1 1 1 1 1 1 1 1 1 1 1 1 1 1 1 1 1 1 1 1 1 1 1 1 1 1 1 1 1 1 1 1 1 1 100 1 100 1 1 1 1 1 1 1 1 1 1 1 1 1 1 1 1 1 1
staticfield java/lang/Throwable UNASSIGNED_STACK [Ljava/lang/StackTraceElement; 0 [Ljava/lang/StackTraceElement;
staticfield java/lang/Throwable SUPPRESSED_SENTINEL Ljava/util/List; java/util/Collections$EmptyList
staticfield java/lang/Throwable EMPTY_THROWABLE_ARRAY [Ljava/lang/Throwable; 0 [Ljava/lang/Throwable;
staticfield java/lang/Throwable $assertionsDisabled Z 1
ciInstanceKlass jdk/internal/vm/ContinuationScope 0 0 50 10 100 12 1 1 1 10 100 12 1 1 1 100 1 9 100 12 1 1 1 10 12 1 1 10 100 12 1 1 1 10 12 1 1 10 12 1 1 1 1 1 1 1 1 1 1 1 1 1
ciInstanceKlass jdk/internal/vm/StackChunk 1 1 32 10 100 12 1 1 1 9 100 12 1 1 1 9 12 1 1 9 12 1 1 1 1 1 1 1 1 1 1 1 1 1
ciInstanceKlass java/lang/Boolean 1 1 146 10 7 12 1 1 1 9 7 12 1 1 1 10 12 1 1 10 12 1 8 1 10 7 12 1 1 9 12 1 1 9 12 1 10 12 1 1 10 12 1 1 10 12 1 1 10 12 1 10 7 12 1 1 1 10 12 1 1 9 100 12 1 1 9 12 10 100 12 1 1 1 10 12 1 1 8 1 10 7 12 1 1 1 9 12 1 1 100 1 100 1 100 1 1 1 1 1 1 5 0 1 1 1 1 1 1 1 1 1 1 1 1 1 1 1 1 1 1 1 1 1 1 1 1 1 1 1 1 1 1 1 1 1 1 1 100 1 1 1 1 1 1 1 1 1
staticfield java/lang/Boolean TRUE Ljava/lang/Boolean; java/lang/Boolean
staticfield java/lang/Boolean FALSE Ljava/lang/Boolean; java/lang/Boolean
staticfield java/lang/Boolean TYPE Ljava/lang/Class; java/lang/Class
ciInstanceKlass java/lang/Character 1 1 603 7 1 100 1 100 1 9 12 1 1 8 1 9 12 1 1 100 1 9 12 1 1 10 100 12 1 1 1 10 100 12 1 1 1 10 100 12 1 1 1 10 7 12 1 1 1 9 7 12 1 1 1 10 12 1 10 12 1 1 10 12 1 1 10 100 12 1 1 10 12 1 1 3 3 3 3 3 10 12 1 1 10 12 1 3 11 7 12 1 1 1 11 12 1 1 10 12 1 1 10 12 1 1 100 1 10 10 12 1 3 10 12 1 1 10 12 1 10 12 1 1 100 1 8 1 10 12 1 1 10 12 1 10 12 1 10 12 1 10 100 12 1 1 1 10 12 1 10 12 1 10 12 1 1 10 12 1 10 7 12 1 1 10 10 12 1 10 10 12 1 10 12 1 1 10 12 1 10 10 12 1 10 12 1 10 12 1 10 12 1 10 12 1 10 12 1 10 12 1 10 12 10 10 12 10 10 12 1 10 10 12 1 10 10 12 1 10 10 12 1 10 12 1 10 12 1 10 12 1 10 12 1 10 12 1 10 12 1 10 10 12 1 10 10 12 1 10 10 12 1 1 10 10 12 1 10 5 0 10 12 1 10 12 1 10 10 12 1 10 10 12 1 1 10 10 12 1 10 10 12 1 9 12 1 1 100 1 10 10 12 1 10 12 1 1 3 10 100 12 1 1 1 10 12 1 10 100 12 1 1 100 1 10 10 12 1 1 10 12 1 1 10 12 1 1 8 1 10 12 1 9 100 12 1 1 1 10 12 1 10 10 12 1 10 12 1 1 10 12 1 10 10 12 1 1 10 10 12 1 1 100 1 8 1 10 12 1 1 10 7 12 1 1 1 8 1 10 12 1 1 9 12 1 1 100 1 100 1 100 1 1 1 1 3 1 3 1 3 1 3 1 1 1 1 1 3 1 1 3 1 3 1 3 1 3 1 3 1 3 1 3 1 3 1 3 1 3 1 3 1 3 1 3 1 3 1 3 1 3 1 3 1 3 1 3 1 3 1 3 1 3 1 3 1 3 1 3 1 3 1 3 1 3 1 1 1 1 1 1 1 1 1 1 1 1 1 1 1 1 1 1 1 3 1 1 1 1 1 1 1 3 1 1 3 1 1 1 1 1 3 1 1 5 0 1 1 1 1 1 1 1 1 1 1 1 1 1 1 1 1 1 1 1 1 1 1 1 1 1 1 1 1 1 1 1 1 1 1 1 1 1 1 1 1 1 1 1 1 1 1 1 1 1 1 1 1 1 1 1 1 1 1 1 1 1 1 1 1 1 1 1 1 1 1 1 1 1 1 1 1 1 1 1 1 1 1 1 1 1 1 1 1 1 100 1 100 1 1 1 1 1 1
staticfield java/lang/Character TYPE Ljava/lang/Class; java/lang/Class
staticfield java/lang/Character $assertionsDisabled Z 1
ciInstanceKlass java/lang/Float 1 1 277 7 1 100 1 10 100 12 1 1 1 10 100 12 1 1 1 4 100 1 10 12 1 1 10 12 1 1 8 1 8 1 10 100 12 1 1 1 10 12 1 1 10 12 1 1 10 7 1 4 10 7 12 1 1 9 12 1 1 10 12 1 1 10 12 1 10 10 12 1 1 10 12 1 10 12 1 3 3 100 1 4 4 4 3 10 12 1 1 9 12 1 1 100 1 10 3 3 4 4 10 12 1 3 3 3 10 12 1 1 10 12 1 1 10 12 1 10 100 12 1 1 1 10 12 1 1 10 12 1 1 10 7 12 1 1 1 8 1 10 12 1 1 9 12 1 1 100 1 100 1 100 1 1 1 1 4 1 4 1 1 1 4 1 1 3 1 3 1 3 1 3 1 3 1 1 1 1 5 0 1 1 1 1 1 1 1 1 1 1 100 1 1 1 1 1 1 1 1 1 1 1 1 1 1 1 1 1 1 1 1 1 1 1 1 1 1 1 1 1 1 1 1 1 1 1 1 1 1 1 1 1 1 1 1 1 1 1 1 1 1 1 1 1 1 1 1 1 1 1 1 1 1 1 1 1 1 1 1 1 1 1 1 1 100 1 1 1 1 1 1 1 100 1 100 1 1
staticfield java/lang/Float TYPE Ljava/lang/Class; java/lang/Class
staticfield java/lang/Float $assertionsDisabled Z 1
instanceKlass java/math/BigDecimal
instanceKlass java/math/BigInteger
instanceKlass java/util/concurrent/atomic/AtomicLong
instanceKlass java/util/concurrent/atomic/AtomicInteger
instanceKlass java/lang/Long
instanceKlass java/lang/Integer
instanceKlass java/lang/Short
instanceKlass java/lang/Byte
instanceKlass java/lang/Double
instanceKlass java/lang/Float
ciInstanceKlass java/lang/Number 1 1 37 10 7 12 1 1 1 10 100 12 1 1 1 100 1 1 1 1 5 0 1 1 1 1 1 1 1 1 1 1 1 1 1 1 1 1 1
ciInstanceKlass java/lang/Double 1 1 288 7 1 100 1 10 100 12 1 1 1 10 12 1 1 10 100 1 10 12 1 1 10 7 12 1 1 1 6 0 8 1 10 12 1 1 8 1 10 12 1 1 8 1 6 0 10 12 1 1 100 1 5 0 5 0 8 1 8 1 10 100 12 1 1 1 10 100 12 1 1 1 8 1 10 12 1 1 8 1 8 1 8 1 10 12 1 1 10 12 1 10 12 1 1 10 12 1 10 12 1 10 12 1 1 10 12 1 10 100 1 6 0 10 7 12 1 1 9 12 1 1 10 12 1 10 12 1 10 12 1 10 12 1 10 12 1 5 0 10 12 1 1 10 12 1 10 12 1 10 100 12 1 1 1 10 12 1 1 10 12 1 1 8 1 10 7 12 1 1 1 9 12 1 1 100 1 100 1 100 1 1 1 6 0 1 6 0 1 6 0 1 1 1 6 0 1 1 3 1 3 1 3 1 3 1 3 1 1 1 1 5 0 1 1 1 1 1 1 1 1 1 1 1 1 1 1 1 1 100 1 1 1 1 1 1 1 1 1 1 1 1 1 1 1 1 1 1 1 1 1 1 1 1 1 1 1 1 1 1 1 1 1 1 1 1 1 1 1 1 1 1 1 1 1 100 1 1 1 1 1 1 1 100 1 100 1 1
staticfield java/lang/Double TYPE Ljava/lang/Class; java/lang/Class
ciInstanceKlass java/lang/Byte 1 1 212 7 1 100 1 10 100 12 1 1 1 9 12 1 1 8 1 9 12 1 1 100 1 10 12 1 1 10 12 1 1 10 100 12 1 1 1 10 100 12 1 1 1 9 7 12 1 1 1 10 12 1 1 100 1 100 1 10 12 1 1 8 1 10 12 1 1 8 1 10 12 1 10 12 1 10 12 1 10 12 1 1 10 12 1 10 12 1 10 12 1 1 10 8 1 8 1 10 7 1 9 12 1 1 10 12 1 1 10 12 1 1 10 12 1 1 10 12 1 5 0 10 12 1 1 8 1 10 7 12 1 1 1 9 12 1 1 100 1 100 1 1 1 3 1 3 1 1 1 1 3 1 3 1 1 5 0 1 1 1 1 1 1 1 1 1 1 1 1 1 1 1 1 1 1 1 1 1 1 1 1 1 1 1 1 1 1 1 1 1 1 1 1 1 1 1 1 1 1 1 1 1 1 1 1 1 1 1 1 1 1 1
staticfield java/lang/Byte TYPE Ljava/lang/Class; java/lang/Class
ciInstanceKlass java/lang/Short 1 1 220 7 1 100 1 100 1 10 100 12 1 1 1 10 12 1 1 100 1 100 1 10 12 1 1 8 1 10 12 1 1 8 1 10 12 1 10 12 1 10 12 1 10 12 1 1 10 12 1 1 10 12 1 9 12 1 1 8 1 9 12 1 1 100 1 10 12 1 1 10 12 1 10 100 12 1 1 1 10 100 12 1 1 1 9 7 12 1 1 1 10 12 1 10 12 1 1 10 8 1 8 1 10 7 1 9 12 1 1 10 12 1 1 10 12 1 1 10 12 1 1 10 12 1 3 3 5 0 10 12 1 1 8 1 10 7 12 1 1 1 9 12 1 1 100 1 100 1 1 1 3 1 3 1 1 1 1 3 1 3 1 1 5 0 1 1 1 1 1 1 1 1 1 1 1 1 1 1 1 1 1 1 1 1 1 1 1 1 1 1 1 1 1 1 1 1 1 1 1 1 1 1 1 1 1 1 1 1 1 1 1 1 1 1 1 1 1 1 1 1
staticfield java/lang/Short TYPE Ljava/lang/Class; java/lang/Class
ciInstanceKlass java/lang/Integer 1 1 436 7 1 100 1 7 1 7 1 10 12 1 1 9 12 1 1 9 12 1 1 10 7 12 1 1 1 10 12 1 1 10 100 12 1 1 1 10 10 12 1 1 10 100 12 1 1 1 10 12 1 10 12 1 1 10 7 12 1 1 1 10 12 1 1 10 12 1 1 10 12 1 10 7 12 1 1 10 12 1 1 10 12 1 10 12 1 100 1 8 1 10 12 1 8 1 100 1 10 12 1 1 10 12 1 1 8 1 10 12 1 1 8 1 10 12 1 1 10 12 1 1 10 12 1 1 3 3 10 7 12 1 1 1 11 7 1 10 12 1 1 11 10 12 1 1 10 12 1 1 8 1 10 12 1 10 12 1 8 1 100 1 10 12 1 8 1 10 12 1 1 10 12 1 8 1 10 12 1 10 12 1 7 1 9 12 1 1 9 12 1 1 10 12 1 10 7 1 9 12 1 10 12 1 10 12 1 10 12 1 1 10 12 1 1 10 7 12 1 1 1 10 12 1 1 8 1 8 1 10 12 1 1 8 1 8 1 8 1 8 1 8 1 8 1 10 12 1 10 12 1 10 12 1 5 0 3 3 3 3 10 12 1 10 12 1 3 10 12 1 10 100 12 1 1 1 10 12 1 1 10 12 1 1 8 1 10 7 12 1 1 1 9 12 1 1 100 1 100 1 100 1 1 1 1 3 1 1 1 1 1 3 1 3 1 1 5 0 1 1 1 1 1 1 1 1 1 100 1 1 1 1 1 1 1 1 1 1 1 1 1 1 1 1 1 1 1 1 1 1 1 1 1 1 1 1 1 1 1 1 1 1 1 1 1 1 1 1 1 1 1 1 1 1 1 1 1 1 1 1 1 1 1 1 1 1 1 1 1 1 1 1 1 1 1 1 1 1 1 1 1 1 1 1 1 1 1 1 1 1 1 1 1 1 1 1 1 1 1 1 1 100 1 1 1 1 1 1 1 1 1 100 1 100 1 1
staticfield java/lang/Integer TYPE Ljava/lang/Class; java/lang/Class
staticfield java/lang/Integer digits [B 36
ciInstanceKlass java/lang/Long 1 1 498 7 1 100 1 100 1 100 1 10 12 1 1 9 12 1 1 9 7 12 1 1 1 10 100 12 1 1 1 10 12 1 1 10 100 12 1 1 1 10 10 12 10 12 1 10 12 1 10 12 1 5 0 5 0 100 1 10 12 1 1 10 12 1 1 10 12 1 10 12 1 10 12 1 10 12 1 1 10 100 12 1 1 10 12 1 10 12 1 1 10 12 1 1 10 12 1 1 10 12 1 1 10 100 12 1 1 1 10 12 1 1 10 12 1 10 12 1 10 100 12 1 1 10 12 1 1 10 12 1 10 12 1 100 1 8 1 10 12 1 8 1 100 1 10 12 1 10 12 1 1 8 1 10 12 1 1 8 1 10 12 1 1 10 12 1 1 10 12 1 1 5 0 5 0 10 100 12 1 1 1 11 100 1 10 12 1 1 11 10 12 1 1 10 12 1 1 8 1 5 0 10 12 1 1 10 12 1 1 8 1 8 1 10 12 1 8 1 10 12 1 10 12 1 5 0 5 0 9 7 12 1 1 1 10 12 1 10 12 1 1 8 1 8 1 10 12 1 1 8 1 8 1 8 1 8 1 8 1 8 1 10 12 1 10 12 1 10 7 1 9 12 1 1 10 12 1 10 12 1 1 10 12 1 1 10 100 12 1 1 1 10 12 1 1 10 12 1 10 12 1 10 12 1 5 0 5 0 5 0 10 12 1 1 10 12 1 5 0 5 0 10 12 10 12 1 10 100 12 1 1 1 10 12 1 1 10 12 1 1 8 1 10 7 12 1 1 1 9 12 1 1 100 1 100 1 100 1 1 1 1 5 0 1 1 1 1 3 1 3 1 5 0 1 1 1 1 1 1 1 1 1 100 1 1 1 1 1 1 1 1 1 1 1 1 1 1 1 1 1 1 1 1 1 1 1 1 1 1 1 1 1 1 1 1 1 1 1 1 1 1 1 1 1 1 1 1 1 1 1 1 1 1 1 1 1 1 1 1 1 1 1 1 1 1 1 1 1 1 1 1 1 1 1 1 1 1 1 1 1 1 1 1 1 1 1 1 1 1 1 1 1 1 1 1 1 1 1 1 1 1 1 1 100 1 1 1 1 1 1 1 1 1 100 1 100 1 1
staticfield java/lang/Long TYPE Ljava/lang/Class; java/lang/Class
ciInstanceKlass java/lang/Void 1 1 31 10 100 12 1 1 1 8 1 10 7 12 1 1 1 9 7 12 1 1 1 1 1 1 1 1 1 1 1 1 1
staticfield java/lang/Void TYPE Ljava/lang/Class; java/lang/Class
ciInstanceKlass jdk/internal/vm/vector/VectorSupport 0 0 597 100 1 10 100 12 1 1 1 9 12 1 1 10 100 12 1 1 1 100 1 10 12 1 11 100 12 1 1 1 11 100 12 1 1 1 11 100 12 1 1 1 11 100 12 1 1 11 100 12 1 1 11 100 12 1 1 11 100 12 1 1 11 100 12 1 1 11 100 12 1 1 11 100 12 1 1 11 100 12 1 1 1 11 100 12 1 1 11 100 12 1 1 1 11 100 12 1 1 1 11 100 12 1 1 11 100 12 1 1 1 11 100 12 1 1 100 1 10 12 1 1 11 100 12 1 1 11 100 12 1 1 11 100 12 1 1 11 100 1 11 100 12 1 1 11 100 12 1 1 11 100 12 1 1 9 12 1 1 10 100 12 1 1 11 100 12 1 1 10 100 12 1 1 1 10 100 12 1 1 10 12 1 1 10 12 1 1 1 1 1 3 1 3 1 3 1 3 1 3 1 3 1 3 1 3 1 3 1 3 1 3 1 3 1 3 1 3 1 3 1 3 1 3 1 3 1 3 1 3 1 3 1 3 1 3 1 3 1 3 1 3 1 3 1 3 1 3 1 3 1 3 1 3 1 3 1 3 1 3 1 3 1 3 1 3 1 3 1 3 1 3 1 3 1 3 1 3 1 3 1 3 1 3 1 3 1 3 1 3 1 3 1 3 1 3 1 1 1 3 1 3 1 3 1 3 1 3 1 3 1 1 1 1 1 1 1 1 1 1 1 1 1 1 1 1 1 1 1 1 1 1 1 1 1 1 1 1 1 1 1 1 1 1 1 1 1 1 1 1 1 1 1 1 1 1 1 1 1 1 1 1 1 1 1 1 1 1 1 1 1 1 1 1 1 1 1 1 1 1 1 1 1 1 1 1 1 1 1 1 1 1 1 1 1 1 1 1 1 1 1 1 1 1 1 1 1 1 1 1 1 1 1 1 1 1 1 1 1 1 1 1 1 1 1 1 1 1 1 1 1 1 1 1 1 1 1 1 1 1 1 1 1 1 1 1 1 1 1 1 1 1 1 1 1 1 1 1 1 1 1 1 1 1 1 1 1 1 1 1 1 1 1 1 1 1 1 1 1 1 1 1 1 1 1 1 1 1 1 1 1 1 1 1 1 1 1 1 1 1 1 1 1 1 1 1 1 1 1 1 1 1 1 1 1 1 1 1 1 1 1 1 1 1 1 1 1 1 1 1 1 1 1 1 1 1 1 1 1 1 1 1 1 1 1 1 1 1 1 1 1 1 1 1 1 1 1 100 1 100 1 100 1 100 1 100 1 1 1 1 1 1 1 1 1 1 1 1 1 1 1 1 1 1 1 1 1 1 1 1 1 1 1 1 1 1 1
instanceKlass jdk/internal/vm/vector/VectorSupport$VectorShuffle
instanceKlass jdk/internal/vm/vector/VectorSupport$VectorMask
instanceKlass jdk/internal/vm/vector/VectorSupport$Vector
ciInstanceKlass jdk/internal/vm/vector/VectorSupport$VectorPayload 0 0 32 10 100 12 1 1 1 9 100 12 1 1 1 10 100 12 1 1 1 1 1 1 1 1 1 1 1 1 1 1 1 1
ciInstanceKlass jdk/internal/vm/vector/VectorSupport$Vector 0 0 28 10 100 12 1 1 1 100 1 1 1 1 1 1 1 1 1 1 1 1 1 1 1 100 1 1 1 1
ciInstanceKlass jdk/internal/vm/vector/VectorSupport$VectorMask 0 0 28 10 100 12 1 1 1 100 1 1 1 1 1 1 1 1 1 1 1 1 1 1 1 100 1 1 1 1
ciInstanceKlass jdk/internal/vm/vector/VectorSupport$VectorShuffle 0 0 28 10 100 12 1 1 1 100 1 1 1 1 1 1 1 1 1 1 1 1 1 1 1 100 1 1 1 1
ciInstanceKlass jdk/internal/vm/FillerObject 0 0 16 10 100 12 1 1 1 100 1 1 1 1 1 1 1 1
instanceKlass java/lang/ref/PhantomReference
instanceKlass java/lang/ref/FinalReference
instanceKlass java/lang/ref/WeakReference
instanceKlass java/lang/ref/SoftReference
ciInstanceKlass java/lang/ref/Reference 1 1 198 9 7 12 1 1 1 9 7 12 1 1 10 12 1 1 10 12 1 1 9 12 1 1 10 12 1 1 9 12 1 1 9 12 1 1 7 1 10 12 1 10 7 12 1 1 10 12 1 10 12 1 1 10 12 1 7 1 8 1 10 12 1 1 7 1 10 12 1 1 10 12 1 1 10 12 1 7 1 10 12 10 7 12 1 1 1 9 12 1 10 12 1 1 10 12 1 10 12 1 10 12 1 9 12 1 100 1 100 1 10 9 12 1 9 12 1 100 1 10 10 12 1 10 10 7 12 1 1 10 12 1 1 1 1 1 1 1 1 1 1 1 1 1 1 1 1 1 100 1 1 1 100 1 1 1 1 1 1 1 1 1 1 1 1 1 1 1 1 1 1 1 1 1 1 1 1 1 1 1 1 1 1 1 1 1 1 1 1 1 100 1 100 1 100 1 1 1
staticfield java/lang/ref/Reference processPendingLock Ljava/lang/Object; java/lang/Object
staticfield java/lang/ref/Reference $assertionsDisabled Z 1
instanceKlass sun/util/locale/provider/LocaleResources$ResourceReference
instanceKlass sun/util/resources/Bundles$BundleReference
instanceKlass sun/font/FontDesignMetrics$KeyReference
instanceKlass sun/font/StrikeCache$SoftDisposerRef
instanceKlass java/lang/invoke/LambdaFormEditor$Transform
instanceKlass java/util/ResourceBundle$BundleReference
instanceKlass jdk/internal/util/SoftReferenceKey
ciInstanceKlass java/lang/ref/SoftReference 1 1 50 10 7 12 1 1 1 9 7 12 1 1 1 9 12 1 10 12 1 10 12 1 1 1 1 1 1 1 1 1 1 1 1 1 1 1 1 1 1 1 1 1 1 100 1 1 1 1 1 1
instanceKlass javax/swing/ActionPropertyChangeListener$OwnedWeakReference
instanceKlass sun/awt/WeakIdentityHashMap$WeakKey
instanceKlass sun/java2d/ReentrantContextProvider$HardReference
instanceKlass javax/swing/text/DefaultStyledDocument$AbstractChangeHandler$DocReference
instanceKlass javax/swing/text/GapContent$MarkData
instanceKlass javax/swing/plaf/metal/MetalLookAndFeel$AATextListener
instanceKlass java/lang/ThreadLocal$ThreadLocalMap$Entry
instanceKlass java/util/ResourceBundle$KeyElementReference
instanceKlass jdk/internal/util/WeakReferenceKey
instanceKlass java/util/WeakHashMap$Entry
ciInstanceKlass java/lang/ref/WeakReference 1 1 34 10 7 12 1 1 1 10 12 1 100 1 1 1 1 1 1 1 1 1 1 1 1 1 1 1 1 1 1 1 1 1 1 1
instanceKlass java/lang/ref/Finalizer
ciInstanceKlass java/lang/ref/FinalReference 1 1 50 10 7 12 1 1 1 10 7 12 1 1 1 10 12 1 1 100 1 8 1 10 12 1 1 1 1 1 1 1 1 1 1 1 1 1 1 1 1 1 1 1 1 1 1 1 1 1 100 1
instanceKlass jdk/internal/ref/PhantomCleanable
instanceKlass jdk/internal/ref/Cleaner
ciInstanceKlass java/lang/ref/PhantomReference 1 1 47 10 7 12 1 1 1 10 12 1 1 10 7 12 1 1 1 1 1 1 1 1 1 1 1 1 1 1 1 1 1 1 1 1 1 1 1 1 1 1 1 1 1 1 1 1 1
ciInstanceKlass java/lang/ref/Finalizer 1 1 177 9 7 12 1 1 1 10 7 12 1 1 1 9 12 1 1 9 12 1 1 9 12 1 9 12 1 9 12 1 1 10 12 1 100 1 8 1 10 12 1 10 12 1 1 9 12 1 100 1 10 12 1 7 1 11 7 12 1 1 10 12 1 100 1 10 12 1 10 7 12 1 1 1 10 12 1 1 10 100 12 1 1 8 1 10 12 1 10 12 1 10 12 1 100 1 10 12 1 10 100 12 1 1 1 100 1 10 10 12 1 1 7 1 10 12 1 10 12 1 1 10 12 1 1 10 7 12 1 1 1 7 1 10 7 1 10 10 12 1 1 1 1 1 1 1 1 1 1 1 1 1 1 1 1 1 1 1 1 1 1 1 1 1 1 100 1 1 1 1 1 1 1 1 1 1 1
staticfield java/lang/ref/Finalizer lock Ljava/lang/Object; java/lang/Object
staticfield java/lang/ref/Finalizer ENABLED Z 1
staticfield java/lang/ref/Finalizer $assertionsDisabled Z 1
instanceKlass java/lang/reflect/Executable
instanceKlass java/lang/reflect/Field
ciInstanceKlass java/lang/reflect/AccessibleObject 1 1 374 10 7 12 1 1 1 10 100 12 1 1 1 10 7 12 1 1 1 10 12 1 1 9 12 1 1 100 1 10 7 12 1 1 1 11 12 1 100 1 10 12 1 7 1 100 1 10 12 1 1 10 12 1 1 10 12 1 1 10 12 1 1 10 12 1 1 7 1 10 100 12 1 1 1 10 12 1 1 11 10 7 12 1 1 1 10 12 1 1 10 12 1 10 12 1 10 12 1 1 10 12 1 8 1 100 1 100 1 10 10 12 1 1 8 1 10 12 1 10 12 1 8 1 8 1 8 1 8 1 8 1 8 1 8 1 8 1 8 1 100 1 10 12 1 10 12 1 9 100 12 1 1 1 10 12 1 1 10 12 1 10 100 1 100 1 8 1 10 8 1 10 12 1 8 1 10 12 1 10 12 1 1 10 100 1 8 1 10 11 7 12 1 1 1 10 12 1 1 10 12 1 1 10 12 1 1 9 12 1 1 100 1 10 12 1 7 1 10 12 1 10 12 1 1 10 100 1 10 12 1 10 12 10 12 1 10 12 1 10 12 1 1 10 12 1 9 12 1 10 100 12 1 1 8 1 10 12 1 1 8 1 10 100 12 1 1 1 9 12 1 100 1 10 7 1 10 10 7 12 1 1 1 10 7 12 1 1 1 9 12 1 1 1 1 1 1 1 1 1 1 1 1 1 1 1 1 1 1 1 1 1 1 1 1 1 1 1 1 1 1 1 1 1 1 1 1 1 1 1 1 1 1 1 1 1 1 1 1 1 1 1 1 1 1 1 1 1 1 1 1 1 1 1 1 1 1 1 1 1 1 1 1 1 1 1 1 1 1 1 1 1 1 1
staticfield java/lang/reflect/AccessibleObject reflectionFactory Ljdk/internal/reflect/ReflectionFactory; jdk/internal/reflect/ReflectionFactory
ciInstanceKlass java/lang/reflect/Method 1 1 468 9 7 12 1 1 1 10 100 12 1 1 1 10 100 12 1 1 9 12 1 1 9 12 1 1 10 12 1 1 10 12 1 1 10 12 1 1 10 100 12 1 1 10 7 12 1 1 1 9 12 1 1 9 12 1 9 12 1 1 9 12 1 9 12 1 9 12 1 1 9 12 1 9 12 1 1 9 12 1 9 12 1 100 1 8 1 10 12 1 10 12 1 9 12 1 1 10 7 12 1 1 1 10 12 1 1 10 12 1 1 10 12 1 10 12 1 1 9 100 12 1 1 1 10 12 1 1 10 12 10 7 12 1 1 10 12 1 1 10 12 1 10 12 1 10 12 1 10 100 12 1 1 1 10 12 1 1 9 12 1 10 100 1 10 100 12 1 1 1 10 7 12 1 1 10 12 1 1 10 12 1 1 10 12 1 10 100 12 1 1 1 10 12 1 10 8 1 10 12 1 10 12 1 100 1 8 1 8 1 8 1 10 12 1 10 12 1 1 10 12 1 1 10 10 12 1 1 10 12 1 11 100 1 10 12 1 9 12 1 1 10 12 1 1 10 12 1 10 12 1 1 10 12 1 1 11 7 12 1 1 1 11 12 1 9 12 1 1 10 12 1 10 12 1 10 12 1 10 12 1 10 12 1 10 12 1 9 12 1 1 10 7 12 1 1 1 10 7 12 1 1 10 12 1 1 10 100 12 1 1 1 10 100 12 1 1 1 10 100 12 1 1 1 11 100 12 1 1 1 10 100 12 1 1 1 100 1 100 1 100 1 10 12 1 10 12 1 1 10 12 1 100 1 8 1 10 12 1 10 10 12 1 1 10 12 1 1 10 12 1 1 10 12 1 1 8 1 10 12 1 1 1 1 1 1 1 1 1 1 1 1 1 1 1 1 1 1 1 1 1 1 1 1 1 1 1 1 1 1 1 1 1 1 1 1 1 1 1 1 1 1 1 1 1 1 1 1 1 1 1 1 1 100 1 100 1 100 1 1 1 1 1 1 1 1 1 1 1 1 1 1 1 1 1 1 1 1 1 1 1 1 1 1 1 1 1 1
ciInstanceKlass java/lang/reflect/Member 1 1 37 100 1 10 12 1 1 100 1 100 1 1 1 1 3 1 3 1 1 1 1 1 1 1 1 1 1 1 1 1 1 1 1 1 1 1 1
instanceKlass java/lang/reflect/Constructor
instanceKlass java/lang/reflect/Method
ciInstanceKlass java/lang/reflect/Executable 1 1 587 10 7 12 1 1 1 10 7 12 1 1 1 10 7 12 1 1 1 11 7 12 1 1 1 10 7 12 1 1 1 10 12 1 1 10 100 12 1 1 1 10 100 12 1 1 1 10 12 1 8 1 10 10 12 1 1 10 12 1 1 10 100 12 1 1 1 18 12 1 1 11 100 12 1 1 1 8 1 8 1 8 1 10 100 12 1 1 1 11 12 1 1 100 1 8 1 8 1 10 12 1 100 1 8 1 10 12 1 8 1 11 100 12 1 1 1 100 1 11 100 12 1 1 1 11 12 1 8 1 18 8 1 10 12 1 10 12 1 1 18 8 1 10 12 1 100 1 10 12 1 10 12 1 11 12 1 10 12 1 1 8 1 8 1 10 12 1 1 10 12 1 1 10 10 12 1 9 12 1 1 9 100 12 1 1 1 10 100 12 1 1 1 10 12 1 10 12 1 1 10 100 12 1 1 10 12 1 10 12 1 10 12 1 10 7 12 1 1 100 1 10 100 12 1 1 1 10 12 1 1 10 100 12 1 1 10 12 1 10 12 1 1 9 100 12 1 1 1 10 100 10 12 1 8 1 10 12 1 10 12 1 3 100 1 8 1 10 12 1 10 12 1 10 10 12 1 10 12 1 1 8 1 8 1 8 1 9 12 1 1 9 12 1 10 12 1 100 1 8 1 10 12 1 10 12 1 10 12 1 1 10 12 1 1 10 12 1 10 12 10 12 1 100 1 10 12 1 10 12 1 1 100 1 10 100 12 1 1 1 100 1 10 7 12 1 1 1 10 12 1 1 11 7 12 1 1 10 12 1 10 100 12 1 1 1 10 12 1 1 9 12 1 10 12 1 1 10 12 1 10 12 1 1 9 100 12 1 1 1 10 100 12 1 1 1 10 12 1 10 12 1 1 9 12 1 10 10 10 10 100 12 1 1 1 10 12 1 9 12 1 10 12 1 1 9 12 1 100 1 100 1 1 1 1 1 1 1 1 1 1 1 1 1 1 1 1 1 1 1 1 1 1 1 1 1 1 1 1 1 1 1 1 1 1 1 1 100 1 1 1 1 1 1 1 1 1 1 1 1 1 1 1 1 1 1 1 100 1 1 1 1 1 1 1 1 1 1 1 1 1 1 1 1 1 1 1 1 1 1 1 1 1 1 1 1 1 1 1 1 1 1 1 1 1 1 1 1 1 1 1 100 1 1 1 1 1 1 1 1 1 1 1 1 1 1 1 1 1 1 1 1 1 1 100 1 1 16 15 16 1 16 1 15 10 12 16 15 10 100 12 1 1 1 1 100 1 1 1 100 1 1 100 1 100 1 1
ciInstanceKlass java/lang/reflect/Constructor 1 1 437 10 100 12 1 1 1 10 100 12 1 1 9 7 12 1 1 1 9 12 1 1 10 12 1 1 10 12 1 1 10 12 1 1 10 100 12 1 1 10 7 12 1 1 1 9 12 1 1 9 12 1 1 9 12 1 9 12 1 1 9 12 1 9 12 1 1 9 12 1 1 9 12 1 100 1 8 1 10 12 1 10 12 1 9 12 1 1 10 7 12 1 1 1 10 12 1 1 10 12 1 1 10 12 1 7 1 100 1 8 1 10 10 12 1 10 12 1 10 12 1 1 9 100 12 1 1 1 10 100 12 1 1 10 12 1 1 10 12 1 10 12 1 1 10 100 12 1 1 1 10 100 12 1 1 10 12 1 1 10 12 1 10 100 12 1 1 1 8 1 10 10 12 1 100 1 8 1 10 12 1 10 12 1 1 10 12 1 1 10 12 1 10 12 1 10 12 1 1 10 12 1 1 9 12 1 1 10 12 1 1 10 12 1 1 10 12 1 1 11 7 12 1 1 1 10 12 1 1 10 12 1 10 12 1 10 12 1 8 1 9 12 1 1 10 7 12 1 1 1 10 7 12 1 1 10 12 1 1 10 12 1 1 10 12 1 1 10 12 1 1 10 12 1 9 100 12 1 1 10 12 1 10 12 1 10 12 1 100 1 8 1 10 10 12 1 1 10 12 1 10 10 12 1 1 10 12 1 1 10 100 12 1 1 1 11 100 12 1 1 1 10 12 1 1 9 100 12 1 1 1 10 100 12 1 1 1 10 12 1 1 1 1 1 1 1 1 1 1 1 1 1 1 1 1 1 1 1 1 1 1 1 1 1 1 1 1 1 1 1 1 1 1 1 1 1 1 1 1 1 1 1 1 1 1 1 1 1 1 1 1 1 1 1 1 100 1 100 1 100 1 100 1 1 1 1 1 1 1 1 1 1 1 1 1 1 1 1 1 1 1 1 1 1 1 1 1 1 1 1 1 1 1 1 100 1 1
ciInstanceKlass java/lang/reflect/Field 1 1 454 9 7 12 1 1 1 10 12 1 1 10 100 12 1 1 1 10 100 12 1 1 9 12 1 1 9 12 1 1 10 12 1 1 10 12 1 1 10 12 1 1 10 100 12 1 1 10 7 12 1 1 1 9 12 1 1 9 12 1 9 12 1 9 12 1 1 9 12 1 1 9 12 1 9 12 1 1 100 1 8 1 10 12 1 10 12 1 9 12 1 1 9 12 1 10 7 12 1 1 10 12 1 1 10 12 1 1 10 12 1 9 12 1 1 10 12 1 1 9 100 12 1 1 1 10 7 12 1 1 1 7 1 10 12 1 1 10 12 1 1 10 12 1 10 12 1 10 100 1 10 100 12 1 1 100 1 10 8 1 10 12 1 1 10 12 1 1 8 1 10 12 10 12 1 8 1 8 1 10 11 100 1 9 12 1 10 12 1 1 10 12 1 1 11 7 12 1 1 1 10 12 1 11 12 1 1 11 12 1 1 11 12 1 1 11 12 1 1 11 12 1 1 11 12 1 1 11 12 1 1 11 12 1 1 11 12 1 1 11 12 1 1 11 12 1 1 11 12 1 1 11 12 1 1 11 12 1 1 11 12 1 1 11 12 1 1 11 12 1 1 10 12 1 10 100 12 1 1 10 12 1 10 12 1 10 12 1 10 12 1 1 10 12 1 1 10 12 1 10 100 12 1 1 10 12 1 1 11 100 1 10 12 1 100 1 10 100 12 1 1 1 10 100 12 1 1 1 9 12 1 10 100 12 1 1 1 11 100 12 1 1 1 10 12 1 1 10 12 1 1 9 100 12 1 1 10 100 12 1 1 1 10 12 1 1 100 1 1 1 1 1 1 1 1 1 1 1 1 1 1 1 1 1 1 1 1 1 1 1 1 1 1 1 1 1 1 1 1 1 1 1 1 1 1 1 100 1 1 1 1 1 1 1 1 1 1 1 1 1 1 1 1 1 1 1 1 1 1 1 1 1 1 1 1 1 1 1 1 100 1 1 1 1 1 1 1 1 100 1 1 100 1 1
ciInstanceKlass java/lang/reflect/Parameter 0 0 256 10 100 12 1 1 1 9 100 12 1 1 1 9 12 1 1 9 12 1 1 9 12 1 10 12 1 1 10 12 1 1 10 100 12 1 1 1 100 1 10 10 12 1 1 11 100 12 1 1 1 10 12 1 10 100 12 1 1 1 10 12 1 1 10 12 1 10 12 1 8 1 8 1 10 100 12 1 1 1 10 12 1 10 12 9 100 12 1 1 1 9 100 12 1 1 1 10 12 1 1 10 12 1 1 10 100 12 1 1 1 10 12 1 8 1 10 12 1 9 12 1 1 10 12 1 1 9 12 1 1 10 12 1 1 10 12 1 1 10 12 1 1 10 12 1 10 10 12 1 10 100 12 1 1 1 10 12 1 1 11 100 12 1 1 10 100 12 1 1 100 1 10 100 12 1 1 1 10 12 1 1 10 12 1 1 10 12 1 1 10 12 1 1 9 12 1 100 1 10 11 12 1 11 12 1 1 100 1 1 1 1 1 1 1 1 1 1 1 1 1 1 1 1 1 1 1 1 1 1 1 1 1 1 1 1 1 1 1 1 1 1 1 1 1 1 1 100 1 1 1 1 1 100 1 1
ciInstanceKlass java/lang/reflect/RecordComponent 0 0 196 10 100 12 1 1 1 9 100 12 1 1 1 9 12 1 1 9 12 1 10 12 1 1 10 12 1 1 10 100 12 1 1 1 10 12 1 1 9 12 1 1 10 12 1 1 10 12 1 1 10 12 1 10 100 12 1 1 10 100 12 1 1 9 12 1 1 10 100 12 1 1 1 11 100 12 1 1 1 10 9 100 12 1 1 1 10 100 12 1 1 1 9 12 1 1 10 100 12 1 1 1 10 12 1 1 11 100 12 1 1 10 100 12 1 1 100 1 9 12 1 9 12 1 1 9 12 1 10 100 12 1 1 1 10 12 1 1 10 12 1 1 100 1 10 10 12 1 10 12 1 1 8 1 10 12 1 10 12 1 9 12 1 100 1 1 1 1 1 1 1 1 1 1 1 1 1 1 1 1 1 1 1 1 1 1 100 1 1 1 1 1 1 100 1 1
ciInstanceKlass java/lang/StringBuffer 1 1 487 10 7 12 1 1 1 10 12 1 10 12 1 10 12 1 1 9 7 12 1 1 1 10 12 1 1 10 12 1 10 12 1 1 9 12 1 1 10 12 1 10 12 1 1 10 12 1 1 10 12 1 10 12 1 1 10 12 1 10 12 1 1 10 12 1 1 10 7 12 1 1 1 10 12 1 1 10 12 1 10 12 1 10 12 1 10 12 1 10 12 1 10 12 1 10 12 1 10 12 1 10 12 1 10 12 1 10 12 1 10 12 1 10 12 1 10 12 1 1 10 12 1 10 12 1 1 10 12 1 1 10 10 12 1 1 10 12 1 10 12 1 10 12 1 10 12 1 10 12 1 10 12 1 10 12 10 12 1 10 12 1 10 12 1 10 12 1 1 10 12 1 10 12 1 10 10 12 1 1 10 12 1 10 12 1 10 12 1 8 1 10 12 1 10 10 100 12 1 1 1 10 10 12 1 1 9 12 1 1 10 100 12 1 1 10 100 1 8 10 100 12 1 1 1 8 10 12 1 8 1 10 12 1 10 12 1 10 100 12 1 1 1 10 100 12 1 1 1 7 1 10 12 100 1 8 1 10 10 12 1 1 10 12 1 1 10 12 1 10 12 1 10 12 1 1 10 12 1 10 12 1 10 12 1 10 12 1 10 12 1 10 12 10 12 1 10 12 1 10 12 1 10 12 1 10 12 1 10 12 1 10 12 1 10 12 1 10 12 1 10 12 1 10 12 10 12 10 12 1 10 12 1 10 12 1 10 12 10 12 1 10 12 1 10 12 1 10 12 1 10 12 1 10 12 1 10 12 1 10 12 1 10 12 1 10 12 1 10 12 1 7 1 10 12 1 9 7 12 1 1 1 9 7 1 9 12 1 1 100 1 100 1 100 1 100 1 1 1 1 5 0 1 1 1 1 1 1 1 1 1 1 1 1 1 1 1 1 1 1 1 1 1 1 1 1 1 1 1 1 1 1 1 1 1 1 1 1 1 1 1 1 1 1 1 1 1 1 1 1 1 1 1 1 1 1 1 1 1 1 1 1 100 1 1 1 1 1 100 1 1 1 1 1 1 1 1 1 1 1 1 1 1 1 1 1 1
staticfield java/lang/StringBuffer serialPersistentFields [Ljava/io/ObjectStreamField; 3 [Ljava/io/ObjectStreamField;
instanceKlass java/lang/StringBuilder
instanceKlass java/lang/StringBuffer
ciInstanceKlass java/lang/AbstractStringBuilder 1 1 662 7 1 10 7 12 1 1 1 9 7 12 1 1 1 9 12 1 9 12 1 1 9 12 1 1 10 7 12 1 1 1 10 12 1 1 100 1 3 3 10 12 1 10 12 1 1 10 12 1 1 11 7 1 100 1 100 1 10 8 1 10 12 1 10 12 1 10 12 1 1 10 12 1 10 12 1 9 12 1 10 12 1 9 12 1 1 10 7 12 1 1 1 10 10 12 1 10 12 1 10 12 1 1 9 12 1 100 1 8 1 10 12 1 10 12 1 1 8 1 10 7 12 1 1 1 10 12 1 1 8 1 10 7 12 1 1 1 100 1 8 1 10 100 1 10 12 1 10 12 1 1 10 7 12 1 1 1 10 12 1 1 10 12 1 1 10 12 1 1 10 12 1 1 10 7 12 1 1 1 10 12 1 100 1 10 10 7 12 1 1 1 9 12 1 1 9 12 1 10 12 1 1 10 10 12 1 1 10 12 1 1 10 12 1 1 10 12 1 1 10 12 1 1 10 12 1 1 10 12 1 1 10 12 1 10 10 10 12 1 10 12 1 1 10 8 1 10 12 1 1 10 12 1 10 12 1 10 12 1 10 10 7 12 1 1 1 10 12 1 1 10 12 1 10 12 1 10 12 1 10 12 100 1 9 12 1 1 9 12 1 10 12 1 1 100 1 9 12 1 9 12 10 12 1 10 12 1 1 10 12 1 1 10 12 1 10 12 1 1 10 12 1 10 12 1 1 10 12 1 1 10 10 7 12 1 1 1 10 12 1 10 12 1 10 12 1 1 10 12 1 10 12 1 1 10 12 1 10 12 1 10 12 1 10 12 1 10 12 1 10 12 1 10 12 1 10 12 1 1 10 12 1 10 12 1 10 12 10 12 1 1 18 12 1 1 100 1 10 100 12 1 1 1 18 10 12 1 1 10 12 1 1 10 12 1 10 12 1 10 12 1 1 10 12 1 10 12 1 1 11 12 1 1 10 12 1 10 12 1 1 10 12 1 10 12 1 10 12 1 10 5 0 10 100 1 8 1 10 10 12 1 1 10 100 12 1 1 1 10 12 1 10 12 1 1 100 1 10 12 100 1 10 100 1 10 10 7 12 1 1 100 1 1 1 1 1 1 1 1 1 1 1 100 1 1 1 1 1 1 1 1 1 1 1 1 1 1 1 1 1 1 1 1 1 1 1 1 1 1 1 1 1 1 1 1 1 1 1 1 1 1 1 1 1 1 1 1 1 1 1 1 1 1 1 1 100 1 1 1 1 1 1 1 1 1 1 1 1 1 1 1 1 1 1 1 1 1 1 1 1 1 1 1 1 1 1 1 1 1 1 1 1 1 1 1 1 1 1 1 1 1 1 1 1 1 1 1 1 1 1 1 1 1 1 1 1 1 1 1 100 1 1 1 1 1 1 100 1 1 1 1 1 1 100 1 1 16 1 15 10 12 16 15 10 12 15 10 100 12 1 1 1 1 1 1 1 100 1 100 1 1
staticfield java/lang/AbstractStringBuilder EMPTYVALUE [B 0
staticfield java/lang/AbstractStringBuilder $assertionsDisabled Z 1
ciInstanceKlass java/lang/StringBuilder 1 1 425 10 7 12 1 1 1 10 12 1 10 12 1 10 12 1 1 10 7 12 1 1 1 10 7 12 1 1 1 10 12 1 10 12 1 10 12 1 10 12 1 10 12 1 10 12 1 10 12 1 10 12 1 10 12 1 10 12 1 10 12 1 10 12 1 10 12 1 10 12 1 1 10 12 1 10 12 1 1 10 12 1 1 10 12 1 10 12 1 10 12 1 10 12 1 10 12 1 10 12 1 10 12 1 10 12 10 12 1 10 12 1 10 12 1 10 12 1 1 10 12 1 10 12 1 10 12 10 12 1 1 10 12 1 10 12 1 10 12 1 1 8 1 10 12 1 10 100 12 1 1 1 9 12 1 1 10 12 1 10 12 1 10 12 1 1 9 12 1 1 10 100 12 1 1 1 10 100 1 10 12 1 1 10 100 12 1 1 10 12 1 10 12 1 1 100 1 100 1 8 1 10 10 12 1 1 10 12 1 10 12 1 10 12 1 1 10 12 1 10 12 1 10 12 1 10 12 1 10 12 1 10 12 10 12 1 10 12 1 10 12 1 10 12 1 10 12 1 10 12 1 10 12 1 10 12 1 10 12 1 1 10 12 1 1 10 12 1 10 12 1 10 12 1 10 12 10 12 10 12 1 10 12 1 10 12 1 10 12 10 12 1 10 12 1 10 12 1 10 12 1 10 12 1 10 12 1 10 12 1 10 12 1 10 12 1 1 10 12 1 10 12 1 1 10 12 1 10 12 1 1 10 12 1 10 12 1 1 10 12 1 10 12 1 10 12 1 10 10 10 12 1 100 1 100 1 100 1 100 1 1 1 1 5 0 1 1 1 1 1 1 1 1 1 1 1 1 1 1 1 1 1 1 1 1 1 1 1 1 1 1 1 1 1 1 1 1 1 1 1 1 1 1 1 1 1 1 1 1 100 1 1 1 100 1 1 1 1 1 1 1 1 1 1 1
ciInstanceKlass java/security/CodeSource 1 1 396 10 7 12 1 1 1 9 7 12 1 1 1 9 12 1 1 9 12 1 1 9 12 1 1 10 7 12 1 1 1 9 12 1 1 10 100 12 1 1 10 100 10 100 12 1 1 1 10 12 1 1 10 12 1 1 100 1 10 10 100 12 1 1 1 10 100 12 1 1 1 10 12 1 1 100 1 10 12 1 1 10 12 1 1 10 12 1 1 10 12 1 10 10 100 1 10 12 1 1 10 100 12 1 1 1 10 12 1 1 10 12 1 10 12 1 8 1 10 12 1 10 12 1 10 12 1 1 10 12 1 8 1 10 12 1 1 10 100 1 10 10 12 1 1 8 1 10 12 1 10 12 1 10 12 1 8 1 8 1 9 12 1 1 100 1 8 1 10 12 1 10 12 1 1 8 1 10 12 1 8 1 8 1 8 1 10 100 12 1 1 10 12 1 1 10 12 1 10 12 1 1 10 12 1 1 10 12 1 1 100 1 100 1 10 12 1 10 12 10 12 1 1 10 100 12 1 1 10 12 1 100 1 10 12 10 100 12 1 1 1 10 8 1 10 12 1 10 12 1 1 100 1 10 12 1 1 100 1 100 1 8 1 8 1 10 10 12 1 1 10 100 12 1 1 1 100 1 10 12 10 12 1 1 11 100 12 1 1 10 10 12 1 11 10 12 1 8 1 100 1 10 12 1 10 12 1 1 10 12 1 11 12 1 1 100 1 1 1 1 5 0 1 1 1 1 1 1 1 1 1 1 1 1 1 1 1 1 1 1 1 1 1 1 1 1 1 1 1 1 1 1 1 1 1 1 1 1 1 1 1 1 1 1 1 1 1 1 1 1 1 1 1 1 1 1 1 1 1 1 1 1 1 1 1 1 1 1 100 1 1 1 1 1 1 1
ciInstanceKlass java/security/ProtectionDomain 1 1 141 10 7 12 1 1 1 9 7 12 1 1 1 9 12 1 1 9 12 1 1 10 7 12 1 1 7 1 9 12 1 9 12 1 1 7 1 9 12 1 1 9 12 1 10 100 12 1 1 10 100 12 1 1 1 10 12 1 1 10 12 1 8 1 100 1 8 1 10 12 1 10 11 12 1 1 10 100 12 1 1 1 10 12 1 1 8 1 11 8 1 10 12 1 8 1 8 1 8 1 10 12 1 8 1 8 1 1 1 1 1 1 1 1 100 1 1 100 1 1 1 1 1 1 1 1 1 1 1 1 1 1 1 1 1 1 1 100 1 1 1
instanceKlass jdk/internal/loader/BuiltinClassLoader
ciInstanceKlass java/security/SecureClassLoader 1 1 99 10 7 12 1 1 1 7 1 10 12 1 9 7 12 1 1 1 10 12 1 10 12 1 10 12 1 1 10 12 1 1 10 12 1 7 1 10 7 1 10 12 1 7 1 10 12 1 11 7 12 1 1 1 7 1 11 12 1 10 12 1 1 1 1 1 1 1 1 1 1 1 1 1 1 1 1 1 1 1 1 1 1 1 1 1 1 1 1 1 1 1 1 1 1 1 1 1 1
ciInstanceKlass java/net/URL 1 1 736 10 7 12 1 1 1 10 12 1 10 7 12 1 1 9 12 1 1 9 12 1 10 12 1 1 9 12 1 1 10 7 12 1 1 1 8 1 10 12 1 1 100 1 10 10 12 1 1 8 1 10 12 1 1 9 12 1 100 1 8 1 10 12 1 10 12 1 8 1 9 12 1 10 12 1 1 9 12 1 10 12 1 10 12 1 9 12 1 9 12 1 8 1 9 12 1 10 12 1 1 8 1 9 12 1 1 10 12 1 1 10 7 12 1 1 1 8 1 10 12 1 100 1 10 12 1 10 12 1 10 12 1 10 12 1 1 10 12 1 1 8 1 10 12 1 1 10 12 1 8 1 9 12 1 8 1 10 12 1 10 7 12 1 1 1 100 1 10 12 1 10 12 1 1 10 7 12 1 1 1 100 1 8 1 10 10 12 1 8 1 10 12 1 1 10 12 1 10 12 1 10 12 1 10 12 1 10 12 1 10 12 1 8 1 10 12 1 8 1 10 10 100 1 10 10 12 1 8 1 10 7 12 1 1 1 10 12 1 9 12 1 1 10 12 1 10 100 12 1 1 1 100 1 10 12 1 10 12 1 10 12 1 10 12 1 10 12 1 10 12 10 10 12 1 8 1 100 1 10 100 12 1 1 1 10 12 1 1 10 12 1 10 12 1 1 8 1 9 100 12 1 1 1 10 100 12 1 1 1 10 12 1 10 12 1 10 100 12 1 1 1 10 12 1 1 10 12 1 9 12 1 1 9 12 1 1 100 1 8 1 10 9 12 1 1 10 7 12 1 1 8 1 10 100 12 1 1 8 1 10 12 1 1 10 12 1 8 1 8 1 10 7 12 1 1 1 100 1 10 100 12 1 1 1 10 12 1 10 12 1 9 100 12 1 1 1 10 100 12 1 1 10 12 1 1 10 12 1 8 1 100 1 10 100 12 1 1 1 10 12 1 1 11 100 12 1 1 11 12 1 10 12 1 10 12 1 8 9 100 12 1 1 1 10 12 1 1 10 12 1 10 12 1 1 10 100 12 1 1 11 7 1 10 12 1 10 12 1 9 12 1 10 12 1 1 10 100 12 1 1 10 100 12 1 1 1 8 10 100 12 1 1 100 1 10 8 8 10 12 1 8 8 8 100 1 10 12 1 9 12 1 1 10 12 1 10 12 1 1 10 12 1 10 12 10 12 1 1 10 12 1 1 10 10 10 12 1 10 12 1 10 12 1 10 12 1 10 12 1 10 10 12 1 100 1 8 1 10 10 10 12 1 1 10 12 1 10 12 1 1 8 1 7 1 10 10 7 1 10 12 1 9 7 12 1 1 1 9 12 1 1 7 1 10 10 7 12 1 1 1 100 1 1 1 1 1 5 0 1 1 1 1 1 1 1 1 1 1 1 1 1 1 1 1 1 1 1 1 1 1 1 1 1 1 1 1 1 1 1 1 1 1 1 1 1 1 1 1 1 1 1 1 1 1 100 1 1 1 1 1 1 1 1 1 1 1 1 1 1 1 1 1 1 1 1 1 1 1 1 1 1 1 1 1 1 1 1 1 1 1 1 100 1 1 1 1 1 1 1 1 1 1 1 1 1 1 1 1 1 1 1 1 1 1 1 100 1 1 1 1 1 1 1 1 1 1 1 1 1 1 1 1 1 1 1
staticfield java/net/URL defaultFactory Ljava/net/URLStreamHandlerFactory; java/net/URL$DefaultFactory
staticfield java/net/URL handlers Ljava/util/Hashtable; java/util/Hashtable
staticfield java/net/URL streamHandlerLock Ljava/lang/Object; java/lang/Object
staticfield java/net/URL serialPersistentFields [Ljava/io/ObjectStreamField; 7 [Ljava/io/ObjectStreamField;
ciInstanceKlass java/util/jar/Manifest 0 0 320 10 7 12 1 1 1 100 1 10 9 7 12 1 1 1 100 1 10 9 12 1 1 9 12 1 1 10 12 1 10 12 1 1 10 12 1 1 10 12 1 1 10 12 1 1 11 100 1 11 12 1 1 10 12 1 1 10 100 12 1 1 1 100 1 100 1 10 8 1 10 12 1 1 10 12 1 1 10 12 1 10 12 1 11 100 1 10 12 1 10 12 1 1 11 12 1 1 10 12 1 11 12 1 1 11 100 12 1 1 1 11 100 12 1 1 11 12 1 1 100 1 10 12 1 8 1 11 12 1 100 1 10 12 1 1 11 12 1 10 12 1 10 12 1 10 9 100 12 1 1 1 10 12 1 1 10 100 12 1 10 12 1 10 12 1 9 100 12 1 1 1 8 1 10 12 1 8 1 8 1 100 1 10 12 1 10 12 1 10 12 1 1 100 1 8 1 10 12 1 1 8 1 10 10 12 1 1 8 1 10 12 1 1 10 100 12 1 1 1 10 12 1 10 11 12 1 1 10 12 1 1 10 100 12 1 1 1 10 12 1 1 10 12 1 10 12 1 1 11 10 12 1 11 10 12 1 100 1 1 1 1 1 1 1 1 1 1 1 1 1 1 1 1 1 1 1 1 1 1 1 1 1 1 1 1 1 1 1 1 1 1 1 100 1 1 1 1 1 1 1 1 1 1 1 1 1 1 100 1 1 1 1 1 1 1 1 1 1 1
ciInstanceKlass java/io/ByteArrayInputStream 1 1 135 10 7 12 1 1 1 9 7 12 1 1 1 9 12 1 1 9 12 1 9 12 1 10 7 12 1 1 1 10 7 12 1 1 1 10 7 12 1 1 1 10 7 12 1 1 1 10 12 1 1 10 100 12 1 1 1 100 1 100 1 100 1 3 10 100 1 10 100 12 1 1 1 9 12 1 1 100 1 10 10 7 12 1 1 1 1 1 1 1 1 1 1 1 1 1 1 1 1 1 1 1 1 1 1 1 1 1 1 1 1 1 1 1 1 1 1 1 100 1 100 1 1 1 1 1 1 1 1 1 1 1 1 1 1
staticfield java/io/ByteArrayInputStream $assertionsDisabled Z 1
instanceKlass java/nio/ShortBuffer
instanceKlass java/nio/CharBuffer
instanceKlass java/nio/IntBuffer
instanceKlass java/nio/ByteBuffer
ciInstanceKlass java/nio/Buffer 1 1 259 100 1 10 7 12 1 1 1 9 7 12 1 1 1 9 12 1 9 12 1 1 9 12 1 9 12 1 1 10 12 1 1 10 12 1 1 10 12 100 1 100 1 10 8 1 10 12 1 1 10 12 1 8 1 8 1 10 12 1 1 10 12 1 8 1 9 12 1 1 100 1 8 1 10 12 1 8 1 8 1 9 12 10 12 1 8 1 8 1 8 1 10 12 1 8 1 8 1 8 1 100 1 10 100 1 10 100 1 10 9 12 1 1 10 7 12 1 1 1 100 1 10 12 1 1 10 12 1 10 100 12 1 1 10 7 12 1 1 1 10 7 12 1 1 1 9 12 1 1 10 7 12 1 1 1 9 12 1 1 7 1 10 10 12 1 1 7 1 10 10 7 12 1 1 1 1 1 3 1 1 1 1 1 1 1 1 1 1 1 1 1 1 100 1 1 1 1 1 1 1 100 1 1 1 1 1 1 1 1 1 1 1 1 1 1 1 1 1 1 1 1 1 1 1 1 1 1 1 1 1 1 1 1 1 1 1 1 1 1 1 1 1 1 100 1 100 1 100 1 100 1 100 1 100 1 100 1 1
staticfield java/nio/Buffer UNSAFE Ljdk/internal/misc/Unsafe; jdk/internal/misc/Unsafe
staticfield java/nio/Buffer SCOPED_MEMORY_ACCESS Ljdk/internal/misc/ScopedMemoryAccess; jdk/internal/misc/ScopedMemoryAccess
staticfield java/nio/Buffer IOOBE_FORMATTER Ljava/util/function/BiFunction; jdk/internal/util/Preconditions$4
staticfield java/nio/Buffer $assertionsDisabled Z 1
ciInstanceKlass java/lang/AssertionStatusDirectives 0 0 24 10 100 12 1 1 1 100 1 1 1 1 1 1 1 1 1 1 1 1 1 1 1 1
instanceKlass wv/codeclip/patch/PatchApplier$PatchResult
instanceKlass wv/codeclip/html/HtmlFuzzyMatcher$Candidate
instanceKlass wv/codeclip/html/FuzzyMatchProgressDialog$ProgressUpdate
instanceKlass wv/codeclip/html/HtmlFuzzyMatcher$ScanResult
instanceKlass wv/codeclip/generic/GenericStrictPatchApplier$FindReplaceResult
instanceKlass wv/codeclip/model/PatchChange$InsertMethod
instanceKlass wv/codeclip/model/PatchChange$MethodReplace
instanceKlass wv/codeclip/model/PatchChange$FindReplace
instanceKlass wv/codeclip/patch/PatchParser$ParsedBlock
instanceKlass wv/codeclip/CodeClipFrame$RawLogLine
instanceKlass wv/codeclip/generic/GenericScriptExtractor$FileEntry
instanceKlass wv/codeclip/generic/GenericSmartPasteExtractor$PatchEntry
instanceKlass wv/codeclip/generic/GenericSmartPasteExtractor$FileEntry
instanceKlass sun/util/locale/LanguageTag
instanceKlass jdk/internal/foreign/Utils$1VarHandleCache
instanceKlass jdk/internal/foreign/Utils$BaseAndScale
instanceKlass sun/font/HBShaper$ScopedVars
instanceKlass java/lang/ClassValue$Version
instanceKlass jdk/internal/foreign/abi/UpcallLinker$InvocationData
instanceKlass jdk/internal/classfile/impl/StackMapGenerator$RawExceptionCatch
instanceKlass jdk/internal/foreign/abi/NativeEntryPoint$CacheKey
instanceKlass jdk/internal/foreign/abi/DowncallLinker$InvocationData
instanceKlass jdk/internal/foreign/abi/LinkerOptions$CaptureCallState
instanceKlass jdk/internal/foreign/abi/x64/windows/CallArranger$Bindings
instanceKlass jdk/internal/foreign/abi/Binding$SegmentOffset
instanceKlass jdk/internal/foreign/abi/Binding$SegmentBase
instanceKlass jdk/internal/foreign/abi/Binding$BufferLoad
instanceKlass jdk/internal/foreign/abi/Binding$VMStore
instanceKlass jdk/internal/foreign/abi/Binding$ShiftRight
instanceKlass jdk/internal/foreign/abi/Binding$ShiftLeft
instanceKlass jdk/internal/foreign/abi/Binding$Dup
instanceKlass jdk/internal/foreign/abi/Binding$Allocate
instanceKlass jdk/internal/foreign/abi/Binding$Copy
instanceKlass jdk/internal/foreign/abi/Binding$BufferStore
instanceKlass jdk/internal/foreign/abi/Binding$BoxAddress
instanceKlass jdk/internal/foreign/abi/Binding$VMLoad
instanceKlass jdk/internal/foreign/abi/AbstractLinker$LinkRequest
instanceKlass jdk/internal/foreign/abi/LinkerOptions$FirstVariadicArg
instanceKlass jdk/internal/classfile/impl/AbstractInstruction$SwitchCaseImpl
instanceKlass jdk/internal/classfile/impl/StackMapDecoder$StackMapFrameImpl
instanceKlass jdk/internal/classfile/impl/StackMapDecoder$ObjectVerificationTypeInfoImpl
instanceKlass jdk/internal/foreign/LayoutPath$GroupElementByName
instanceKlass java/util/stream/Collectors$CollectorImpl
instanceKlass wv/codeclip/CodeClipFrame$PanelEntry
instanceKlass wv/codeclip/patch/PatchUndoManager$Entry
instanceKlass java/lang/invoke/StringConcatFactory$InlineHiddenClassStrategy$MethodHandlePair
instanceKlass java/lang/invoke/InvokerBytecodeGenerator$ClassData
instanceKlass sun/nio/fs/WindowsPathParser$Result
instanceKlass java/lang/invoke/MethodHandles$Lookup$ClassDefiner
instanceKlass jdk/internal/classfile/impl/ClassHierarchyImpl$ClassHierarchyInfoImpl
instanceKlass java/lang/classfile/ClassHierarchyResolver$1Factory
instanceKlass jdk/internal/classfile/impl/RawBytecodeHelper$CodeRange
instanceKlass jdk/internal/classfile/impl/StackMapGenerator$Type
instanceKlass jdk/internal/classfile/impl/DirectCodeBuilder$DeferredLabel
instanceKlass jdk/internal/classfile/impl/Util$1WithCodeMethodHandler
instanceKlass jdk/internal/classfile/impl/AnnotationImpl
instanceKlass java/security/SecureClassLoader$CodeSourceKey
instanceKlass jdk/internal/reflect/ReflectionFactory$Config
instanceKlass jdk/internal/foreign/abi/UpcallLinker$CallRegs
instanceKlass jdk/internal/foreign/abi/VMStorage
ciInstanceKlass java/lang/Record 1 1 22 10 7 12 1 1 1 100 1 1 1 1 1 1 1 1 1 1 1 1 1 1
ciInstanceKlass java/util/concurrent/ConcurrentHashMap 1 1 1219 100 1 7 1 10 7 12 1 1 1 10 12 1 1 9 12 1 1 3 10 7 12 1 1 1 3 100 1 10 7 12 1 1 1 100 1 10 100 12 1 1 1 100 1 11 12 1 1 11 12 1 11 12 1 1 9 12 1 1 9 12 1 9 12 1 1 10 7 12 1 1 1 7 1 10 12 1 1 10 12 1 1 10 7 12 1 1 1 4 10 12 1 11 100 12 1 1 10 12 1 10 12 1 1 100 1 10 5 0 10 12 1 9 12 1 10 12 1 1 5 0 10 12 1 10 12 1 9 12 1 1 10 12 1 1 9 12 1 9 12 1 1 10 12 1 1 9 12 1 10 12 1 1 9 12 1 1 10 12 1 1 100 1 10 100 1 10 12 1 10 12 1 1 10 12 1 1 10 12 1 1 10 12 1 10 12 1 1 10 12 1 1 100 1 10 12 1 1 7 1 100 1 8 1 10 12 1 10 12 1 1 10 12 1 1 10 10 12 1 11 12 1 1 11 100 12 1 1 1 11 100 12 1 1 1 11 12 1 100 1 11 12 1 11 12 1 10 12 1 1 10 12 1 1 9 12 1 1 10 100 12 1 1 1 9 10 12 1 1 9 12 1 10 12 1 1 5 0 9 12 1 1 7 1 10 12 1 9 12 1 1 7 1 10 12 1 9 12 1 100 1 10 100 1 10 10 12 1 1 8 1 10 12 1 10 12 1 1 11 100 1 10 12 1 10 100 12 1 1 1 8 1 10 100 12 1 1 1 8 1 10 12 1 8 1 10 12 1 10 12 1 1 10 100 12 1 1 10 12 1 10 12 1 10 12 1 9 12 1 9 10 12 1 9 12 1 11 100 12 1 1 1 11 7 12 1 1 1 100 1 10 12 11 100 12 1 1 10 11 7 12 1 10 12 1 100 1 10 12 1 100 1 10 10 9 7 12 1 1 1 3 10 100 12 1 1 9 12 1 10 12 1 1 9 12 1 1 9 12 1 10 12 1 1 10 100 12 1 1 9 12 1 9 7 12 1 1 10 12 1 1 10 12 1 3 9 12 1 9 12 1 10 12 1 1 7 1 9 3 100 1 10 12 1 9 12 1 10 12 1 9 12 1 10 12 1 9 12 1 10 100 12 1 1 1 100 10 12 1 100 1 5 0 10 100 12 1 1 100 1 10 12 1 1 10 12 1 10 12 1 100 1 10 12 1 10 100 1 100 1 10 10 12 1 10 100 1 10 12 1 10 100 1 10 12 1 10 100 1 10 12 1 1 100 1 10 12 1 10 10 12 1 100 1 10 12 1 10 10 12 1 100 1 10 12 1 10 100 1 10 12 1 10 100 1 10 12 1 10 100 1 10 12 1 10 100 1 10 12 1 10 100 1 10 12 1 10 100 1 10 12 1 10 100 1 10 12 1 10 100 1 10 10 100 1 10 10 100 1 10 10 100 1 10 12 1 10 100 1 10 12 1 10 100 1 10 12 1 10 100 1 10 12 1 10 100 1 10 12 1 10 100 1 10 10 100 1 10 10 100 1 10 10 100 1 10 12 1 10 100 1 10 12 1 10 100 1 10 12 1 10 100 1 10 12 1 10 100 1 10 12 1 10 10 12 1 10 12 1 7 1 7 1 10 12 1 9 12 1 1 9 12 1 1 10 12 1 1 8 10 12 1 1 8 8 8 8 7 10 12 1 1 10 12 1 1 100 1 8 1 10 7 1 100 1 100 1 1 1 5 0 1 1 3 1 3 1 1 1 1 3 1 3 1 3 1 1 1 1 1 3 1 3 1 3 1 1 1 1 1 1 1 1 1 1 1 1 1 1 1 1 1 1 1 1 1 1 1 1 1 1 1 100 1 1 1 1 1 1 1 1 1 1 1 1 1 1 1 1 1 1 1 1 1 1 1 1 1 1 1 1 1 1 1 1 1 1 1 1 1 1 1 1 1 1 1 1 1 1 1 1 1 1 1 1 1 1 1 1 1 1 1 1 1 1 1 1 1 1 1 1 1 1 1 1 1 1 1 1 1 1 1 1 1 1 1 1 100 1 1 1 1 1 1 1 1 1 1 1 100 1 1 1 1 1 1 1 1 1 1 1 1 1 1 1 1 1 1 1 1 1 1 1 1 1 1 1 1 1 1 1 1 1 1 1 1 1 1 1 1 1 1 1 1 1 1 1 1 1 1 1 1 1 1 1 1 1 1 1 1 1 1 1 1 1 1 1 1 1 1 1 1 1 1 1 1 1 1 1 1 1 1 1 1 1 1 1 1 1 1 1 1 1 1 1 1 1 1 1 1 1 1 1 1 1 1 1 1 1 1 1 1 1 1 1 1 1 1 1 1 1 1 1 1 1 1 1 1 1 1 1 1 1 1 1 1 1 1 1 1 1 1 1 1 1 1 1 1 1 1 1 1 1 1 1 1 1 1 1 1 1 1 1 1 1 1 1 1 1 1 1 1 1 1 1 1 1 1 1 1 1 1 1 1 1 1 1 1 1 1 1 1 1 1 1 1 1 1 1 1 1 1 1 1 1 1 1 1 1 1 1 1 1 1 1 1 1 1 1 1 1 1 1 100 1 100 1 100 1 100 1 100 1 100 1 100 1 100 1 100 1 1 1 1 1 1 1 1 1 1 1 1 1 1 1 1 1 1 1 1 1 1 1 1 1 1 1 1 1 1 1 1 1 1 1 1 1 1 1 1 1 1 1 1 1 1 1 1 1 1 1 1 1 1 1 1 1 1
staticfield java/util/concurrent/ConcurrentHashMap serialPersistentFields [Ljava/io/ObjectStreamField; 3 [Ljava/io/ObjectStreamField;
staticfield java/util/concurrent/ConcurrentHashMap U Ljdk/internal/misc/Unsafe; jdk/internal/misc/Unsafe
staticfield java/util/concurrent/ConcurrentHashMap SIZECTL J 44
staticfield java/util/concurrent/ConcurrentHashMap TRANSFERINDEX J 56
staticfield java/util/concurrent/ConcurrentHashMap BASECOUNT J 48
staticfield java/util/concurrent/ConcurrentHashMap CELLSBUSY J 60
staticfield java/util/concurrent/ConcurrentHashMap CELLVALUE J 144
staticfield java/util/concurrent/ConcurrentHashMap ABASE J 16
staticfield java/util/concurrent/ConcurrentHashMap ASHIFT I 2
instanceKlass java/util/Collections$SingletonMap
instanceKlass java/util/TreeMap
instanceKlass sun/font/AttributeMap
instanceKlass java/util/IdentityHashMap
instanceKlass java/util/EnumMap
instanceKlass sun/awt/SoftCache
instanceKlass java/util/WeakHashMap
instanceKlass java/util/Collections$EmptyMap
instanceKlass sun/util/PreHashedMap
instanceKlass java/util/HashMap
instanceKlass java/util/ImmutableCollections$AbstractImmutableMap
instanceKlass java/util/concurrent/ConcurrentHashMap
ciInstanceKlass java/util/AbstractMap 1 1 198 10 7 12 1 1 1 10 7 12 1 1 1 11 7 12 1 1 1 10 11 12 1 1 11 7 12 1 1 1 11 12 1 1 7 1 11 12 1 10 12 1 1 11 12 1 100 1 10 11 12 1 11 7 1 10 12 1 1 11 12 1 9 12 1 1 100 1 10 12 1 9 12 1 1 7 1 10 11 11 12 1 1 11 12 1 100 1 100 1 11 12 1 8 1 100 1 10 10 12 1 1 8 1 10 12 1 10 12 1 1 10 12 1 1 1 1 1 1 1 1 1 1 1 1 1 1 1 1 1 1 1 1 1 1 1 1 1 1 1 1 1 1 1 1 1 1 1 1 1 1 1 1 100 1 1 1 1 1 1 1 100 1 1 1 1 1 1 1 1 1 100 1 1 1 1 1 1 1 1 1 100 1 100 1 100 1 100 1 100 1 1 1 1 1 1 1 1
ciInstanceKlass java/util/concurrent/ConcurrentMap 1 1 201 11 100 12 1 1 1 10 100 12 1 1 11 12 1 1 11 100 12 1 1 1 11 100 12 1 1 1 11 12 1 1 100 1 11 12 1 11 12 1 100 1 11 100 12 1 1 1 18 12 1 11 12 1 1 11 100 12 1 1 11 12 1 1 11 100 12 1 11 12 1 1 11 12 1 1 100 1 100 1 1 1 1 1 1 1 1 1 1 1 1 1 1 1 1 1 1 1 1 1 1 1 1 1 1 1 1 1 1 1 1 1 1 1 1 1 1 1 1 1 1 1 1 1 1 1 1 1 1 1 1 1 1 1 1 1 1 1 1 16 15 11 12 15 10 100 12 1 1 1 1 1 100 1 100 1 1 1 100 1 8 1 1 12 10 1 8 1 1 1 8 1 8 1 1 8 1 1 1 8 1 1 1 8 1 1 8 1 8 1 1 1 8 1 1 8 1 1 1 8 1
ciInstanceKlass java/util/Collection 1 1 115 11 100 12 1 1 1 100 1 11 7 12 1 1 1 10 100 12 1 1 1 11 12 1 1 11 100 12 1 1 1 11 12 1 1 11 100 12 1 1 1 11 12 1 1 10 100 12 1 1 1 11 12 1 10 7 12 1 1 1 100 1 100 1 1 1 1 1 1 1 1 1 1 1 1 1 1 1 1 1 1 1 1 1 1 1 1 1 1 1 1 1 1 1 1 1 1 1 1 1 1 1 1 1 1 1 1 1 1 1 1 1 1 1 1
instanceKlass jdk/internal/loader/NativeLibraries$CountedLock
instanceKlass java/util/concurrent/ConcurrentHashMap$Segment
ciInstanceKlass java/util/concurrent/locks/ReentrantLock 1 1 177 10 7 12 1 1 1 7 1 10 9 7 12 1 1 1 100 1 10 10 7 12 1 1 10 12 1 10 12 1 1 10 100 12 1 1 1 10 12 1 1 10 12 1 1 10 12 1 1 10 12 1 1 10 12 1 10 12 1 10 12 1 1 10 12 1 10 12 1 1 10 12 1 10 12 1 1 100 1 10 100 1 100 1 8 1 10 12 1 10 12 1 1 10 12 1 1 10 12 1 1 100 1 10 10 12 1 1 10 12 1 1 8 1 8 1 10 100 12 1 1 8 1 10 100 1 100 1 1 1 1 5 0 1 1 1 1 1 1 1 1 1 1 100 1 1 1 1 1 1 1 1 1 1 1 1 1 1 1 1 1 1 1 1 1 100 1 1 1 1 1 1 1 1 100 1 1
ciMethod java/util/concurrent/locks/ReentrantLock lock ()V 708 0 11274 0 232
ciMethod java/util/concurrent/locks/ReentrantLock unlock ()V 690 0 16034 0 411
ciInstanceKlass java/util/concurrent/locks/Lock 1 0 19 100 1 100 1 1 1 1 1 100 1 1 1 1 1 1 1 1 1
instanceKlass jdk/internal/loader/ClassLoaders$BootClassLoader
instanceKlass jdk/internal/loader/ClassLoaders$PlatformClassLoader
instanceKlass jdk/internal/loader/ClassLoaders$AppClassLoader
ciInstanceKlass jdk/internal/loader/BuiltinClassLoader 1 1 652 9 7 12 1 1 1 10 7 12 1 1 1 10 7 12 1 1 1 9 12 1 1 9 12 1 1 7 1 10 12 1 9 12 1 10 12 1 9 12 1 10 7 12 1 1 1 10 7 12 1 1 1 10 100 12 1 1 1 11 7 12 1 1 1 100 1 100 1 10 10 12 1 1 8 1 10 12 1 10 12 7 1 10 12 1 10 12 1 1 11 100 12 1 1 1 11 7 12 1 1 1 11 12 1 1 7 1 8 1 8 1 10 9 12 1 1 10 7 12 1 1 11 12 1 1 10 12 1 1 10 12 1 1 10 12 1 1 11 7 12 1 1 1 10 7 12 1 1 7 1 10 100 12 1 1 1 10 7 12 1 1 1 10 12 1 10 12 1 100 1 8 1 10 12 1 1 10 8 1 10 12 1 1 10 12 1 1 10 12 1 1 11 7 12 1 1 11 12 1 7 1 10 11 12 1 1 11 10 12 1 1 7 1 10 12 1 10 7 12 1 10 12 1 11 12 1 1 11 7 1 11 12 1 100 1 10 12 1 1 100 1 100 1 11 12 1 1 10 12 1 10 12 10 12 1 10 7 12 1 1 1 100 1 10 10 12 1 1 10 12 1 1 10 12 1 1 10 12 1 9 12 1 1 100 1 10 10 12 1 1 10 12 1 1 10 12 1 10 12 10 12 1 1 10 12 1 1 10 12 1 1 10 12 1 10 12 1 1 10 12 1 1 10 12 1 10 12 1 1 10 12 1 7 1 10 12 10 7 12 1 1 1 10 12 1 11 12 1 7 1 10 12 1 7 1 100 1 10 12 1 10 12 1 11 12 1 1 10 12 1 1 10 12 1 1 10 12 1 1 10 12 1 1 10 12 1 10 12 1 10 12 1 10 12 1 8 1 10 12 1 1 10 7 12 1 1 10 12 1 100 1 8 1 8 1 10 10 12 1 8 1 8 1 10 100 12 1 1 1 11 100 12 1 1 1 9 100 12 1 1 1 10 100 12 1 1 1 9 12 1 9 12 1 9 12 1 9 12 1 9 12 1 9 12 1 10 100 12 1 1 1 8 1 10 12 1 7 1 10 11 12 1 1 10 12 10 12 1 10 12 1 100 1 10 12 1 10 12 1 11 11 12 1 10 7 12 1 1 10 7 12 1 1 8 1 10 7 12 1 1 10 12 1 1 1 1 1 1 1 1 1 1 1 1 1 1 1 1 1 1 1 1 1 1 1 1 1 1 1 1 1 1 1 1 1 1 1 1 1 1 1 1 1 1 1 1 1 1 1 1 1 1 1 1 1 1 1 100 1 1 1 1 1 1 1 1 1 1 1 1 1 100 1 100 1 1 1 1 1 1 1 1 1 1 1 1 1 1 1 1 1 1 1 1 1 1 1 1 1 1 1 1 1 1 1 1 1 1 1 1 1 1 1 1 1 1 1 1 1 1 1 100 1 1 1 100 1 1 1 1 1
staticfield jdk/internal/loader/BuiltinClassLoader packageToModule Ljava/util/Map; java/util/concurrent/ConcurrentHashMap
staticfield jdk/internal/loader/BuiltinClassLoader $assertionsDisabled Z 1
ciInstanceKlass jdk/internal/loader/ClassLoaders$AppClassLoader 1 1 57 8 1 10 7 12 1 1 1 10 100 12 1 1 1 10 12 1 1 10 7 12 1 1 1 100 1 10 12 1 1 1 1 1 1 1 1 1 1 1 1 1 1 1 1 1 1 1 1 1 1 1 1 100 1 1 1
ciInstanceKlass jdk/internal/loader/ClassLoaders$PlatformClassLoader 1 1 42 8 1 10 7 12 1 1 1 10 7 12 1 1 1 100 1 10 12 1 100 1 1 1 1 1 1 1 1 1 1 1 1 1 1 100 1 1 1 100 1 1
ciInstanceKlass java/lang/ArithmeticException 1 1 26 10 100 12 1 1 1 10 12 1 100 1 1 1 1 5 0 1 1 1 1 1 1 1 1 1
instanceKlass java/lang/InterruptedException
instanceKlass java/util/concurrent/ExecutionException
instanceKlass sun/nio/fs/WindowsException
instanceKlass wv/codeclip/model/PatchException
instanceKlass java/io/IOException
instanceKlass javax/swing/text/BadLocationException
instanceKlass java/lang/ReflectiveOperationException
instanceKlass java/lang/RuntimeException
ciInstanceKlass java/lang/Exception 1 1 40 10 7 12 1 1 1 10 12 1 10 12 1 10 12 1 10 12 1 100 1 1 1 1 5 0 1 1 1 1 1 1 1 1 1 1 1 1 1 1
instanceKlass java/util/concurrent/StructureViolationException
instanceKlass java/lang/WrongThreadException
instanceKlass java/lang/IllegalStateException
instanceKlass java/lang/MatchException
instanceKlass java/lang/IllegalArgumentException
instanceKlass java/lang/IndexOutOfBoundsException
instanceKlass java/lang/ArithmeticException
instanceKlass java/lang/NullPointerException
instanceKlass java/lang/IllegalCallerException
instanceKlass java/lang/IllegalMonitorStateException
instanceKlass java/lang/ArrayStoreException
instanceKlass java/lang/ClassCastException
ciInstanceKlass java/lang/RuntimeException 1 1 40 10 7 12 1 1 1 10 12 1 10 12 1 10 12 1 10 12 1 100 1 1 1 1 5 0 1 1 1 1 1 1 1 1 1 1 1 1 1 1
ciInstanceKlass java/lang/ArrayIndexOutOfBoundsException 1 1 45 10 100 12 1 1 1 10 12 1 100 1 10 8 1 10 12 1 1 10 12 1 10 12 1 1 100 1 1 1 1 5 0 1 1 1 1 1 1 1 1 1 1 1 1
ciInstanceKlass java/lang/ArrayStoreException 1 1 26 10 100 12 1 1 1 10 12 1 100 1 1 1 1 5 0 1 1 1 1 1 1 1 1 1
ciInstanceKlass java/lang/ClassCastException 1 1 26 10 100 12 1 1 1 10 12 1 100 1 1 1 1 5 0 1 1 1 1 1 1 1 1 1
ciInstanceKlass java/lang/ClassNotFoundException 1 1 96 7 1 10 7 12 1 1 1 10 12 1 10 12 1 1 10 100 12 1 1 1 8 1 10 100 12 1 1 1 10 7 12 1 1 10 100 12 1 1 1 10 100 12 1 1 1 10 12 1 1 7 1 10 12 1 9 12 1 1 1 1 1 5 0 1 1 1 1 1 1 1 1 1 1 1 1 1 1 1 1 1 1 100 1 1 1 1 1 1 1 1 1 1 1 1
staticfield java/lang/ClassNotFoundException serialPersistentFields [Ljava/io/ObjectStreamField; 1 [Ljava/io/ObjectStreamField;
instanceKlass java/lang/InstantiationException
instanceKlass java/lang/IllegalAccessException
instanceKlass java/lang/NoSuchFieldException
instanceKlass java/lang/NoSuchMethodException
instanceKlass java/lang/ClassNotFoundException
ciInstanceKlass java/lang/ReflectiveOperationException 1 1 34 10 7 12 1 1 1 10 12 1 10 12 1 10 12 1 100 1 1 1 1 5 0 1 1 1 1 1 1 1 1 1 1 1
instanceKlass java/lang/NumberFormatException
ciInstanceKlass java/lang/IllegalArgumentException 1 1 35 10 7 12 1 1 1 10 12 1 10 12 1 10 12 1 100 1 1 1 1 5 0 1 1 1 1 1 1 1 1 1 1 1 1
ciInstanceKlass java/lang/IllegalCallerException 0 0 35 10 100 12 1 1 1 10 12 1 10 12 1 10 12 1 100 1 1 1 1 5 0 1 1 1 1 1 1 1 1 1 1 1 1
ciInstanceKlass java/lang/IllegalMonitorStateException 1 1 26 10 100 12 1 1 1 10 12 1 100 1 1 1 1 5 0 1 1 1 1 1 1 1 1 1
ciInstanceKlass java/lang/BootstrapMethodError 0 0 45 10 100 12 1 1 1 10 12 1 10 12 1 10 100 12 1 1 1 10 100 12 1 1 1 1 1 1 5 0 1 1 1 1 1 1 1 1 1 1 1 100 1 1 1
instanceKlass jdk/internal/misc/ScopedMemoryAccess$ScopedAccessError
instanceKlass java/lang/VirtualMachineError
instanceKlass java/lang/LinkageError
ciInstanceKlass java/lang/Error 1 1 58 10 7 12 1 1 1 9 12 1 1 10 100 12 1 1 1 10 100 12 1 1 1 10 12 1 10 12 1 10 12 1 10 12 1 100 1 1 1 1 5 0 1 1 1 1 1 1 1 1 100 1 1 1 1 1 1 1
instanceKlass java/lang/IncompatibleClassChangeError
instanceKlass java/lang/BootstrapMethodError
instanceKlass java/lang/NoClassDefFoundError
ciInstanceKlass java/lang/LinkageError 1 1 31 10 7 12 1 1 1 10 12 1 10 12 1 100 1 1 1 1 5 0 1 1 1 1 1 1 1 1 1 1 1
ciInstanceKlass java/lang/NullPointerException 1 1 52 10 100 12 1 1 1 10 12 1 9 100 12 1 1 1 10 12 1 1 9 12 1 1 10 12 1 1 10 12 1 1 1 1 5 0 1 1 1 1 1 1 1 1 100 1 100 1 100 1 1 1
ciInstanceKlass java/lang/InternalError 1 1 34 10 100 12 1 1 1 10 12 1 10 12 1 10 12 1 100 1 1 1 1 5 0 1 1 1 1 1 1 1 1 1 1 1
instanceKlass java/lang/StackOverflowError
instanceKlass java/lang/OutOfMemoryError
instanceKlass java/lang/InternalError
ciInstanceKlass java/lang/VirtualMachineError 1 1 34 10 100 12 1 1 1 10 12 1 10 12 1 10 12 1 100 1 1 1 1 5 0 1 1 1 1 1 1 1 1 1 1 1
ciInstanceKlass java/lang/NoClassDefFoundError 0 0 26 10 100 12 1 1 1 10 12 1 100 1 1 1 1 5 0 1 1 1 1 1 1 1 1 1
ciInstanceKlass java/lang/OutOfMemoryError 1 1 26 10 100 12 1 1 1 10 12 1 100 1 1 1 1 5 0 1 1 1 1 1 1 1 1 1
ciInstanceKlass java/lang/StackOverflowError 1 1 26 10 100 12 1 1 1 10 12 1 100 1 1 1 1 5 0 1 1 1 1 1 1 1 1 1
ciInstanceKlass java/lang/StackTraceElement 0 0 235 10 100 12 1 1 1 10 100 12 1 1 9 12 1 1 9 12 1 1 9 12 1 9 12 1 8 1 10 100 12 1 1 1 100 1 9 12 1 8 1 9 12 1 9 12 1 9 12 1 1 10 12 1 1 10 12 1 8 1 10 100 12 1 1 1 100 1 10 12 1 10 12 1 1 10 12 1 10 12 1 1 10 12 1 10 12 1 10 10 12 1 8 1 10 12 1 10 12 1 1 10 12 1 1 10 12 1 10 12 1 10 12 1 9 12 1 1 10 100 12 1 1 1 10 12 1 1 100 1 10 12 1 1 10 100 12 1 1 10 100 12 1 1 1 10 100 12 1 1 10 100 12 1 1 10 10 12 1 1 10 12 1 1 10 12 1 1 10 12 1 100 1 1 1 1 1 1 1 3 1 3 1 1 5 0 1 1 1 1 1 1 1 1 1 1 1 1 1 1 1 1 1 1 1 1 1 1 1 1 1 1 1 1 1 100 1 100 1 1 1 1 1 1 1 100 1 1 1 1 1 1 1 1 1
instanceKlass java/util/concurrent/locks/AbstractQueuedLongSynchronizer
instanceKlass java/util/concurrent/locks/AbstractQueuedSynchronizer
ciInstanceKlass java/util/concurrent/locks/AbstractOwnableSynchronizer 1 1 32 10 7 12 1 1 1 9 7 12 1 1 1 100 1 1 1 1 5 0 1 1 1 1 1 1 1 1 1 1 1 1
ciMethod java/util/concurrent/locks/AbstractOwnableSynchronizer setExclusiveOwnerThread (Ljava/lang/Thread;)V 264 0 132 0 0
ciMethod java/util/concurrent/locks/AbstractOwnableSynchronizer getExclusiveOwnerThread ()Ljava/lang/Thread; 332 0 166 0 0
ciInstanceKlass jdk/internal/vm/Continuation 1 1 551 9 7 12 1 1 1 9 12 1 9 12 1 9 12 1 100 1 100 1 10 12 1 1 8 1 10 12 1 1 10 12 1 10 12 1 1 10 12 1 9 7 12 1 1 1 11 100 12 1 1 1 10 100 1 9 12 1 1 9 12 1 1 10 8 1 10 12 1 9 12 1 1 10 11 12 1 1 100 1 10 100 12 1 1 1 10 12 1 1 10 12 1 10 12 1 1 11 12 1 1 9 12 1 1 10 12 1 1 18 12 1 1 10 100 12 1 1 1 100 1 10 12 1 11 100 12 1 1 1 10 12 1 9 12 1 10 12 1 1 100 1 8 1 10 12 1 10 12 1 1 9 12 1 1 11 12 1 1 9 12 1 1 8 1 10 11 12 1 1 11 12 1 1 10 12 1 1 10 12 1 1 9 12 1 10 12 1 10 10 12 1 8 1 10 12 1 8 1 8 1 10 7 12 1 1 1 10 100 12 1 1 1 10 12 1 9 12 1 11 12 1 100 1 10 12 1 10 12 1 1 9 12 1 1 100 1 10 12 1 1 9 12 1 1 10 12 1 10 12 1 11 100 12 1 1 10 7 1 10 12 1 8 1 10 12 1 1 9 12 1 1 10 7 12 1 1 8 1 8 1 8 1 8 1 10 12 1 1 10 12 1 10 12 1 10 12 1 10 12 1 1 10 12 1 1 8 1 9 12 1 10 12 1 1 9 12 1 1 10 12 1 1 9 12 1 8 1 10 100 12 1 1 1 10 12 1 8 1 100 1 8 1 10 9 12 1 1 8 1 10 100 12 1 1 10 100 12 1 1 8 1 8 1 10 12 10 12 1 1 10 100 1 10 100 12 1 1 1 18 11 100 12 1 1 1 18 12 1 11 12 1 1 100 1 10 7 12 1 1 10 12 1 1 8 10 12 1 1 10 7 12 1 1 1 10 7 12 1 1 10 12 1 8 1 10 12 1 100 1 100 1 10 12 1 1 1 1 1 1 1 1 1 1 1 1 1 1 1 1 1 1 1 1 1 1 1 1 1 1 1 1 1 1 1 1 1 1 1 1 1 1 1 1 1 1 1 1 1 1 1 1 1 1 1 1 1 1 1 1 1 1 1 1 1 1 1 1 1 1 1 1 1 1 1 1 1 1 1 1 100 1 1 16 1 15 10 12 16 15 11 100 12 1 1 1 16 1 16 1 15 10 12 16 15 10 100 12 1 1 1 1 1 1 1 1 100 1 100 1 1
staticfield jdk/internal/vm/Continuation U Ljdk/internal/misc/Unsafe; jdk/internal/misc/Unsafe
staticfield jdk/internal/vm/Continuation MOUNTED_OFFSET J 13
staticfield jdk/internal/vm/Continuation PRESERVE_SCOPED_VALUE_CACHE Z 1
staticfield jdk/internal/vm/Continuation JLA Ljdk/internal/access/JavaLangAccess; java/lang/System$1
staticfield jdk/internal/vm/Continuation $assertionsDisabled Z 1
ciInstanceKlass jdk/internal/misc/UnsafeConstants 1 1 34 10 100 12 1 1 1 9 7 12 1 1 1 9 12 1 9 12 1 1 9 12 1 9 12 1 1 1 1 1 1 1 1 1
staticfield jdk/internal/misc/UnsafeConstants ADDRESS_SIZE0 I 8
staticfield jdk/internal/misc/UnsafeConstants PAGE_SIZE I 4096
staticfield jdk/internal/misc/UnsafeConstants BIG_ENDIAN Z 0
staticfield jdk/internal/misc/UnsafeConstants UNALIGNED_ACCESS Z 1
staticfield jdk/internal/misc/UnsafeConstants DATA_CACHE_LINE_FLUSH_SIZE I 0
ciInstanceKlass java/lang/invoke/MethodHandleImpl 1 1 1424 10 7 12 1 1 1 7 1 10 100 12 1 1 1 10 7 12 1 1 1 100 1 10 8 1 10 12 1 1 10 12 1 10 12 1 1 10 7 12 1 1 1 9 7 12 1 1 1 10 100 12 1 1 1 100 1 10 12 1 1 10 12 1 1 10 12 1 1 10 7 12 1 1 1 9 7 12 1 1 1 10 7 12 1 1 1 100 1 10 9 12 1 1 9 12 1 10 12 1 1 10 12 1 10 12 1 1 10 12 1 1 10 12 1 1 8 1 8 1 10 12 1 1 10 12 1 1 10 12 1 1 10 12 1 1 10 12 1 10 12 1 1 10 7 12 1 1 1 10 12 1 7 1 10 7 12 1 1 1 10 12 1 1 10 12 1 1 11 7 12 1 1 1 11 7 12 1 1 11 12 1 1 7 1 11 12 1 10 12 1 1 10 12 1 1 11 12 1 10 7 12 1 1 10 12 1 1 10 7 12 1 1 10 12 1 10 12 1 1 10 7 12 1 1 1 10 7 12 1 1 1 10 12 1 1 10 12 1 1 9 7 12 1 1 1 10 10 12 1 1 10 12 1 1 10 10 12 1 1 10 12 1 1 10 7 12 1 1 1 10 12 1 1 10 12 1 10 12 1 10 7 12 1 1 1 10 7 12 1 1 1 10 12 1 1 10 12 1 10 12 1 10 12 1 10 12 1 1 10 12 1 10 12 1 1 10 12 1 10 12 1 8 1 100 1 10 12 1 10 12 1 1 10 12 1 10 12 1 1 10 12 1 1 7 1 10 12 1 100 1 8 1 10 12 1 10 7 12 1 1 1 8 1 10 12 1 10 100 12 1 1 1 100 1 9 100 1 10 12 1 1 10 12 1 1 9 12 1 10 12 1 1 10 7 12 1 1 10 12 1 1 10 12 1 1 10 12 1 10 12 1 7 1 10 12 1 1 9 12 1 1 10 12 1 9 100 12 1 1 1 11 100 12 1 1 7 1 9 12 1 100 1 10 12 1 10 12 1 1 7 1 10 12 1 1 10 12 1 1 10 7 12 1 1 1 10 12 1 1 10 12 1 10 12 1 1 10 12 1 10 12 1 1 10 12 1 7 1 9 7 12 1 1 1 10 12 1 10 12 1 9 7 12 1 1 1 10 12 1 1 10 12 1 1 10 12 1 10 7 12 1 1 10 7 12 1 1 1 9 12 1 10 12 1 9 12 10 12 1 10 12 1 10 12 1 10 12 1 1 10 12 1 10 12 1 1 10 12 1 10 12 1 1 10 12 1 1 10 12 1 1 10 12 1 10 12 1 10 12 1 1 10 12 1 10 7 12 1 1 10 12 1 10 100 12 1 1 8 1 10 8 1 100 1 10 9 12 1 100 1 10 12 1 8 1 10 10 12 1 10 10 12 1 1 10 12 1 1 10 12 1 10 12 1 100 1 8 1 10 12 1 10 100 12 1 1 1 10 12 1 1 10 12 1 10 12 1 7 1 10 12 1 10 12 1 10 12 1 1 7 1 10 12 1 10 7 12 1 1 10 12 1 9 12 1 10 12 1 1 10 12 1 1 100 1 10 10 12 1 8 1 8 1 9 12 1 8 1 8 1 8 1 9 12 1 10 12 1 1 9 12 1 1 10 12 1 8 1 9 7 1 10 12 1 1 10 12 1 8 1 8 1 8 1 100 1 100 1 8 8 1 8 1 100 1 8 1 100 1 10 12 1 7 1 10 10 7 12 1 1 1 10 12 1 10 12 10 12 1 10 12 1 11 100 12 1 1 1 18 12 1 11 100 12 1 1 1 18 18 12 1 11 12 1 1 10 12 1 1 10 12 1 10 12 1 11 12 1 9 12 1 9 12 10 10 12 1 1 9 12 1 1 11 12 1 1 18 12 1 1 11 12 1 1 11 12 1 1 10 12 1 11 100 1 10 12 1 10 12 1 10 12 1 9 12 1 9 12 10 12 1 10 7 12 1 1 1 10 12 1 10 12 1 1 10 12 1 10 12 9 12 1 1 10 12 1 10 12 1 1 9 12 1 9 12 1 10 12 1 10 12 1 1 10 12 1 100 1 10 12 1 9 12 1 1 11 100 1 9 12 1 9 12 11 12 1 9 12 1 10 12 10 12 1 1 10 12 1 1 9 7 12 1 1 10 12 1 10 12 1 10 12 1 1 7 1 10 12 1 10 12 1 1 100 1 10 12 1 1 10 12 1 1 100 1 10 12 1 1 10 12 1 1 10 12 1 10 12 1 10 12 1 9 12 1 10 12 1 10 12 1 1 9 7 12 1 1 1 8 10 12 1 1 8 1 10 12 1 8 1 8 1 8 1 8 1 8 1 8 1 7 1 8 1 8 1 10 12 1 9 12 1 10 12 1 1 1 1 1 3 1 1 3 1 3 1 3 1 3 1 3 1 3 1 3 1 3 1 1 1 1 1 1 1 1 1 3 1 3 1 1 1 1 1 1 1 1 1 1 1 1 1 1 1 1 1 1 1 1 1 1 1 1 1 1 1 1 1 1 1 1 1 1 1 1 1 1 1 1 1 1 1 1 1 1 1 1 1 1 1 1 1 1 1 1 1 1 1 1 1 1 1 1 1 1 1 1 1 1 1 1 1 1 1 1 1 1 1 1 1 1 1 1 1 1 1 1 1 1 1 1 1 1 1 1 1 1 1 1 1 1 1 100 1 1 1 1 1 1 1 1 1 1 1 1 1 1 1 1 1 1 1 1 1 1 1 1 1 1 1 1 1 1 1 1 1 1 1 1 1 1 1 1 1 1 1 1 1 1 1 1 1 1 1 1 1 1 1 1 1 1 1 1 1 1 1 1 1 1 1 1 1 1 1 1 1 1 1 1 1 1 1 1 1 1 1 1 1 1 1 1 1 1 1 1 1 1 1 1 1 1 1 1 1 1 1 1 1 1 1 1 1 1 1 1 1 1 1 1 1 1 1 1 1 1 1 1 1 1 1 1 1 1 1 1 1 1 1 1 1 1 1 1 1 1 1 1 1 1 1 1 1 1 1 1 1 1 1 1 1 1 1 1 1 1 1 1 1 1 1 1 1 100 1 100 1 100 1 100 1 100 1 100 1 100 1 1 16 15 10 12 16 15 16 16 1 15 10 12 16 16 15 10 12 16 15 10 100 12 1 1 1 1 1 1 1 1 1 1 1 1 1 1 1 1 1 1 1 1 1 1 1 1
staticfield java/lang/invoke/MethodHandleImpl ARRAYS [Ljava/lang/invoke/MethodHandle; 256 [Ljava/lang/invoke/MethodHandle;
staticfield java/lang/invoke/MethodHandleImpl NFS [Ljava/lang/invoke/LambdaForm$NamedFunction; 7 [Ljava/lang/invoke/LambdaForm$NamedFunction;
staticfield java/lang/invoke/MethodHandleImpl HANDLES [Ljava/lang/invoke/MethodHandle; 9 [Ljava/lang/invoke/MethodHandle;
staticfield java/lang/invoke/MethodHandleImpl $assertionsDisabled Z 1
instanceKlass java/lang/invoke/NativeMethodHandle
instanceKlass java/lang/invoke/DelegatingMethodHandle
instanceKlass java/lang/invoke/BoundMethodHandle
instanceKlass java/lang/invoke/DirectMethodHandle
ciInstanceKlass java/lang/invoke/MethodHandle 1 1 734 100 1 9 7 12 1 1 1 10 7 12 1 1 1 10 7 12 1 1 1 7 1 7 1 10 12 1 1 9 12 1 1 10 12 1 10 12 1 1 10 12 1 1 10 100 12 1 1 1 10 12 1 1 10 12 1 1 11 100 12 1 1 1 10 12 1 1 10 12 1 10 12 1 9 12 1 1 9 12 1 1 10 100 12 1 1 1 10 12 1 10 12 1 1 10 12 1 10 12 1 100 1 100 1 10 8 1 10 12 1 1 10 12 1 8 1 10 12 1 1 10 12 1 10 7 12 1 1 1 10 12 1 1 10 12 1 1 10 12 1 1 10 7 12 1 1 1 10 12 1 1 10 12 1 1 10 12 1 10 12 1 1 10 100 12 1 1 10 7 12 1 1 10 12 1 10 12 1 10 12 1 1 10 12 1 1 10 12 1 1 10 12 1 1 10 7 12 1 1 1 10 100 12 1 1 1 10 12 1 1 10 12 1 1 10 12 1 1 8 1 10 7 12 1 1 1 8 1 10 12 1 10 12 1 1 10 12 1 1 10 12 1 8 1 10 12 1 1 8 1 10 12 1 8 1 10 100 12 1 1 1 9 12 1 1 100 1 10 9 100 12 1 1 1 9 100 1 8 1 10 12 1 1 10 12 1 10 12 1 1 10 12 1 10 12 1 1 10 12 1 10 12 1 1 10 12 1 10 12 1 1 10 12 1 1 8 1 10 12 1 1 8 1 10 12 1 10 12 1 1 10 12 1 10 12 1 10 12 1 1 9 100 12 1 1 1 10 12 1 1 11 12 1 10 12 1 10 12 1 1 10 100 12 1 1 100 1 11 12 1 10 100 1 11 12 1 100 1 10 12 1 11 12 1 9 100 12 1 1 1 11 12 1 1 11 100 12 1 1 1 10 12 1 1 9 12 1 11 12 1 9 12 1 9 12 1 9 12 1 11 12 1 1 9 12 1 9 12 1 9 12 1 9 12 1 9 12 1 9 12 1 9 12 1 8 1 10 12 1 10 12 1 8 1 10 12 1 10 12 1 10 12 1 1 10 10 10 7 12 1 1 10 12 1 1 100 1 100 1 8 1 8 1 10 10 12 1 1 10 12 1 10 12 1 100 1 10 100 12 1 1 1 10 9 7 12 1 1 1 10 12 1 1 10 12 1 1 8 1 8 1 10 100 12 1 1 9 12 1 9 12 1 1 9 12 1 1 10 12 1 7 1 10 12 1 10 12 1 1 9 12 1 1 9 12 1 1 10 7 12 1 1 1 11 7 12 1 1 9 12 1 10 12 1 1 9 12 1 10 12 1 8 10 12 1 1 8 1 1 1 1 1 1 1 1 100 1 1 1 1 1 1 1 1 1 1 1 1 1 1 1 1 1 1 1 1 1 1 1 1 1 1 1 1 1 1 1 1 100 1 1 1 1 1 1 1 1 1 1 1 1 1 1 1 1 1 1 1 1 1 1 1 1 1 1 1 1 1 1 1 1 1 1 1 1 1 1 1 1 1 1 1 1 1 1 1 1 1 1 1 1 1 1 1 1 1 1 1 1 1 1 1 1 1 1 1 1 1 1 1 1 1 1 1 1 1 1 1 1 1 1 1 1 1 1 100 1 1 100 1 100 1 100 1 1 100 1 1 100 1 1 1 1
staticfield java/lang/invoke/MethodHandle FORM_OFFSET J 20
staticfield java/lang/invoke/MethodHandle UPDATE_OFFSET J 13
staticfield java/lang/invoke/MethodHandle $assertionsDisabled Z 1
ciInstanceKlass java/lang/invoke/MethodType 1 1 724 7 1 10 7 12 1 1 1 9 12 1 1 9 12 1 1 9 12 1 1 10 7 12 1 1 1 9 7 12 1 1 8 1 10 100 12 1 1 1 9 7 1 9 7 1 10 12 1 1 100 1 10 8 1 10 12 1 1 10 12 1 10 12 1 1 100 1 8 1 10 12 1 100 1 10 10 12 1 10 12 1 1 10 12 1 1 11 7 12 1 1 1 9 12 1 11 12 1 1 7 10 12 1 1 10 12 1 1 7 1 7 1 10 7 12 1 1 1 10 12 1 10 12 1 9 12 1 1 10 7 12 1 1 10 12 1 1 10 7 12 1 1 1 10 7 12 1 1 1 10 12 1 9 12 1 1 10 12 1 1 10 12 1 1 10 12 1 1 10 12 1 1 10 12 1 1 10 12 1 10 12 1 10 12 1 1 10 12 1 8 1 8 1 10 12 1 1 9 12 1 1 100 1 10 10 12 1 1 10 12 1 10 12 1 1 10 12 1 1 10 12 1 10 12 1 10 12 1 8 1 10 12 1 1 10 100 12 1 1 1 10 12 1 10 12 1 1 10 12 1 10 12 1 10 12 1 1 10 12 1 10 12 1 9 12 1 10 12 1 10 10 12 1 1 10 12 1 9 12 1 1 10 12 1 1 11 12 1 1 10 12 1 1 10 12 1 10 12 1 100 1 8 1 8 1 8 1 10 12 1 10 12 1 10 12 1 1 10 10 12 1 11 12 1 1 11 12 1 10 100 12 1 1 1 9 12 1 10 12 1 10 12 1 1 10 12 1 1 10 12 1 10 12 1 10 100 12 1 1 1 10 12 1 1 10 12 1 10 12 1 10 12 1 10 9 12 1 1 7 1 10 12 1 10 100 12 1 1 1 10 12 1 1 10 100 12 1 1 1 10 12 1 1 8 1 10 7 12 1 1 1 11 12 1 1 9 12 1 1 10 12 1 1 10 12 1 10 12 1 1 10 12 1 1 10 100 12 1 1 10 12 1 10 12 100 1 11 100 12 1 1 10 12 1 11 12 1 10 100 12 1 1 10 12 1 1 10 12 1 1 9 12 1 1 9 100 12 1 1 1 10 100 12 1 1 1 9 12 1 10 100 12 1 1 10 12 1 100 10 12 1 10 12 1 1 10 12 1 7 1 10 10 12 1 1 7 1 7 1 9 12 1 1 100 1 100 1 100 1 1 1 5 0 1 1 1 1 1 1 1 3 1 3 1 3 1 1 1 1 1 1 1 1 1 1 1 1 1 1 1 1 1 1 1 1 1 1 1 1 1 1 1 1 1 1 1 1 1 1 1 1 1 1 1 1 1 1 1 1 1 1 1 1 1 1 1 1 1 1 1 1 1 1 1 1 1 1 1 1 1 1 1 1 1 1 1 1 1 1 1 1 1 1 1 1 1 1 1 1 1 1 1 1 1 1 1 1 1 1 1 1 1 1 1 1 1 1 1 1 1 1 1 1 1 1 1 1 1 1 1 1 1 1 1 1 1 1 1 1 1 1 1 1 100 1 100 1 1 1 1 1 1 1 1 1 1 1 1 1 100 1 1 1 1 100 1 1 1 100 1 1 1 1 1 1 1 1 1 1 1 1 1 1 1 1 1 1 100 1 1 100 1 1
staticfield java/lang/invoke/MethodType internTable Ljdk/internal/util/ReferencedKeySet; jdk/internal/util/ReferencedKeySet
staticfield java/lang/invoke/MethodType NO_PTYPES [Ljava/lang/Class; 0 [Ljava/lang/Class;
staticfield java/lang/invoke/MethodType objectOnlyTypes [Ljava/lang/invoke/MethodType; 20 [Ljava/lang/invoke/MethodType;
staticfield java/lang/invoke/MethodType METHOD_HANDLE_ARRAY [Ljava/lang/Class; 1 [Ljava/lang/Class;
staticfield java/lang/invoke/MethodType serialPersistentFields [Ljava/io/ObjectStreamField; 0 [Ljava/io/ObjectStreamField;
staticfield java/lang/invoke/MethodType $assertionsDisabled Z 1
ciInstanceKlass java/lang/invoke/TypeDescriptor$OfMethod 1 0 43 100 1 100 1 100 1 1 1 1 1 1 1 1 1 1 1 1 1 1 1 1 1 1 1 1 1 1 1 1 1 1 1 1 1 1 1 1 1 1 100 1 1
instanceKlass javax/swing/text/html/StyleSheet$BoxPainter$HorizontalMargin
instanceKlass wv/codeclip/generic/FuzzyMatchDialogGeneric$Decision
instanceKlass java/math/RoundingMode
instanceKlass java/awt/Desktop$Action
instanceKlass wv/codeclip/generic/GenericStrictPatchApplier$MatchTier
instanceKlass wv/codeclip/patch/PatchDuplicateDetector$Result
instanceKlass java/time/format/TextStyle
instanceKlass java/time/format/ResolverStyle
instanceKlass java/util/Locale$Category
instanceKlass java/time/format/SignStyle
instanceKlass java/time/format/DateTimeFormatterBuilder$SettingsParser
instanceKlass java/time/temporal/JulianFields$Field
instanceKlass java/time/temporal/IsoFields$Unit
instanceKlass java/time/temporal/IsoFields$Field
instanceKlass java/time/temporal/ChronoUnit
instanceKlass java/time/temporal/ChronoField
instanceKlass java/time/zone/ZoneOffsetTransitionRule$TimeDefinition
instanceKlass java/time/DayOfWeek
instanceKlass java/time/Month
instanceKlass wv/codeclip/model/ClassRepository$ChangeKind
instanceKlass java/nio/file/FileTreeWalker$EventType
instanceKlass java/nio/file/FileVisitOption
instanceKlass java/util/Comparators$NaturalOrderComparator
instanceKlass sun/util/locale/provider/LocaleProviderAdapter$Type
instanceKlass jdk/internal/icu/util/CodePointTrie$Type
instanceKlass jdk/internal/icu/util/CodePointTrie$ValueWidth
instanceKlass java/lang/invoke/MethodHandleImpl$ArrayAccess
instanceKlass jdk/internal/foreign/abi/Binding$Cast
instanceKlass jdk/internal/foreign/abi/x64/windows/TypeClass
instanceKlass jdk/internal/foreign/abi/LinkerOptions$Critical
instanceKlass jdk/internal/foreign/abi/StubLocations
instanceKlass java/lang/invoke/MethodHandles$Lookup$ClassOption
instanceKlass java/lang/reflect/AccessFlag$Location
instanceKlass java/lang/reflect/AccessFlag
instanceKlass java/lang/classfile/ClassFile$StackMapsOption
instanceKlass java/lang/classfile/attribute/StackMapFrameInfo$SimpleVerificationTypeInfo
instanceKlass jdk/internal/foreign/SystemLookup$WindowsFallbackSymbols
instanceKlass java/nio/file/AccessMode
instanceKlass java/nio/file/LinkOption
instanceKlass jdk/internal/foreign/CABI
instanceKlass java/awt/event/FocusEvent$Cause
instanceKlass java/util/concurrent/TimeUnit
instanceKlass javax/swing/SwingWorker$StateValue
instanceKlass java/awt/Dialog$ModalityType
instanceKlass java/util/stream/MatchOps$MatchKind
instanceKlass jdk/internal/foreign/layout/AbstractGroupLayout$Kind
instanceKlass sun/java2d/marlin/DMarlinRenderingEngine$NormMode
instanceKlass java/util/regex/Pattern$Qtype
instanceKlass wv/codeclip/AppMode
instanceKlass javax/swing/text/PlainView$FPMethodArgs
instanceKlass javax/swing/ClientPropertyKey
instanceKlass javax/swing/DropMode
instanceKlass com/sun/beans/util/Cache$Kind
instanceKlass java/awt/Component$BaselineResizeBehavior
instanceKlass com/sun/java/swing/plaf/windows/TMSchema$Control
instanceKlass com/sun/java/swing/plaf/windows/TMSchema$Part
instanceKlass java/awt/Dialog$ModalExclusionType
instanceKlass java/util/stream/Collector$Characteristics
instanceKlass java/util/stream/StreamShape
instanceKlass java/awt/Window$Type
instanceKlass java/awt/EventFilter$FilterAction
instanceKlass sun/awt/AppContext$State
instanceKlass java/awt/desktop/UserSessionEvent$Reason
instanceKlass sun/font/EAttribute
instanceKlass sun/awt/OSInfo$OSType
instanceKlass jdk/internal/util/OperatingSystem
instanceKlass sun/java2d/StateTrackable$State
instanceKlass jdk/internal/logger/BootstrapLogger$LoggingBackend
instanceKlass java/util/stream/StreamOpFlag$Type
instanceKlass java/util/stream/StreamOpFlag
instanceKlass java/lang/System$Logger$Level
instanceKlass sun/util/logging/PlatformLogger$Level
instanceKlass sun/nio/fs/WindowsPathType
instanceKlass java/nio/file/StandardOpenOption
instanceKlass java/lang/invoke/VarHandle$AccessType
instanceKlass java/lang/invoke/VarHandle$AccessMode
instanceKlass java/lang/classfile/Opcode$Kind
instanceKlass java/lang/classfile/Opcode
instanceKlass java/lang/invoke/MethodHandleImpl$Intrinsic
instanceKlass java/lang/classfile/AttributeMapper$AttributeStability
instanceKlass jdk/internal/classfile/impl/AbstractPoolEntry$Utf8EntryImpl$State
instanceKlass java/lang/classfile/TypeKind
instanceKlass java/lang/invoke/LambdaForm$BasicType
instanceKlass java/lang/invoke/LambdaForm$Kind
instanceKlass java/lang/constant/DirectMethodHandleDesc$Kind
instanceKlass sun/invoke/util/Wrapper
instanceKlass jdk/internal/vm/Continuation$Pinned
instanceKlass java/io/File$PathStatus
instanceKlass jdk/internal/module/ModuleBootstrap$IllegalNativeAccess
instanceKlass java/lang/reflect/ClassFileFormatVersion
instanceKlass java/lang/Thread$State
instanceKlass java/lang/module/ModuleDescriptor$Requires$Modifier
ciInstanceKlass java/lang/Enum 1 1 204 9 7 12 1 1 1 9 12 1 1 10 7 12 1 1 1 9 12 1 10 7 12 1 1 1 100 1 10 10 12 1 1 10 12 1 100 1 10 10 7 12 1 1 10 12 1 1 18 12 1 1 10 100 12 1 1 1 10 12 1 1 11 7 12 1 1 1 100 1 8 1 10 12 1 100 1 100 1 10 8 1 10 12 1 1 10 12 1 1 8 1 10 12 1 10 100 1 8 1 10 10 12 1 1 10 100 12 1 1 1 100 1 100 1 100 1 1 1 1 1 1 1 1 1 1 1 1 1 1 1 1 1 1 1 1 1 1 1 1 1 1 1 1 1 1 1 1 1 1 1 1 1 1 1 1 1 1 1 1 1 1 1 3 1 1 1 1 100 1 100 1 1 100 1 1 1 1 1 1 1 1 1 1 1 16 15 10 12 16 15 10 100 12 1 1 1 1 1 100 1 100 1 1
ciInstanceKlass java/lang/invoke/LambdaForm 1 1 1030 7 1 100 1 10 7 12 1 1 1 9 12 1 1 9 12 1 9 12 1 9 12 1 1 9 12 1 1 9 12 1 1 9 12 1 1 9 12 1 1 9 12 1 10 7 12 1 1 9 12 1 10 12 1 1 100 1 10 10 12 1 1 10 12 1 10 12 1 10 12 1 1 10 12 1 9 12 1 9 12 1 10 12 1 1 9 7 12 1 1 1 9 7 12 1 1 9 12 1 1 10 12 1 9 12 1 10 100 12 1 1 1 10 12 1 1 100 1 10 12 1 1 9 7 12 1 1 1 10 100 12 1 1 1 10 12 1 10 12 1 1 7 1 10 12 1 10 12 1 10 12 1 1 10 12 1 1 10 12 1 10 12 1 10 12 1 10 12 1 10 12 1 1 8 1 10 12 1 10 12 1 10 10 12 1 8 1 8 1 9 12 1 9 12 1 1 10 12 1 1 9 12 1 1 10 7 12 1 1 1 10 12 1 1 10 12 1 10 12 1 1 10 12 1 7 1 10 12 1 10 100 12 1 1 1 9 12 1 10 12 1 8 1 8 1 8 1 8 1 8 1 8 1 8 1 8 1 10 12 1 9 12 1 7 1 10 12 1 1 9 12 1 1 10 12 1 1 10 12 1 1 10 12 10 12 1 10 12 1 1 10 12 1 1 10 12 1 1 10 10 12 1 1 10 12 1 1 7 1 8 1 10 12 1 1 10 12 1 10 12 1 1 10 8 1 10 12 1 1 8 1 8 1 8 1 10 12 1 10 12 1 10 12 1 1 10 100 12 1 1 1 10 7 12 1 1 1 10 12 1 1 9 12 1 1 8 1 10 100 12 1 1 1 10 7 12 1 1 10 12 1 10 12 1 1 10 12 1 1 9 12 1 8 10 12 1 1 100 1 10 12 1 1 10 12 1 9 7 12 1 1 9 100 12 1 1 1 8 1 10 100 12 1 1 10 12 1 1 100 1 100 1 10 10 12 1 1 10 12 1 1 8 1 8 1 100 1 8 1 10 12 10 12 1 10 12 1 10 12 1 10 12 1 1 9 100 12 1 1 10 12 1 8 1 8 1 10 12 1 10 12 1 1 8 1 8 1 8 1 100 1 8 1 100 1 8 1 100 1 8 1 10 12 1 8 1 9 10 100 12 1 1 1 10 12 1 9 12 1 1 10 12 1 10 10 12 1 10 12 1 10 12 1 10 12 1 1 10 12 1 10 12 1 1 10 12 1 1 10 12 1 1 10 12 1 1 8 1 100 10 12 1 10 12 1 9 12 1 1 10 7 12 1 1 8 1 8 1 100 1 8 1 8 1 8 1 8 1 8 1 8 1 8 1 8 1 10 12 1 1 10 12 1 1 10 12 1 10 12 1 10 12 1 10 12 1 8 1 8 1 8 1 10 12 1 8 1 10 12 1 8 1 8 1 8 1 8 1 8 1 10 12 1 10 12 1 10 12 1 1 10 7 12 1 1 1 10 12 1 10 12 1 10 12 1 10 12 1 10 12 1 9 12 1 1 8 1 10 12 1 1 9 12 1 9 12 1 1 10 12 1 1 9 12 1 1 9 12 1 10 12 1 1 9 12 1 1 7 1 10 7 12 1 1 1 9 7 12 1 1 1 10 7 12 1 1 1 10 12 1 1 10 12 1 1 10 12 1 9 12 1 10 12 1 9 12 1 10 12 1 10 12 1 8 1 10 12 1 9 12 1 1 7 1 10 7 12 1 1 1 100 1 10 12 1 9 12 1 10 12 1 10 12 1 10 12 1 1 10 12 1 9 7 12 1 1 10 12 1 1 10 12 1 10 12 1 9 12 1 9 9 12 1 7 9 12 1 1 10 12 1 1 9 12 1 10 12 1 10 7 1 9 1 1 1 1 3 1 3 1 1 3 1 3 1 1 1 1 1 1 1 1 1 1 1 1 1 1 1 1 1 1 1 1 1 1 1 1 1 1 1 1 1 1 1 1 1 1 1 1 1 1 1 1 1 1 1 1 1 100 1 1 1 1 1 1 1 1 1 1 1 1 1 1 1 1 1 1 1 1 1 1 1 1 1 1 1 1 1 1 1 1 1 1 1 1 1 1 1 1 1 1 1 1 1 1 1 1 1 1 1 1 1 1 1 1 1 1 1 1 1 1 1 1 1 1 1 100 1 1 1 1 1 1 1 1 1 1 1 1 1 1 1 1 1 1 1 1 1 1 1 1 1 1 1 1 1 1 1 1 1 1 1 1 100 1 1 1 1 1 1 1 1 1 1 1 1 1 1 100 1 1 1 100 1 1 100 1 1 1 1 1 1 1 1 1 1 1 1
staticfield java/lang/invoke/LambdaForm DEFAULT_CUSTOMIZED Ljava/lang/invoke/MethodHandle; 
staticfield java/lang/invoke/LambdaForm DEFAULT_KIND Ljava/lang/invoke/LambdaForm$Kind; java/lang/invoke/LambdaForm$Kind
staticfield java/lang/invoke/LambdaForm COMPILE_THRESHOLD I 0
staticfield java/lang/invoke/LambdaForm INTERNED_ARGUMENTS [[Ljava/lang/invoke/LambdaForm$Name; 5 [[Ljava/lang/invoke/LambdaForm$Name;
staticfield java/lang/invoke/LambdaForm IMPL_NAMES Ljava/lang/invoke/MemberName$Factory; java/lang/invoke/MemberName$Factory
staticfield java/lang/invoke/LambdaForm LF_identity [Ljava/lang/invoke/LambdaForm; 6 [Ljava/lang/invoke/LambdaForm;
staticfield java/lang/invoke/LambdaForm NF_identity [Ljava/lang/invoke/LambdaForm$NamedFunction; 6 [Ljava/lang/invoke/LambdaForm$NamedFunction;
staticfield java/lang/invoke/LambdaForm LF_constant [Ljava/lang/invoke/LambdaForm; 5 [Ljava/lang/invoke/LambdaForm;
staticfield java/lang/invoke/LambdaForm createIdentityFormLock Ljava/lang/Object; java/lang/Object
staticfield java/lang/invoke/LambdaForm DEBUG_NAME_COUNTERS Ljava/util/HashMap; 
staticfield java/lang/invoke/LambdaForm DEBUG_NAMES Ljava/util/HashMap; 
staticfield java/lang/invoke/LambdaForm TRACE_INTERPRETER Z 0
staticfield java/lang/invoke/LambdaForm $assertionsDisabled Z 1
instanceKlass jdk/internal/reflect/DirectMethodHandleAccessor
ciInstanceKlass jdk/internal/reflect/MethodAccessorImpl 1 1 38 10 7 12 1 1 1 10 100 12 1 1 1 100 1 1 1 1 1 1 1 100 1 100 1 1 1 1 1 1 1 1 1 1 1 1 1 1
ciInstanceKlass jdk/internal/reflect/MethodAccessor 1 0 17 100 1 100 1 1 1 1 100 1 100 1 1 1 1 1 1
instanceKlass java/lang/ProcessEnvironment
instanceKlass java/util/LinkedHashMap
instanceKlass javax/swing/UIDefaults$TextAndMnemonicHashMap
ciInstanceKlass java/util/HashMap 1 1 629 10 7 12 1 1 1 100 1 10 12 1 1 100 1 10 7 12 1 1 1 100 1 11 12 1 1 11 12 1 11 12 1 1 10 7 12 1 1 1 7 1 3 10 7 12 1 1 1 100 1 100 1 10 8 1 10 12 1 1 10 12 1 10 12 1 1 10 12 1 10 7 12 1 1 1 8 1 10 12 1 9 12 1 1 10 12 1 9 12 1 1 4 10 12 1 10 12 1 1 11 7 12 1 1 9 12 1 1 10 7 12 1 1 1 6 0 10 12 1 1 11 12 1 1 11 7 12 1 1 1 11 7 12 1 1 1 11 12 1 1 7 1 11 12 1 11 12 1 10 12 1 10 12 1 1 9 12 10 12 1 1 9 7 12 1 1 1 9 12 9 12 1 10 12 1 1 9 12 1 7 1 10 12 1 1 10 12 1 1 10 12 1 1 10 12 1 1 10 12 1 1 9 12 1 10 12 1 1 3 4 10 12 1 1 10 12 1 1 9 12 1 1 9 10 12 1 1 10 12 1 1 10 12 1 1 10 12 1 9 12 1 1 7 1 10 12 1 10 12 1 10 7 12 1 1 1 7 1 9 12 1 1 7 1 10 9 12 7 1 10 100 1 10 11 7 12 1 1 1 100 1 10 11 100 12 1 1 11 100 12 1 1 1 10 12 1 100 1 100 1 10 12 1 10 12 1 10 12 1 10 100 12 1 1 10 12 1 1 10 12 1 1 10 100 12 1 1 1 8 10 100 12 1 1 1 100 1 10 4 4 10 12 1 1 10 100 12 1 1 1 10 12 1 8 1 6 0 10 100 12 1 1 1 100 1 11 100 12 1 1 1 10 12 1 10 12 1 10 10 12 1 1 6 0 8 1 10 12 1 10 12 100 1 100 1 1 1 1 5 0 1 3 1 1 1 3 1 3 1 3 1 1 1 1 1 1 1 1 1 1 1 1 1 1 1 1 1 1 1 1 1 1 100 1 1 1 1 1 1 1 1 1 1 1 1 1 1 1 1 1 1 1 1 1 1 1 1 1 1 1 1 1 1 1 1 1 100 1 1 1 1 1 1 1 1 1 1 1 1 1 1 1 1 1 1 1 1 1 1 1 1 1 1 1 1 1 1 1 1 1 1 1 1 1 1 1 1 1 1 1 1 1 1 1 1 1 1 1 100 1 1 1 1 1 1 1 1 1 1 1 1 1 1 1 1 1 1 1 1 1 1 1 1 1 1 1 1 1 1 1 1 1 1 1 1 1 1 1 1 1 1 1 1 1 1 1 1 100 1 1 1 1 1 1 1 1 100 1 1 1 1 1 1 1 1 1 1 1 1 1 1 1 1 1 1 100 1 100 1 100 1 100 1 100 1 100 1 100 1 100 1 1 1 1 1 1 1 1 1 1 1 1 1 1 1 1 1 1
ciMethod java/util/HashMap get (Ljava/lang/Object;)Ljava/lang/Object; 594 0 20470 0 704
ciMethod java/util/HashMap put (Ljava/lang/Object;Ljava/lang/Object;)Ljava/lang/Object; 4370 0 17547 0 -1
ciInstanceKlass jdk/internal/reflect/CallerSensitive 0 0 17 100 1 100 1 100 1 1 1 1 1 1 1 1 1 1 1
ciInstanceKlass jdk/internal/reflect/DirectConstructorHandleAccessor$NativeAccessor 1 1 44 10 7 12 1 1 1 9 7 12 1 1 1 10 12 1 1 1 1 1 1 1 1 1 1 1 1 1 1 1 1 1 100 1 100 1 1 1 1 1 100 1 1 1
ciInstanceKlass jdk/internal/reflect/ConstructorAccessor 1 0 16 100 1 100 1 1 1 1 100 1 100 1 100 1 1 1
instanceKlass jdk/internal/reflect/DirectConstructorHandleAccessor
instanceKlass jdk/internal/reflect/DirectConstructorHandleAccessor$NativeAccessor
ciInstanceKlass jdk/internal/reflect/ConstructorAccessorImpl 1 1 27 10 7 12 1 1 1 100 1 100 1 1 1 1 1 1 1 1 1 100 1 100 1 100 1 1 1
ciInstanceKlass jdk/internal/reflect/ConstantPool 1 1 142 10 100 12 1 1 1 9 7 12 1 1 1 10 12 1 1 10 12 1 1 10 12 1 10 12 1 1 10 12 1 1 10 12 1 10 12 1 1 10 12 1 10 12 1 1 10 12 1 10 12 1 10 12 1 10 12 1 1 10 12 1 1 10 12 1 1 10 12 1 1 10 12 1 10 12 1 1 10 100 12 1 1 1 8 11 7 12 1 1 1 10 7 12 1 1 1 1 1 1 1 1 1 1 1 1 1 1 1 1 1 1 1 1 1 1 1 1 1 1 1 1 1 1 1 1 1 1 1 1 1 1 1 1 1 1 1 1 1 1 1 1
instanceKlass java/lang/invoke/VolatileCallSite
instanceKlass java/lang/invoke/MutableCallSite
instanceKlass java/lang/invoke/ConstantCallSite
ciInstanceKlass java/lang/invoke/CallSite 1 1 297 10 7 12 1 1 1 10 7 12 1 1 1 9 12 1 1 10 7 12 1 1 1 10 12 1 100 1 10 12 1 1 10 12 1 1 9 100 12 1 1 1 10 100 12 1 1 10 12 1 1 100 1 100 1 10 10 100 12 1 1 1 10 12 1 1 8 1 10 12 1 10 12 1 1 10 12 1 10 12 1 1 10 12 1 1 10 10 100 12 1 1 10 12 1 1 9 12 1 9 100 12 1 1 1 8 1 10 7 12 1 1 1 10 12 1 1 100 1 10 12 1 1 9 12 1 8 1 100 1 10 12 1 10 12 1 100 1 8 1 10 10 12 1 10 12 1 1 100 1 10 12 1 1 10 12 1 10 12 1 10 12 1 1 10 12 1 1 9 12 1 1 8 10 12 1 1 9 12 1 1 100 1 10 10 12 1 10 100 12 1 1 1 10 12 1 1 10 12 1 1 10 12 1 10 7 12 1 1 1 100 1 8 1 10 10 12 10 12 1 1 100 1 100 1 100 1 8 1 10 12 1 10 7 12 1 1 1 1 1 1 1 1 1 1 1 1 1 1 1 1 1 1 1 1 1 1 1 1 1 1 1 1 1 1 1 1 1 1 1 1 1 1 1 1 1 1 1 1 1 1 1 1 1 1 1 1 1 1 1 1 100 1 100 1 1 1
staticfield java/lang/invoke/CallSite $assertionsDisabled Z 1
ciInstanceKlass java/lang/invoke/ConstantCallSite 1 1 65 10 7 12 1 1 1 9 7 12 1 1 1 9 12 1 1 10 7 12 1 1 1 10 12 1 100 1 10 12 9 12 1 1 100 1 10 10 12 1 1 10 12 1 1 1 1 1 1 1 1 1 1 1 1 1 100 1 1 1 1 1 1 1 1
staticfield java/lang/invoke/ConstantCallSite UNSAFE Ljdk/internal/misc/Unsafe; jdk/internal/misc/Unsafe
instanceKlass java/lang/invoke/DirectMethodHandle$Interface
instanceKlass java/lang/invoke/DirectMethodHandle$StaticAccessor
instanceKlass java/lang/invoke/DirectMethodHandle$Accessor
instanceKlass java/lang/invoke/DirectMethodHandle$Constructor
ciInstanceKlass java/lang/invoke/DirectMethodHandle 1 1 929 7 1 100 1 7 1 7 1 10 7 12 1 1 1 10 7 12 1 1 1 100 1 10 12 1 10 12 1 1 10 7 12 1 1 10 12 1 1 10 12 1 10 12 1 7 1 10 12 1 1 10 12 1 1 10 12 1 10 12 1 1 10 7 12 1 1 1 10 12 1 9 7 12 1 1 1 100 1 10 9 12 1 1 9 12 1 10 12 1 10 12 1 10 12 1 1 10 12 1 10 12 1 10 12 1 10 7 12 1 1 1 10 12 1 10 12 1 1 8 1 10 12 1 1 100 1 10 12 1 7 1 10 10 12 1 10 12 1 10 12 1 10 7 12 1 1 1 10 12 1 1 7 1 10 12 1 10 12 1 7 1 10 12 1 10 12 1 1 10 12 1 1 10 12 8 10 7 12 1 1 1 10 12 1 10 12 1 10 12 1 1 10 12 1 9 7 12 1 1 1 7 1 10 12 1 10 7 12 1 1 1 10 12 1 10 12 1 1 9 12 1 1 7 1 10 8 1 10 12 1 1 10 12 1 1 8 1 10 12 1 10 12 1 10 10 12 1 10 12 1 10 12 1 10 12 1 10 12 1 1 10 12 1 10 12 1 10 12 1 1 10 10 7 12 1 1 1 10 12 1 10 12 1 1 10 12 1 10 12 1 1 8 1 9 7 12 1 1 1 8 1 9 12 1 9 12 1 8 1 9 12 1 9 12 1 8 1 9 12 1 9 12 1 8 1 10 12 1 10 12 1 1 10 7 12 1 1 1 10 12 1 10 12 1 1 9 12 1 1 7 1 10 12 1 1 100 1 10 7 12 1 1 1 10 12 1 1 10 12 1 1 7 1 10 12 1 1 10 12 1 10 12 1 1 7 1 10 12 1 1 10 12 1 10 12 1 10 12 1 1 10 12 1 9 12 1 1 10 7 1 9 12 1 10 12 1 7 1 7 1 7 1 10 7 12 1 1 1 9 12 1 1 10 7 12 1 1 1 10 7 12 1 1 10 12 10 12 1 7 1 10 12 1 10 12 1 1 8 1 9 12 1 9 12 1 10 12 1 1 9 12 1 1 10 100 12 1 1 1 9 12 1 1 9 12 1 1 10 12 1 10 12 1 10 12 1 10 12 1 1 10 12 1 9 12 1 9 12 1 10 12 1 10 12 1 10 12 1 10 12 1 1 10 12 1 1 9 12 1 1 10 12 1 1 9 7 12 1 1 1 9 12 1 9 12 1 9 12 1 9 12 1 9 12 1 9 12 1 9 12 1 9 12 1 9 12 1 9 12 1 9 12 1 9 12 1 9 12 1 9 12 1 9 12 1 9 12 1 9 12 1 9 12 1 9 12 1 9 12 1 9 12 1 9 12 1 9 12 1 9 12 1 100 1 10 12 1 8 1 8 1 8 1 8 1 8 1 8 1 8 1 8 1 8 1 10 12 1 10 12 1 8 1 8 1 8 1 9 12 1 1 9 12 1 1 10 12 1 10 12 1 1 10 12 1 1 9 7 1 10 12 1 10 12 10 12 1 10 12 1 10 12 1 10 8 1 8 1 8 1 8 1 10 12 1 1 9 12 1 1 10 12 1 10 100 12 1 1 1 8 9 12 1 1 10 12 1 1 8 1 8 8 9 12 1 8 1 8 8 8 8 8 1 8 10 12 1 7 1 10 12 1 8 1 8 1 10 12 1 10 12 1 10 12 1 9 12 1 10 12 1 1 7 1 1 1 1 3 1 3 1 3 1 3 1 3 1 3 1 3 1 3 1 1 1 1 1 1 1 1 1 1 3 1 3 1 3 1 1 3 1 3 1 1 1 1 1 1 1 1 1 1 1 1 1 1 1 1 1 1 1 1 1 1 1 1 1 1 1 1 1 1 1 1 1 1 1 1 1 1 1 1 1 1 1 1 1 1 1 1 1 1 1 1 1 1 1 1 1 1 1 1 1 1 100 1 1 1 1 1 1 1 1 1 100 1 1 1 1 1 1 1 1 1 1 1 1 1 1 1 1 1 1 1 1 1 1 1 1 1 1 1 1 1 1 1 1 1 1 1 1 1 1 1 1 1 1 1 1 1 1 1 1 1 1 1 1 1
staticfield java/lang/invoke/DirectMethodHandle IMPL_NAMES Ljava/lang/invoke/MemberName$Factory; java/lang/invoke/MemberName$Factory
staticfield java/lang/invoke/DirectMethodHandle FT_UNCHECKED_REF I 8
staticfield java/lang/invoke/DirectMethodHandle FT_CHECKED_REF I 9
staticfield java/lang/invoke/DirectMethodHandle ACCESSOR_FORMS [Ljava/lang/invoke/LambdaForm; 120 [Ljava/lang/invoke/LambdaForm;
staticfield java/lang/invoke/DirectMethodHandle ALL_WRAPPERS [Lsun/invoke/util/Wrapper; 10 [Lsun/invoke/util/Wrapper;
staticfield java/lang/invoke/DirectMethodHandle NFS [Ljava/lang/invoke/LambdaForm$NamedFunction; 12 [Ljava/lang/invoke/LambdaForm$NamedFunction;
staticfield java/lang/invoke/DirectMethodHandle OBJ_OBJ_TYPE Ljava/lang/invoke/MethodType; java/lang/invoke/MethodType
staticfield java/lang/invoke/DirectMethodHandle LONG_OBJ_TYPE Ljava/lang/invoke/MethodType; java/lang/invoke/MethodType
staticfield java/lang/invoke/DirectMethodHandle $assertionsDisabled Z 1
ciInstanceKlass java/lang/invoke/MutableCallSite 0 0 61 10 100 12 1 1 1 10 12 1 9 100 12 1 1 1 10 12 1 10 12 1 1 9 100 12 1 1 1 10 100 12 1 1 1 10 100 12 1 1 1 1 1 1 1 1 1 1 1 1 1 1 1 1 1 1 1 1 100 1 1
ciInstanceKlass java/lang/invoke/VolatileCallSite 0 0 37 10 100 12 1 1 1 10 12 1 10 100 12 1 1 1 10 12 1 10 12 1 1 1 1 1 1 1 1 1 1 1 1 1 1 1 1
instanceKlass java/lang/invoke/VarHandleByteArrayAsDoubles$ByteArrayViewVarHandle
instanceKlass java/lang/invoke/VarHandleByteArrayAsLongs$ByteArrayViewVarHandle
instanceKlass java/lang/invoke/VarHandleByteArrayAsFloats$ByteArrayViewVarHandle
instanceKlass java/lang/invoke/VarHandleByteArrayAsInts$ByteArrayViewVarHandle
instanceKlass java/lang/invoke/VarHandleByteArrayAsChars$ByteArrayViewVarHandle
instanceKlass java/lang/invoke/VarHandleByteArrayAsShorts$ByteArrayViewVarHandle
instanceKlass java/lang/invoke/VarHandleReferences$Array
instanceKlass java/lang/invoke/IndirectVarHandle
instanceKlass java/lang/invoke/SegmentVarHandle
instanceKlass java/lang/invoke/VarHandleBooleans$FieldInstanceReadOnly
instanceKlass java/lang/invoke/VarHandleInts$FieldInstanceReadOnly
instanceKlass java/lang/invoke/VarHandleReferences$FieldInstanceReadOnly
ciInstanceKlass java/lang/invoke/VarHandle 1 1 474 10 7 12 1 1 1 10 7 12 1 1 9 12 1 1 9 12 1 1 10 12 1 1 8 1 10 12 1 1 10 7 12 1 1 1 10 12 1 1 10 100 12 1 1 1 9 7 12 1 1 1 10 12 1 1 10 7 12 1 1 1 10 12 1 1 9 12 1 10 12 1 9 12 1 1 10 7 12 1 1 10 12 1 9 7 12 1 1 1 9 12 1 1 10 12 1 1 100 1 100 1 10 8 1 10 12 1 1 10 12 1 8 1 10 12 1 10 12 1 9 12 1 1 9 12 1 10 12 1 10 12 1 1 10 12 1 10 10 7 12 1 1 1 10 12 1 1 10 12 1 1 10 7 12 1 1 1 10 100 12 1 1 1 10 100 12 1 1 1 9 12 1 1 9 10 12 1 10 12 1 1 10 12 1 1 10 12 1 10 7 12 1 1 1 9 12 1 1 10 12 1 1 9 12 1 10 12 1 10 12 1 10 100 12 1 1 100 1 10 9 7 12 1 1 1 9 12 1 1 10 7 12 1 1 1 10 12 1 10 12 1 10 12 1 10 12 1 10 12 1 10 12 1 1 8 10 12 1 1 7 1 10 12 1 1 100 1 1 1 1 1 1 1 1 1 1 1 1 1 1 1 1 1 1 1 1 1 1 1 1 1 1 1 1 1 1 1 1 1 1 1 1 1 1 1 1 1 1 1 1 1 1 1 1 1 1 1 1 1 1 1 1 1 1 1 1 1 1 1 1 1 100 1 1 1 1 1 1 1 1 100 1 1 1 1 1 1 1 1 1 1 1 1 100 1 100 1 1 100 1 100 1 100 1 100 1 100 1 100 1 100 1 100 1 100 1 100 1 100 1 100 1 100 1 100 1 100 1 100 1 100 1 100 1 100 1 100 1 100 1 100 1 100 1 100 1 100 1 100 1 100 1 100 1 100 1 100 1 100 1 100 1 100 1 100 1 100 1 100 1 1 1 1 1 1 100 1 1 1 100 1 1 100 1 100 1 100 1 100 1 100 1 100 1 1 1 1 100 1 100 1 100 1 100 1 100 1 100 1 100 1 100 1
staticfield java/lang/invoke/VarHandle VFORM_OFFSET J 16
staticfield java/lang/invoke/VarHandle $assertionsDisabled Z 1
ciInstanceKlass java/lang/invoke/MemberName 1 1 730 7 1 7 1 100 1 9 12 1 1 10 7 12 1 1 1 9 12 1 1 10 12 1 1 10 12 1 1 10 12 1 1 10 12 1 10 12 1 1 10 7 12 1 1 1 10 12 1 9 7 12 1 1 10 12 1 100 1 100 1 10 12 1 8 1 10 12 1 1 10 12 1 10 12 1 1 10 12 1 9 12 1 1 8 1 10 100 12 1 1 1 7 1 10 10 12 1 1 7 1 7 1 10 12 1 9 12 1 1 100 1 8 1 10 12 1 10 12 1 10 12 1 10 12 1 10 12 1 1 10 12 1 10 12 1 10 12 1 1 8 1 8 1 10 12 1 8 1 9 12 1 1 3 10 12 1 10 12 1 10 12 1 10 10 7 12 1 1 1 10 12 1 10 12 1 10 12 1 10 12 1 7 1 8 10 12 1 1 10 12 1 1 8 1 9 100 1 8 9 100 1 10 12 1 1 10 12 1 10 12 1 8 1 10 12 1 1 10 12 1 10 12 1 10 12 1 10 12 1 1 100 1 10 12 1 1 10 12 1 8 1 10 12 1 10 12 1 8 1 10 12 1 1 10 12 1 1 7 1 10 12 1 1 10 12 8 1 8 1 100 1 10 12 1 10 100 12 1 1 1 100 1 10 12 10 12 1 10 12 1 10 12 1 10 12 1 10 10 12 1 10 12 1 10 12 1 3 10 12 1 3 10 12 1 3 3 3 3 3 3 10 12 1 3 9 12 1 10 12 1 1 3 10 12 1 10 10 7 12 1 1 1 10 12 1 1 10 7 12 1 1 10 10 12 1 10 12 1 1 10 12 1 10 10 12 1 1 10 12 1 10 12 1 10 12 1 100 1 10 10 10 12 100 1 10 10 10 12 1 1 10 12 1 1 10 10 12 1 8 10 7 1 10 12 1 10 7 1 10 12 1 10 12 1 10 12 1 10 10 12 1 10 12 1 1 10 12 1 1 10 12 1 10 12 1 10 12 1 100 1 10 12 1 1 100 1 8 1 10 7 1 10 12 1 10 12 10 12 1 1 10 12 1 10 12 1 8 1 8 1 8 1 8 1 10 12 1 10 12 1 10 7 12 1 1 1 8 1 8 1 10 12 1 8 1 10 10 10 12 1 10 12 1 8 1 8 1 10 10 12 1 8 1 10 100 12 1 1 1 8 1 100 1 10 12 1 10 12 1 1 10 12 1 8 1 8 1 8 1 8 1 100 1 10 8 1 8 1 8 1 8 1 10 12 1 100 1 100 1 100 1 10 100 1 10 100 1 10 100 12 1 1 1 9 7 12 1 1 1 100 1 100 1 1 1 1 1 1 1 3 1 3 1 3 1 3 1 3 1 3 1 1 1 1 1 1 1 1 3 1 3 1 1 1 1 1 1 1 1 1 1 1 1 1 1 1 1 1 1 1 1 1 1 1 1 100 1 1 1 1 1 1 1 1 1 1 1 1 1 1 1 1 1 1 1 1 1 1 1 1 1 1 1 1 1 1 1 1 1 1 1 1 1 1 1 1 1 1 1 1 1 1 1 1 1 1 1 1 1 1 1 1 1 1 1 1 1 1 1 1 1 1 1 1 1 1 1 1 1 1 1 1 100 1 1 1 1 1 1 1 1 1 1 1 1 1 1 1 1
staticfield java/lang/invoke/MemberName $assertionsDisabled Z 1
ciInstanceKlass java/lang/invoke/ResolvedMethodName 1 1 25 10 100 12 1 1 1 9 100 12 1 1 1 1 1 1 1 1 1 1 1 1 1 1 1
ciInstanceKlass java/lang/invoke/MethodHandleNatives 1 1 689 100 1 10 7 12 1 1 1 9 7 12 1 1 1 10 12 1 1 100 1 10 10 12 1 1 10 12 1 10 12 1 8 1 8 1 8 1 8 1 8 1 8 1 8 1 8 1 8 1 8 1 10 12 1 1 7 1 10 7 12 1 1 1 10 100 12 1 1 1 7 1 10 10 12 1 1 8 1 10 12 1 8 1 10 12 1 1 8 1 10 12 1 1 9 100 12 1 1 1 8 1 10 100 12 1 1 1 100 1 10 12 100 1 100 1 8 1 7 1 10 10 12 1 7 1 9 7 12 1 1 10 12 1 1 10 12 1 10 7 12 1 1 1 10 12 1 1 9 12 1 8 1 10 12 1 1 10 12 1 8 1 10 12 1 1 7 1 10 12 1 10 7 12 1 1 1 10 12 1 10 12 1 1 10 12 1 1 8 1 10 12 1 1 8 1 10 12 1 8 1 8 1 8 1 100 1 10 12 1 8 1 10 100 12 1 1 1 10 12 1 1 10 100 12 1 1 10 10 12 1 1 10 12 1 10 7 12 1 1 1 100 1 8 1 10 100 12 1 1 1 7 1 8 1 10 12 1 8 1 8 1 8 1 8 1 8 1 10 12 1 1 10 12 1 1 10 12 1 10 12 1 1 10 12 1 1 7 1 10 12 1 100 1 100 1 10 12 1 10 12 1 8 1 8 1 10 10 12 1 1 10 12 1 1 8 1 10 100 12 1 1 8 1 8 1 10 12 1 1 10 7 12 1 1 1 100 1 10 12 1 1 7 1 9 12 1 1 10 7 12 1 1 1 10 10 12 1 9 12 1 10 12 1 9 12 1 9 12 1 10 12 1 1 10 12 1 10 12 1 1 7 1 7 1 10 12 1 1 10 12 1 10 12 1 1 10 7 12 1 1 1 10 12 1 8 1 10 12 1 10 12 1 10 12 1 1 10 12 1 10 7 12 1 1 1 10 12 1 1 100 1 8 1 10 9 7 12 1 1 1 10 12 1 1 10 12 1 1 100 1 10 12 1 1 10 12 1 1 100 1 100 1 10 10 100 1 100 1 10 100 1 10 10 12 1 1 10 100 1 10 12 1 10 12 1 1 10 12 1 1 10 12 1 1 10 12 1 10 12 1 1 10 8 1 10 12 1 10 12 1 10 12 1 10 12 1 10 12 1 1 10 12 1 10 12 1 10 12 1 10 10 7 12 1 1 10 12 1 1 1 1 1 1 1 1 1 1 1 1 1 100 1 1 1 1 1 1 1 1 1 1 1 1 1 1 1 1 1 1 1 1 1 1 1 1 1 1 1 1 1 1 1 1 1 1 1 1 1 1 1 1 1 1 1 1 1 1 1 1 1 1 1 1 1 1 1 1 1 1 1 1 1 1 1 100 1 1 1 1 1 1 1 1 1 1 1 1 1 1 1 1 1 1 1 1 1 1 1 1 1 1 1 1 1 1 1 1 1 1 1 100 1 1 1 1 1 1 1 1 1 1 1 1 1 1 1 1 1 1 1 1 1 1 1 1 1 1 1 1 1 1 1 1 1 1 100 1 1
staticfield java/lang/invoke/MethodHandleNatives $assertionsDisabled Z 1
ciInstanceKlass jdk/internal/foreign/abi/NativeEntryPoint 1 1 223 10 7 12 1 1 1 9 7 12 1 1 1 9 12 1 1 100 1 8 1 10 12 1 10 12 1 1 7 1 10 7 12 1 1 1 10 12 1 9 12 1 1 18 12 1 1 10 7 12 1 1 1 9 7 12 1 1 1 8 1 10 12 1 1 8 1 8 1 8 1 8 1 10 7 12 1 1 1 100 1 10 10 12 1 1 8 1 10 12 1 8 1 10 12 1 10 12 1 1 10 12 1 1 100 1 8 1 10 12 1 10 12 1 1 100 1 8 1 10 10 12 1 9 12 1 1 18 12 1 1 10 7 12 1 1 1 10 12 1 1 10 12 1 10 7 12 1 1 1 10 1 1 1 1 1 1 1 1 1 1 1 1 1 1 1 1 1 1 1 1 1 1 1 1 1 1 1 1 1 1 1 1 1 1 1 1 1 1 1 1 1 1 1 1 16 1 15 10 12 16 1 16 15 10 12 15 10 7 12 1 1 1 1 1 100 1 1 100 1 100 1 1
staticfield jdk/internal/foreign/abi/NativeEntryPoint CLEANER Ljava/lang/ref/Cleaner; java/lang/ref/Cleaner
staticfield jdk/internal/foreign/abi/NativeEntryPoint NEP_CACHE Ljdk/internal/foreign/abi/SoftReferenceCache; jdk/internal/foreign/abi/SoftReferenceCache
ciInstanceKlass jdk/internal/foreign/abi/ABIDescriptor 1 1 55 10 7 12 1 1 1 9 7 12 1 1 1 9 12 1 1 9 12 1 9 12 1 9 12 1 1 9 12 1 9 12 1 1 9 12 1 9 12 1 9 12 1 9 12 1 1 1 1 1 1 1 1 1 1
ciInstanceKlass jdk/internal/foreign/abi/VMStorage 1 1 111 10 7 12 1 1 1 9 7 12 1 1 1 9 12 1 1 9 12 1 1 9 12 1 1 7 1 10 8 1 10 12 1 1 10 12 1 10 12 1 1 10 12 1 7 1 10 7 12 1 1 1 10 7 12 1 1 10 7 12 1 1 10 7 12 1 1 1 18 12 1 1 1 1 1 1 1 1 1 1 1 1 1 1 1 1 1 1 1 1 1 1 8 1 15 15 15 15 15 10 100 12 1 1 1 1 100 1 100 1 1
ciInstanceKlass jdk/internal/foreign/abi/UpcallLinker$CallRegs 1 1 66 10 7 12 1 1 1 9 7 12 1 1 1 9 12 1 18 12 1 1 18 12 1 1 18 12 1 1 1 1 1 1 1 1 1 1 1 1 1 1 1 1 1 1 7 1 1 1 8 1 15 15 15 10 100 12 1 1 1 1 1 100 1 100 1 1
instanceKlass java/lang/StackFrameInfo
ciInstanceKlass java/lang/ClassFrameInfo 0 0 126 10 100 12 1 1 1 9 100 12 1 1 1 100 1 3 9 12 1 1 9 12 1 1 100 1 9 12 1 1 3 11 100 12 1 1 1 11 12 1 10 12 1 1 10 12 1 1 10 12 1 100 1 10 10 12 1 1 8 1 8 1 10 12 100 1 10 10 12 1 1 8 1 10 12 1 8 1 10 12 8 1 10 12 1 10 100 12 1 1 1 100 1 1 1 1 1 1 1 1 1 1 1 1 1 1 1 1 1 1 1 1 1 1 1 1 1 1 1 100 1 1 1 1 1 1
ciInstanceKlass java/lang/StackWalker$StackFrame 0 0 41 100 1 10 12 1 1 100 1 100 1 1 1 1 1 1 1 1 1 1 1 1 1 1 1 1 1 1 1 1 1 1 1 1 1 1 1 100 1 1 1
ciInstanceKlass java/lang/StackWalker 0 0 236 9 100 12 1 1 1 10 100 12 1 1 1 100 1 10 100 12 1 1 1 10 12 1 1 11 100 12 1 1 1 10 12 1 1 10 12 1 1 100 1 8 1 10 12 1 10 12 1 10 12 1 10 100 12 1 1 9 12 1 1 9 12 1 1 9 12 1 1 9 12 1 1 10 12 1 1 9 12 1 1 9 12 1 1 9 12 1 1 9 12 1 1 10 12 1 1 10 100 12 1 1 1 10 100 12 1 1 1 18 12 1 1 100 1 8 1 10 8 1 10 12 1 1 10 100 12 1 1 1 10 12 1 1 10 12 1 11 12 1 1 9 100 12 1 1 11 100 12 1 1 1 10 12 1 1 1 1 1 1 1 1 1 1 1 1 1 1 1 1 1 1 1 1 1 1 1 1 1 1 1 1 1 1 1 1 1 1 1 1 1 1 1 1 1 1 1 1 1 1 1 1 1 1 1 1 1 1 1 100 1 1 16 15 10 12 16 1 15 10 100 12 1 1 1 1 1 1 1 1 1 100 1 100 1 1
instanceKlass java/lang/LiveStackFrameInfo
ciInstanceKlass java/lang/StackFrameInfo 0 0 150 10 100 12 1 1 1 9 100 12 1 1 1 9 12 1 1 11 100 12 1 1 1 10 12 1 1 10 100 12 1 1 1 9 12 1 1 10 12 1 1 9 12 1 1 100 1 10 12 10 12 1 9 12 1 100 1 100 1 10 12 1 1 11 12 1 1 10 12 1 10 12 1 10 12 1 1 9 12 1 1 10 12 1 1 10 100 12 1 1 10 12 1 1 9 12 1 10 100 12 1 1 1 9 12 1 1 10 100 1 10 12 1 9 12 1 1 10 12 1 1 10 12 1 1 1 1 1 1 1 1 1 1 1 1 1 1 1 1 100 1 100 1 1 1 1 1 1 1 1
ciInstanceKlass java/lang/LiveStackFrameInfo 0 0 97 10 100 12 1 1 1 9 100 12 1 1 1 9 12 1 9 12 1 9 12 1 9 12 1 1 100 1 10 12 1 1 10 12 1 8 1 10 12 1 1 8 1 8 1 8 1 10 100 1 10 12 1 100 1 10 12 1 100 1 100 1 1 1 3 1 3 1 1 1 1 1 1 1 1 1 1 1 1 1 1 1 1 1 1 1 1 1 1 1 1 1 1 1 100 1 1
ciInstanceKlass java/lang/LiveStackFrame 0 0 112 100 1 10 100 12 1 1 1 11 100 12 1 1 1 11 12 1 9 100 12 1 1 1 10 100 12 1 1 1 10 100 12 1 1 1 11 12 1 10 12 1 100 1 100 1 1 1 1 1 1 1 1 1 1 1 1 1 1 1 1 1 1 1 1 1 1 1 1 1 100 1 1 1 1 1 1 1 100 1 8 1 1 12 10 1 1 1 8 1 1 1 8 1 1 1 8 1 1 1 8 1 1 8 1 1 1 8 1 1 8 1
ciInstanceKlass java/lang/StackStreamFactory$AbstractStackWalker 1 0 364 100 1 100 1 3 10 100 12 1 1 1 10 100 12 1 1 10 100 12 1 1 1 9 12 1 1 9 12 1 1 9 12 1 1 9 12 1 9 12 1 10 100 12 1 1 1 10 12 1 1 10 100 12 1 1 9 12 1 1 9 12 1 1 10 12 1 1 9 12 1 1 10 100 12 1 1 1 10 12 1 1 9 12 1 1 9 100 12 1 1 1 100 1 10 8 1 10 12 1 1 10 12 1 8 1 10 12 1 1 10 100 12 1 1 1 100 1 8 1 10 12 1 8 1 10 12 10 100 12 1 1 9 12 1 1 8 1 5 0 8 1 8 1 9 12 1 1 10 12 1 1 18 12 1 1 10 100 12 1 1 1 10 12 1 1 10 12 1 10 12 1 9 100 12 1 1 1 10 12 1 1 9 12 1 10 12 1 10 12 1 10 12 1 10 12 1 10 12 1 10 12 1 1 8 1 10 12 1 10 12 1 10 12 1 10 12 1 1 8 1 10 12 1 1 10 12 1 1 10 12 1 1 10 12 1 10 12 1 10 12 1 9 12 1 8 1 10 12 1 8 1 10 12 1 10 12 1 1 10 12 1 10 12 1 10 12 1 1 10 12 1 10 12 1 10 12 1 10 12 1 10 12 1 10 12 1 1 10 12 1 10 12 1 10 12 1 10 12 1 8 1 1 1 1 1 1 1 1 1 1 1 1 1 100 1 1 1 1 1 1 100 1 1 1 1 100 1 1 1 1 1 1 1 1 1 1 1 1 1 1 1 1 1 1 16 15 15 10 100 12 1 1 1 1 1 1 1 1 100 1 100 1 1
ciInstanceKlass jdk/internal/module/Modules 0 0 481 10 100 12 1 1 1 9 7 12 1 1 1 11 100 12 1 1 1 11 12 1 1 11 12 1 1 11 12 1 1 11 12 1 11 12 1 11 12 1 11 12 1 11 12 1 11 12 1 1 10 100 12 1 1 1 10 12 1 1 10 100 12 1 1 10 100 12 1 1 1 10 100 12 1 1 10 12 1 1 11 12 1 9 12 1 1 11 100 12 1 1 1 10 12 1 1 10 10 12 1 10 100 1 9 12 1 1 10 100 12 1 1 10 12 1 1 10 100 12 1 1 1 100 1 11 100 12 1 1 1 10 100 12 1 1 1 11 100 12 1 1 10 12 1 1 10 100 12 1 1 10 100 12 1 1 1 10 12 1 1 10 12 1 1 11 12 1 1 18 12 1 1 11 100 12 1 1 10 100 12 1 1 1 11 100 12 1 1 1 100 1 11 12 1 1 11 100 12 1 1 1 11 12 1 1 10 12 1 1 10 100 12 1 1 18 12 1 1 11 12 1 1 18 12 1 1 11 12 1 1 10 12 1 18 18 10 12 1 1 9 12 1 1 11 100 12 1 1 1 100 1 10 11 12 1 11 12 1 1 10 100 1 10 12 1 1 10 100 12 1 1 10 12 1 1 11 12 10 12 1 1 100 1 10 18 12 1 10 12 1 1 100 1 8 1 10 12 1 10 100 12 1 1 18 12 1 11 11 12 10 12 1 10 10 100 1 18 12 1 10 10 10 7 12 1 1 10 100 12 1 1 1 10 12 1 1 1 1 1 1 1 1 1 1 1 1 1 1 1 1 1 1 1 1 1 1 1 1 1 1 1 1 1 1 1 1 1 1 1 1 1 1 1 1 1 1 1 1 1 1 1 1 1 1 1 1 1 1 1 1 1 1 1 1 1 1 1 1 100 1 1 1 1 1 1 1 1 1 1 1 1 1 1 1 1 1 1 1 1 1 1 1 16 15 10 12 1 16 1 16 1 15 10 12 1 16 1 16 1 15 10 12 16 1 15 10 16 1 15 10 12 16 1 16 15 10 12 16 15 10 12 16 15 10 12 15 10 100 12 1 1 1 1 1 1 100 1 100 1 1
ciInstanceKlass jdk/internal/loader/ClassLoaders 1 1 185 10 100 12 1 1 1 10 7 12 1 1 1 10 12 1 1 10 7 12 1 1 1 9 7 12 1 1 1 9 12 1 1 9 12 1 1 7 1 11 100 12 1 1 1 100 1 11 12 1 1 11 12 1 1 10 100 12 1 1 1 10 100 12 1 1 1 100 1 100 1 10 7 12 1 1 1 9 12 1 1 8 1 10 7 12 1 1 1 10 12 1 1 7 1 10 12 1 10 12 1 1 7 1 10 12 1 1 10 12 1 1 10 12 1 7 1 10 12 10 12 1 8 1 10 7 12 1 1 8 1 8 1 10 12 1 7 1 10 10 12 1 10 12 1 1 1 1 1 1 1 1 1 1 1 1 1 1 1 1 1 1 1 1 100 1 1 1 1 1 1 1 1 1 1 1 1 1 1 1 1 1 1 1 1
staticfield jdk/internal/loader/ClassLoaders JLA Ljdk/internal/access/JavaLangAccess; java/lang/System$1
staticfield jdk/internal/loader/ClassLoaders BOOT_LOADER Ljdk/internal/loader/ClassLoaders$BootClassLoader; jdk/internal/loader/ClassLoaders$BootClassLoader
staticfield jdk/internal/loader/ClassLoaders PLATFORM_LOADER Ljdk/internal/loader/ClassLoaders$PlatformClassLoader; jdk/internal/loader/ClassLoaders$PlatformClassLoader
staticfield jdk/internal/loader/ClassLoaders APP_LOADER Ljdk/internal/loader/ClassLoaders$AppClassLoader; jdk/internal/loader/ClassLoaders$AppClassLoader
ciInstanceKlass java/util/ArrayList 1 1 514 10 7 12 1 1 1 7 1 9 7 12 1 1 1 9 12 1 100 1 100 1 10 8 1 10 12 1 1 10 12 1 10 12 1 1 10 12 1 9 12 1 11 7 12 1 1 1 9 12 1 1 11 12 1 1 7 10 7 12 1 1 1 9 12 1 10 12 1 10 12 1 1 10 7 12 1 1 1 10 7 12 1 1 1 10 12 1 1 10 12 1 1 10 12 1 1 10 12 1 10 12 1 1 100 1 100 1 10 12 1 10 10 7 12 1 1 1 10 7 12 1 1 10 12 1 100 1 10 10 12 10 12 1 1 10 12 1 1 10 12 1 10 12 10 12 1 1 100 1 10 12 1 1 10 12 1 1 10 12 1 100 1 10 11 12 1 1 11 100 12 1 1 1 11 12 1 10 12 1 10 12 1 10 12 1 1 100 1 10 12 1 1 10 10 12 1 1 10 12 1 8 1 8 1 8 1 8 1 10 12 1 1 10 12 1 1 11 12 1 100 1 10 100 12 1 1 10 12 1 10 12 1 1 10 100 12 1 1 10 12 1 10 100 12 1 1 1 11 100 12 1 1 1 10 12 1 100 1 8 1 10 7 1 10 12 1 7 1 10 12 1 10 12 1 1 7 1 10 12 1 10 12 1 1 11 100 12 1 1 7 1 10 12 1 10 12 1 1 11 100 12 1 1 10 12 1 1 10 12 1 1 10 12 1 1 10 12 1 1 11 100 12 1 1 10 12 1 1 10 12 1 1 100 1 100 1 100 1 1 1 1 5 0 1 3 1 1 1 1 1 1 1 1 1 1 1 1 1 1 1 1 1 1 1 1 1 1 1 1 1 1 1 1 1 1 1 1 1 1 1 1 1 1 1 1 1 1 1 1 1 1 1 1 1 1 1 1 1 1 1 1 1 1 1 1 1 1 1 1 1 1 1 1 1 1 1 1 1 1 1 1 1 1 1 1 1 1 1 1 1 1 1 1 1 1 1 1 1 1 1 1 1 1 1 1 1 1 1 1 100 1 1 1 1 100 1 1 1 1 1 1 1 1 1 1 1 1 1 1 1 1 1 1 1 1 1 1 1 1 1 1 1 1 1 100 1 1 1 1 1 1 1 1 1 1 1 1 1 1 1 1 1 1 1 100 1 100 1 1 1 1 1 1
staticfield java/util/ArrayList EMPTY_ELEMENTDATA [Ljava/lang/Object; 0 [Ljava/lang/Object;
staticfield java/util/ArrayList DEFAULTCAPACITY_EMPTY_ELEMENTDATA [Ljava/lang/Object; 0 [Ljava/lang/Object;
ciInstanceKlass java/util/List 1 1 251 10 100 12 1 1 1 11 100 12 1 1 1 11 100 12 1 1 1 11 12 1 1 11 100 12 1 1 11 12 1 1 11 12 1 1 10 100 12 1 1 1 7 1 7 1 10 12 1 1 100 1 10 100 12 1 1 1 11 12 1 1 11 12 1 11 12 1 100 1 10 12 1 11 12 1 1 11 12 1 1 11 12 1 10 100 12 1 1 1 9 7 12 1 1 1 7 1 10 12 10 12 1 7 1 10 12 1 1 10 12 1 10 12 1 1 11 12 1 1 100 1 1 1 1 1 1 1 1 1 1 1 1 1 1 1 1 1 1 1 1 1 1 1 1 1 1 1 1 1 1 1 1 1 1 1 1 1 1 1 1 1 1 1 1 100 1 100 1 1 1 1 1 1 1 1 1 1 1 1 1 1 1 1 1 1 1 1 1 1 1 1 1 1 1 1 1 1 1 1 1 1 1 1 1 1 1 1 1 1 1 1 1 1 1 1 1 1 1 1 1 1 1 1 1 1 1 1 1 1 1 1 1 1 1 1 1 1 1 1 1 1 1 1 100 1 1 100 1 1 1
ciInstanceKlass java/util/SequencedCollection 1 1 104 100 1 10 12 1 1 11 100 12 1 1 1 11 100 12 1 1 1 11 12 1 1 11 12 1 100 1 100 1 1 1 1 1 1 1 1 1 1 1 1 1 1 1 1 1 1 1 1 1 1 1 1 1 1 1 1 1 100 1 8 1 12 10 1 1 8 1 1 1 8 1 1 8 1 1 1 8 1 1 8 1 1 1 8 1 1 8 1 8 1 1 8 1 1 1 8 1 1 8 1 1 8 1
ciInstanceKlass java/lang/Iterable 1 1 62 10 7 12 1 1 1 11 7 12 1 1 1 11 7 12 1 1 1 11 12 1 1 11 7 12 1 1 1 10 100 12 1 1 1 100 1 1 1 1 1 1 1 1 1 1 1 1 1 1 1 1 1 1 1 1 1 1 1 1 1 1
ciMethod java/util/List size ()I 0 0 1 0 -1
ciMethod java/util/List get (I)Ljava/lang/Object; 0 0 1 0 -1
ciMethod java/util/List isEmpty ()Z 0 0 1 0 -1
ciInstanceKlass java/util/RandomAccess 1 0 7 100 1 100 1 1 1
instanceKlass java/util/AbstractMap$2
instanceKlass java/util/IdentityHashMap$Values
instanceKlass java/util/concurrent/ConcurrentLinkedDeque
instanceKlass java/util/AbstractQueue
instanceKlass java/util/HashMap$Values
instanceKlass java/util/ArrayDeque
instanceKlass java/util/AbstractSet
instanceKlass java/util/ImmutableCollections$AbstractImmutableCollection
instanceKlass java/util/AbstractList
ciInstanceKlass java/util/AbstractCollection 1 1 160 10 7 12 1 1 1 10 7 12 1 1 1 10 12 1 1 11 7 12 1 1 1 11 12 1 1 10 12 1 1 10 100 12 1 1 1 10 12 1 1 10 12 1 1 10 7 12 1 1 10 100 12 1 1 1 7 1 10 100 12 1 1 1 10 100 12 1 1 1 100 1 10 11 12 1 11 7 1 10 12 1 10 12 1 10 100 12 1 1 1 11 8 1 100 1 10 10 12 1 1 8 1 10 12 1 10 12 1 1 1 1 1 1 1 1 1 1 1 1 1 1 1 1 1 1 1 1 1 1 1 1 1 1 1 1 1 1 1 1 1 1 1 1 1 1 1 1 1 1 1 1 1 1 1 1 1 1 1 1
instanceKlass java/util/AbstractList$SubList
instanceKlass java/util/Collections$CopiesList
instanceKlass java/util/ArrayList$SubList
instanceKlass java/util/AbstractSequentialList
instanceKlass sun/awt/util/IdentityArrayList
instanceKlass java/util/Vector
instanceKlass java/util/Arrays$ArrayList
instanceKlass java/util/Collections$EmptyList
instanceKlass java/util/ArrayList
ciInstanceKlass java/util/AbstractList 1 1 218 10 7 12 1 1 1 9 7 12 1 1 1 10 12 1 1 10 12 1 1 100 1 10 10 12 1 1 11 7 12 1 1 1 11 12 1 1 11 12 1 10 7 12 1 1 1 10 12 1 11 12 1 11 12 1 11 12 1 10 12 1 1 10 12 1 1 11 100 12 1 1 1 11 7 1 11 7 1 10 12 1 7 1 10 12 1 10 12 1 1 7 1 7 1 10 12 1 100 1 10 100 1 100 1 10 8 1 10 12 1 1 10 12 1 10 12 1 1 10 12 1 8 1 100 1 8 1 8 1 8 1 10 7 1 11 10 10 12 1 11 12 1 10 12 1 1 8 1 8 1 1 1 1 1 1 1 1 1 1 1 1 1 1 1 1 1 1 1 1 1 1 1 1 1 1 1 1 1 1 1 1 1 1 1 1 1 1 1 1 1 1 1 1 1 1 1 1 1 1 1 1 1 1 1 1 1 1 100 1 100 1 1 1 1 1 1 1
ciMethod java/util/ArrayList size ()I 262 0 131 0 0
instanceKlass java/util/LinkedHashSet
ciInstanceKlass java/util/HashSet 1 1 303 10 7 12 1 1 1 7 1 10 9 7 12 1 1 1 11 7 12 1 1 1 10 7 12 1 1 1 10 12 1 1 10 12 1 1 10 12 1 10 12 1 7 1 10 10 12 1 1 11 7 12 1 1 1 10 10 12 1 1 10 12 1 1 9 12 1 1 10 12 1 1 10 12 1 1 10 12 1 10 7 12 1 1 1 10 100 1 100 1 10 12 1 10 100 12 1 1 10 12 1 10 12 1 10 12 1 1 10 12 1 1 11 100 12 1 1 11 12 1 10 12 1 1 10 100 12 1 1 1 10 12 1 100 1 100 1 10 8 1 10 12 1 1 10 12 1 10 12 1 1 10 12 1 10 12 1 10 100 12 1 1 1 8 1 10 12 1 4 4 10 12 1 1 8 1 10 12 1 1 4 10 100 12 1 1 1 100 1 10 12 1 1 11 100 12 1 1 1 100 1 10 12 1 100 1 10 12 1 10 12 1 1 10 12 1 100 1 8 1 10 10 12 1 10 10 100 1 100 1 1 1 1 5 0 1 1 1 1 1 1 1 1 1 1 1 1 1 1 1 1 1 1 1 1 1 1 1 1 1 1 1 1 1 1 1 1 1 1 100 1 1 1 1 100 1 1 1 1 1 1 1 1 1 1 1 1 1 1 1 1 1 1 1 100 1 1 100 1 100 1 1 1
staticfield java/util/HashSet PRESENT Ljava/lang/Object; java/lang/Object
ciMethod java/util/HashSet add (Ljava/lang/Object;)Z 512 0 39175 0 4254
ciInstanceKlass java/lang/annotation/Annotation 0 0 17 100 1 100 1 1 1 1 1 1 1 1 1 1 1 1 1
ciInstanceKlass java/util/LinkedHashMap 1 1 386 9 7 12 1 1 1 9 12 1 1 9 12 1 9 7 12 1 1 9 12 1 10 7 12 1 1 1 10 12 1 1 10 12 1 1 9 12 1 9 12 1 1 9 12 1 10 12 1 1 100 1 10 10 12 1 1 10 12 1 10 12 1 1 9 12 1 1 9 12 1 10 12 1 1 10 100 12 1 1 1 10 12 1 10 12 1 10 12 10 12 1 1 10 100 12 1 1 1 10 12 1 1 10 12 1 1 9 7 1 10 12 1 10 12 1 1 9 12 1 1 7 1 10 12 1 7 1 100 1 10 10 12 1 1 10 12 1 1 9 12 1 1 100 1 10 100 1 10 12 1 9 12 1 7 1 10 100 1 10 11 7 12 1 1 1 100 1 10 11 100 12 1 1 100 1 100 1 10 8 1 10 12 1 1 10 12 1 10 12 1 1 10 12 1 10 12 1 1 10 100 1 10 12 1 100 1 1 1 1 5 0 1 1 1 3 1 3 1 3 1 1 1 1 1 1 1 1 1 1 1 1 1 1 1 1 1 1 1 1 1 1 1 1 1 1 1 1 1 1 1 1 1 1 1 1 1 1 1 1 1 1 1 1 1 1 1 100 1 1 1 1 1 1 1 1 100 1 1 1 1 1 1 1 1 1 1 1 1 1 1 1 1 1 1 1 1 1 1 1 1 1 1 1 1 100 1 1 1 1 1 1 1 1 1 1 1 1 1 1 100 1 1 1 1 1 1 1 1 1 100 1 1 1 1 1 1 1 1 1 1 1 1 1 1 1 1 1 1 1 1 1 1 1 1 1 1 1 1 1 1 1 100 1 100 1 100 1 100 1 1 1 1 1 100 1 100 1 1 1 1 1 1 1 1 1
ciInstanceKlass java/util/IdentityHashMap 1 1 403 9 7 12 1 1 1 10 7 12 1 1 1 10 12 1 1 100 1 100 1 10 8 1 10 12 1 1 10 12 1 10 12 1 1 10 12 1 10 12 1 1 3 3 10 7 12 1 1 7 1 9 12 1 1 11 100 12 1 1 1 6 0 10 12 10 12 1 1 9 12 1 10 7 12 1 1 1 10 12 1 1 10 12 1 1 10 12 1 1 10 12 1 1 9 12 1 3 3 100 1 8 1 10 11 12 1 1 11 100 12 1 1 1 11 100 12 1 1 1 11 12 1 1 100 1 11 12 1 11 12 1 10 12 1 1 10 12 1 10 10 12 1 1 10 11 12 1 1 10 12 1 10 12 1 9 12 1 10 100 100 1 100 1 10 12 1 9 12 1 7 1 10 12 1 9 12 1 1 7 1 10 100 1 10 10 100 12 1 1 10 12 1 10 12 1 1 10 100 12 1 1 1 10 12 1 100 1 8 1 10 10 100 12 1 1 1 11 100 12 1 1 1 10 12 1 10 12 1 1 10 10 100 12 1 1 11 100 12 1 1 100 1 10 11 100 12 1 1 10 12 1 10 100 1 100 1 1 1 3 1 3 1 1 1 1 1 5 0 1 1 1 1 1 1 1 1 1 1 1 1 1 1 1 1 1 1 1 1 1 1 1 1 1 1 1 1 1 1 1 1 1 1 1 1 1 1 1 1 1 1 1 1 1 1 1 1 1 1 1 1 1 1 1 1 1 1 1 1 100 1 1 1 1 1 1 1 100 1 1 1 1 100 1 1 1 1 1 1 1 1 1 1 1 1 1 1 1 1 1 1 1 1 1 1 1 1 1 1 100 1 100 1 100 1 100 1 100 1 100 1 100 1 100 1 100 1 1 1 1 1 1 100 1 1 1 1 1 1 1 1 1 1
staticfield java/util/IdentityHashMap NULL_KEY Ljava/lang/Object; java/lang/Object
ciMethod java/util/IdentityHashMap isEmpty ()Z 512 0 5376 0 88
instanceKlass jdk/internal/math/FloatingDecimal$1
instanceKlass java/util/concurrent/locks/ReentrantReadWriteLock$Sync$ThreadLocalHoldCounter
instanceKlass jdk/internal/misc/CarrierThreadLocal
ciInstanceKlass java/lang/ThreadLocal 1 1 319 9 7 12 1 1 1 3 10 7 12 1 1 1 100 1 10 12 1 1 10 7 12 1 1 10 12 1 9 12 1 1 10 7 12 1 1 1 10 12 1 1 9 12 1 1 100 1 100 1 10 10 12 1 10 12 1 1 10 7 12 1 1 1 9 7 12 1 1 1 10 12 1 10 12 1 1 10 12 1 1 10 12 1 1 7 1 10 12 1 1 9 12 1 10 12 1 1 10 12 1 10 12 10 12 1 1 10 12 1 10 12 1 1 10 12 1 10 12 10 12 1 1 10 12 1 10 12 100 1 10 8 1 10 7 12 1 1 1 10 100 12 1 1 10 100 12 1 1 1 9 12 1 1 10 12 1 1 10 100 12 1 1 1 18 12 1 1 10 12 1 1 100 1 9 12 1 1 10 100 12 1 1 1 11 12 1 1 11 100 12 1 1 11 12 1 100 1 8 1 11 12 1 1 10 12 1 1 11 100 12 1 1 1 10 100 12 1 1 1 11 12 1 1 10 7 12 1 1 10 12 1 10 10 1 1 1 1 1 1 1 1 1 1 1 1 1 1 1 1 1 1 1 1 1 1 1 1 1 1 1 1 1 1 1 1 1 1 1 1 1 1 1 1 1 1 1 1 1 1 1 1 1 1 1 100 1 1 1 1 1 1 1 1 1 1 1 16 15 10 12 16 15 10 100 12 1 1 1 1 1 1 1 1 100 1 100 1 1
staticfield java/lang/ThreadLocal TRACE_VTHREAD_LOCALS Z 0
staticfield java/lang/ThreadLocal nextHashCode Ljava/util/concurrent/atomic/AtomicInteger; java/util/concurrent/atomic/AtomicInteger
staticfield java/lang/ThreadLocal DUMPING_STACK Ljava/lang/ThreadLocal; java/lang/ThreadLocal
staticfield java/lang/ThreadLocal $assertionsDisabled Z 1
ciMethod java/lang/ThreadLocal get ()Ljava/lang/Object; 4 0 175 0 -1
ciMethod java/lang/ThreadLocal set (Ljava/lang/Object;)V 4 0 84 0 -1
ciInstanceKlass java/util/concurrent/locks/LockSupport 1 1 133 10 100 12 1 1 1 9 7 12 1 1 1 9 12 1 1 10 7 12 1 1 1 10 7 12 1 1 1 10 12 1 1 9 12 1 1 11 100 12 1 1 1 10 12 1 1 10 12 1 1 11 12 1 10 12 1 1 11 12 1 10 12 1 100 1 10 10 12 1 1 10 100 12 1 1 1 9 100 12 1 1 1 10 12 1 1 10 12 1 10 12 1 1 8 1 10 12 1 1 10 7 12 1 1 1 1 1 1 1 1 1 1 1 1 1 1 1 1 100 1 1 1 1 1 1 1 1 1 1 1 1 1
staticfield java/util/concurrent/locks/LockSupport U Ljdk/internal/misc/Unsafe; jdk/internal/misc/Unsafe
staticfield java/util/concurrent/locks/LockSupport PARKBLOCKER J 88
staticfield java/util/concurrent/locks/LockSupport JLA Ljdk/internal/access/JavaLangAccess; java/lang/System$1
ciMethod java/util/concurrent/locks/LockSupport unpark (Ljava/lang/Thread;)V 2 0 5189 0 0
instanceKlass java/util/LinkedHashMap$Entry
ciInstanceKlass java/util/HashMap$Node 1 1 95 10 7 12 1 1 1 9 7 12 1 1 1 9 12 1 1 9 12 1 9 12 1 1 100 1 10 10 12 1 1 8 1 10 12 1 10 12 1 1 10 100 12 1 1 1 100 1 11 12 1 1 10 12 1 1 11 12 1 1 1 1 1 1 1 1 1 1 1 1 1 1 1 1 1 1 1 1 1 1 1 1 1 1 1 1 1 1 100 1 1 1 100 1 1
ciInstanceKlass java/util/HashMap$TreeNode 0 0 250 100 1 10 100 12 1 1 1 9 100 12 1 1 1 9 12 1 1 9 12 1 9 12 1 1 9 12 1 1 10 12 1 1 100 1 10 12 1 9 12 1 9 12 1 9 12 1 1 10 100 12 1 1 1 10 12 1 1 10 12 1 1 10 12 1 1 10 12 1 1 10 12 1 1 10 100 12 1 1 1 10 100 12 1 1 1 10 100 12 1 1 1 9 12 1 10 12 1 1 10 12 1 1 10 12 1 1 10 12 1 1 9 100 1 10 12 1 1 10 12 1 1 10 12 1 10 12 1 1 10 12 1 10 12 1 10 12 1 1 1 1 1 1 1 1 1 1 1 1 1 1 1 1 1 1 1 1 1 1 1 1 1 1 100 1 1 1 1 1 1 1 1 1 1 1 1 1 1 1 1 1 1 1 1 1 1 1 1 1 1 1 1 1 1 1 1 1 1 1 1 1 1 1 1 1 1 1 1 1 1 1 1 1 1 1 1 1 1 1 1 1 1 1 1 1 1 1 1 1 1 1 1 1 1 1 1 1 1 1 1 1 1 1 1 100 1 1 1 1
instanceKlass java/util/HashMap$TreeNode
ciInstanceKlass java/util/LinkedHashMap$Entry 1 1 41 10 7 12 1 1 1 100 1 1 1 1 1 1 1 1 1 1 1 1 1 1 1 1 1 1 1 1 1 1 1 1 1 1 100 1 1 100 1 1 1
ciMethod java/util/HashMap$TreeNode getTreeNode (ILjava/lang/Object;)Ljava/util/HashMap$TreeNode; 0 0 1 0 -1
ciInstanceKlass java/util/concurrent/locks/ReentrantLock$NonfairSync 1 1 69 10 7 12 1 1 1 10 7 12 1 1 1 10 7 12 1 1 1 10 12 1 1 10 12 1 10 12 1 1 100 1 8 1 10 12 1 10 12 1 1 1 1 1 5 0 1 1 1 1 1 1 1 1 1 1 1 1 1 1 1 1 1 1 100 1 1 1 1
instanceKlass java/util/concurrent/ThreadPoolExecutor$Worker
instanceKlass java/util/concurrent/locks/ReentrantLock$Sync
ciInstanceKlass java/util/concurrent/locks/AbstractQueuedSynchronizer 1 1 375 10 7 12 1 1 1 9 7 12 1 1 1 9 12 1 1 9 12 1 1 10 7 12 1 1 1 9 12 1 10 12 1 1 9 12 1 1 9 12 1 10 7 12 1 1 7 1 10 100 1 9 12 1 10 12 1 1 10 7 12 1 1 1 10 12 1 1 9 7 12 1 1 9 12 1 9 12 1 1 10 7 12 1 1 1 9 12 1 10 12 1 1 9 100 1 10 12 1 1 100 1 100 1 10 12 1 1 5 0 10 12 1 1 10 12 1 10 12 1 10 12 1 1 100 1 10 12 1 1 10 12 1 10 12 1 10 12 1 1 10 10 10 12 1 10 100 12 1 1 1 10 12 1 1 10 12 1 10 12 1 1 10 12 1 10 12 1 10 12 1 3 100 1 10 100 1 10 10 12 1 10 12 1 100 1 10 10 12 1 100 1 10 10 12 1 1 100 1 10 10 100 12 1 1 1 10 12 1 1 8 1 10 12 1 1 10 12 1 8 1 10 12 1 8 1 8 1 8 1 10 10 100 12 1 1 1 10 12 1 1 100 1 8 1 10 12 1 10 12 1 10 12 1 10 12 1 1 10 12 1 1 8 10 12 1 1 8 8 100 1 1 1 5 0 1 3 1 1 3 1 1 1 1 1 1 1 1 1 1 1 1 1 1 1 1 1 1 1 1 1 1 1 1 1 1 1 1 1 1 1 1 1 1 1 1 1 1 1 1 1 1 1 1 1 1 1 1 1 1 1 1 1 1 1 1 1 1 1 1 1 1 1 1 1 1 1 1 1 1 1 1 1 1 1 1 1 1 100 1 1 1 1 1 1 1 1 1 1 1 1 1 1 1 1
staticfield java/util/concurrent/locks/AbstractQueuedSynchronizer U Ljdk/internal/misc/Unsafe; jdk/internal/misc/Unsafe
staticfield java/util/concurrent/locks/AbstractQueuedSynchronizer STATE J 24
staticfield java/util/concurrent/locks/AbstractQueuedSynchronizer HEAD J 16
staticfield java/util/concurrent/locks/AbstractQueuedSynchronizer TAIL J 20
ciMethod java/util/concurrent/locks/AbstractQueuedSynchronizer isHeldExclusively ()Z 0 0 1 0 -1
ciMethod java/util/concurrent/locks/AbstractQueuedSynchronizer tryAcquire (I)Z 0 0 1 0 -1
ciMethod java/util/concurrent/locks/AbstractQueuedSynchronizer tryRelease (I)Z 0 0 1 0 -1
ciMethod java/util/concurrent/locks/AbstractQueuedSynchronizer enqueue (Ljava/util/concurrent/locks/AbstractQueuedSynchronizer$ConditionNode;)V 512 0 5178 0 -1
ciMethod java/util/concurrent/locks/AbstractQueuedSynchronizer getState ()I 328 0 164 0 0
ciMethod java/util/concurrent/locks/AbstractQueuedSynchronizer compareAndSetState (II)Z 512 0 1359 0 96
ciMethod java/util/concurrent/locks/AbstractQueuedSynchronizer setState (I)V 330 0 165 0 0
ciMethod java/util/concurrent/locks/AbstractQueuedSynchronizer release (I)Z 544 0 27476 0 0
ciMethod java/util/concurrent/locks/AbstractQueuedSynchronizer acquire (I)V 74 0 5055 0 0
ciMethod java/util/concurrent/locks/AbstractQueuedSynchronizer acquire (Ljava/util/concurrent/locks/AbstractQueuedSynchronizer$Node;IZZZJ)I 512 26 5493 0 -1
ciMethod java/util/concurrent/locks/AbstractQueuedSynchronizer signalNext (Ljava/util/concurrent/locks/AbstractQueuedSynchronizer$Node;)V 548 0 5572 0 304
instanceKlass java/util/concurrent/locks/ReentrantLock$NonfairSync
ciInstanceKlass java/util/concurrent/locks/ReentrantLock$Sync 1 1 127 10 7 12 1 1 1 10 7 12 1 1 1 10 7 12 1 1 1 10 12 1 1 10 12 1 1 10 12 1 100 1 8 1 10 12 1 10 12 1 1 10 12 1 1 10 12 1 10 12 1 7 1 10 10 12 1 10 12 1 1 100 1 10 7 1 10 12 1 10 12 1 10 100 12 1 1 1 1 1 5 0 1 1 1 1 1 1 1 1 1 1 1 1 1 1 1 1 1 1 1 1 1 1 1 1 1 1 1 1 1 1 1 1 1 100 1 100 1 1 1 1 100 1 1 1 1
ciMethod java/util/concurrent/locks/ReentrantLock$Sync isHeldExclusively ()Z 512 0 5379 0 128
ciMethod java/util/concurrent/locks/ReentrantLock$Sync tryRelease (I)Z 644 0 5446 0 158
ciMethod java/util/concurrent/locks/ReentrantLock$Sync initialTryLock ()Z 0 0 1 0 -1
ciMethod java/util/concurrent/locks/ReentrantLock$Sync lock ()V 708 0 11274 0 0
ciMethod java/util/concurrent/locks/ReentrantLock$NonfairSync initialTryLock ()Z 672 0 5456 0 192
ciInstanceKlass java/util/concurrent/atomic/AtomicInteger 1 1 181 10 7 12 1 1 1 9 7 12 1 1 1 9 12 1 1 9 12 1 1 10 7 12 1 1 1 10 12 1 1 10 12 1 1 10 12 1 10 12 1 10 12 1 1 11 100 12 1 1 1 10 12 1 1 11 100 12 1 1 10 100 12 1 1 1 10 12 1 1 10 12 1 10 12 1 10 12 1 10 12 1 10 12 1 1 10 12 1 10 12 1 10 12 1 10 12 1 10 12 1 10 12 1 1 8 10 12 1 1 100 1 1 1 5 0 1 1 1 1 1 1 1 1 1 1 1 1 1 1 1 1 1 1 1 1 1 1 1 1 1 1 1 1 1 1 1 1 1 1 1 1 1 1 1 1 1 1 1 1 1 1 1 1 1 1 1 1 1 1 1 1 1 1 1 1 1 1 1 1 1
staticfield java/util/concurrent/atomic/AtomicInteger U Ljdk/internal/misc/Unsafe; jdk/internal/misc/Unsafe
staticfield java/util/concurrent/atomic/AtomicInteger VALUE J 12
ciMethod java/util/Set add (Ljava/lang/Object;)Z 0 0 1 0 -1
ciMethod java/util/concurrent/atomic/AtomicInteger get ()I 508 0 254 0 0
ciMethod java/util/HashMap getNode (Ljava/lang/Object;)Ljava/util/HashMap$Node; 4148 318 16461 0 688
ciMethod java/util/HashMap hash (Ljava/lang/Object;)I 526 0 35357 0 208
ciMethod java/util/concurrent/locks/Lock lock ()V 0 0 1 0 -1
ciMethod java/util/concurrent/locks/Lock unlock ()V 0 0 1 0 -1
ciMethod jdk/internal/misc/Unsafe getAndBitwiseAndInt (Ljava/lang/Object;JI)I 512 0 5597 0 -1
ciMethod jdk/internal/misc/Unsafe unpark (Ljava/lang/Object;)V 258 0 129 0 -1
ciMethod jdk/internal/misc/Unsafe weakCompareAndSetInt (Ljava/lang/Object;JII)Z 622 0 1336 0 -1
ciMethod jdk/internal/misc/Unsafe compareAndSetInt (Ljava/lang/Object;JII)Z 256 0 128 0 -1
ciMethod jdk/internal/misc/Unsafe getIntVolatile (Ljava/lang/Object;J)I 256 0 128 0 -1
ciMethod jdk/internal/access/JavaLangAccess unparkVirtualThread (Ljava/lang/Thread;)V 0 0 1 0 -1
ciMethod java/lang/Thread isVirtual ()Z 128 0 18833 0 120
ciMethod java/lang/Thread getThreadGroup ()Ljava/lang/ThreadGroup; 20 0 27 0 -1
ciMethod java/lang/Thread holdsLock (Ljava/lang/Object;)Z 256 0 128 0 -1
ciMethod java/lang/Thread currentThread ()Ljava/lang/Thread; 0 0 1 0 -1
ciMethod java/util/Set isEmpty ()Z 0 0 1 0 -1
ciMethod java/lang/String isLatin1 ()Z 694 0 2546600 0 -1
ciMethod java/util/Map get (Ljava/lang/Object;)Ljava/lang/Object; 0 0 1 0 -1
ciMethod java/util/Map put (Ljava/lang/Object;Ljava/lang/Object;)Ljava/lang/Object; 0 0 1 0 -1
ciMethod java/util/Map isEmpty ()Z 0 0 1 0 -1
ciMethod java/lang/Object wait ()V 14 0 72 0 -1
ciMethod java/lang/Object notifyAll ()V 256 0 128 0 -1
ciMethod java/lang/Object <init> ()V 804 0 1726553 0 120
instanceKlass javax/swing/CellRendererPane
instanceKlass java/awt/Panel
instanceKlass javax/swing/plaf/basic/BasicSplitPaneDivider
instanceKlass javax/swing/JComponent
instanceKlass java/awt/Window
ciInstanceKlass java/awt/Container 1 1 1752 10 7 12 1 1 1 7 1 10 9 7 12 1 1 1 9 12 1 1 9 12 1 9 12 1 1 9 12 1 1 9 12 1 9 12 1 7 1 9 12 1 1 10 12 1 1 11 7 12 1 1 11 12 1 1 100 1 100 1 18 12 1 1 10 12 1 10 12 1 1 9 12 1 1 11 12 1 1 7 10 12 1 1 10 12 1 10 12 1 1 9 12 1 1 7 1 11 12 1 10 7 12 1 1 10 12 1 10 12 1 1 100 1 8 1 10 9 12 1 1 7 1 8 1 10 12 1 10 12 1 1 8 1 9 18 12 1 10 12 1 1 10 12 1 10 12 1 1 10 8 1 10 7 12 1 1 1 10 7 12 1 1 1 10 12 1 10 12 1 1 10 12 1 1 10 12 1 9 12 1 1 11 7 12 1 1 7 1 5 0 10 12 1 1 10 12 1 1 5 0 10 12 1 10 12 1 1 10 12 1 1 11 12 1 10 12 1 11 12 1 1 9 12 1 1 9 12 1 1 5 0 10 7 12 1 1 1 7 1 10 12 1 10 12 1 1 100 1 10 12 1 1 10 12 1 1 10 12 1 10 12 1 10 12 1 10 12 1 10 12 1 10 12 1 1 100 1 10 12 1 1 10 12 1 7 1 10 12 1 1 9 10 12 1 10 12 1 10 12 1 11 7 12 1 1 10 12 1 1 10 12 1 1 10 12 1 1 10 12 1 1 10 12 1 10 12 1 1 10 12 1 1 11 12 1 1 11 12 1 11 12 1 1 10 12 1 10 12 1 10 12 1 10 10 12 1 7 1 11 12 1 1 11 12 1 10 12 1 10 12 1 10 12 1 10 7 12 1 1 1 10 12 1 1 10 12 1 5 0 11 12 1 1 10 12 7 1 11 12 1 1 11 7 12 1 1 11 12 1 10 12 1 1 10 12 10 12 9 12 1 9 12 1 9 12 1 11 12 1 9 12 1 1 9 7 12 1 1 1 10 7 12 1 1 1 8 1 10 12 1 8 1 8 1 5 0 8 1 10 12 1 10 12 1 9 12 1 8 1 10 12 1 1 10 12 1 11 12 1 1 9 12 1 10 12 1 10 12 1 11 12 1 10 12 1 10 12 1 9 12 1 11 12 1 10 12 1 11 12 1 10 12 1 11 12 1 10 12 1 10 10 11 12 1 10 12 1 10 10 12 1 1 10 12 1 1 10 7 12 1 1 10 12 1 1 9 12 1 1 10 12 1 11 12 1 1 10 7 1 10 12 1 10 12 1 9 12 1 10 12 1 11 12 1 10 9 12 1 10 12 1 11 12 1 10 12 1 11 12 1 1 10 12 1 1 11 12 1 10 12 1 10 12 1 10 12 1 9 12 1 1 10 100 12 1 1 1 11 12 1 10 7 12 1 1 1 10 12 1 100 1 10 12 1 1 9 12 1 9 12 1 10 100 12 1 1 10 12 1 1 100 1 10 11 10 12 1 11 12 11 10 100 12 1 1 10 10 100 12 1 1 10 10 12 1 10 12 1 10 100 12 1 1 10 10 100 12 1 1 10 10 12 1 10 12 1 10 100 12 1 1 10 10 7 12 1 1 9 12 1 10 12 7 1 10 12 1 1 100 1 10 10 12 1 10 12 1 10 12 1 1 10 12 1 1 10 12 1 10 11 12 1 11 12 1 9 12 1 1 10 7 12 1 10 12 1 11 12 1 10 12 1 10 12 1 1 9 7 12 1 1 1 10 12 1 1 9 7 1 10 12 1 1 9 12 1 9 12 1 9 12 1 10 12 1 9 9 11 7 1 10 10 12 1 1 10 12 1 9 100 1 9 10 12 1 1 10 12 1 10 12 1 1 10 12 1 1 10 12 1 9 100 1 9 10 7 12 1 1 100 1 10 10 100 12 1 1 1 10 12 1 1 10 12 1 1 10 100 12 1 1 1 10 12 1 1 10 12 1 1 10 12 1 10 12 1 9 9 12 1 10 12 1 1 10 9 10 12 10 12 10 12 1 1 10 12 1 10 12 1 10 12 1 10 12 1 10 12 1 10 12 1 10 10 100 12 1 1 1 9 12 1 1 10 12 1 1 10 100 12 1 1 1 8 1 10 12 1 1 100 1 10 12 1 10 12 1 1 9 12 1 1 18 12 1 1 10 12 1 10 12 1 1 10 100 1 11 100 12 1 100 1 10 12 1 10 12 10 100 12 1 1 100 1 10 12 1 100 1 10 10 100 12 1 1 10 12 1 1 10 12 1 10 12 1 11 12 1 1 10 100 12 1 1 18 12 1 10 12 1 1 10 12 1 8 1 10 12 1 1 10 12 1 1 10 12 1 10 12 1 10 12 1 10 12 1 10 12 1 10 12 1 10 12 1 1 10 12 1 1 10 12 1 10 12 1 9 12 1 1 8 10 12 1 1 10 12 1 10 12 1 8 10 12 1 9 12 1 8 10 100 12 1 1 1 9 100 12 1 1 1 10 12 1 1 10 12 1 1 10 12 1 10 12 1 1 10 12 1 1 10 12 1 10 100 12 1 1 1 8 1 10 100 12 1 1 1 8 10 12 1 8 8 8 10 12 1 8 10 12 1 8 1 10 12 1 1 10 12 1 1 100 1 10 100 12 1 1 1 10 100 12 1 1 10 12 1 10 7 12 1 1 1 10 12 1 100 1 8 1 10 10 10 12 1 10 12 1 10 12 1 10 12 1 1 100 1 9 12 1 100 1 11 12 1 1 10 100 12 1 1 10 12 1 1 10 12 1 1 11 100 1 11 10 12 11 12 1 10 10 10 100 1 8 1 10 10 12 1 8 1 10 12 1 10 12 1 9 100 12 1 1 1 10 12 1 1 10 12 1 1 10 12 1 10 12 1 10 12 1 10 12 1 10 12 1 1 9 12 1 10 12 1 18 12 1 10 10 12 1 1 10 12 1 1 10 12 10 12 1 18 12 1 10 12 1 10 12 10 12 1 10 11 12 1 10 12 1 10 12 1 10 12 1 10 12 1 10 10 12 1 10 12 1 10 12 1 11 12 1 1 18 12 1 10 12 1 10 12 1 10 12 1 18 12 1 10 12 1 10 10 10 12 1 18 10 12 1 10 12 1 100 1 18 12 1 1 10 12 1 1 8 1 10 12 1 1 8 1 8 1 7 1 9 12 1 1 10 12 1 9 7 1 9 12 1 1 10 12 1 10 12 1 7 1 10 10 7 12 1 1 1 8 1 10 12 1 1 1 1 1 1 1 5 0 1 3 1 1 1 1 1 1 1 1 1 1 1 1 1 100 1 1 1 1 1 1 1 1 1 1 1 1 1 1 1 1 1 1 1 1 1 1 1 1 1 1 1 1 1 1 1 1 1 1 1 1 1 1 1 1 1 1 1 1 1 1 1 1 1 1 1 1 1 1 1 1 1 1 1 1 1 1 1 1 1 1 1 1 1 1 1 1 1 1 1 1 1 1 1 1 1 1 1 1 1 1 1 100 1 1 1 1 1 1 1 1 1 1 1 1 1 1 1 1 1 1 1 1 1 1 1 1 1 1 1 1 1 1 1 1 1 1 1 1 1 1 1 1 1 1 1 1 1 1 1 1 1 1 1 1 1 1 1 1 1 1 1 1 1 1 1 1 1 1 1 1 1 1 1 1 1 1 1 1 1 1 1 1 1 1 1 1 1 1 100 1 1 1 1 1 1 1 1 100 1 1 1 1 1 1 1 1 1 1 1 1 1 1 1 1 1 1 1 1 1 1 1 1 1 1 1 1 1 1 1 1 1 1 1 1 1 100 1 100 1 1 8 1 8 1 16 15 10 12 8 1 8 1 8 1 8 1 8 1 8 1 16 15 10 12 15 10 100 12 1 1 15 10 100 12 1 1 1 1 1 1 1 1 1 1 1 1 1 1 1 100 1 1 1 1 100 1 1 1 1 100 1 100 1 1
staticfield java/awt/Container log Lsun/util/logging/PlatformLogger; sun/util/logging/PlatformLogger
staticfield java/awt/Container eventLog Lsun/util/logging/PlatformLogger; sun/util/logging/PlatformLogger
staticfield java/awt/Container EMPTY_ARRAY [Ljava/awt/Component; 0 [Ljava/awt/Component;
staticfield java/awt/Container mixingLog Lsun/util/logging/PlatformLogger; sun/util/logging/PlatformLogger
staticfield java/awt/Container serialPersistentFields [Ljava/io/ObjectStreamField; 8 [Ljava/io/ObjectStreamField;
staticfield java/awt/Container isJavaAwtSmartInvalidate Z 0
instanceKlass javax/swing/JWindow
instanceKlass java/awt/Dialog
instanceKlass java/awt/Frame
ciInstanceKlass java/awt/Window 1 1 1725 10 7 12 1 1 1 9 7 12 1 1 1 9 12 1 9 12 1 9 12 1 1 7 1 10 9 12 1 1 7 1 10 9 12 1 1 9 12 1 9 12 1 9 12 1 9 12 1 1 9 12 1 1 9 12 1 9 12 1 9 7 12 1 1 1 9 12 1 9 12 1 1 9 12 1 9 12 1 10 12 1 1 10 7 12 1 1 10 12 1 1 10 12 1 1 10 7 12 1 1 1 10 12 1 9 12 1 7 1 10 12 1 9 12 1 1 10 12 1 7 1 10 12 1 1 9 12 1 1 9 12 1 10 12 1 1 10 7 12 1 1 10 12 1 1 100 1 8 1 10 12 1 7 1 10 10 12 1 1 10 12 1 1 10 12 1 1 10 7 12 1 1 1 10 12 1 9 7 12 1 1 9 7 12 1 1 10 12 1 9 12 1 9 12 1 9 9 10 12 1 1 10 12 1 1 9 7 12 1 1 1 9 12 1 7 1 9 12 1 1 10 12 1 10 7 12 1 1 1 10 7 12 1 1 1 10 7 12 1 1 10 12 10 12 1 1 10 9 12 1 1 10 12 1 1 10 12 1 1 10 12 1 10 12 1 9 12 1 18 12 1 1 9 12 1 1 11 7 12 1 1 7 1 10 10 12 1 9 12 1 1 7 1 11 12 1 8 1 10 12 1 1 10 12 1 1 10 12 1 1 10 12 1 1 9 10 12 1 10 12 1 1 11 7 12 1 1 1 9 12 1 1 10 7 1 10 12 1 10 12 1 10 10 12 1 1 9 7 12 1 1 9 12 1 10 12 1 9 12 1 10 12 1 10 12 1 1 10 12 1 10 12 1 9 10 7 12 1 1 1 9 10 12 1 11 12 1 10 12 10 10 10 12 1 10 12 1 10 12 1 1 100 1 10 12 1 1 10 12 1 9 12 1 1 10 7 12 1 1 1 10 12 1 10 7 12 1 1 10 12 1 10 12 1 10 10 7 12 1 1 10 12 1 10 10 12 1 1 10 12 1 9 12 1 10 10 12 1 10 12 1 9 12 1 1 10 12 1 10 12 1 9 12 1 7 1 10 12 1 10 12 1 11 12 1 9 12 1 1 9 12 1 1 7 1 5 0 10 12 1 1 10 12 1 10 12 1 1 10 7 12 1 1 1 10 12 1 10 12 1 10 10 12 1 10 12 1 10 12 1 7 1 10 12 10 12 1 10 12 1 10 12 1 1 100 1 9 7 12 1 1 1 8 1 10 100 12 1 1 10 12 1 100 1 8 1 10 10 11 10 12 1 11 12 1 10 12 1 9 12 1 1 10 100 12 1 1 1 9 12 1 1 10 7 12 1 1 1 10 12 1 1 10 12 1 1 10 12 1 1 10 100 12 1 1 1 100 1 11 12 1 1 10 10 12 1 1 10 10 12 10 7 12 1 1 10 10 12 1 1 10 12 1 1 10 12 10 12 1 10 12 1 1 10 12 1 1 10 12 1 10 12 1 10 10 10 12 1 10 12 1 1 9 12 1 10 7 12 1 1 9 12 1 1 10 12 1 9 12 1 1 10 12 1 10 12 10 12 10 12 7 1 10 12 1 1 100 1 7 1 100 1 100 1 100 1 10 10 12 1 9 12 1 5 0 5 0 10 12 1 1 10 12 1 10 12 1 1 10 12 1 10 12 1 10 12 1 10 11 12 1 11 12 1 11 12 1 11 12 1 11 12 1 11 12 1 11 12 1 11 12 1 11 12 1 11 12 1 10 100 12 1 1 8 1 10 12 1 1 10 100 12 1 1 10 12 1 10 12 1 10 12 1 10 9 12 1 10 12 1 1 9 12 1 10 12 1 11 12 1 8 10 12 1 10 12 1 10 12 1 1 10 10 12 1 10 7 12 1 1 1 10 12 1 1 10 10 12 1 1 10 12 1 10 12 1 1 10 7 12 1 1 10 12 1 10 12 1 8 1 9 12 1 1 10 12 1 1 10 12 1 10 12 1 1 8 9 100 12 1 1 1 10 7 12 1 1 1 10 12 1 10 12 1 1 10 12 1 100 1 10 12 1 10 12 1 10 12 1 10 12 1 1 10 100 12 1 1 10 100 12 1 1 1 10 12 1 1 10 100 12 1 1 1 10 12 1 1 10 100 12 1 1 10 12 1 1 10 100 12 1 1 1 10 12 1 1 10 12 1 10 12 1 10 12 1 10 12 1 1 10 10 10 12 1 1 8 1 100 1 8 1 10 10 12 1 100 1 10 9 12 1 1 9 12 1 10 12 9 12 1 1 10 100 12 1 1 8 1 10 12 1 1 8 1 8 1 10 12 1 8 1 11 12 1 1 11 100 12 1 1 11 12 1 100 1 100 1 10 12 1 1 10 100 12 1 1 7 1 10 12 1 1 10 12 1 1 10 12 1 1 10 12 1 1 10 12 1 11 100 1 10 12 1 10 12 1 1 8 10 100 12 1 8 10 12 1 8 8 8 10 12 1 8 10 12 1 1 8 100 1 8 10 12 1 10 100 12 1 1 1 10 12 1 1 10 12 1 1 9 12 1 1 100 1 10 11 12 1 10 9 12 1 1 9 7 12 1 1 1 10 7 12 1 1 1 10 12 1 10 12 1 18 12 1 10 12 1 10 12 1 1 10 12 1 1 9 7 1 9 10 9 9 10 10 12 1 10 12 1 10 12 1 10 12 1 1 9 12 1 10 12 1 10 12 1 1 8 1 10 12 1 10 8 1 10 12 1 8 1 9 100 12 1 1 1 10 12 1 1 100 1 8 1 10 11 12 1 1 100 1 10 12 1 8 1 9 12 1 8 1 10 100 12 1 1 11 12 1 1 10 12 1 1 10 10 12 1 1 10 7 12 1 1 10 12 1 8 1 10 12 1 10 12 1 8 1 10 12 1 1 11 12 1 11 12 1 10 12 1 10 100 12 1 1 1 100 1 10 12 1 100 1 10 12 1 10 12 1 1 10 12 1 10 12 1 10 12 1 10 10 12 1 1 8 1 10 12 1 1 100 1 11 12 1 1 10 100 12 1 1 1 10 12 1 1 100 1 10 100 1 10 10 10 12 1 10 12 1 1 10 12 10 12 1 10 12 1 8 1 10 12 1 1 10 12 1 10 12 1 10 12 1 8 1 10 12 1 1 8 1 10 8 1 10 12 7 1 10 10 7 12 1 1 1 100 1 1 1 1 1 3 1 1 1 1 1 8 1 1 5 0 1 1 1 1 1 1 1 1 1 1 1 1 1 100 1 1 1 1 1 1 100 1 1 1 1 1 1 1 1 1 1 1 1 1 1 1 1 1 1 1 1 1 1 1 1 1 1 1 1 1 1 1 1 1 1 1 1 1 1 1 1 1 1 1 1 1 1 1 1 1 1 1 1 1 1 1 1 1 1 1 1 1 1 1 1 1 1 1 1 1 1 1 1 1 1 1 1 1 1 1 1 1 1 1 1 1 1 1 1 1 1 1 1 1 1 1 1 100 1 1 1 1 1 1 1 1 1 1 1 1 1 1 100 1 1 1 1 1 100 1 1 1 1 1 1 1 1 1 1 1 1 1 1 1 1 1 1 1 1 1 1 1 1 1 1 1 1 1 1 1 1 100 1 1 1 1 1 100 1 1 1 1 1 1 1 1 1 1 1 1 1 1 1 1 1 1 1 1 1 1 1 1 1 1 1 100 1 1 1 1 1 1 1 1 1 1 1 1 1 1 1 1 1 1 1 1 1 1 1 1 1 1 1 1 1 1 1 1 1 1 1 1 1 1 1 1 1 1 1 1 1 1 1 1 1 1 1 1 1 8 1 8 1 15 10 100 12 1 1 1 1 1 1 1 100 1 1 1 1 1 1 100 1 1 100 1 1 100 1 100 1 1
staticfield java/awt/Window allWindows Lsun/awt/util/IdentityArrayList; sun/awt/util/IdentityArrayList
staticfield java/awt/Window log Lsun/util/logging/PlatformLogger; sun/util/logging/PlatformLogger
staticfield java/awt/Window locationByPlatformProp Z 0
staticfield java/awt/Window beforeFirstWindowShown Ljava/util/concurrent/atomic/AtomicBoolean; java/util/concurrent/atomic/AtomicBoolean
instanceKlass javax/swing/plaf/metal/MetalComboBoxButton
instanceKlass javax/swing/plaf/basic/BasicArrowButton
ciInstanceKlass javax/swing/JButton 1 1 200 10 7 12 1 1 1 10 12 1 10 12 1 1 10 7 1 7 1 10 10 12 1 1 10 12 1 10 7 12 1 1 1 7 1 10 12 1 1 8 1 10 7 12 1 1 1 10 7 12 1 1 1 9 12 1 1 8 10 12 1 1 10 12 1 1 10 12 1 10 100 12 1 1 10 12 1 1 10 100 12 1 1 1 10 100 12 1 1 1 10 12 1 1 9 12 1 1 10 100 12 1 1 1 8 1 8 1 10 12 1 18 12 1 1 9 12 1 1 100 1 10 12 100 1 1 1 1 1 1 1 1 1 1 1 1 1 1 1 1 1 1 1 1 1 1 3 1 3 1 1 1 1 1 1 1 1 1 1 1 1 1 1 1 1 1 1 1 1 1 100 1 1 1 1 1 1 1 1 1 1 1 1 1 1 8 1 15 10 100 12 1 1 1 1 100 1 100 1 1
instanceKlass javax/swing/plaf/metal/MetalFileChooserUI$AlignedLabel
instanceKlass javax/swing/plaf/basic/BasicComboBoxRenderer
instanceKlass javax/swing/DefaultListCellRenderer
ciInstanceKlass javax/swing/JLabel 1 1 426 9 7 12 1 1 1 10 7 12 1 1 1 9 12 1 1 9 12 1 8 1 9 12 1 1 9 12 1 1 9 12 1 9 12 1 1 100 1 9 12 1 9 12 1 9 12 1 9 12 1 9 12 1 9 12 1 1 10 12 1 1 10 12 1 1 10 12 1 1 10 12 1 100 1 10 12 1 1 10 12 1 9 12 1 1 7 1 10 12 1 1 10 12 1 10 7 12 1 1 1 10 12 1 8 1 10 100 12 1 1 1 8 10 12 1 1 10 12 1 1 10 7 12 1 1 1 10 12 1 8 1 10 10 7 12 1 1 1 10 12 1 10 12 1 8 1 11 100 12 1 1 11 12 1 10 12 1 1 10 100 12 1 1 1 8 10 12 1 1 8 1 10 12 1 10 12 1 10 100 12 1 1 1 10 12 1 10 12 1 100 1 18 12 1 1 10 12 8 1 8 8 10 12 1 1 8 10 12 1 8 8 10 12 1 10 12 1 1 10 12 1 1 10 12 1 1 10 100 12 1 1 10 12 1 10 12 1 1 10 12 1 1 10 100 12 1 1 1 11 12 1 11 10 8 1 8 1 8 1 8 1 8 1 8 1 8 1 10 12 1 18 12 1 8 8 1 10 12 1 1 100 1 10 12 1 10 12 1 100 1 1 1 1 1 1 1 1 1 1 1 1 1 1 1 1 1 3 1 1 1 1 3 1 1 1 1 1 1 1 1 1 1 1 1 1 1 1 1 1 1 1 1 1 1 1 1 1 1 1 1 1 1 1 1 1 1 1 1 1 1 1 1 1 1 1 1 1 1 1 1 1 1 1 1 1 1 1 1 1 1 1 100 1 1 1 1 1 1 1 1 1 1 1 1 1 1 1 1 1 1 1 1 1 1 1 1 1 1 1 1 1 1 1 1 100 1 1 8 1 8 1 15 10 100 12 1 1 1 1 1 100 1 100 1 1
instanceKlass sun/swing/FilePane
instanceKlass javax/swing/plaf/basic/BasicOptionPaneUI$1
instanceKlass wv/codeclip/io/FileDropHandler$DragOverlayPanel
instanceKlass wv/codeclip/ui/ClassTreePanel
ciInstanceKlass javax/swing/JPanel 1 1 153 10 7 12 1 1 1 10 7 12 1 1 1 10 12 1 1 8 1 9 7 12 1 1 1 10 12 1 1 10 12 1 10 12 1 7 1 10 10 12 10 7 12 1 1 1 7 1 10 12 1 1 9 12 1 1 10 12 1 8 1 10 100 12 1 1 10 12 1 1 10 100 12 1 1 1 10 12 1 1 10 12 1 1 10 100 12 1 1 1 10 12 1 9 12 1 1 100 1 10 12 1 10 12 1 100 1 1 1 1 1 1 1 1 1 1 1 1 1 1 1 1 1 3 1 1 1 1 3 1 1 1 1 1 1 1 1 1 1 100 1 1 1 1 1 1 1 1 1 1 1 1 1
ciInstanceKlass javax/swing/JScrollPane 1 1 543 10 7 12 1 1 1 100 1 9 7 12 1 1 1 9 12 1 9 12 1 1 7 1 10 10 12 1 1 10 12 1 1 10 12 1 10 12 1 1 10 12 1 1 10 12 1 1 10 12 1 1 10 12 1 10 12 1 10 12 1 1 8 1 10 7 12 1 1 1 10 12 1 1 10 12 1 10 12 1 1 10 7 12 1 1 1 9 12 1 1 100 1 100 1 3 10 12 1 10 7 12 1 1 1 10 12 1 9 12 1 1 7 1 10 12 1 1 10 7 12 1 1 1 10 12 1 8 1 7 1 10 10 12 1 1 8 1 100 1 10 12 1 100 1 8 1 10 8 10 12 1 1 10 12 1 10 12 1 8 1 8 9 12 1 1 8 10 12 1 100 1 10 12 1 1 10 12 1 10 12 1 1 9 100 12 1 1 9 12 1 9 12 1 9 12 1 9 12 1 9 12 1 9 12 1 9 12 1 10 100 12 1 1 10 12 1 10 12 1 10 12 1 1 10 12 1 10 12 1 10 12 1 10 100 1 10 10 12 1 10 7 1 10 12 1 9 12 1 1 8 1 10 12 1 1 10 12 1 8 9 12 1 8 1 8 10 10 12 1 8 1 8 9 12 1 1 100 1 10 12 1 10 12 1 9 12 1 8 1 8 10 12 1 9 12 1 8 1 8 10 12 1 8 1 10 7 12 1 1 1 8 1 8 1 8 1 8 1 8 1 8 1 8 1 9 12 1 1 9 12 1 9 12 1 9 12 1 8 1 10 12 1 1 10 8 1 10 12 1 10 100 12 1 1 10 12 1 1 10 12 1 1 10 12 1 1 10 100 12 1 1 1 11 100 12 1 1 8 1 10 8 1 8 1 8 1 8 1 8 1 8 1 10 10 100 1 10 12 1 18 12 1 1 10 12 10 12 1 100 1 1 1 1 1 1 1 1 1 1 1 1 1 1 1 1 3 1 1 1 1 1 3 1 1 1 1 1 1 1 1 1 1 1 1 1 1 1 1 1 1 1 1 1 1 1 1 1 1 1 1 1 1 1 1 1 1 1 1 1 1 1 1 1 1 1 1 1 1 1 1 1 1 1 1 1 1 1 1 1 1 1 1 1 1 1 1 1 1 100 1 1 1 1 1 1 1 1 1 1 1 1 1 1 1 1 1 1 1 1 1 1 1 1 1 1 8 1 15 10 100 12 1 1 1 1 1 1 100 1 100 1 1
ciInstanceKlass javax/swing/JTabbedPane 1 1 796 10 7 12 1 1 1 9 12 1 1 100 1 10 12 1 1 10 7 12 1 1 9 12 1 1 9 12 1 1 9 12 1 1 9 12 1 1 10 12 1 1 10 12 1 7 1 10 12 9 12 1 1 7 1 10 10 12 1 1 10 12 1 9 12 1 1 7 1 10 12 1 1 10 12 1 1 11 7 12 1 1 1 7 1 9 12 1 1 100 1 10 12 1 1 10 7 12 1 1 1 10 12 1 8 1 7 1 10 12 1 9 12 1 1 7 1 10 7 12 1 1 1 10 12 1 10 12 1 1 100 1 10 12 1 10 7 12 1 1 1 10 12 1 1 10 12 1 1 10 7 12 1 1 1 10 100 12 1 1 1 10 12 1 1 7 1 10 12 1 11 12 1 1 9 12 1 1 10 12 1 1 11 7 12 1 1 1 10 12 1 1 11 12 1 8 10 12 1 10 12 1 8 10 12 1 10 12 1 100 1 8 1 10 12 1 9 12 1 10 12 1 8 8 1 11 10 12 1 10 12 1 1 10 100 12 1 1 1 11 12 1 10 12 1 1 8 1 9 100 12 1 1 1 10 8 1 10 10 12 1 1 10 8 1 10 12 1 8 1 10 12 1 11 12 1 10 12 1 1 8 1 11 12 1 9 12 1 1 10 100 12 1 1 1 10 12 1 1 8 1 10 12 1 1 10 12 1 10 12 1 1 10 12 10 12 1 10 12 1 100 1 100 1 10 12 1 10 10 12 1 10 12 10 12 1 1 10 12 1 1 10 12 1 1 11 12 8 1 10 100 12 1 1 1 10 12 1 1 10 12 1 10 12 1 1 10 12 10 12 1 1 10 12 1 1 10 12 1 1 9 12 1 1 9 12 1 10 12 1 1 10 100 12 1 1 1 9 12 1 10 12 1 1 10 12 1 10 12 1 9 12 1 10 12 1 10 12 1 10 12 1 1 8 1 10 12 1 10 12 1 1 10 12 1 1 9 12 1 1 10 12 1 1 10 100 1 10 12 1 1 10 12 1 9 12 1 10 12 1 10 12 1 10 12 1 1 10 12 1 10 7 1 10 12 1 10 12 1 8 1 10 12 1 1 10 12 1 1 11 10 12 1 1 10 100 12 1 1 10 12 1 10 12 1 1 100 1 18 12 1 1 10 10 100 12 1 1 10 12 1 10 12 1 1 10 12 1 1 10 100 12 1 1 10 12 1 10 12 10 12 1 10 100 12 1 1 1 10 100 12 1 1 10 12 1 8 10 12 1 8 8 8 8 1 8 1 8 1 8 1 8 1 8 1 10 12 1 18 12 1 100 1 10 10 12 1 8 1 10 12 1 10 12 1 9 12 1 8 1 10 12 1 100 1 100 1 1 1 3 1 3 1 1 1 1 1 1 1 1 1 1 1 1 1 1 1 1 1 1 1 1 1 1 1 1 1 1 100 1 1 1 1 1 1 1 1 1 1 1 1 1 1 1 1 1 1 1 1 1 1 1 1 1 1 1 1 1 1 1 1 1 1 1 1 1 1 100 1 1 1 1 1 1 1 1 1 1 1 1 1 1 1 1 1 1 1 1 1 1 1 1 1 1 1 1 1 1 1 1 1 1 1 1 1 1 1 1 100 1 1 1 1 1 1 1 1 1 1 1 1 1 1 1 1 1 1 1 1 1 1 1 1 100 1 1 1 1 1 1 1 1 100 1 1 1 1 1 1 1 1 1 1 1 1 1 1 1 1 1 1 1 1 1 1 1 8 1 8 1 15 10 100 12 1 1 1 1 1 1 1 100 1 100 1 1
ciInstanceKlass javax/swing/JTextArea 1 1 427 10 7 12 1 1 1 10 7 12 1 1 9 12 1 1 9 12 1 10 12 1 1 10 12 1 1 10 12 1 1 10 12 1 1 100 1 18 12 1 1 10 12 18 8 1 10 7 12 1 1 1 10 7 12 1 1 1 8 1 10 12 1 8 1 7 1 10 10 12 1 10 12 1 1 8 1 10 100 12 1 1 1 11 100 12 1 1 1 10 12 1 1 11 12 1 1 10 12 1 9 12 1 1 8 1 10 12 1 9 12 1 8 1 100 1 8 1 10 12 1 11 12 1 11 12 1 1 11 100 12 1 1 1 11 12 1 10 12 1 8 1 8 1 11 12 1 1 11 12 1 11 12 1 11 12 1 1 10 12 1 1 8 1 100 1 10 12 1 1 11 12 1 8 1 10 12 1 9 12 1 10 12 1 1 10 12 1 1 10 7 12 1 1 8 1 9 12 1 10 12 1 1 10 12 1 1 7 1 10 12 10 12 1 1 9 12 1 10 12 1 9 7 12 1 1 9 12 1 10 7 12 1 1 1 9 12 1 10 12 1 9 12 1 9 12 1 10 12 1 1 8 1 8 1 10 12 1 18 12 1 10 12 1 1 10 12 1 18 10 100 12 1 1 10 12 1 10 100 12 1 1 1 10 12 1 1 10 12 1 1 9 12 1 1 10 100 12 1 1 1 9 12 1 1 100 1 10 12 1 1 1 1 1 1 1 1 1 1 1 1 1 1 1 1 3 1 1 1 1 1 3 1 1 1 1 1 1 1 1 1 1 1 1 1 1 1 1 1 1 1 1 1 1 1 1 1 1 1 1 1 1 1 1 1 1 1 1 1 1 1 1 1 1 1 1 1 1 1 1 1 1 1 1 1 1 1 1 1 1 1 1 100 1 1 1 1 1 1 1 1 1 1 1 1 1 8 1 8 1 8 1 8 1 15 10 100 12 1 1 1 1 100 1 100 1 1
instanceKlass wv/codeclip/patch/PatchErrorDialog
instanceKlass wv/codeclip/generic/FuzzyMatchDialogGeneric
instanceKlass wv/codeclip/html/FuzzyMatchProgressDialog
ciInstanceKlass javax/swing/JDialog 1 1 476 100 1 10 7 12 1 1 1 8 1 10 12 1 10 7 12 1 1 1 10 7 1 100 1 9 12 1 1 9 12 1 1 9 12 1 1 10 12 1 1 10 12 1 1 10 12 1 1 10 12 1 10 12 1 10 12 1 10 10 12 1 9 100 12 1 1 1 10 12 1 10 12 1 10 10 12 1 100 1 5 0 10 12 1 1 10 7 12 1 1 1 10 12 1 1 10 12 1 1 10 12 1 1 8 1 10 7 12 1 1 1 10 12 1 1 10 12 1 1 10 12 1 1 10 12 1 1 10 100 12 1 1 10 12 1 10 12 1 7 1 10 12 1 1 10 7 12 1 1 1 10 12 10 12 1 10 12 1 1 10 7 12 1 1 1 10 12 1 10 12 1 100 1 8 1 10 12 1 8 10 12 1 1 9 12 1 1 10 12 1 1 8 10 12 1 10 12 1 1 10 12 1 1 10 12 1 1 10 12 1 10 12 1 1 10 7 12 1 1 1 10 12 1 9 12 1 1 10 12 1 1 10 10 12 1 1 10 10 100 1 8 1 10 12 1 10 10 12 1 10 12 1 1 10 12 1 1 10 12 1 1 10 12 1 10 12 1 10 12 1 1 9 100 12 1 1 10 12 1 1 10 12 1 1 10 12 1 1 9 12 1 1 9 7 12 1 1 1 10 12 1 1 9 12 1 10 12 1 1 10 12 1 8 1 8 1 8 1 10 12 1 1 8 1 8 1 10 12 1 18 12 1 1 100 1 10 12 1 7 1 8 1 10 100 1 100 1 100 1 1 1 1 1 1 1 1 1 1 1 1 1 1 1 1 100 1 1 1 100 1 1 1 1 1 1 1 1 1 1 1 1 1 1 1 1 1 1 3 1 1 1 1 1 1 1 1 1 1 1 1 1 1 1 1 1 1 1 1 1 3 1 1 1 1 1 1 1 1 1 1 1 1 100 1 1 1 1 1 1 1 1 1 1 1 1 1 1 1 1 1 1 1 1 1 1 1 1 1 1 1 1 1 1 1 1 1 8 1 15 10 100 12 1 1 1 1 1 100 1 1 100 1 100 1 1
staticfield javax/swing/JDialog defaultLookAndFeelDecoratedKey Ljava/lang/Object; java/lang/StringBuffer
ciInstanceKlass java/awt/EventQueue 1 1 734 7 1 9 12 1 1 8 1 10 100 12 1 1 1 10 7 12 1 1 1 7 1 9 12 1 1 10 7 12 1 1 1 10 12 1 1 9 12 1 1 10 12 1 1 9 12 1 1 10 7 12 1 1 1 9 12 1 1 9 12 1 9 12 1 1 10 7 12 1 1 1 18 12 1 1 9 12 1 1 10 10 7 12 1 1 1 9 12 1 1 9 12 1 1 10 12 1 1 7 1 9 12 1 1 9 12 1 7 1 9 12 1 1 10 7 12 1 1 1 10 12 1 1 9 7 12 1 1 1 11 12 1 9 12 1 1 11 12 1 9 12 1 1 10 12 1 1 10 7 12 1 1 1 10 12 1 10 12 1 1 10 12 1 1 7 1 10 12 1 5 0 5 0 10 12 1 7 1 10 12 1 1 7 1 10 12 10 12 1 1 9 12 1 1 9 12 1 1 10 12 1 1 9 12 1 10 12 1 1 11 12 1 9 12 1 10 7 1 9 12 1 1 11 7 12 1 1 1 9 12 1 1 10 12 1 9 12 1 1 10 12 1 1 10 12 1 1 10 100 12 1 1 1 10 7 1 10 10 12 1 1 10 12 1 10 12 1 1 10 12 1 10 12 1 10 12 1 10 12 1 1 100 1 10 12 1 1 10 12 1 11 12 1 10 12 1 9 12 1 1 10 12 1 10 12 1 1 100 1 10 12 1 11 100 12 1 1 1 7 1 10 12 1 11 12 1 10 12 1 10 12 1 100 1 10 100 1 10 10 7 12 1 1 10 12 1 1 9 100 12 1 1 1 10 12 1 1 10 7 12 1 1 1 18 12 1 10 12 1 1 10 7 12 1 1 1 10 12 1 10 12 1 9 12 1 9 12 1 1 10 7 12 1 18 100 1 8 1 10 12 10 10 12 1 1 10 12 1 100 1 8 1 10 12 1 7 1 9 12 1 1 10 12 1 9 12 1 9 12 1 10 12 1 1 18 100 1 10 8 1 10 12 1 1 100 1 11 12 1 10 12 1 7 1 10 12 1 11 12 1 10 7 12 1 1 10 12 1 10 12 1 10 12 1 1 10 12 1 1 10 12 1 1 10 12 1 100 1 100 1 100 1 100 1 7 1 7 1 10 12 1 10 10 7 12 1 1 1 11 100 12 1 1 10 10 12 1 100 1 5 0 7 1 10 12 1 10 7 1 10 10 10 7 12 1 1 1 10 12 1 1 10 12 10 12 1 10 100 1 8 1 10 100 1 10 10 12 1 10 12 1 10 12 1 10 12 1 1 100 1 10 12 1 10 12 1 10 12 1 1 10 7 1 10 7 1 10 10 12 1 1 8 1 8 1 10 12 1 10 12 1 1 1 1 3 1 3 1 3 1 3 1 3 1 1 1 1 1 1 1 1 3 1 1 1 1 1 1 1 100 1 1 1 1 1 1 1 1 1 1 1 1 1 1 100 1 1 1 1 1 1 1 1 1 1 1 1 1 1 1 1 1 1 1 1 1 1 1 1 1 1 1 1 1 1 1 1 1 1 1 1 1 1 1 1 1 1 1 1 1 1 1 1 1 1 1 1 1 1 1 1 1 1 1 1 1 8 1 8 1 8 1 8 1 15 10 7 12 1 1 1 1 1 1 1 100 1 1 100 1 100 1 1
staticfield java/awt/EventQueue threadInitNumber Ljava/util/concurrent/atomic/AtomicInteger; java/util/concurrent/atomic/AtomicInteger
staticfield java/awt/EventQueue dummyRunnable Ljava/lang/Runnable; java/awt/EventQueue$1
ciInstanceKlass sun/awt/PlatformGraphicsInfo 1 1 52 10 100 12 1 1 1 8 1 10 7 12 1 1 1 7 1 10 7 1 10 9 7 12 1 1 1 8 1 10 12 1 10 12 1 1 1 1 1 1 1 1 1 1 1 1 1 1 1 1 1 1
staticfield sun/awt/PlatformGraphicsInfo hasDisplays Z 1
ciInstanceKlass sun/awt/windows/WToolkit 1 1 1263 9 7 12 1 1 1 8 1 10 7 12 1 1 1 10 7 12 1 1 1 9 12 1 7 1 10 9 12 1 1 9 12 1 9 12 1 1 9 12 1 9 12 1 10 7 12 1 1 1 8 1 10 12 1 1 7 1 10 10 7 12 1 1 1 10 7 12 1 1 10 7 12 1 1 1 10 12 1 1 8 1 7 1 10 12 1 10 12 1 1 10 12 1 10 12 1 100 1 10 12 1 8 1 8 1 10 12 1 1 10 7 12 1 1 1 9 12 1 18 12 1 1 10 12 1 10 12 1 18 12 1 1 8 1 10 12 1 1 10 7 12 1 1 1 10 12 1 1 10 12 1 1 10 12 1 1 10 12 1 10 12 1 10 12 1 10 12 1 100 1 10 12 1 10 12 1 1 100 1 10 12 1 100 1 10 12 1 100 1 10 12 1 100 1 10 12 1 100 1 10 12 1 100 1 10 12 1 100 1 10 12 1 100 1 10 12 1 7 1 10 12 1 100 1 10 12 1 100 1 10 10 7 12 1 1 1 11 7 12 1 1 1 100 1 8 1 10 12 10 12 1 100 1 10 7 1 10 12 1 7 1 10 12 1 100 1 10 12 1 100 1 10 12 1 100 1 10 12 1 100 1 10 12 1 100 1 10 12 1 100 1 10 12 1 7 1 100 1 10 10 12 1 1 100 1 10 12 1 100 1 10 12 1 100 1 10 12 1 100 1 10 12 1 100 1 10 12 1 10 7 12 1 1 1 10 7 12 1 1 1 9 12 1 1 100 1 10 10 12 1 10 12 1 10 12 1 10 7 12 1 1 1 10 12 1 1 10 12 1 1 10 12 1 10 100 12 1 1 1 7 1 10 12 1 10 7 12 1 1 1 9 12 1 1 18 12 1 10 7 12 1 1 1 100 1 7 1 10 12 1 4 10 12 1 10 12 1 1 10 12 1 10 100 12 1 1 10 100 1 10 12 1 1 100 1 8 1 10 100 1 10 12 1 10 12 1 100 1 100 1 8 1 10 10 12 1 1 8 1 10 12 1 1 9 12 1 1 7 1 10 10 12 1 10 12 1 7 1 10 10 7 12 1 1 1 10 12 1 1 10 12 1 100 1 10 12 1 100 1 10 12 1 10 12 1 10 12 1 100 1 11 12 1 18 12 1 10 100 12 1 1 1 10 100 12 1 1 1 9 12 1 1 18 12 1 1 10 100 12 1 1 1 11 100 12 1 1 1 10 100 12 1 1 1 10 12 1 1 10 100 12 1 1 1 10 100 12 1 1 10 12 1 1 100 1 10 12 1 1 100 1 10 12 1 8 1 10 12 1 10 12 1 10 12 1 1 18 12 1 10 100 12 1 1 1 100 1 100 1 18 10 12 1 8 1 10 10 12 1 1 10 7 12 1 1 8 1 8 1 10 12 1 9 12 1 1 11 7 1 10 12 1 1 9 12 1 1 10 12 1 10 12 1 1 10 12 1 1 10 12 1 9 12 1 1 9 7 12 1 1 1 10 7 12 1 1 1 18 12 1 10 12 1 10 12 1 10 12 1 10 12 1 8 1 10 12 1 1 18 12 1 11 12 1 1 11 7 12 1 1 1 11 7 12 1 1 11 12 1 1 10 12 1 18 12 10 12 1 1 9 12 1 1 10 9 7 12 1 1 10 12 1 1 8 1 10 7 12 1 1 11 8 1 8 1 8 1 8 1 10 12 1 1 9 7 12 1 1 1 9 12 1 9 12 1 9 12 1 9 100 12 1 1 1 9 12 1 9 12 1 10 100 12 1 1 1 10 12 1 10 12 1 10 12 1 10 7 12 1 1 10 12 1 7 1 10 12 1 7 1 10 7 1 10 12 1 1 10 12 1 10 12 1 1 11 100 12 1 1 1 7 1 10 12 10 12 10 12 1 7 1 10 10 12 1 10 12 1 7 1 10 10 100 12 1 1 10 9 12 1 1 10 12 1 10 12 1 11 100 12 1 1 11 12 1 8 1 10 12 1 1 10 12 1 10 12 1 9 12 1 10 12 1 18 10 12 1 100 1 1 1 1 1 1 1 1 1 1 8 1 1 1 1 1 1 1 1 1 1 1 1 1 1 1 1 1 100 1 100 1 1 1 1 1 1 1 1 1 1 1 1 1 1 1 1 1 1 1 1 1 1 1 1 1 1 1 1 1 1 1 1 1 1 1 1 1 1 1 1 1 1 1 1 1 1 1 1 1 1 1 1 1 1 1 1 1 1 1 1 1 1 1 1 1 1 1 1 1 1 1 1 1 1 1 1 1 1 1 1 1 1 1 1 1 1 1 1 1 1 1 1 1 1 1 1 1 1 1 1 1 1 1 1 1 1 1 1 1 1 1 1 1 1 1 1 1 1 1 1 100 1 1 1 1 1 1 1 1 1 1 1 1 100 1 1 1 1 1 1 1 1 1 1 1 1 1 1 1 1 1 1 1 1 1 1 1 1 1 1 1 1 1 1 1 1 1 1 1 1 1 1 1 100 1 1 1 1 1 1 1 100 1 1 1 1 1 1 1 1 1 1 1 1 100 1 1 1 1 1 1 1 1 1 1 1 1 1 1 1 1 1 1 1 1 1 1 1 1 1 1 1 1 1 1 1 1 1 1 1 1 1 1 1 1 1 1 1 1 1 1 1 1 1 1 1 1 1 1 1 1 1 1 1 1 1 1 1 1 1 1 1 1 1 1 1 1 1 8 1 16 15 10 12 8 1 15 10 12 16 15 10 12 8 1 8 1 8 1 15 10 12 8 1 8 1 15 10 7 12 1 1 15 10 7 12 1 1 1 1 1 1 1 100 1 1 1 1 100 1 100 1 1
staticfield sun/awt/windows/WToolkit log Lsun/util/logging/PlatformLogger; sun/util/logging/PlatformLogger
staticfield sun/awt/windows/WToolkit NULL_COMPONENT_WR Ljava/lang/ref/WeakReference; java/lang/ref/WeakReference
ciInstanceKlass java/util/concurrent/locks/AbstractQueuedSynchronizer$ConditionObject 1 1 280 7 1 10 7 12 1 1 1 9 7 12 1 1 1 10 7 12 1 1 1 9 7 12 1 1 1 9 12 1 9 12 1 10 12 1 1 10 12 1 1 10 12 1 1 100 1 10 10 12 1 1 10 7 12 1 1 1 9 12 1 1 10 12 1 1 10 12 1 1 10 12 1 1 3 9 12 1 1 9 12 1 1 9 7 12 1 1 10 12 1 1 10 12 1 1 10 100 1 9 12 1 1 5 0 10 100 12 1 1 1 10 12 1 1 10 12 1 1 10 12 1 1 10 7 12 1 1 1 10 12 1 1 10 12 1 10 12 1 10 7 12 1 1 1 100 1 100 1 10 12 1 10 12 1 10 12 1 1 10 12 1 10 10 12 1 10 7 12 1 1 1 10 12 1 1 100 1 5 0 10 100 12 1 1 10 12 1 10 12 1 10 100 12 1 1 1 100 1 10 10 12 1 1 100 1 100 1 1 1 1 5 0 1 1 1 1 1 1 1 1 1 1 1 1 1 1 1 1 1 1 1 1 1 1 1 1 1 1 1 1 1 1 1 1 1 1 1 1 1 1 1 1 1 1 1 1 1 1 1 1 1 1 1 1 1 1 1 1 1 1 1 1 1 1 1 1 100 1 1
ciInstanceKlass jdk/internal/logger/LazyLoggers$LazyLoggerAccessor 1 1 204 10 7 12 1 1 1 10 7 12 1 1 1 7 1 7 1 7 1 10 12 1 10 7 12 1 1 9 12 1 1 9 12 1 1 7 1 10 12 1 9 12 1 1 9 12 1 1 9 12 1 1 10 7 12 1 1 1 10 12 1 1 9 12 1 1 11 7 12 1 1 1 11 100 12 1 1 1 10 100 12 1 1 1 10 12 1 1 10 12 1 1 9 12 1 1 10 100 12 1 1 1 100 1 10 10 12 1 1 10 12 1 1 100 1 8 1 10 12 1 9 12 1 1 11 100 12 1 1 1 100 1 10 12 1 7 1 10 7 12 1 1 100 1 1 1 1 1 1 1 1 1 1 1 1 1 1 1 1 1 1 1 1 1 100 1 1 1 1 1 1 1 1 1 1 100 1 1 1 1 1 1 1 1 1 1 1 1 1 1 1 1 1 1 100 1 1 100 1 1 1 1 1 1
staticfield jdk/internal/logger/LazyLoggers$LazyLoggerAccessor $assertionsDisabled Z 1
instanceKlass sun/java2d/InvalidPipeException
ciInstanceKlass java/lang/IllegalStateException 1 1 35 10 100 12 1 1 1 10 12 1 10 12 1 10 12 1 100 1 1 1 1 5 0 1 1 1 1 1 1 1 1 1 1 1 1
ciInstanceKlass java/awt/Component$AWTTreeLock 1 1 21 10 7 12 1 1 1 100 1 1 1 1 1 1 1 1 1 100 1 1 1
instanceKlass javax/swing/event/TableModelEvent
instanceKlass javax/swing/event/ListSelectionEvent
instanceKlass javax/swing/event/ListDataEvent
instanceKlass java/awt/dnd/DropTargetEvent
instanceKlass javax/swing/event/PopupMenuEvent
instanceKlass javax/swing/event/ChangeEvent
instanceKlass javax/swing/event/UndoableEditEvent
instanceKlass javax/swing/event/CaretEvent
instanceKlass java/beans/PropertyChangeEvent
instanceKlass java/awt/AWTEvent
ciInstanceKlass java/util/EventObject 1 1 65 10 7 12 1 1 1 100 1 8 1 10 12 1 9 7 12 1 1 1 100 1 10 10 12 1 1 10 100 12 1 1 1 10 12 1 1 8 1 10 12 1 8 1 10 12 1 100 1 1 1 1 5 0 1 1 1 1 1 1 1 1 1 1 1
instanceKlass java/awt/event/PaintEvent
instanceKlass java/awt/event/WindowEvent
instanceKlass java/awt/event/ContainerEvent
instanceKlass java/awt/event/FocusEvent
instanceKlass java/awt/event/InputEvent
ciInstanceKlass java/awt/event/ComponentEvent 1 1 98 7 1 10 7 12 1 1 1 9 12 1 1 7 1 10 12 1 1 9 12 1 1 8 1 8 1 9 100 12 1 1 9 12 1 9 12 1 9 12 1 18 12 1 1 18 8 1 1 1 3 1 3 1 1 3 3 1 1 5 0 1 1 1 1 1 1 1 1 1 1 1 1 1 1 1 1 100 1 1 1 1 8 1 8 1 15 10 100 12 1 1 1 100 1 100 1 1
ciInstanceKlass sun/awt/AWTAutoShutdown 1 1 264 10 7 12 1 1 1 9 7 12 1 1 1 9 12 1 7 1 10 12 1 9 12 1 1 9 12 1 1 7 1 10 9 12 1 1 9 12 1 1 9 12 1 9 12 1 1 10 12 1 1 10 12 1 1 10 12 1 10 12 1 1 10 12 1 11 7 12 1 1 1 11 12 1 11 7 12 1 1 11 10 7 12 1 1 1 10 12 1 5 0 10 12 1 100 1 10 100 12 1 1 100 1 10 12 1 8 1 10 7 12 1 1 1 10 12 1 10 12 1 1 10 12 1 10 12 1 9 100 12 1 1 1 8 1 10 100 12 1 1 1 10 12 1 11 12 1 1 10 12 1 11 12 1 1 11 12 9 100 12 1 1 1 10 100 12 1 1 1 8 1 10 12 1 11 12 1 1 11 12 1 1 11 100 12 1 1 11 12 1 1 10 100 12 1 1 1 18 12 1 1 10 100 1 1 1 1 1 1 1 3 1 1 1 1 1 1 1 1 1 1 100 1 1 1 1 1 1 1 1 1 1 1 1 1 1 1 1 1 1 1 1 1 1 1 1 1 1 1 8 1 15 10 100 12 1 1 1 1 100 1 100 1 1
staticfield sun/awt/AWTAutoShutdown theInstance Lsun/awt/AWTAutoShutdown; sun/awt/AWTAutoShutdown
ciInstanceKlass sun/awt/AppContext 1 1 517 9 7 12 1 1 1 7 1 11 7 12 1 1 1 10 12 1 1 9 12 1 1 9 7 12 1 1 10 7 12 1 1 7 1 10 9 12 1 9 12 1 1 9 12 1 5 0 9 12 1 1 5 0 9 12 1 9 12 1 1 9 12 1 9 12 1 1 10 7 12 1 1 1 9 12 1 1 11 12 1 1 10 7 12 1 1 1 10 12 1 1 9 12 1 1 7 1 10 9 12 1 1 10 11 7 12 1 1 1 9 12 1 10 12 1 1 10 7 12 1 1 10 7 12 1 1 1 9 12 1 1 10 12 1 9 12 1 1 10 7 12 1 1 9 12 1 8 1 10 7 12 1 1 1 8 1 10 12 1 8 1 10 12 1 11 12 1 10 12 1 1 9 12 1 1 8 1 10 100 12 1 1 1 10 12 1 1 100 1 8 1 10 12 9 12 1 8 1 10 7 12 1 1 1 100 1 10 12 1 100 1 10 100 12 1 1 1 10 12 1 10 12 1 1 10 12 1 1 100 1 100 1 10 12 1 10 12 1 10 12 1 1 10 12 1 5 0 10 12 1 10 12 1 10 12 1 1 11 12 1 11 12 1 10 12 1 10 12 1 1 11 100 12 1 1 1 11 100 12 1 1 1 11 12 1 10 12 1 100 1 10 12 1 10 12 1 10 8 1 10 12 1 10 10 12 1 1 10 12 1 1 10 12 1 1 10 12 1 11 100 12 1 1 9 7 12 1 1 9 12 1 10 12 1 10 12 1 10 12 1 1 10 100 12 1 1 1 10 18 12 1 1 100 1 10 12 1 1 10 12 10 12 1 1 10 12 1 10 12 1 10 100 1 10 11 100 1 10 8 1 10 7 12 1 1 1 9 12 1 1 7 1 8 1 10 9 12 1 7 1 8 1 10 8 1 7 1 10 10 7 12 1 1 1 7 1 10 10 10 7 1 10 10 7 12 1 1 1 1 1 1 1 1 1 1 8 1 1 1 1 1 100 1 1 1 1 1 1 1 1 1 1 1 1 1 1 1 1 1 1 1 1 1 1 1 1 1 1 1 1 100 1 1 1 1 1 1 1 1 1 1 1 1 1 1 1 1 1 1 1 1 1 1 1 1 1 1 1 1 8 1 15 10 100 12 1 1 1 1 1 1 100 1 100 1 1
staticfield sun/awt/AppContext log Lsun/util/logging/PlatformLogger; sun/util/logging/PlatformLogger
staticfield sun/awt/AppContext EVENT_QUEUE_KEY Ljava/lang/Object; java/lang/StringBuffer
staticfield sun/awt/AppContext EVENT_QUEUE_LOCK_KEY Ljava/lang/Object; java/lang/StringBuilder
staticfield sun/awt/AppContext EVENT_QUEUE_COND_KEY Ljava/lang/Object; java/lang/StringBuilder
staticfield sun/awt/AppContext threadGroup2appContext Ljava/util/Map; java/util/Collections$SynchronizedMap
staticfield sun/awt/AppContext getAppContextLock Ljava/lang/Object; sun/awt/AppContext$GetAppContextLock
staticfield sun/awt/AppContext numAppContexts Ljava/util/concurrent/atomic/AtomicInteger; java/util/concurrent/atomic/AtomicInteger
staticfield sun/awt/AppContext threadAppContext Ljava/lang/ThreadLocal; java/lang/ThreadLocal
ciInstanceKlass java/awt/Queue 1 1 19 10 7 12 1 1 1 100 1 1 1 1 1 1 1 1 1 1 1
ciInstanceKlass sun/awt/MostRecentKeyValue 1 1 27 10 7 12 1 1 1 9 7 12 1 1 1 9 12 1 1 1 1 1 1 1 1 1 1 1 1
ciInstanceKlass sun/awt/PostEventQueue 1 1 94 10 7 12 1 1 1 9 7 12 1 1 1 9 12 1 9 12 1 1 9 12 1 1 10 7 12 1 1 1 10 12 1 9 7 12 1 1 1 10 7 12 1 1 1 9 12 1 10 12 1 100 1 10 12 1 10 12 10 7 12 1 1 1 10 7 12 1 1 1 10 7 12 1 1 1 1 1 1 1 1 1 1 1 1 1 1 1 1 100 1 1 1 1
instanceKlass sun/awt/PeerEvent
ciInstanceKlass java/awt/event/InvocationEvent 1 1 151 7 1 10 12 1 1 10 7 12 1 1 9 12 1 1 9 12 1 1 9 12 1 1 9 12 1 1 9 12 1 9 12 1 1 10 7 12 1 1 1 9 12 1 1 11 7 12 1 1 1 100 1 100 1 10 12 1 1 9 12 1 10 100 12 1 1 9 12 1 1 8 1 8 1 10 100 12 1 1 1 18 12 1 1 7 1 10 12 10 7 12 1 1 1 100 1 1 1 3 1 1 5 0 1 1 1 1 1 1 1 1 1 1 1 1 1 1 1 1 1 1 1 1 1 1 1 1 1 1 1 1 1 1 8 1 15 10 100 12 1 1 1 100 1 1 100 1 100 1 1
ciInstanceKlass java/awt/EventDispatchThread 1 1 296 10 7 12 1 1 1 9 7 12 1 1 1 7 1 10 9 12 1 1 100 1 8 1 10 12 1 10 12 1 10 12 1 1 7 1 10 12 1 10 12 1 1 10 12 1 1 10 7 12 1 1 10 12 1 10 12 1 1 7 1 10 12 1 10 12 1 1 10 12 1 1 10 12 1 1 11 7 12 1 1 10 12 1 1 10 12 1 9 12 1 1 9 7 12 1 1 1 10 7 12 1 1 1 10 100 12 1 1 1 18 12 1 1 10 12 1 10 12 1 1 7 1 10 12 1 1 10 12 1 1 7 1 10 12 1 1 10 12 1 1 10 12 18 10 12 1 11 12 1 1 9 7 12 1 1 1 9 12 1 10 7 12 1 1 1 10 12 1 1 10 12 1 10 12 1 10 7 12 1 1 18 10 12 1 1 100 1 100 1 10 12 1 1 9 12 1 18 10 12 1 10 12 1 1 11 100 12 1 1 1 9 12 1 1 8 1 10 12 1 1 1 1 1 3 1 1 1 1 1 1 1 1 1 1 1 1 1 1 1 1 1 1 1 1 1 1 1 1 1 1 1 1 1 1 100 1 1 1 1 1 1 1 1 1 1 1 1 1 1 1 1 8 1 8 1 8 1 8 1 15 10 100 12 1 1 1 1 1 1 1 100 1 100 1 1
staticfield java/awt/EventDispatchThread eventLog Lsun/util/logging/PlatformLogger; sun/util/logging/PlatformLogger
ciInstanceKlass sun/awt/PeerEvent 1 1 46 10 7 12 1 1 1 10 7 12 1 1 9 12 1 1 1 1 5 0 1 5 0 1 5 0 1 1 1 1 1 1 1 1 1 1 1 1 1 1 1 1 1 1 1 1
ciInstanceKlass sun/awt/EventQueueItem 1 1 23 10 7 12 1 1 1 9 7 12 1 1 1 1 1 1 1 1 1 1 1 1 1
ciInstanceKlass java/awt/event/FocusEvent 1 1 172 7 1 9 100 12 1 1 1 10 12 1 1 10 7 12 1 1 100 1 8 1 10 12 1 9 12 1 1 9 12 1 1 9 12 1 10 12 1 10 12 1 10 7 12 1 1 1 10 7 12 1 1 1 9 12 1 1 8 1 8 1 8 1 8 1 8 1 10 12 1 1 10 100 12 1 1 1 10 12 1 1 18 12 1 1 100 1 10 12 1 10 12 1 1 10 12 1 1 10 12 1 1 9 12 1 10 100 12 1 1 1 11 100 12 1 1 1 11 12 1 1 1 1 3 1 3 1 1 5 0 1 1 1 1 1 1 1 100 1 1 1 1 1 1 1 1 1 1 1 100 1 1 1 1 1 8 1 15 10 100 12 1 1 1 1 1 100 1 100 1 1
ciInstanceKlass javax/swing/KeyStroke 1 1 103 10 7 12 1 1 1 10 12 1 10 7 12 1 1 1 100 1 10 10 12 1 10 12 1 10 12 1 10 12 1 1 10 7 12 1 1 1 10 12 1 100 1 7 1 10 10 7 12 1 1 1 1 1 1 5 0 1 1 1 1 1 1 1 1 1 1 1 1 1 1 1 100 1 100 1 1 1 1 1 1 1 100 1 1 1 1 1 1 1 1 1 1 1 1 1 1 1 1 1 100 1 1
ciInstanceKlass wv/codeclip/CodeClipFrame 1 1 3456 10 7 12 1 1 1 7 1 10 12 1 9 7 12 1 1 1 7 1 10 9 12 1 1 8 1 9 12 1 1 9 12 1 9 12 1 1 9 12 1 1 9 12 1 7 1 10 9 12 1 1 9 12 1 7 1 8 1 10 12 1 9 12 1 1 8 1 9 12 1 8 1 9 12 1 8 1 9 12 1 7 1 8 1 10 12 1 9 12 1 1 8 1 9 12 1 9 7 12 1 1 1 9 12 1 7 1 10 9 12 1 1 7 1 10 9 12 1 1 9 12 1 1 9 12 1 1 7 1 10 9 12 1 9 12 1 9 12 1 9 12 1 9 12 1 9 12 1 9 12 1 9 12 1 10 7 12 1 1 1 10 7 12 1 1 1 10 7 1 10 7 1 7 1 10 9 12 1 1 7 1 18 12 1 1 18 12 1 1 18 12 1 18 10 7 12 1 1 1 18 12 1 1 10 12 1 9 12 1 1 18 10 12 1 1 7 1 18 10 9 12 1 1 10 7 1 18 10 12 1 9 12 1 1 7 1 18 10 9 12 1 1 18 10 12 1 10 12 1 1 7 1 10 12 1 9 12 1 1 8 1 10 12 1 10 12 1 100 1 10 12 1 1 10 12 1 1 10 12 1 1 7 1 10 10 12 1 1 10 12 1 10 12 1 10 12 1 1 10 12 1 1 10 12 1 10 12 1 1 10 7 12 1 1 1 9 12 1 1 10 7 1 10 12 1 10 12 1 10 12 1 10 12 1 10 12 1 9 12 1 1 10 12 1 10 7 1 10 12 1 10 7 1 10 12 1 10 12 1 1 10 12 1 10 12 1 1 7 1 10 12 1 18 12 1 1 10 12 1 1 10 12 1 10 12 1 1 7 1 10 12 1 10 12 1 1 10 12 1 1 7 1 18 10 12 1 11 7 12 1 1 1 7 1 10 10 12 1 1 10 12 1 10 12 1 10 12 1 10 12 1 7 1 10 7 1 8 1 10 10 18 12 1 10 10 12 1 1 8 1 10 7 12 1 1 8 1 10 12 1 18 12 1 7 1 8 1 10 18 12 1 10 8 1 10 8 1 10 8 1 9 12 1 1 18 10 8 1 9 12 1 18 8 1 9 12 1 18 8 1 9 12 1 18 8 1 9 12 1 18 8 1 8 1 10 18 10 12 1 8 1 8 1 18 8 1 18 8 1 18 12 1 8 1 18 8 1 9 12 1 18 8 1 8 1 18 8 1 18 8 1 9 12 1 10 12 1 18 10 12 1 1 7 1 8 1 10 8 1 10 18 12 1 9 12 1 1 18 10 18 18 10 12 1 18 10 18 10 18 10 7 1 10 12 10 12 10 12 1 8 1 10 12 1 7 1 8 1 10 12 1 10 12 1 1 7 1 10 12 1 7 1 10 8 1 10 10 18 12 1 18 12 1 100 1 10 12 1 1 10 12 1 1 100 1 10 7 12 1 1 1 8 1 10 7 12 1 1 1 7 1 10 12 1 10 7 12 1 1 7 1 10 12 1 10 10 12 1 1 10 7 12 1 1 7 1 18 18 12 1 10 12 1 9 12 1 1 7 1 10 8 1 10 8 1 7 1 8 1 10 10 12 1 1 4 10 12 1 1 10 10 12 1 8 1 10 18 12 1 10 8 1 8 1 18 18 9 12 1 1 18 12 1 7 1 10 12 1 10 7 1 10 12 1 10 8 1 10 7 1 10 10 12 1 1 7 1 10 10 12 1 1 8 1 10 18 12 1 8 1 8 1 8 1 9 12 1 10 10 12 1 8 1 10 4 18 12 1 9 12 1 7 1 10 9 12 1 1 8 1 10 12 1 1 8 1 8 1 7 1 10 12 1 9 12 1 1 6 0 10 12 1 1 18 10 7 12 1 1 8 1 8 1 8 1 8 1 8 1 9 12 1 1 18 10 18 18 18 18 18 7 1 10 10 18 12 1 1 10 12 1 10 12 1 18 10 7 12 1 1 8 1 10 12 1 1 11 7 12 1 1 1 11 12 1 8 1 10 12 1 1 10 7 12 1 1 1 10 12 1 1 8 1 10 7 12 1 1 1 9 7 12 1 1 1 10 12 1 1 8 1 10 12 1 1 9 12 1 8 1 10 12 1 10 12 1 1 11 12 1 1 7 1 8 1 10 12 1 1 7 1 10 9 12 1 8 1 10 12 1 1 8 1 10 8 1 10 12 1 1 10 12 1 1 10 12 1 8 1 11 11 12 1 10 12 1 10 7 12 1 1 1 8 1 10 7 12 1 1 1 100 1 10 12 1 10 12 1 1 10 12 1 1 7 1 10 10 12 1 1 9 7 12 1 1 1 9 12 1 1 10 7 12 1 1 1 7 1 4 10 12 1 10 12 1 1 10 12 1 1 9 12 1 10 12 1 1 10 12 1 10 7 1 4 10 12 1 10 12 1 1 10 12 1 10 12 1 10 12 1 7 1 10 12 1 9 12 1 1 7 1 10 9 12 1 1 10 12 1 10 12 1 10 10 12 1 8 1 9 12 1 10 8 1 10 12 8 1 8 1 8 1 10 12 1 8 1 10 7 12 1 1 1 10 12 1 1 10 12 1 1 10 12 1 1 8 1 10 12 1 10 7 12 1 1 1 10 12 1 1 10 12 1 10 12 1 9 7 12 1 1 9 12 1 10 12 1 9 12 1 9 12 1 10 12 1 10 12 1 10 10 12 1 6 0 10 7 12 1 1 1 18 12 10 12 1 10 18 10 12 1 10 12 1 10 12 1 1 8 1 8 1 7 1 10 12 1 1 10 12 1 11 7 12 1 1 1 10 12 1 1 11 11 12 1 1 11 7 12 1 1 11 12 1 1 7 1 10 12 1 10 12 1 1 11 7 12 1 1 1 10 12 1 1 11 7 12 1 11 12 10 12 1 11 12 1 7 1 10 7 1 10 12 1 10 7 12 1 1 100 1 10 12 1 10 10 12 1 10 12 1 18 12 1 10 12 1 18 18 18 7 1 10 12 1 10 12 1 10 7 12 1 1 1 8 1 10 12 1 1 8 1 8 1 10 8 1 8 1 8 1 8 1 8 1 10 8 1 8 1 8 1 18 12 1 18 12 1 18 12 1 18 18 12 1 10 12 1 10 12 1 10 12 1 1 10 12 1 10 12 1 10 12 10 12 1 7 1 10 18 12 1 11 12 1 10 12 1 10 10 12 1 11 11 18 12 1 11 12 1 11 12 1 1 18 12 1 1 11 7 12 1 1 1 18 12 1 1 11 12 1 1 11 7 12 1 1 18 12 11 12 1 10 12 1 11 12 10 12 1 11 12 10 12 1 11 12 1 7 1 10 12 1 10 12 1 10 12 1 9 12 1 8 1 10 12 8 1 10 18 11 7 12 1 1 1 18 12 1 1 11 12 1 1 18 11 12 1 18 18 11 12 1 11 12 1 1 10 12 1 10 12 1 1 10 12 1 7 1 10 12 1 11 12 1 10 12 1 10 7 12 1 1 11 8 1 10 12 1 1 10 12 1 18 10 12 1 1 10 7 12 1 1 8 1 8 1 10 12 1 8 1 10 10 12 1 7 1 11 12 1 8 1 11 12 1 10 12 1 1 10 12 1 10 12 1 10 12 1 1 10 12 1 10 12 1 1 7 1 10 7 12 1 1 1 11 12 1 10 12 1 10 12 1 8 1 10 12 1 100 1 10 12 1 10 12 1 8 1 10 12 1 8 1 10 12 1 1 8 1 7 1 8 1 10 12 1 10 10 12 1 1 10 7 1 10 10 10 10 10 18 12 10 10 12 1 10 12 1 1 9 100 12 1 1 1 10 100 12 1 1 100 1 10 12 1 8 1 8 1 8 1 10 12 1 10 12 1 18 100 1 10 12 1 1 8 1 8 1 8 1 100 1 10 18 12 1 18 18 12 1 18 12 1 10 10 12 1 10 12 1 10 8 1 18 11 12 1 10 10 12 1 10 12 1 1 10 7 12 1 1 1 8 1 10 7 12 1 1 1 10 12 1 1 10 7 12 1 1 1 100 1 10 12 18 18 10 12 1 10 12 1 10 12 1 10 12 1 10 12 1 10 12 10 12 1 10 10 100 1 10 10 12 1 9 12 1 1 10 12 1 1 9 12 1 18 10 12 1 10 100 12 1 1 18 10 12 1 18 10 12 1 18 10 12 1 10 10 10 12 1 1 10 12 1 18 12 1 1 10 12 1 1 10 8 1 4 8 1 10 12 1 10 12 1 10 12 1 10 12 1 8 1 8 1 18 18 12 1 8 1 8 1 18 18 8 1 8 1 18 18 10 8 1 11 100 1 100 1 10 10 100 12 1 1 18 12 1 10 12 1 1 10 10 12 1 1 10 12 1 1 18 18 12 1 10 12 1 1 8 1 18 12 1 11 12 1 1 18 12 1 10 7 12 1 1 1 11 12 1 1 11 12 10 7 12 1 1 8 1 10 10 12 1 1 10 12 1 8 1 9 12 1 10 10 12 1 1 18 9 12 1 10 3 10 12 1 10 12 1 1 7 1 10 12 1 1 10 12 1 1 10 12 1 8 1 8 1 8 1 8 1 10 12 1 7 1 10 12 1 10 12 1 9 7 12 1 1 1 9 12 1 1 10 12 1 10 10 12 1 8 1 10 12 1 10 12 1 10 10 10 7 1 10 12 1 10 9 12 1 18 18 10 12 1 1 10 18 9 12 1 8 1 8 1 8 1 8 1 8 1 8 1 8 1 7 1 10 12 1 10 12 1 10 11 12 1 8 1 10 10 8 8 1 8 1 8 1 8 1 8 1 18 10 12 1 18 8 1 8 1 10 18 18 8 1 8 1 10 12 1 8 1 8 1 18 8 1 10 12 1 8 1 18 12 1 8 1 18 12 1 8 1 8 1 18 18 10 10 10 10 12 1 10 7 12 1 1 1 11 18 18 12 1 11 12 1 1 8 1 8 1 8 1 10 12 1 1 100 1 10 12 1 10 8 1 10 12 1 10 12 1 18 18 18 18 11 12 1 1 18 8 1 10 12 1 10 10 12 1 7 1 7 1 10 10 12 1 1 7 1 10 10 12 1 8 1 10 12 1 10 12 1 10 12 1 1 10 12 1 10 8 1 10 8 1 10 18 10 100 12 1 1 1 9 100 12 1 1 1 18 10 12 1 8 1 18 8 1 8 1 10 12 10 12 1 10 12 1 1 8 1 8 1 8 1 11 12 18 8 1 10 12 1 10 7 12 1 1 1 8 1 10 7 12 1 1 10 12 1 1 10 12 10 12 1 18 8 1 18 12 1 10 100 12 1 1 1 10 12 1 1 100 1 10 10 100 12 1 1 1 11 10 12 1 10 12 1 10 12 1 10 12 1 10 12 1 18 10 12 1 1 18 10 12 1 1 10 12 1 10 12 1 10 10 10 10 11 7 12 1 10 12 1 10 12 1 10 8 1 10 10 12 1 10 11 12 1 10 12 1 1 10 12 1 8 1 10 10 12 1 10 10 7 12 1 1 10 12 1 10 12 1 1 10 12 1 1 10 12 1 18 10 12 1 10 12 1 10 12 1 10 18 10 12 1 10 12 1 10 100 12 1 1 8 1 8 1 10 12 1 1 10 12 1 1 10 11 10 12 1 100 1 8 1 8 1 8 1 10 12 1 10 12 1 8 1 10 12 1 10 12 1 10 12 1 100 1 10 12 1 10 10 12 1 100 1 10 10 10 12 1 10 12 1 10 12 1 10 12 1 10 12 1 10 12 1 10 12 1 10 12 1 10 12 1 8 1 8 1 8 1 8 1 100 1 1 1 1 1 1 1 1 3 1 1 1 1 1 1 1 1 1 1 1 100 1 1 1 1 1 1 1 1 1 1 1 1 1 1 1 1 1 1 1 1 1 1 1 1 1 1 1 1 1 1 1 1 1 1 1 1 1 1 1 1 1 1 1 1 1 1 1 1 1 1 1 1 1 1 1 1 1 1 1 1 1 1 1 1 1 1 100 1 100 1 1 1 1 1 1 1 1 1 1 1 1 1 1 1 1 1 1 1 1 1 1 100 1 1 1 1 1 1 1 1 1 1 1 1 100 1 1 1 1 1 1 1 1 1 1 1 1 1 1 1 1 1 1 1 1 1 1 1 1 1 1 100 1 1 1 1 1 1 1 1 1 1 1 1 1 1 1 1 1 1 1 1 1 1 1 1 1 1 1 1 1 1 1 1 1 1 1 1 1 1 1 1 1 1 1 1 1 1 1 1 1 1 1 1 1 1 1 1 1 1 1 1 1 1 1 1 1 1 1 1 1 1 1 1 1 1 1 1 1 1 1 1 1 1 1 1 1 1 1 1 1 1 1 1 1 1 1 1 1 1 1 1 1 1 1 1 1 1 1 1 1 1 1 1 1 1 1 1 1 1 1 1 1 1 1 1 1 1 1 1 1 1 1 1 1 1 1 1 1 1 1 1 1 1 1 1 1 1 1 1 1 1 1 1 1 1 1 1 1 1 1 1 1 1 1 1 1 1 1 1 1 1 1 100 1 1 1 1 1 1 1 1 1 1 1 1 1 1 1 1 1 1 1 1 1 1 1 1 1 1 1 1 1 1 1 1 1 1 1 1 1 1 1 1 1 1 1 1 1 1 1 1 1 1 1 1 1 1 1 1 1 1 1 1 1 1 1 1 1 1 1 1 1 1 1 1 1 1 1 1 1 1 1 1 1 1 1 1 1 1 1 1 1 1 1 1 1 1 1 1 1 1 1 1 1 1 1 1 1 1 1 1 1 1 1 1 1 1 1 1 1 1 1 1 1 1 1 1 1 1 1 1 1 1 1 1 1 1 1 1 1 1 16 15 10 12 16 1 15 16 16 15 16 15 10 12 16 15 10 7 1 16 1 15 10 12 16 15 10 12 15 10 12 15 10 12 15 10 12 16 15 10 12 15 10 12 15 10 12 15 10 12 15 10 12 15 10 12 15 10 12 15 10 12 15 10 12 15 10 12 15 10 12 15 10 12 15 10 12 15 10 12 15 10 12 15 10 12 15 10 12 15 10 12 15 10 12 15 10 12 15 10 12 15 10 12 15 10 12 16 15 10 12 15 10 12 15 10 12 15 10 12 15 10 12 15 10 12 15 10 12 16 15 10 12 15 10 12 15 10 12 15 10 12 15 10 12 15 10 12 15 10 12 15 10 12 15 10 12 15 10 12 15 10 12 15 10 12 15 10 12 8 1 15 10 12 8 1 15 15 10 12 15 10 12 15 10 12 15 10 12 15 10 12 15 10 12 15 10 12 15 10 12 15 10 12 15 10 12 8 1 16 15 10 12 16 16 15 10 12 16 8 1 15 10 12 16 16 15 10 12 16 15 10 12 15 10 12 15 10 12 8 1 8 1 8 1 15 10 12 15 10 12 15 10 12 15 10 12 8 1 8 1 8 1 8 1 15 10 12 15 10 12 15 10 12 16 15 10 12 15 10 12 15 10 12 15 10 12 15 10 12 15 10 12 15 10 12 16 15 10 12 1 16 1 8 1 15 10 12 15 10 12 16 15 10 12 16 15 10 12 8 1 15 10 12 15 10 12 8 1 8 1 8 1 8 1 8 1 15 10 12 15 10 12 15 10 12 15 10 12 15 15 10 12 8 1 8 1 8 1 8 1 8 1 8 1 8 1 8 1 8 1 8 1 8 1 15 15 8 1 8 1 15 10 7 12 1 1 1 15 10 7 12 1 1 1 100 1 1 1 1 1 1 100 1 100 1 1 1 1 100 1 1 100 1 100 1 1
staticfield wv/codeclip/CodeClipFrame SORT_LABELS [Ljava/lang/String; 4 [Ljava/lang/String;
staticfield wv/codeclip/CodeClipFrame LOG_CLASS_COLOR Ljava/awt/Color; java/awt/Color
staticfield wv/codeclip/CodeClipFrame UNSYNCED_COLOR Ljava/awt/Color; java/awt/Color
staticfield wv/codeclip/CodeClipFrame LOG_ERROR_COLOR Ljava/awt/Color; java/awt/Color
staticfield wv/codeclip/CodeClipFrame LOG_TITLE_COLOR Ljava/awt/Color; java/awt/Color
staticfield wv/codeclip/CodeClipFrame LOG_SEP_COLOR Ljava/awt/Color; java/awt/Color
ciInstanceKlass wv/codeclip/ui/ClassTreePanel 1 1 664 10 7 12 1 1 1 7 1 10 9 7 12 1 1 1 9 12 1 1 9 12 1 1 9 12 1 1 7 1 10 12 1 10 12 1 1 10 12 1 1 10 12 1 11 100 12 1 1 1 100 1 10 12 1 1 10 12 1 10 12 1 1 9 100 12 1 1 11 100 12 1 1 1 11 100 12 1 1 1 11 100 12 1 1 1 11 12 1 10 12 1 1 9 12 1 1 11 100 1 10 12 1 1 10 12 1 1 10 12 1 1 10 12 1 10 12 1 100 1 10 10 100 12 1 1 1 11 12 1 1 11 100 1 10 12 1 11 12 1 100 1 11 12 1 10 12 1 1 8 1 10 12 1 10 12 1 10 12 1 1 10 12 1 10 12 1 1 100 1 10 9 12 1 1 10 12 1 1 10 12 1 18 12 1 1 11 12 1 1 11 12 1 11 12 1 11 12 1 1 18 12 1 1 10 12 1 1 10 12 1 10 12 1 10 12 1 1 10 100 12 1 1 1 10 12 1 1 10 10 12 1 1 11 12 1 1 18 12 1 1 11 100 12 1 1 1 9 12 1 10 12 1 1 9 12 1 10 100 12 1 1 1 11 12 1 1 10 12 1 10 12 1 1 10 12 1 11 12 1 1 100 1 10 12 1 10 12 10 10 12 1 1 10 12 1 1 10 12 1 10 100 12 1 1 1 10 12 1 1 10 12 1 1 10 12 1 1 100 1 100 1 3 10 10 12 1 1 8 1 8 1 18 12 1 11 12 1 1 11 12 1 1 100 1 18 12 1 10 10 12 1 1 100 1 4 10 12 1 1 10 12 1 1 100 1 10 12 1 1 10 12 1 1 100 1 10 12 1 10 12 1 1 100 1 10 12 1 10 10 4 10 100 1 10 12 1 10 12 1 1 10 12 1 18 12 1 1 10 12 1 1 8 1 10 12 1 8 1 100 1 10 10 10 10 12 1 11 12 10 12 1 10 100 12 1 1 10 12 1 8 1 10 100 12 1 1 1 10 12 1 8 1 8 1 4 18 12 1 18 10 100 12 1 1 18 12 1 1 11 12 1 1 11 18 8 1 8 1 100 1 10 12 1 10 12 1 10 100 12 1 1 1 10 12 1 10 12 1 8 1 10 11 12 1 11 11 100 12 1 1 10 12 1 1 1 1 1 1 1 1 3 1 1 1 1 1 1 1 1 1 1 1 1 1 1 1 1 1 1 1 1 1 1 1 1 1 1 1 1 1 1 1 1 1 1 1 100 1 1 1 1 1 1 1 1 1 1 1 1 1 1 1 1 1 1 1 1 1 1 1 1 1 1 1 1 1 1 1 1 1 1 1 1 1 1 1 1 1 1 1 1 1 1 1 1 1 1 16 15 10 12 16 1 8 1 16 15 10 12 16 15 10 12 8 1 16 1 15 10 12 15 10 12 15 10 12 16 1 15 16 15 10 12 15 10 100 12 1 1 1 15 10 100 12 1 1 1 1 100 1 100 1 1
instanceKlass javax/swing/text/StyleConstants$ParagraphConstants
instanceKlass javax/swing/text/StyleConstants$ColorConstants
instanceKlass javax/swing/text/StyleConstants$FontConstants
instanceKlass javax/swing/text/StyleConstants$CharacterConstants
ciInstanceKlass javax/swing/text/StyleConstants 1 1 331 9 7 12 1 1 1 9 12 1 1 11 7 12 1 1 1 7 1 10 12 1 1 10 12 1 1 11 7 12 1 1 1 9 12 1 100 1 100 1 8 1 8 1 9 12 1 100 1 8 1 9 12 1 7 1 8 1 9 12 1 9 12 1 7 1 10 12 1 1 10 12 1 9 12 1 9 12 1 9 12 1 9 12 1 9 12 1 9 12 1 7 1 9 12 1 1 9 12 1 9 12 1 100 1 10 12 1 1 10 12 1 9 12 1 9 12 1 9 12 1 9 12 1 9 12 1 9 12 1 9 12 1 100 1 10 7 12 1 1 1 8 1 10 12 1 9 12 1 8 1 9 12 1 8 1 9 12 1 7 1 8 1 10 7 1 8 1 10 9 12 1 8 1 9 12 1 8 1 8 1 8 1 8 1 8 1 8 1 7 1 8 1 10 8 1 8 1 9 12 1 7 1 8 10 8 8 8 8 8 8 8 8 1 9 12 9 12 1 1 1 1 1 1 1 3 1 3 1 3 1 3 1 1 1 1 1 1 1 1 1 1 1 1 1 1 1 1 1 1 1 1 1 1 1 1 1 1 1 1 1 1 1 1 1 1 1 1 1 1 1 1 1 1 1 1 1 1 1 1 1 1 1 1 1 1 1 1 1 1 1 1 1 1 1 1 1 1 1 1 1 1 1 1 1 1 1 1 1 1 1 1 1 1 1 1 1 1 1 1 1 1 1 1 1 1 1 1 1 1 1
staticfield javax/swing/text/StyleConstants NameAttribute Ljava/lang/Object; javax/swing/text/StyleConstants
staticfield javax/swing/text/StyleConstants ResolveAttribute Ljava/lang/Object; javax/swing/text/StyleConstants
staticfield javax/swing/text/StyleConstants ModelAttribute Ljava/lang/Object; javax/swing/text/StyleConstants
staticfield javax/swing/text/StyleConstants BidiLevel Ljava/lang/Object; javax/swing/text/StyleConstants$CharacterConstants
staticfield javax/swing/text/StyleConstants FontFamily Ljava/lang/Object; javax/swing/text/StyleConstants$FontConstants
staticfield javax/swing/text/StyleConstants Family Ljava/lang/Object; javax/swing/text/StyleConstants$FontConstants
staticfield javax/swing/text/StyleConstants FontSize Ljava/lang/Object; javax/swing/text/StyleConstants$FontConstants
staticfield javax/swing/text/StyleConstants Size Ljava/lang/Object; javax/swing/text/StyleConstants$FontConstants
staticfield javax/swing/text/StyleConstants Bold Ljava/lang/Object; javax/swing/text/StyleConstants$FontConstants
staticfield javax/swing/text/StyleConstants Italic Ljava/lang/Object; javax/swing/text/StyleConstants$FontConstants
staticfield javax/swing/text/StyleConstants Underline Ljava/lang/Object; javax/swing/text/StyleConstants$CharacterConstants
staticfield javax/swing/text/StyleConstants StrikeThrough Ljava/lang/Object; javax/swing/text/StyleConstants$CharacterConstants
staticfield javax/swing/text/StyleConstants Superscript Ljava/lang/Object; javax/swing/text/StyleConstants$CharacterConstants
staticfield javax/swing/text/StyleConstants Subscript Ljava/lang/Object; javax/swing/text/StyleConstants$CharacterConstants
staticfield javax/swing/text/StyleConstants Foreground Ljava/lang/Object; javax/swing/text/StyleConstants$ColorConstants
staticfield javax/swing/text/StyleConstants Background Ljava/lang/Object; javax/swing/text/StyleConstants$ColorConstants
staticfield javax/swing/text/StyleConstants ComponentAttribute Ljava/lang/Object; javax/swing/text/StyleConstants$CharacterConstants
staticfield javax/swing/text/StyleConstants IconAttribute Ljava/lang/Object; javax/swing/text/StyleConstants$CharacterConstants
staticfield javax/swing/text/StyleConstants ComposedTextAttribute Ljava/lang/Object; javax/swing/text/StyleConstants
staticfield javax/swing/text/StyleConstants FirstLineIndent Ljava/lang/Object; javax/swing/text/StyleConstants$ParagraphConstants
staticfield javax/swing/text/StyleConstants LeftIndent Ljava/lang/Object; javax/swing/text/StyleConstants$ParagraphConstants
staticfield javax/swing/text/StyleConstants RightIndent Ljava/lang/Object; javax/swing/text/StyleConstants$ParagraphConstants
staticfield javax/swing/text/StyleConstants LineSpacing Ljava/lang/Object; javax/swing/text/StyleConstants$ParagraphConstants
staticfield javax/swing/text/StyleConstants SpaceAbove Ljava/lang/Object; javax/swing/text/StyleConstants$ParagraphConstants
staticfield javax/swing/text/StyleConstants SpaceBelow Ljava/lang/Object; javax/swing/text/StyleConstants$ParagraphConstants
staticfield javax/swing/text/StyleConstants Alignment Ljava/lang/Object; javax/swing/text/StyleConstants$ParagraphConstants
staticfield javax/swing/text/StyleConstants TabSet Ljava/lang/Object; javax/swing/text/StyleConstants$ParagraphConstants
staticfield javax/swing/text/StyleConstants Orientation Ljava/lang/Object; javax/swing/text/StyleConstants$ParagraphConstants
ciInstanceKlass javax/swing/JRootPane 1 1 416 10 7 12 1 1 1 9 7 12 1 1 1 10 12 1 1 10 12 1 1 10 12 1 1 10 12 1 1 10 12 1 1 10 12 1 1 10 12 1 1 10 12 1 1 10 12 1 1 10 12 1 10 12 1 1 10 10 7 12 1 1 1 10 12 1 1 9 12 1 1 100 1 8 1 10 12 1 10 12 1 1 8 10 12 1 1 9 12 1 1 7 1 10 12 1 1 10 7 12 1 1 1 10 12 1 8 1 7 1 10 10 12 1 1 18 12 1 1 10 12 1 7 1 10 18 10 7 1 10 12 10 18 10 10 12 1 10 12 1 7 1 10 9 12 1 1 10 7 12 1 1 9 12 1 1 10 12 1 10 9 12 1 1 10 12 1 1 100 1 8 1 10 9 12 1 1 10 7 1 8 1 10 10 10 12 1 100 1 8 1 10 7 1 10 10 7 12 1 1 1 9 12 1 1 10 10 12 1 10 10 12 1 10 12 1 100 1 5 0 10 12 1 1 10 12 1 9 12 1 1 10 7 1 8 10 12 1 9 12 1 9 12 1 9 100 12 1 1 1 10 100 12 1 1 1 18 10 100 12 1 1 10 100 12 1 1 10 12 1 1 10 12 1 1 10 12 1 9 12 1 1 100 1 10 10 12 1 8 1 10 7 12 1 1 1 8 1 100 1 1 1 1 1 3 1 3 1 3 1 3 1 3 1 3 1 3 1 3 1 3 1 1 1 1 1 1 1 1 1 1 1 1 1 1 1 1 1 1 1 1 1 1 1 1 1 1 1 1 1 1 1 1 1 1 1 1 1 1 1 1 1 1 1 1 1 1 1 1 1 1 1 1 1 1 1 1 1 1 1 1 1 1 1 1 1 1 1 1 1 1 1 1 1 8 1 8 1 8 1 8 1 15 10 7 12 1 1 1 1 1 100 1 100 1 1
staticfield javax/swing/JRootPane LOG_DISABLE_TRUE_DOUBLE_BUFFERING Z 0
staticfield javax/swing/JRootPane IGNORE_DISABLE_TRUE_DOUBLE_BUFFERING Z 0
ciInstanceKlass sun/awt/HeadlessToolkit 0 0 279 10 100 12 1 1 1 9 100 12 1 1 1 100 1 9 12 1 1 9 12 1 1 100 1 10 100 1 8 1 10 12 1 9 100 12 1 1 1 10 100 12 1 1 1 10 100 12 1 1 1 10 12 1 1 10 12 1 1 10 12 1 1 10 12 1 10 12 1 10 12 10 12 1 10 12 1 10 12 1 11 12 1 1 10 12 1 1 10 12 1 1 10 12 1 1 10 12 1 10 12 1 1 10 12 1 1 10 12 1 1 10 12 1 100 1 10 100 1 1 1 1 1 1 1 1 1 1 1 1 1 1 1 1 1 1 1 1 1 1 1 1 1 1 1 1 1 1 1 1 1 1 1 1 1 1 1 1 1 1 1 1 1 1 1 1 1 100 1 1 1 1 1 1 1 1 1 1 1 1 1 100 1 1 1 1 1 1 1 1 1 1 1 1 1 1 1 1 1 1 1 1 1 1 1 1 1 1 1 1 1 1 1 1 1 1 1 1 1 1 1 1 1 1 1 1 1 1 1 1 1 1 1 1 1 1 1 1 1 1 1 1 1 1 1 1 1 1 1 1 1 1 1 1 1 1 1 1 1 1 1 1 1 1 1 1 1 1 1 1 1 100 1 100 1 1 100 1 1
ciInstanceKlass javax/swing/UIDefaults$TextAndMnemonicHashMap 1 1 148 10 7 12 1 1 1 10 12 1 1 10 7 12 1 1 1 7 1 8 1 10 7 12 1 1 1 8 1 8 1 10 12 1 1 8 1 8 1 8 1 10 12 1 1 8 1 8 1 8 1 8 1 10 12 1 8 1 10 12 1 10 12 1 1 10 12 1 1 18 12 1 1 8 1 8 1 10 12 1 1 10 12 1 1 10 12 1 1 10 7 12 1 1 1 10 7 12 1 1 1 1 1 1 1 1 1 1 1 1 1 1 1 1 1 1 1 1 1 1 1 1 1 1 1 1 1 1 1 1 7 1 1 8 1 15 10 7 12 1 1 1 1 100 1 100 1 1
ciInstanceKlass javax/swing/JLayeredPane 1 1 357 10 7 12 1 1 1 9 7 12 1 1 1 10 12 1 1 10 12 1 1 10 12 1 1 8 1 10 7 12 1 1 1 8 1 10 12 1 1 7 1 9 12 1 1 10 12 1 1 10 12 1 1 10 12 1 1 10 12 1 1 10 12 1 1 10 12 1 1 10 7 12 1 1 10 12 1 10 12 1 10 12 1 1 10 12 1 1 10 12 1 1 10 100 12 1 10 12 1 10 12 1 1 10 12 1 1 9 12 1 10 12 1 1 10 12 1 10 12 1 10 12 1 10 12 1 1 10 12 1 10 12 1 1 10 12 1 10 12 1 10 12 1 10 12 1 10 12 1 10 12 1 10 12 1 1 10 12 1 1 10 100 12 1 1 10 12 1 1 9 100 12 1 1 1 10 12 1 1 9 100 12 1 1 1 9 12 1 9 12 1 9 12 1 10 12 1 1 10 12 1 10 12 1 10 12 1 1 9 12 1 1 10 12 9 12 1 9 12 1 9 12 1 9 12 1 7 1 10 10 12 1 10 12 1 10 12 1 8 1 8 1 10 12 1 1 18 12 1 1 9 12 1 1 100 1 10 12 1 100 1 1 1 1 1 1 1 1 1 1 1 1 1 1 1 1 100 1 100 1 100 1 1 1 1 1 1 1 1 1 1 1 1 1 1 3 1 1 1 1 1 1 1 1 1 1 1 1 1 1 1 1 1 1 1 1 1 1 1 1 1 1 1 1 1 1 1 1 1 1 1 100 1 1 1 1 1 1 1 1 1 1 8 1 15 10 100 12 1 1 1 1 100 1 100 1 1
staticfield javax/swing/JLayeredPane DEFAULT_LAYER Ljava/lang/Integer; java/lang/Integer
staticfield javax/swing/JLayeredPane PALETTE_LAYER Ljava/lang/Integer; java/lang/Integer
staticfield javax/swing/JLayeredPane MODAL_LAYER Ljava/lang/Integer; java/lang/Integer
staticfield javax/swing/JLayeredPane POPUP_LAYER Ljava/lang/Integer; java/lang/Integer
staticfield javax/swing/JLayeredPane DRAG_LAYER Ljava/lang/Integer; java/lang/Integer
staticfield javax/swing/JLayeredPane FRAME_CONTENT_LAYER Ljava/lang/Integer; java/lang/Integer
instanceKlass javax/swing/event/MenuDragMouseEvent
instanceKlass java/awt/event/MouseWheelEvent
instanceKlass sun/awt/dnd/SunDropTargetEvent
ciInstanceKlass java/awt/event/MouseEvent 1 1 345 7 1 7 1 9 12 1 1 9 12 1 10 12 1 1 10 12 1 10 100 12 1 1 1 9 12 1 9 12 1 100 1 10 12 1 9 12 1 9 12 1 1 10 12 1 1 10 7 12 1 1 1 10 12 1 9 12 1 9 9 9 12 1 100 1 18 12 1 1 10 12 1 10 7 12 1 1 1 10 12 1 1 18 9 12 1 18 10 12 1 9 12 1 10 12 1 10 12 1 1 10 12 1 100 1 10 12 8 1 8 1 10 12 1 1 10 12 1 1 8 1 8 1 8 1 8 1 8 1 8 1 8 1 8 1 8 1 8 1 8 1 8 1 8 1 8 1 8 1 18 18 10 12 1 1 10 12 1 10 12 1 1 10 12 1 1 10 12 9 12 1 8 1 8 1 8 1 8 1 8 1 8 1 8 1 8 1 8 1 8 1 10 12 1 8 1 8 1 8 1 8 1 8 1 10 12 1 8 1 10 12 1 8 1 10 100 12 1 1 10 7 12 1 1 10 7 12 1 1 10 12 1 7 1 10 12 1 7 1 10 10 7 12 1 1 1 1 1 3 1 3 3 3 3 3 3 3 1 3 1 3 1 3 1 3 1 1 1 5 0 1 1 1 1 1 1 1 1 1 1 1 1 1 1 1 1 1 1 1 1 100 1 100 1 1 1 1 1 1 1 1 1 1 1 1 1 1 1 100 1 100 1 1 1 1 1 1 1 1 8 1 8 1 8 1 8 1 8 1 15 10 100 12 1 1 1 100 1 1 100 1 100 1 1
instanceKlass javax/swing/plaf/basic/BasicComboPopup
ciInstanceKlass javax/swing/JPopupMenu 1 1 989 7 1 9 12 1 1 10 7 12 1 1 1 10 7 12 1 1 1 10 12 1 1 9 12 1 1 10 12 1 1 10 12 1 1 10 7 12 1 1 9 12 1 1 9 12 1 1 9 12 1 1 9 12 1 10 12 1 7 1 10 10 12 1 1 100 1 5 0 10 12 1 1 10 12 1 1 10 12 1 9 12 1 1 7 1 10 12 1 1 10 7 12 1 1 1 10 12 1 8 1 10 12 1 1 10 7 12 1 1 1 10 12 1 1 10 100 12 1 1 10 9 12 1 1 10 12 1 1 100 1 10 10 12 1 10 12 1 1 10 12 1 1 7 1 10 12 1 9 12 1 10 7 12 1 1 10 12 1 1 10 12 1 1 10 12 1 1 10 7 12 1 1 1 10 7 12 1 1 1 10 12 1 1 9 12 1 1 9 7 12 1 1 9 12 1 9 12 1 9 7 1 9 10 12 1 10 7 12 1 1 1 10 12 1 1 9 9 100 12 1 1 9 9 12 1 9 12 1 9 12 1 10 12 1 1 10 12 1 1 10 12 1 1 10 12 1 1 10 7 12 1 1 7 1 10 100 1 10 12 1 100 1 10 12 1 1 10 12 1 10 12 1 1 10 12 1 1 100 1 8 1 10 10 12 1 8 1 10 12 1 8 10 12 1 1 9 12 1 1 100 1 8 1 10 10 12 1 10 12 1 100 1 10 10 10 12 1 1 7 1 10 10 12 1 1 10 12 1 10 10 12 1 1 11 100 12 1 1 11 12 1 1 9 12 1 1 7 1 10 7 12 1 1 10 12 10 12 1 1 100 1 7 1 100 1 10 12 1 1 7 1 10 12 1 11 12 1 1 11 12 1 11 12 1 9 12 1 1 10 12 1 10 12 1 10 12 1 10 12 1 9 12 1 1 7 1 10 12 1 1 10 12 1 8 1 10 12 1 9 12 1 10 12 1 10 12 1 10 12 1 1 11 7 12 1 1 10 12 1 7 1 10 12 1 1 10 12 1 10 12 1 1 10 12 1 1 8 1 10 12 1 10 12 1 10 7 12 1 1 10 12 1 10 7 12 1 1 1 10 12 1 10 12 1 9 12 1 9 12 1 10 12 1 1 10 12 1 10 12 1 1 10 12 1 7 1 10 7 12 1 1 1 10 12 1 10 12 1 1 10 12 1 1 9 12 1 1 10 12 1 10 12 1 1 100 1 5 0 5 0 10 12 1 10 12 1 1 10 12 1 1 10 12 1 1 10 12 1 10 10 12 1 10 12 1 1 11 12 1 10 12 1 10 12 1 10 12 1 10 12 1 1 10 12 1 1 7 1 8 1 8 1 8 1 10 12 1 1 10 12 1 18 12 1 1 100 1 10 100 1 10 10 100 12 1 1 8 10 12 1 100 1 8 10 12 1 10 12 1 10 7 1 10 12 1 1 10 12 1 1 10 100 12 1 1 1 8 10 100 12 1 1 1 8 10 12 1 8 10 12 1 8 8 8 10 12 1 10 12 1 10 12 1 1 10 7 1 100 1 10 12 10 12 1 10 12 1 1 10 12 1 10 12 1 10 12 1 1 10 12 1 10 12 1 1 10 10 12 1 10 10 12 1 10 12 1 10 12 1 11 12 1 11 12 1 11 12 1 10 12 1 10 10 12 10 12 1 1 7 1 8 1 10 8 1 10 7 12 1 1 1 10 9 12 1 100 1 1 1 1 3 1 1 1 1 1 1 1 1 1 1 1 1 1 1 1 3 1 1 1 1 1 1 1 1 1 1 1 1 1 1 1 1 1 1 1 1 1 1 1 1 1 1 1 1 1 1 1 1 1 1 1 1 1 1 1 1 1 1 1 100 1 1 1 1 1 1 1 1 1 1 1 1 1 1 1 1 1 1 1 1 1 1 1 1 1 1 1 1 1 1 1 1 1 1 1 1 1 1 100 1 1 1 1 1 1 1 1 1 1 1 1 1 1 1 1 1 1 1 1 1 1 1 1 1 1 1 1 1 1 1 1 1 1 1 1 100 1 1 1 1 1 1 1 1 1 1 1 1 1 1 1 1 1 1 1 1 1 1 1 1 1 1 1 1 1 1 1 100 1 1 1 1 1 1 1 1 1 1 100 1 1 1 1 1 1 1 1 1 1 1 1 1 1 1 1 1 1 100 1 1 1 1 1 1 1 1 1 1 1 1 8 1 15 10 100 12 1 1 1 1 1 1 100 1 100 1 1
staticfield javax/swing/JPopupMenu defaultLWPopupEnabledKey Ljava/lang/Object; java/lang/StringBuffer
staticfield javax/swing/JPopupMenu classLock Ljava/lang/Object; java/lang/Object
ciInstanceKlass sun/awt/dnd/SunDropTargetEvent 1 1 108 7 1 10 7 12 1 1 1 10 12 1 1 9 7 12 1 1 1 10 7 12 1 1 1 10 12 1 10 12 1 1 10 12 1 1 10 12 1 10 12 1 9 12 1 1 8 1 10 12 1 1 10 12 1 1 10 12 1 18 12 1 1 1 3 1 1 1 1 1 1 1 1 1 1 1 1 1 100 1 1 1 1 1 1 1 100 1 1 1 1 8 1 15 10 100 12 1 1 1 100 1 1 100 1 100 1 1
ciInstanceKlass javax/swing/JViewport 1 1 917 100 1 10 7 12 1 1 1 9 7 12 1 1 1 9 12 1 1 9 12 1 9 12 1 1 9 12 1 9 12 1 1 9 12 1 1 9 12 1 1 10 12 1 1 10 12 1 1 10 12 1 10 12 1 1 9 12 1 1 7 1 10 12 1 1 10 7 12 1 1 1 10 12 1 8 1 10 12 1 1 10 7 12 1 1 1 10 12 1 10 12 1 1 10 12 1 1 10 12 1 10 12 1 1 9 7 12 1 1 9 12 1 10 12 1 1 10 12 1 9 12 1 9 12 1 10 12 1 1 10 12 1 1 9 7 1 9 10 12 1 10 12 1 1 10 7 12 1 1 1 10 7 12 1 1 9 7 1 10 100 12 1 1 1 10 12 1 9 10 12 1 1 10 7 12 1 1 1 10 12 1 10 7 12 1 1 1 10 12 1 1 100 1 8 1 10 12 1 7 1 10 12 1 9 12 1 9 12 1 9 12 1 9 12 1 10 100 12 1 1 1 10 100 12 1 1 1 10 12 1 1 10 12 1 1 10 12 1 1 10 12 1 1 10 12 1 1 10 12 1 1 10 12 1 1 10 12 1 1 10 12 1 10 12 1 10 12 1 9 12 1 9 12 1 9 12 1 9 12 1 1 10 12 1 1 10 100 12 1 1 10 12 1 10 12 1 10 12 1 10 12 1 10 12 1 10 12 1 100 1 10 12 1 1 10 12 1 10 12 1 1 10 12 1 1 10 12 1 10 12 1 10 12 1 1 10 12 1 10 12 1 100 1 9 12 1 9 12 1 10 12 1 1 10 12 10 12 1 1 10 12 10 12 1 1 10 10 10 10 12 1 1 10 12 1 1 10 12 1 1 10 12 1 1 10 12 1 10 12 1 9 12 1 10 12 1 10 12 1 1 10 10 12 1 10 12 1 1 10 7 12 1 1 10 7 12 1 1 1 10 12 1 10 12 1 1 10 10 12 1 1 10 12 1 1 10 12 1 9 12 1 10 12 1 10 12 1 10 10 12 1 10 10 12 1 1 10 12 1 10 12 1 10 12 1 10 12 1 1 10 12 1 10 12 1 1 10 12 1 10 12 1 1 10 12 1 10 12 1 10 10 10 12 1 1 10 12 1 10 12 1 1 10 12 1 10 12 1 10 12 1 10 12 1 10 10 12 10 12 10 7 1 10 12 1 9 7 12 1 1 1 9 12 1 1 7 1 10 7 12 1 1 1 10 12 10 12 1 1 100 1 10 12 1 1 7 1 10 12 1 11 12 1 1 10 10 10 12 1 10 8 1 8 1 10 12 1 1 8 1 10 12 1 18 12 1 1 10 12 1 1 9 12 1 1 10 7 1 10 12 1 10 10 100 12 1 1 1 11 100 12 1 1 1 11 100 12 1 1 11 12 1 100 1 10 10 12 1 10 12 1 10 12 1 10 10 12 1 1 10 12 1 1 9 100 12 1 1 1 10 12 1 1 10 12 1 10 12 1 10 12 1 10 10 10 12 1 10 12 1 10 12 1 1 10 10 10 10 10 12 1 1 10 12 1 1 10 10 12 1 10 12 1 1 10 12 10 12 1 10 9 12 1 1 100 1 10 10 12 1 8 100 1 1 1 1 1 1 1 1 3 1 3 1 3 1 1 1 1 1 1 1 1 1 1 1 1 1 1 1 1 1 1 1 1 1 1 1 1 1 1 1 1 1 1 1 1 1 1 1 1 1 1 1 1 1 1 1 1 1 1 1 1 100 1 1 1 1 1 1 1 1 1 1 1 1 1 1 1 1 1 1 1 1 1 1 1 1 1 1 1 1 1 1 1 1 1 1 1 1 1 1 1 1 1 1 1 1 1 1 1 1 1 1 1 1 1 1 1 1 1 1 1 1 1 1 1 1 1 1 1 1 1 1 1 1 1 1 1 1 1 1 1 100 1 1 1 1 1 1 1 1 1 1 1 1 1 1 1 1 1 1 1 1 1 1 1 1 1 1 1 100 1 1 1 1 1 1 1 100 1 1 1 1 1 1 1 1 8 1 15 10 100 12 1 1 1 1 1 1 1 100 1 100 1 1
staticfield javax/swing/JViewport EnableWindowBlit Ljava/lang/Object; "EnableWindowBlit"
ciInstanceKlass javax/swing/JScrollPane$ScrollBar 1 1 120 10 7 12 1 1 1 9 7 12 1 1 1 10 7 12 1 1 1 8 1 9 7 12 1 1 1 10 12 1 1 9 12 1 1 10 12 1 10 7 12 1 1 1 10 7 12 1 1 1 7 1 10 12 1 1 10 12 1 1 11 12 1 1 10 12 1 1 9 12 1 10 12 1 10 12 1 11 12 1 100 1 10 12 1 1 9 7 12 1 1 1 9 12 1 100 1 1 1 1 1 1 1 1 1 1 1 1 1 1 1 1 1 1 1 1 1 1 1 1
ciInstanceKlass javax/swing/plaf/metal/MetalScrollButton 1 1 157 10 7 12 1 1 1 9 7 12 1 1 1 8 1 10 7 12 1 1 1 9 12 1 1 8 1 9 12 1 9 12 1 1 10 7 12 1 1 1 10 12 1 1 10 7 12 1 1 1 10 7 12 1 1 1 10 12 1 10 12 1 1 11 7 12 1 1 10 12 1 1 10 12 1 10 12 1 10 7 12 1 1 1 10 12 1 1 10 12 1 1 10 12 1 100 1 10 12 1 1 10 12 1 1 10 12 1 10 12 1 1 7 1 10 12 10 12 1 1 100 1 3 1 1 1 1 1 1 1 1 1 1 1 1 1 1 1 1 1 1 1 1 1 1 1 1 1 100 1 100 1 1 1 1 1 1
ciInstanceKlass javax/swing/Popup$HeavyWeightWindow 1 1 76 10 7 12 1 1 1 10 7 12 1 1 1 9 7 12 1 1 1 10 12 1 1 10 12 1 1 10 7 12 1 1 10 12 1 10 12 1 1 10 12 1 1 10 12 1 1 10 12 1 10 12 1 100 1 1 1 1 1 1 1 1 1 1 1 1 1 1 1 100 1 1 1 100 1 1
ciInstanceKlass java/util/concurrent/locks/AbstractQueuedSynchronizer$ExclusiveNode 1 1 22 10 7 12 1 1 1 100 1 1 1 1 1 1 1 1 1 100 1 1 1 1
ciInstanceKlass java/util/concurrent/locks/AbstractQueuedSynchronizer$ConditionNode 1 1 52 10 7 12 1 1 1 9 7 12 1 1 1 10 7 12 1 1 1 10 12 1 1 10 12 1 10 7 12 1 1 100 1 1 1 1 1 1 1 1 1 1 1 1 100 1 1 1 1 100 1 1
instanceKlass sun/awt/windows/WPrintDialogPeer
instanceKlass sun/awt/windows/WFileDialogPeer
instanceKlass sun/awt/windows/WDialogPeer
instanceKlass sun/awt/windows/WFramePeer
ciInstanceKlass sun/awt/windows/WWindowPeer 1 1 884 9 7 12 1 1 1 10 7 12 1 1 1 9 12 1 1 10 7 12 1 1 1 7 1 11 12 1 1 10 12 1 1 10 7 12 1 1 1 7 1 10 12 1 1 10 12 1 1 9 12 1 1 10 100 12 1 1 1 10 7 12 1 1 10 12 1 10 12 1 7 1 10 12 1 1 10 12 1 1 10 12 1 10 12 1 10 12 1 10 12 1 8 1 10 12 1 1 10 12 1 10 12 1 1 9 12 1 1 9 7 12 1 1 1 9 12 1 9 12 1 1 10 12 1 9 12 1 1 10 12 1 1 10 12 1 9 12 1 1 10 12 1 1 10 10 12 1 9 7 12 1 1 1 10 12 1 1 10 12 1 9 12 1 10 12 1 10 12 1 10 12 1 1 10 12 1 10 12 1 1 10 7 12 1 1 1 10 12 1 1 10 12 1 1 10 12 1 1 9 12 1 1 10 12 10 12 1 10 12 1 1 10 12 1 1 10 12 1 10 12 1 1 10 7 12 1 1 7 1 10 12 1 10 12 1 10 12 1 10 12 1 10 12 1 10 12 1 10 12 1 1 10 12 1 10 12 1 1 9 100 12 1 1 1 9 12 1 10 12 1 1 10 12 1 1 10 12 1 9 7 12 1 1 1 10 12 1 1 10 12 1 10 12 1 9 12 1 1 7 1 10 12 1 11 100 12 1 1 1 10 12 1 10 100 12 1 1 1 11 12 1 9 12 1 1 9 7 12 1 1 1 10 7 12 1 1 1 8 1 100 1 10 100 12 1 1 1 10 12 1 1 7 1 10 7 12 1 1 1 11 7 12 1 1 1 7 1 10 7 12 1 1 1 10 12 1 10 12 1 1 10 100 12 1 1 1 10 12 7 1 10 12 1 10 12 1 10 12 1 10 12 1 10 7 12 1 1 1 9 7 1 10 7 12 1 1 1 9 10 12 1 1 10 12 1 1 11 12 1 10 12 1 1 10 12 1 10 12 1 10 12 1 10 12 1 10 12 1 1 10 7 12 1 1 1 10 12 1 1 10 12 1 10 12 1 1 10 7 12 1 1 1 10 12 1 10 12 1 10 12 1 1 11 7 12 1 1 1 7 1 10 12 1 1 7 1 10 10 12 1 10 12 1 1 10 12 1 10 10 12 1 1 11 12 1 10 12 1 10 12 1 9 12 1 9 12 1 18 12 1 1 10 12 1 9 12 1 1 10 7 12 1 1 10 7 12 1 1 1 10 12 1 1 10 12 1 10 12 1 8 1 10 12 11 12 1 1 18 12 1 1 10 12 1 1 10 12 1 10 12 1 10 100 12 1 1 1 10 12 1 1 100 1 10 12 1 1 10 12 1 10 12 1 10 12 1 1 10 10 12 1 1 10 12 1 100 1 8 1 10 12 10 100 12 1 1 4 10 12 1 10 12 1 10 10 12 1 1 10 12 1 10 12 1 1 10 12 1 10 12 1 10 12 1 10 8 1 10 12 1 1 7 1 10 12 10 12 1 1 8 1 9 12 1 1 10 12 1 1 10 7 12 1 1 1 8 1 9 12 1 10 10 12 1 1 10 12 1 10 12 1 1 10 12 1 8 1 10 12 1 1 8 1 7 1 8 1 10 7 1 10 7 1 10 10 12 1 100 1 100 1 1 1 1 1 1 1 1 1 1 1 1 1 1 1 100 1 1 1 1 1 1 1 1 1 1 1 1 1 1 1 100 1 1 1 1 1 1 1 1 1 1 1 1 1 1 1 1 1 1 1 1 1 1 1 1 1 1 1 1 1 1 1 1 1 1 1 1 1 1 1 1 1 1 1 1 1 1 1 1 1 1 1 100 1 1 1 1 1 1 100 1 1 1 1 1 1 1 1 1 1 100 1 1 1 1 1 1 1 1 1 1 1 1 1 1 1 1 1 1 1 8 1 16 15 15 10 100 12 1 1 15 10 7 12 1 1 1 1 1 100 1 1 1 1 1 1 1 100 1 100 1 1
staticfield sun/awt/windows/WWindowPeer log Lsun/util/logging/PlatformLogger; sun/util/logging/PlatformLogger
staticfield sun/awt/windows/WWindowPeer screenLog Lsun/util/logging/PlatformLogger; sun/util/logging/PlatformLogger
staticfield sun/awt/windows/WWindowPeer ACTIVE_WINDOWS_KEY Ljava/lang/StringBuffer; java/lang/StringBuffer
staticfield sun/awt/windows/WWindowPeer guiDisposedListener Ljava/beans/PropertyChangeListener; sun/awt/windows/WWindowPeer$GuiDisposedListener
ciInstanceKlass sun/awt/windows/WFramePeer 1 1 299 10 7 12 1 1 1 9 7 12 1 1 1 7 1 11 7 12 1 1 1 11 12 1 1 10 12 1 1 10 12 1 1 10 7 12 1 1 1 10 12 1 10 12 1 1 9 100 12 1 1 1 9 12 1 9 12 1 9 12 1 10 12 1 1 10 100 12 1 1 10 12 1 1 10 12 1 1 10 12 1 1 11 12 1 1 10 12 1 10 12 1 1 10 12 1 10 12 1 100 1 10 12 1 10 12 1 10 12 1 10 12 1 1 10 12 1 1 10 12 1 1 9 10 12 1 10 100 12 1 1 1 100 1 9 12 1 1 10 100 12 1 1 10 12 1 100 1 8 1 10 12 1 10 12 1 1 10 12 1 1 9 12 1 1 10 12 1 1 10 12 1 10 7 12 1 1 1 10 12 1 1 10 12 1 10 12 1 1 10 12 1 10 12 1 10 12 1 10 12 1 10 12 1 10 12 1 1 10 12 100 1 10 12 1 1 100 1 10 12 1 1 10 12 1 1 10 12 1 10 12 1 8 1 8 1 10 7 12 1 1 1 10 7 12 1 1 1 9 12 1 1 100 1 1 1 1 1 1 1 1 1 1 1 1 1 1 1 1 1 1 1 100 1 1 1 1 1 1 1 1 1 1 1 1 1 1 1 1 1 1 1 1 1 1 1 1 1 1
staticfield sun/awt/windows/WFramePeer keepOnMinimize Z 0
ciInstanceKlass sun/awt/NullComponentPeer 1 1 201 10 7 12 1 1 1 7 1 10 12 1 10 7 12 1 1 1 10 12 1 100 1 10 10 12 1 1 7 1 10 12 1 100 1 8 1 10 12 1 100 1 10 100 1 10 100 1 10 100 1 100 1 100 1 1 1 1 1 1 1 1 1 1 1 1 1 1 1 1 1 1 1 1 1 1 1 1 1 1 1 1 1 1 1 1 1 1 1 1 1 1 1 1 1 1 1 1 1 1 1 1 1 1 1 1 1 1 1 1 1 1 1 1 1 1 1 1 1 1 1 1 1 1 1 1 1 1 1 1 1 1 1 1 1 1 1 1 1 1 1 1 1 1 1 1 1 1 1 1 1 1 1 1 1 1 1 1 1 1 1 1 1 1 1 1 1 1 1 1 1 1 1 1 1 1 1 1 1 1 1 1 1 1 1 1 1 1 1 1 1 100 1 100 1 1 100 1 100 1 1
instanceKlass sun/awt/event/IgnorePaintEvent
ciInstanceKlass java/awt/event/PaintEvent 1 1 79 7 1 10 7 12 1 1 1 9 12 1 1 9 12 1 1 8 1 8 1 8 1 10 100 12 1 1 1 8 1 18 12 1 1 1 1 3 1 3 1 1 5 0 1 1 1 1 1 1 1 1 1 1 1 1 1 1 1 1 100 1 1 1 1 8 1 15 10 100 12 1 1 1 100 1 100 1 1
ciInstanceKlass sun/awt/event/IgnorePaintEvent 1 1 22 10 7 12 1 1 1 100 1 1 1 1 1 1 1 1 1 1 1 1 1 1
ciInstanceKlass java/util/concurrent/ThreadPoolExecutor$Worker 1 1 116 10 7 12 1 1 1 9 7 12 1 1 1 10 7 12 1 1 1 10 12 1 1 9 12 1 1 10 7 12 1 1 1 11 7 12 1 1 1 9 12 1 1 10 12 1 1 10 12 1 1 10 12 1 1 10 7 12 1 1 1 10 12 1 1 10 12 1 10 12 1 1 10 12 1 10 12 1 1 10 12 1 10 12 1 100 1 1 1 1 5 0 1 1 1 1 1 1 1 1 1 1 1 1 1 1 1 1 1 1 1 1 1 1 1 1
ciInstanceKlass sun/awt/windows/WDialogPeer 1 1 208 10 7 12 1 1 1 10 7 12 1 1 1 10 12 1 1 10 7 12 1 1 1 10 12 1 1 10 12 1 9 12 1 1 7 1 10 12 1 1 9 12 1 1 10 12 1 1 10 12 1 1 10 12 1 10 12 1 10 12 1 10 12 1 1 10 12 1 1 9 7 12 1 1 1 10 12 1 10 12 1 10 12 1 10 12 1 11 7 12 1 1 1 11 7 12 1 1 11 12 1 1 7 1 10 7 12 1 1 1 11 7 12 1 1 1 10 12 1 1 10 12 1 10 12 1 1 10 12 1 1 10 12 1 1 10 12 1 10 100 12 1 1 1 10 12 1 1 10 12 1 100 1 10 12 1 1 9 7 12 1 1 1 100 1 1 1 1 1 1 1 1 1 1 1 1 1 100 1 1 1 1 1 1 1 1 1 1 1 1 1 1 1 1 1 1 1 1 1 1 1 1 1 1 1 1 1 1
staticfield sun/awt/windows/WDialogPeer defaultBackground Ljava/awt/Color; java/awt/SystemColor
ciInstanceKlass java/lang/InterruptedException 1 1 26 10 7 12 1 1 1 10 12 1 100 1 1 1 1 5 0 1 1 1 1 1 1 1 1 1
ciMethodData java/lang/String hashCode ()I 2 11415 orig 80 1 0 0 0 0 0 0 0 0 0 0 0 0 0 0 0 0 0 0 0 0 0 0 0 0 0 0 0 0 0 0 0 0 0 0 0 0 0 0 1 0 0 0 0 0 0 0 0 0 0 0 0 0 0 0 0 0 0 0 0 0 0 0 0 0 0 0 0 0 0 0 0 0 0 0 0 0 0 0 0 data 41 0x60007 0x1c1b 0x100 0x107c 0xd0007 0x4 0xe0 0x1078 0x110005 0x7b 0x1fdd858ed58 0xffd 0x0 0x0 0x8000000600140007 0x1 0x48 0x1078 0x1b0002 0x1078 0x1e0003 0x1078 0x28 0x250002 0x1 0x2a0007 0x1079 0x38 0x0 0x320003 0x0 0x18 0x0 0x0 0x0 0x0 0x0 0x0 0x9 0x1 0xe oops 1 10 java/lang/String methods 0
ciMethodData java/lang/Object <init> ()V 2 1726151 orig 80 1 0 0 0 0 0 0 0 0 0 0 0 0 0 0 0 0 0 0 0 0 0 0 0 0 0 0 0 0 0 0 0 0 0 0 0 0 0 0 0 0 0 0 0 0 0 0 0 0 0 0 0 0 0 0 0 0 0 0 0 0 0 0 0 0 0 0 0 0 0 0 0 0 0 0 0 0 0 0 0 data 4 0x0 0x9 0x1 0x0 oops 0 methods 0
ciInstanceKlass java/util/EventListener 1 0 7 100 1 100 1 1 1
ciInstanceKlass javax/accessibility/Accessible 1 0 9 100 1 100 1 1 1 1 1
ciInstanceKlass java/awt/MenuContainer 1 0 16 100 1 100 1 1 1 1 1 1 1 1 1 1 1 1
ciMethod java/awt/Container countComponents ()I 580 0 22694 0 0
ciMethod java/awt/Container getListenersCount (IZ)I 530 0 3184 0 -1
ciMethod java/awt/Container createChildHierarchyEvents (IJZ)V 498 0 934 0 0
ciMethod java/awt/Container invalidate ()V 14 0 5168 0 -1
ciInstanceKlass java/awt/image/ImageObserver 1 0 27 100 1 100 1 1 1 1 3 1 3 1 3 1 3 1 3 1 3 1 3 1 3 1 1 1 1
ciMethod java/awt/Component getBoundsOp ()I 14 0 130 0 0
ciMethod java/awt/Component setBoundsOp (I)V 658 0 6474 0 112
ciMethod java/awt/Component getTreeLock ()Ljava/lang/Object; 542 0 134011 0 88
ciMethod java/awt/Component checkTreeLock ()V 540 0 45196 0 -1
ciMethod java/awt/Component isValid ()Z 528 0 37657 0 104
ciMethod java/awt/Component isShowing ()Z 534 0 12582 0 -1
ciMethod java/awt/Component reshape (IIII)V 530 0 6429 0 -1
ciMethod java/awt/Component repaintParentIfNeeded (IIII)V 250 0 2237 0 0
ciMethod java/awt/Component reshapeNativePeer (IIIII)V 4 0 46 0 0
ciMethod java/awt/Component notifyNewBounds (ZZ)V 246 0 2191 0 0
ciMethod java/awt/Component invalidate ()V 14 0 5168 0 -1
ciMethod java/awt/Component invalidateIfValid ()V 524 0 14358 0 0
ciMethod java/awt/Component repaint ()V 638 0 6466 0 -1
ciMethod java/awt/Component repaint (IIII)V 1024 0 3668 0 0
ciMethod java/awt/Component repaint (JIIII)V 2 0 1 0 -1
ciMethod java/awt/Component createHierarchyEvents (ILjava/awt/Component;Ljava/awt/Container;JZ)I 534 0 2343 0 -1
ciMethod java/awt/Component isCoalescingEnabled ()Z 194 0 97 0 0
ciMethod java/awt/Component mixOnReshaping ()V 0 0 1 0 -1
instanceKlass java/awt/Scrollbar
instanceKlass javax/swing/ImageIcon$2
instanceKlass javax/swing/ImageIcon$1
instanceKlass java/awt/TextComponent
instanceKlass java/awt/Canvas
instanceKlass java/awt/Container
ciInstanceKlass java/awt/Component 1 1 3018 9 7 12 1 1 1 9 12 1 1 10 12 1 1 10 7 12 1 1 1 100 1 10 12 1 1 9 12 1 1 7 1 10 7 1 9 12 1 1 9 12 1 9 12 1 9 12 1 9 12 1 9 12 1 9 12 1 9 12 1 9 7 12 1 1 1 9 12 1 9 12 1 7 1 5 0 9 12 1 1 9 12 1 9 12 1 1 9 12 1 9 12 1 10 12 1 1 9 12 1 9 12 1 9 12 1 9 12 1 1 10 7 12 1 1 1 9 12 1 1 7 1 9 12 1 1 9 12 1 1 10 12 1 10 12 1 1 8 10 12 1 1 10 12 1 1 9 12 1 1 9 12 1 1 10 12 1 10 7 12 1 1 10 12 1 1 100 1 10 12 1 10 12 1 1 9 12 1 1 10 12 1 1 10 10 10 12 1 10 12 1 8 1 10 12 1 9 12 1 1 11 10 100 12 1 1 1 10 100 12 1 1 10 7 1 8 1 10 12 1 9 12 1 100 1 8 1 10 10 12 1 1 10 7 1 10 7 12 1 1 10 12 1 7 1 100 1 10 12 1 1 18 12 1 1 10 9 12 1 10 12 1 10 12 1 10 12 1 10 12 1 1 10 12 1 10 7 12 1 1 1 10 12 1 1 10 12 1 1 7 1 9 12 1 9 12 1 10 12 10 12 1 10 12 1 1 11 12 1 1 11 100 12 1 1 1 10 100 12 1 1 10 7 12 1 1 1 10 12 1 1 10 7 12 1 1 100 1 10 10 100 12 1 1 1 10 12 1 1 10 12 1 1 10 10 10 12 1 10 12 1 1 11 12 1 10 12 1 10 12 1 100 1 8 1 9 100 12 1 1 1 10 10 12 10 12 1 10 7 12 1 1 10 12 1 10 12 1 10 12 1 10 12 1 10 12 1 1 10 12 1 1 7 1 10 12 1 10 7 12 1 1 1 10 12 1 10 12 5 0 10 12 1 10 12 1 11 12 1 7 1 5 0 5 0 10 12 1 1 10 12 1 1 7 1 10 12 1 9 12 1 1 7 1 10 10 12 1 1 10 7 12 1 1 10 12 1 10 12 10 12 1 10 12 1 10 12 1 10 12 1 9 12 1 1 10 12 1 1 10 11 12 1 1 8 9 12 1 10 12 1 10 11 12 1 8 10 12 1 1 9 12 1 1 10 10 12 1 11 12 1 1 9 12 1 8 10 7 1 10 12 1 9 12 1 1 100 1 8 1 10 10 12 1 1 8 11 12 1 1 10 100 12 1 1 10 10 12 1 10 12 1 10 12 1 9 11 9 9 8 1 10 12 1 10 12 1 10 12 1 1 9 12 1 9 12 1 10 12 1 1 10 10 12 1 1 7 1 10 10 12 1 10 12 1 9 9 10 12 1 10 12 1 10 12 10 12 1 10 12 1 10 12 1 1 10 12 1 1 10 10 10 12 1 1 10 12 1 10 12 11 12 10 12 1 5 0 10 12 1 1 9 9 9 9 10 12 1 10 12 1 10 12 1 10 12 1 10 10 10 9 12 1 9 12 1 1 8 1 10 12 10 12 1 10 12 1 11 12 1 10 12 1 10 12 9 12 1 9 12 1 8 1 10 12 10 12 1 11 9 12 1 9 12 1 8 1 10 12 1 100 1 4 8 1 9 100 12 1 1 1 10 12 1 10 7 12 1 1 11 10 12 1 10 12 1 10 12 1 10 12 1 10 12 1 10 10 10 12 1 1 7 1 11 12 1 10 7 12 1 1 10 12 1 10 11 10 12 1 10 100 12 1 1 1 9 12 1 1 11 10 12 1 1 10 100 1 10 12 1 1 10 12 1 1 10 100 12 1 1 1 10 12 1 1 100 1 10 12 1 1 10 12 1 10 10 12 1 100 1 10 12 1 10 7 12 1 1 1 10 12 1 10 100 12 1 1 10 10 12 1 100 1 11 12 1 1 10 100 12 1 1 10 100 1 9 12 1 9 12 1 10 12 1 1 10 12 1 11 10 12 1 1 11 10 10 12 1 1 10 10 12 1 1 10 100 1 100 1 10 12 9 100 12 1 1 1 10 12 1 10 12 1 1 100 1 100 1 8 1 10 12 1 8 1 8 1 10 100 12 1 1 100 1 10 12 1 10 12 1 1 100 1 10 12 1 10 12 1 1 100 1 10 12 1 100 1 10 12 1 100 1 10 100 1 10 12 1 1 100 1 10 10 12 1 1 10 12 1 10 12 1 1 10 12 1 10 12 1 10 12 1 10 12 1 9 12 1 1 9 7 12 1 1 1 10 7 12 1 1 1 18 10 12 1 9 12 1 8 1 10 12 1 1 7 1 10 12 1 7 1 10 12 1 9 12 1 9 12 1 10 12 1 1 10 12 1 1 10 12 1 9 12 1 18 10 12 7 1 10 12 1 1 11 12 1 7 1 10 12 1 1 10 12 1 10 12 1 10 12 1 1 10 12 1 7 1 100 1 7 1 18 7 1 10 12 1 10 12 1 1 8 1 10 12 1 10 12 1 10 12 1 1 10 12 1 10 12 1 1 9 7 12 1 1 9 12 1 10 10 12 1 9 12 1 10 12 1 1 10 12 1 1 10 12 1 10 12 1 11 12 1 10 12 1 10 12 1 1 10 10 8 10 10 12 1 1 18 10 12 1 10 10 10 10 18 10 10 12 1 1 10 12 1 10 12 1 10 12 1 10 12 1 10 12 1 10 12 1 10 12 1 10 12 1 10 12 1 1 10 12 1 10 12 1 10 12 1 10 10 5 0 9 12 1 1 9 9 12 1 1 5 0 9 12 1 1 5 0 9 12 1 1 5 0 9 12 1 1 5 0 9 12 1 1 9 12 1 1 9 12 1 1 5 0 5 0 5 0 5 0 10 12 10 9 9 10 10 7 12 1 1 1 10 12 1 7 1 10 12 1 1 100 1 10 12 1 10 12 1 1 10 12 7 1 100 1 10 12 1 10 12 1 1 10 12 7 1 100 1 10 12 1 10 12 8 1 10 12 1 10 8 1 10 12 1 8 1 7 1 100 1 10 12 1 10 12 1 10 12 7 1 100 1 10 12 1 10 12 7 1 100 1 10 12 1 10 12 7 1 7 1 10 12 1 10 12 7 1 100 1 10 12 1 10 12 100 1 100 1 100 1 10 12 1 1 100 1 10 12 1 10 5 0 10 7 12 1 1 1 9 12 1 1 11 7 12 1 1 1 7 1 10 12 1 10 12 1 1 10 12 1 11 12 1 1 10 12 1 8 1 9 12 1 1 10 12 1 1 7 1 10 12 1 1 10 12 1 1 10 12 1 10 12 1 10 12 10 12 1 1 10 12 1 1 10 12 1 1 10 12 1 10 11 12 1 11 12 1 11 12 1 11 12 1 10 11 12 1 11 12 1 10 11 12 1 11 12 1 11 12 1 10 11 12 1 11 12 1 11 12 1 11 12 1 11 12 1 11 12 1 11 12 1 11 12 1 10 11 12 1 11 12 1 10 11 12 1 11 12 1 11 12 1 10 12 1 1 10 12 1 10 12 1 10 12 1 10 12 1 10 12 1 10 12 1 1 10 12 1 9 12 1 10 12 1 1 10 12 1 10 12 1 10 12 1 1 11 12 1 1 10 10 12 1 10 12 1 9 12 1 1 10 100 12 1 10 12 1 1 100 1 10 10 12 1 10 12 1 10 10 12 1 1 10 12 1 10 12 1 1 10 12 1 10 10 10 12 1 1 10 12 1 11 10 12 1 8 10 12 1 8 1 10 12 1 1 10 12 1 1 10 12 1 11 12 1 1 11 7 12 1 1 11 12 1 7 1 8 1 10 12 1 3 8 1 11 12 8 1 7 1 10 12 1 10 7 12 1 1 1 9 12 1 1 10 12 1 10 12 1 8 10 12 1 1 10 12 1 9 7 12 1 1 10 12 1 1 10 12 1 10 12 1 8 1 10 12 1 8 1 10 12 1 8 1 8 1 8 1 10 12 1 10 12 1 10 7 12 1 1 11 12 1 1 10 12 1 10 12 1 1 8 1 18 10 12 1 8 1 8 1 10 12 1 8 1 10 12 1 1 10 12 1 8 1 9 12 1 8 1 9 12 1 1 11 7 12 1 1 1 8 1 7 1 10 10 12 1 9 10 12 1 10 12 1 9 12 1 18 12 1 10 12 1 10 12 1 9 12 1 10 12 1 1 8 1 10 12 1 18 10 12 1 10 12 1 18 12 1 10 12 1 1 10 7 12 1 1 1 18 10 12 1 1 18 10 100 12 1 1 1 18 10 12 1 10 12 1 9 12 1 10 10 12 1 10 10 12 1 1 9 12 1 10 12 1 10 10 10 12 1 9 12 1 11 100 12 1 1 10 10 12 1 1 9 12 1 10 12 1 1 10 12 1 10 12 1 8 1 10 12 1 1 8 1 8 1 8 1 18 12 1 10 10 12 1 18 9 12 1 1 10 12 1 1 8 1 10 100 12 1 10 12 1 10 12 1 10 100 1 10 9 12 1 1 7 1 10 12 10 12 1 1 10 12 1 10 10 12 1 10 12 10 12 1 10 10 10 12 1 10 100 12 1 1 10 100 12 1 1 10 12 1 10 100 12 1 1 10 100 12 1 1 10 7 12 1 1 100 1 8 1 10 100 12 1 1 1 10 12 1 10 100 12 1 1 1 11 100 12 1 1 1 10 12 1 10 100 12 1 1 8 1 10 12 1 1 8 1 8 1 8 1 8 1 8 1 10 12 1 8 1 8 1 8 1 10 100 12 1 1 10 12 1 10 12 1 10 12 1 1 10 12 1 1 10 12 1 1 10 12 1 1 10 12 1 1 10 12 1 1 100 1 9 12 1 10 12 1 1 10 12 1 1 10 12 1 1 8 100 1 10 10 12 1 1 10 10 12 1 10 10 12 1 10 12 1 10 12 1 1 10 12 1 1 11 100 1 10 12 1 10 12 1 1 100 1 10 10 12 1 9 12 1 9 12 1 9 12 1 9 12 1 10 12 1 1 9 12 1 10 12 1 11 100 12 1 1 9 12 1 8 1 10 12 1 1 10 12 1 9 12 1 10 10 12 1 1 10 12 1 9 12 1 18 12 1 10 7 1 9 12 1 10 12 1 1 10 11 12 1 1 10 12 1 10 12 1 18 12 1 10 12 1 1 10 10 12 1 1 10 12 1 1 10 12 1 10 12 1 10 10 12 1 18 10 12 1 10 12 1 1 10 10 12 1 18 18 10 12 1 10 12 1 18 10 12 1 10 12 1 10 10 10 12 1 1 10 12 1 10 12 1 10 12 1 18 10 12 1 18 12 1 10 12 1 10 12 10 12 1 18 10 12 1 10 12 1 10 12 1 18 12 1 18 10 12 1 10 12 1 10 12 1 1 11 12 1 1 10 12 1 8 1 10 12 1 1 9 12 1 8 1 8 1 8 1 8 1 8 1 8 1 8 1 7 1 10 10 12 1 10 12 1 8 1 10 12 1 8 1 8 1 10 100 12 1 1 1 7 1 10 10 7 12 1 1 1 7 1 10 100 1 1 1 1 1 3 1 3 1 3 1 1 8 1 1 8 1 1 1 8 1 1 1 8 1 1 1 1 1 1 8 1 1 8 1 1 8 1 1 1 1 1 8 1 1 8 1 1 1 4 1 1 4 1 1 1 5 0 1 1 1 1 1 1 1 1 1 1 1 1 100 1 1 1 1 1 1 1 1 1 1 1 1 1 1 1 1 1 1 1 1 1 1 1 1 1 1 1 1 1 1 1 1 1 1 1 1 1 1 1 1 1 1 1 1 1 1 1 1 1 1 1 1 100 1 1 1 1 1 1 1 1 1 100 1 1 1 1 1 1 1 1 1 1 1 1 1 1 1 1 1 1 1 1 1 1 1 1 1 1 1 1 1 1 1 1 1 1 1 1 1 1 1 1 1 1 1 1 1 1 1 1 1 1 1 1 1 1 1 1 1 1 1 1 1 1 1 1 1 1 1 1 1 1 1 1 1 1 1 1 100 1 100 1 1 1 1 1 1 1 1 1 1 1 1 1 1 1 1 1 1 1 1 1 1 1 1 1 1 1 1 1 1 1 1 1 1 1 1 1 1 1 1 1 1 1 1 1 1 1 1 1 1 1 1 1 1 1 1 1 1 1 1 1 1 1 1 1 1 1 1 1 1 1 1 1 1 1 1 1 1 1 1 1 1 1 1 1 1 100 1 1 1 1 1 1 1 1 1 1 1 1 1 1 1 1 1 1 1 1 1 1 1 1 1 1 1 1 1 1 1 1 1 1 1 1 1 1 1 1 1 1 100 1 1 1 1 1 1 1 1 1 1 1 1 1 1 1 1 1 1 1 1 1 1 1 1 1 1 1 1 1 1 1 1 1 1 1 1 1 1 1 1 1 1 1 1 1 1 1 1 1 1 1 1 1 1 1 1 1 1 1 1 1 1 1 100 1 1 1 1 1 1 100 1 1 1 1 1 1 1 1 1 1 1 1 1 1 1 1 1 1 1 1 1 1 1 1 1 1 1 1 1 1 1 1 1 1 1 1 1 1 1 1 1 100 1 1 1 1 1 1 100 1 100 1 100 1 1 8 1 8 1 8 1 8 1 8 1 8 1 8 1 8 1 8 1 8 1 8 1 8 1 8 1 8 1 8 1 8 1 8 1 8 1 8 1 8 1 8 1 8 1 8 1 8 1 8 1 8 1 15 10 100 12 1 1 1 1 1 1 1 1 1 1 1 1 1 1 1 1 1 1 100 1 1 1 1 1 100 1 100 1 1
staticfield java/awt/Component log Lsun/util/logging/PlatformLogger; sun/util/logging/PlatformLogger
staticfield java/awt/Component eventLog Lsun/util/logging/PlatformLogger; sun/util/logging/PlatformLogger
staticfield java/awt/Component focusLog Lsun/util/logging/PlatformLogger; sun/util/logging/PlatformLogger
staticfield java/awt/Component mixingLog Lsun/util/logging/PlatformLogger; sun/util/logging/PlatformLogger
staticfield java/awt/Component focusTraversalKeyPropertyNames [Ljava/lang/String; 4 [Ljava/lang/String;
staticfield java/awt/Component LOCK Ljava/lang/Object; java/awt/Component$AWTTreeLock
staticfield java/awt/Component coalesceMap Ljava/util/Map; java/util/WeakHashMap
staticfield java/awt/Component coalesceEventsParams [Ljava/lang/Class; 2 [Ljava/lang/Class;
staticfield java/awt/Component $assertionsDisabled Z 1
ciMethodData java/lang/String equals (Ljava/lang/Object;)Z 2 12485 orig 80 1 0 0 0 0 0 0 0 0 0 0 0 0 0 0 0 0 0 0 0 0 0 0 0 0 0 0 0 0 0 0 0 0 0 0 0 0 0 0 1 0 0 0 0 0 0 0 0 0 0 0 0 0 0 0 0 0 0 0 0 0 0 0 0 0 0 0 0 0 0 0 0 0 0 0 0 0 0 0 0 data 47 0x20007 0x228c 0x20 0xe39 0x80104 0x53 0x1fdd858ed58 0x21f8 0x1fde0eed098 0x35 0xb0007 0x94 0xd8 0x21f8 0xf0004 0x0 0x1fdd858ed58 0x21f8 0x0 0x0 0x160007 0x0 0x40 0x21f8 0x8000000600210007 0xd 0x68 0x21ec 0x2c0002 0x21ec 0x2f0007 0x1d55 0x38 0x497 0x330003 0x497 0x18 0x0 0x0 0x0 0x0 0x0 0x0 0x9 0x2 0x0 0x0 oops 3 6 java/lang/String 8 javax/swing/text/StyleConstants 16 java/lang/String methods 0
ciMethod java/awt/EventQueue postEvent (Ljava/awt/AWTEvent;)V 220 0 4189 0 0
ciMethod java/awt/EventQueue postEventPrivate (Ljava/awt/AWTEvent;)V 220 0 4609 0 0
ciMethod java/awt/EventQueue getPriority (Ljava/awt/AWTEvent;)I 476 0 4609 0 0
ciMethod java/awt/EventQueue postEvent (Ljava/awt/AWTEvent;I)V 476 0 4609 0 0
ciMethod java/awt/EventQueue coalescePaintEvent (Ljava/awt/event/PaintEvent;)Z 6 0 26 0 -1
ciMethod java/awt/EventQueue coalesceMouseEvent (Ljava/awt/event/MouseEvent;)Z 122 0 1142 0 -1
ciMethod java/awt/EventQueue coalescePeerEvent (Lsun/awt/PeerEvent;)Z 4 0 119 0 -1
ciMethod java/awt/EventQueue coalesceOtherEvent (Ljava/awt/AWTEvent;I)Z 0 0 1 0 -1
ciMethod java/awt/EventQueue coalesceEvent (Ljava/awt/AWTEvent;I)Z 512 0 4609 0 0
ciMethod java/awt/EventQueue cacheEQItem (Lsun/awt/EventQueueItem;)V 512 0 4562 0 0
ciMethod java/awt/EventQueue eventToCacheIndex (Ljava/awt/AWTEvent;)I 514 0 5379 0 232
ciMethod java/awt/EventQueue noEvents ()Z 242 942 2633 0 0
ciMethod java/awt/EventQueue initDispatchThread ()V 2 0 1 0 -1
ciMethod java/awt/Toolkit loadAssistiveTechnologies ()V 2 0 1 0 -1
ciMethod java/awt/Toolkit getDefaultToolkit ()Ljava/awt/Toolkit; 390 0 5319 0 472
ciMethod java/awt/Toolkit getSystemEventQueueImpl ()Ljava/awt/EventQueue; 0 0 1 0 -1
ciMethod java/awt/Toolkit getEventQueue ()Ljava/awt/EventQueue; 680 0 16083 0 0
ciMethod java/awt/Toolkit enabledOnToolkit (J)Z 514 0 13145 0 104
instanceKlass sun/awt/HeadlessToolkit
instanceKlass sun/awt/SunToolkit
ciInstanceKlass java/awt/Toolkit 1 1 820 10 7 12 1 1 1 7 1 10 9 7 12 1 1 1 10 12 1 1 9 12 1 1 9 12 1 1 9 12 1 1 7 1 10 9 12 1 1 10 7 12 1 1 10 12 1 1 10 12 1 1 10 12 1 1 10 12 1 10 12 1 1 100 1 10 12 1 9 7 12 1 1 1 7 1 10 8 1 10 7 12 1 1 1 18 12 1 1 10 12 1 7 1 10 12 1 10 12 1 1 10 12 1 100 1 10 12 1 1 7 1 10 12 1 1 8 1 18 12 1 8 1 8 1 10 12 10 12 1 8 1 8 1 9 12 1 100 1 10 10 12 1 1 10 100 12 1 1 1 10 7 12 1 1 1 10 12 1 1 10 100 12 1 1 1 100 1 18 12 10 12 1 1 100 1 18 100 1 18 18 10 7 12 1 1 8 1 10 12 1 1 10 100 12 1 1 1 18 12 1 1 11 100 12 1 1 1 10 100 12 1 1 1 11 12 1 1 100 1 100 1 10 100 12 1 1 10 12 1 1 11 100 12 1 1 11 12 1 1 10 12 1 1 11 12 1 1 11 7 12 1 1 10 12 1 11 12 1 1 100 1 8 1 11 12 1 18 12 1 1 11 12 1 1 18 12 1 1 11 12 1 1 9 12 1 1 10 7 12 1 1 10 12 1 7 1 10 12 1 10 12 1 10 12 1 1 10 12 1 1 10 12 1 10 12 1 1 100 1 100 1 100 1 100 1 8 1 10 100 1 8 1 10 8 1 8 1 10 100 12 1 1 1 10 12 1 1 100 1 10 12 1 10 12 1 1 100 1 10 12 1 10 12 1 10 12 1 1 9 12 1 1 9 12 1 1 8 1 10 12 1 7 1 10 10 7 12 1 1 1 8 1 10 7 12 1 1 1 9 12 1 100 1 10 12 1 10 12 1 10 12 1 10 12 1 10 12 1 1 10 12 1 10 12 1 1 11 12 1 10 12 1 8 1 10 12 1 10 12 1 11 12 1 1 10 12 1 1 7 1 10 12 1 10 7 12 1 1 1 10 12 1 1 10 12 1 10 12 1 1 10 12 1 7 1 10 12 1 1 7 1 10 12 1 1 10 7 1 10 12 1 10 10 7 12 1 1 1 10 12 1 1 9 12 1 1 10 12 1 10 12 1 1 9 12 1 100 1 8 1 10 12 1 5 0 10 12 10 12 1 1 10 12 1 10 12 1 1 10 12 1 100 1 10 11 100 12 1 11 12 1 1 100 1 10 12 1 1 11 12 1 7 1 7 1 10 10 10 12 1 10 12 1 10 12 1 1 1 1 1 1 3 1 1 1 1 1 1 1 1 1 100 1 1 1 1 1 1 1 1 1 1 1 1 1 1 1 1 1 1 1 1 1 1 1 1 1 1 1 1 1 1 1 1 1 1 1 1 1 1 1 1 1 1 1 1 1 1 1 1 1 1 1 1 1 1 1 1 1 1 1 1 1 1 1 1 1 1 1 1 1 1 1 1 1 1 1 1 1 1 1 1 1 1 1 1 1 1 100 1 1 1 1 1 1 1 1 1 1 1 1 1 1 1 1 1 1 1 1 1 1 1 1 1 1 1 1 1 1 1 1 1 1 1 1 1 1 1 1 1 1 1 1 1 100 1 1 1 1 1 1 1 1 1 1 1 1 100 1 1 1 1 1 1 1 1 1 1 1 1 1 1 1 1 100 1 1 8 1 8 1 8 1 8 1 8 1 8 1 16 15 10 12 1 16 16 15 10 12 16 1 16 15 10 12 16 15 10 7 12 1 1 15 10 100 12 1 1 1 1 100 1 1 1 1 1 100 1 100 1 1 100 1 1 100 1 100 1 1
staticfield java/awt/Toolkit $assertionsDisabled Z 1
ciMethod java/awt/GraphicsEnvironment isHeadless ()Z 90 0 11103 0 -1
instanceKlass sun/java2d/SunGraphicsEnvironment
ciInstanceKlass java/awt/GraphicsEnvironment 1 1 158 10 7 12 1 1 1 9 7 12 1 1 1 10 7 12 1 1 1 9 12 1 1 9 12 1 9 7 12 1 1 10 7 12 1 1 1 8 1 10 7 12 1 1 1 10 12 1 10 12 1 1 10 12 1 10 12 1 10 12 1 100 1 10 100 1 8 1 10 12 1 10 100 12 1 1 1 11 100 12 1 1 1 11 12 1 11 12 1 10 12 1 1 10 100 12 1 1 1 100 1 9 100 12 1 1 1 9 12 1 9 12 1 9 12 1 10 12 1 1 1 1 1 1 1 1 1 100 1 1 1 1 1 1 1 1 1 1 1 1 1 1 1 1 1 1 1 1 1 1 1 1 1 1 1 1 1 1
ciMethod sun/awt/PlatformGraphicsInfo createToolkit ()Ljava/awt/Toolkit; 2 0 1 0 -1
ciInstanceKlass sun/awt/ComponentFactory 1 1 142 9 7 12 1 1 1 100 1 10 12 1 1 11 100 12 1 1 1 100 1 100 1 100 1 8 1 10 12 1 100 1 8 1 100 1 10 100 12 1 1 1 10 100 1 8 1 10 1 1 1 1 1 1 1 1 1 1 1 1 1 1 1 1 1 1 1 1 1 1 1 1 1 1 1 1 1 1 1 1 1 1 1 1 1 1 1 1 1 1 1 1 1 1 1 1 1 1 1 1 1 1 1 1 1 1 1 1 1 1 1 1 1 1 1 1 1 1 1 1 1 1 1 1 1 1 1 1 1 1 1 1 1 1 1 1 1 1 1 1 1 1
ciInstanceKlass sun/awt/InputMethodSupport 1 0 18 100 1 100 1 1 1 1 100 1 1 1 1 1 1 1 1 1
ciInstanceKlass sun/awt/KeyboardFocusManagerPeerProvider 1 0 9 100 1 100 1 1 1 1 1
ciMethod sun/awt/SunToolkit createNewAppContext ()Lsun/awt/AppContext; 0 0 1 0 -1
ciMethod sun/awt/SunToolkit flushPendingEvents (Lsun/awt/AppContext;)V 1300 0 13377 0 0
ciMethod sun/awt/SunToolkit getSystemEventQueueImpl ()Ljava/awt/EventQueue; 680 0 16095 0 0
ciMethod sun/awt/SunToolkit getSystemEventQueueImplPP ()Ljava/awt/EventQueue; 680 0 16095 0 0
ciMethod sun/awt/SunToolkit getSystemEventQueueImplPP (Lsun/awt/AppContext;)Ljava/awt/EventQueue; 682 0 16864 0 0
instanceKlass sun/awt/windows/WToolkit
ciInstanceKlass sun/awt/SunToolkit 1 1 1517 8 1 10 7 12 1 1 1 10 100 12 1 1 1 8 1 8 1 10 7 12 1 1 1 10 12 1 9 7 12 1 1 1 7 1 10 12 1 9 7 12 1 1 1 10 12 1 1 7 1 10 12 1 8 1 10 7 1 7 1 10 9 12 1 1 7 1 10 9 12 1 9 12 1 1 10 7 12 1 1 10 12 1 1 10 12 1 9 12 1 1 11 100 12 1 1 9 100 12 1 1 1 11 12 1 11 12 1 11 12 1 10 12 1 10 100 12 1 1 1 10 12 1 1 10 12 1 1 10 12 1 10 12 1 1 10 7 12 1 1 1 11 7 12 1 1 1 10 7 12 1 1 10 7 12 1 1 1 10 12 1 1 10 12 1 1 10 12 1 7 1 10 12 1 1 11 7 12 1 1 1 7 1 10 12 1 1 11 100 12 1 1 11 12 1 1 11 12 1 10 12 1 9 12 1 1 11 100 12 1 1 10 12 1 1 11 100 12 1 1 1 10 7 12 1 1 1 10 12 1 1 10 7 12 1 1 1 10 12 1 11 100 1 10 10 12 1 1 11 7 12 1 1 1 11 12 1 1 10 7 12 1 1 1 100 1 7 1 10 12 1 1 10 12 1 1 7 1 10 12 1 1 10 12 1 1 10 12 1 1 10 10 12 1 10 12 1 1 100 1 10 7 12 1 1 1 18 12 1 1 10 12 1 10 10 12 1 7 1 7 1 10 12 5 0 10 12 1 10 12 1 10 12 1 10 12 1 10 12 1 10 12 1 1 100 1 10 12 1 10 10 12 1 100 1 8 1 10 100 1 10 10 12 1 10 12 1 10 12 1 10 12 1 1 100 1 10 12 1 11 12 1 1 10 12 1 1 10 12 1 1 10 7 12 1 1 1 10 7 12 1 1 1 10 7 12 1 1 1 10 12 1 1 10 100 12 1 1 1 100 1 8 1 8 1 8 1 8 1 8 1 10 12 1 1 11 12 1 1 8 1 8 1 9 12 1 1 10 100 12 1 1 1 10 7 1 7 1 100 1 10 12 1 10 12 1 1 10 100 1 9 12 1 100 1 10 10 12 1 1 10 12 1 7 1 10 12 1 1 10 7 1 10 12 1 7 1 10 12 1 7 1 10 12 1 100 1 10 12 1 1 10 7 12 1 1 1 10 10 12 1 1 10 12 1 11 12 1 1 10 12 1 1 10 12 1 1 10 12 1 1 10 12 1 1 3 10 12 1 1 10 12 1 10 12 1 10 12 1 10 12 1 100 1 10 10 12 1 10 12 1 1 10 100 12 1 1 100 1 10 12 1 100 1 7 1 11 7 12 1 1 10 12 1 11 12 1 1 11 7 12 1 1 11 12 1 11 12 1 11 12 1 6 0 10 12 1 10 12 1 10 12 1 10 7 12 1 1 1 6 0 10 12 1 1 6 0 6 0 6 0 6 0 6 0 10 12 1 10 12 1 1 7 1 10 12 1 10 12 1 1 9 7 12 1 1 1 9 12 1 10 7 12 1 1 1 10 12 1 1 10 12 1 10 12 1 1 10 12 1 1 10 7 12 1 1 1 7 1 10 12 1 1 10 12 1 10 12 1 1 11 12 1 1 11 12 1 100 1 100 1 10 12 1 9 12 1 1 8 1 8 1 8 1 10 12 10 12 1 10 12 1 1 10 12 1 8 1 8 1 8 1 10 7 12 1 1 1 10 12 1 1 8 1 8 1 10 10 12 1 8 1 9 12 1 1 10 12 1 1 9 100 12 1 1 10 12 1 1 10 12 1 1 10 12 1 1 9 100 12 1 1 1 9 12 1 9 12 1 10 12 1 10 12 1 7 1 10 12 1 1 10 12 1 10 12 1 10 12 10 100 1 100 1 100 1 100 1 100 1 100 1 100 1 100 1 100 1 100 1 100 1 5 0 10 12 1 1 100 1 8 1 10 18 12 1 1 10 12 1 1 100 1 9 12 1 10 12 1 10 12 1 1 10 12 1 10 12 1 10 12 1 1 10 12 1 10 12 1 11 12 1 10 12 100 1 10 10 12 1 100 1 5 0 10 12 1 10 12 10 12 5 0 10 12 1 8 1 8 1 10 12 1 1 10 12 1 1 9 12 1 9 12 1 10 12 1 9 12 1 10 12 1 1 8 1 9 12 1 8 1 9 12 1 8 1 8 1 9 12 1 8 1 9 12 1 8 1 9 12 1 8 1 9 12 1 10 12 1 9 12 1 10 9 12 1 8 1 10 12 1 1 9 12 1 1 10 12 10 12 1 10 12 1 10 12 1 1 100 1 11 100 12 1 1 1 100 1 10 12 1 10 12 1 1 10 12 1 9 12 1 1 8 1 10 12 1 10 12 1 9 12 1 7 1 10 10 7 12 1 1 10 5 0 10 10 12 1 10 12 1 1 10 12 1 10 12 1 1 10 12 1 1 10 12 1 1 10 7 12 1 1 10 12 1 1 10 12 1 100 1 10 12 1 1 11 7 1 11 12 1 10 12 1 9 12 1 1 8 1 10 12 1 10 12 1 1 7 1 10 10 7 12 1 1 1 10 100 1 100 1 100 1 1 1 3 1 1 1 3 1 1 1 3 1 3 1 3 1 3 1 1 1 1 1 1 1 1 1 1 1 1 1 1 1 1 1 100 1 1 1 100 1 1 1 1 1 1 1 1 1 1 1 1 1 1 1 1 1 1 1 1 1 1 1 1 1 1 1 1 1 1 1 1 1 1 1 1 1 1 1 1 1 1 1 1 1 1 1 1 1 1 1 1 1 1 1 1 1 1 1 1 1 1 1 1 1 1 1 1 1 1 1 1 1 1 1 1 1 1 1 1 1 1 1 1 1 1 1 1 1 1 1 1 1 1 1 1 1 1 1 1 1 1 1 1 1 1 1 1 1 1 1 1 1 1 1 1 1 1 1 1 1 1 1 1 1 1 1 1 1 1 1 1 1 1 1 1 1 1 1 1 1 1 1 1 1 1 1 1 1 1 1 1 1 1 1 1 1 1 1 1 1 1 1 1 1 1 1 1 1 1 1 1 1 1 1 1 1 1 1 1 1 1 1 1 1 1 1 1 1 1 1 1 1 1 1 1 1 1 1 1 1 1 1 1 1 1 1 1 1 1 1 1 1 1 1 1 1 1 1 1 1 1 1 1 1 1 1 1 1 1 1 1 1 1 1 1 1 1 1 1 1 1 1 1 1 1 1 1 1 1 1 1 1 1 1 1 1 1 1 1 1 1 1 1 1 1 1 1 1 1 1 1 1 1 100 1 1 1 1 1 1 1 1 1 1 8 1 16 15 10 12 15 10 100 12 1 1 15 10 100 12 1 1 1 1 1 1 1 1 1 1 1 100 1 1 100 1 1 1 1 1 1 100 1 100 1 1 1 100 1 8 10 1 1
staticfield sun/awt/SunToolkit AWT_LOCK Ljava/util/concurrent/locks/ReentrantLock; java/util/concurrent/locks/ReentrantLock
staticfield sun/awt/SunToolkit AWT_LOCK_COND Ljava/util/concurrent/locks/Condition; java/util/concurrent/locks/AbstractQueuedSynchronizer$ConditionObject
staticfield sun/awt/SunToolkit appContextMap Ljava/util/Map; java/util/Collections$SynchronizedMap
staticfield sun/awt/SunToolkit fileImgCache Lsun/awt/SoftCache; sun/awt/SoftCache
staticfield sun/awt/SunToolkit urlImgCache Lsun/awt/SoftCache; sun/awt/SoftCache
staticfield sun/awt/SunToolkit DEACTIVATION_TIMES_MAP_KEY Ljava/lang/Object; java/lang/Object
ciMethod java/util/concurrent/locks/Condition signalAll ()V 0 0 1 0 -1
ciInstanceKlass java/util/concurrent/locks/Condition 1 0 20 100 1 100 1 1 1 1 100 1 1 1 1 1 1 1 1 1 1 1
ciMethod java/util/concurrent/locks/AbstractQueuedSynchronizer$ConditionObject doSignal (Ljava/util/concurrent/locks/AbstractQueuedSynchronizer$ConditionNode;Z)V 116 110 5178 0 2519
ciMethod java/util/concurrent/locks/AbstractQueuedSynchronizer$ConditionObject signalAll ()V 512 0 7975 0 0
ciMethod java/lang/IllegalStateException <init> (Ljava/lang/String;)V 0 0 1 0 -1
ciInstanceKlass sun/awt/DisplayChangedListener 1 0 12 100 1 100 1 100 1 1 1 1 1 1
ciMethod java/awt/event/ComponentEvent <init> (Ljava/awt/Component;I)V 58 0 6151 0 0
ciMethod java/awt/AWTEvent <init> (Ljava/lang/Object;I)V 152 0 5196 0 282
ciMethod java/awt/AWTEvent getID ()I 268 0 134 0 0
ciMethod java/util/EventObject <init> (Ljava/lang/Object;)V 516 0 12572 0 108
ciMethod java/util/EventObject getSource ()Ljava/lang/Object; 342 0 171 0 0
instanceKlass javax/swing/event/AncestorEvent
instanceKlass sun/awt/ModalityEvent
instanceKlass java/awt/event/HierarchyEvent
instanceKlass sun/awt/UngrabEvent
instanceKlass java/awt/SentEvent
instanceKlass java/awt/SequencedEvent
instanceKlass java/awt/event/ItemEvent
instanceKlass java/awt/event/ActionEvent
instanceKlass java/awt/event/InputMethodEvent
instanceKlass java/awt/event/InvocationEvent
instanceKlass java/awt/event/ComponentEvent
ciInstanceKlass java/awt/AWTEvent 1 1 384 9 7 12 1 1 1 9 12 1 1 10 7 12 1 1 1 10 7 12 1 1 9 12 1 1 9 12 1 9 9 12 1 100 1 9 12 1 1 100 1 9 12 1 1 10 12 1 1 10 12 1 1 100 1 10 10 100 12 1 1 1 10 100 1 10 12 1 10 100 12 1 1 1 18 12 1 1 8 1 10 12 1 1 100 1 10 12 1 1 10 12 1 1 10 12 1 1 10 12 1 1 10 12 1 7 1 10 12 1 7 1 10 10 12 1 10 12 1 10 10 12 1 9 12 1 10 12 1 7 1 7 1 10 12 1 1 9 100 12 1 1 9 12 1 100 1 100 1 10 12 1 100 1 10 10 12 1 10 10 12 1 100 1 100 1 10 12 1 10 12 1 100 1 10 100 12 1 1 100 1 10 12 1 10 12 1 10 12 1 10 100 12 1 1 9 12 1 1 10 7 12 1 1 1 11 7 12 1 1 1 11 12 1 1 9 12 1 10 7 12 1 1 1 10 7 12 1 1 10 12 1 7 1 10 12 10 12 1 1 1 1 1 1 5 0 1 5 0 1 5 0 1 5 0 1 5 0 1 5 0 1 5 0 1 5 0 1 5 0 1 5 0 1 5 0 1 5 0 1 5 0 1 5 0 1 5 0 1 5 0 1 5 0 1 5 0 1 5 0 1 5 0 1 3 1 5 0 1 1 1 1 1 1 1 1 1 1 1 1 1 1 1 1 1 1 100 1 1 1 1 1 1 1 1 1 1 1 1 1 1 1 1 1 1 1 1 1 1 1 1 1 1 1 1 1 1 1 1 1 1 1 1 1 1 1 8 1 15 10 100 12 1 1 1 1 100 1 1 100 1 100 1 1
ciMethod java/awt/peer/ComponentPeer setBounds (IIIII)V 0 0 1 0 -1
ciInstanceKlass java/awt/peer/ComponentPeer 1 0 97 100 1 100 1 1 1 1 3 1 3 1 3 1 3 1 3 1 3 1 1 1 1 1 1 1 1 1 1 1 1 1 1 1 1 1 1 1 1 1 1 1 1 1 1 1 1 1 1 1 1 1 1 1 1 1 1 1 1 1 1 1 1 1 1 1 1 100 1 1 1 1 1 1 1 1 1 1 1 1 1 1 1 1 1 1 1 100 1 100 1 1 100 1 100 1 1
ciInstanceKlass java/awt/dnd/peer/DropTargetPeer 1 0 10 100 1 100 1 1 1 1 1 1
ciMethodData java/util/HashMap hash (Ljava/lang/Object;)I 2 35094 orig 80 0 0 0 0 0 0 0 0 0 0 0 0 0 0 0 0 0 0 0 0 0 0 0 0 0 0 0 0 0 0 0 0 0 0 0 0 0 0 0 0 0 0 0 0 0 0 0 0 0 0 0 0 0 0 0 0 0 0 0 0 0 0 0 0 0 0 0 0 0 0 0 0 0 0 0 0 0 0 0 0 data 22 0x10007 0x85b1 0x38 0x365 0x50003 0x365 0x48 0x90005 0x6052 0x1fdd858ed58 0x2547 0x1fde2e7d688 0x18 0x0 0x0 0x0 0x0 0x0 0x0 0x9 0x1 0xffffffffffffffff oops 2 9 java/lang/String 11 jdk/internal/logger/LazyLoggers$LazyLoggerAccessor methods 0
ciMethod sun/awt/AWTAutoShutdown getInstance ()Lsun/awt/AWTAutoShutdown; 512 0 29016 0 0
ciMethod sun/awt/AWTAutoShutdown notifyThreadBusy (Ljava/lang/Thread;)V 440 0 2592 0 0
ciMethod sun/awt/AWTAutoShutdown isReadyToShutdown ()Z 512 0 5379 0 168
ciMethod sun/awt/AWTAutoShutdown activateBlockerThread ()V 2 0 1 0 -1
ciMethod sun/awt/AppContext initMainAppContext ()V 2 2 1 0 -1
ciMethod sun/awt/AppContext getAppContext ()Lsun/awt/AppContext; 512 4 5389 0 160
ciMethod sun/awt/AppContext get (Ljava/lang/Object;)Ljava/lang/Object; 520 0 6115 0 2118
ciMethod sun/awt/MostRecentKeyValue <init> (Ljava/lang/Object;Ljava/lang/Object;)V 4 0 2 0 -1
ciMethod sun/awt/MostRecentKeyValue setPair (Ljava/lang/Object;Ljava/lang/Object;)V 142 0 3048 0 0
ciMethod sun/awt/PostEventQueue flush ()V 4338 868 7382 0 19156
ciInstanceKlass java/awt/ActiveEvent 1 0 9 100 1 100 1 1 1 1 1
ciMethod sun/awt/PeerEvent getFlags ()J 8 0 4 0 -1
ciMethod sun/awt/EventQueueItem <init> (Ljava/awt/AWTEvent;)V 512 0 9946 0 0
ciMethod sun/awt/HeadlessToolkit <init> (Ljava/awt/Toolkit;)V 0 0 1 0 -1
ciMethodData java/util/HashMap getNode (Ljava/lang/Object;)Ljava/util/HashMap$Node; 2 14387 orig 80 1 0 0 0 0 0 0 0 0 0 0 0 0 0 0 0 0 0 0 0 0 0 0 5 0 0 0 0 0 0 0 0 0 0 0 0 0 0 0 1 0 0 0 0 0 0 0 0 0 0 0 0 0 0 0 0 0 0 0 0 0 0 0 0 0 0 0 0 0 0 0 0 0 0 0 0 0 0 0 0 data 98 0x60007 0x70 0x2c0 0x37c3 0xe0007 0x0 0x2a0 0x37c3 0x170002 0x37c3 0x210007 0x110e 0x270 0x26b5 0x2a0007 0x74f 0xb0 0x1f66 0x350007 0x1cc5 0x90 0x2a1 0x390007 0x0 0x70 0x2a1 0x3f0005 0xb 0x1fdd858ed58 0x22f 0x1fde2e7a638 0x67 0x8000000600420007 0x1 0x20 0x2a1 0x4e0007 0x4a0 0x1a0 0x2b0 0x520004 0x0 0x1fde04be108 0x281 0x1fde2e7a6e0 0x2f 0x550007 0x2b0 0x80 0x0 0x590004 0x0 0x0 0x0 0x0 0x0 0x5f0005 0x0 0x0 0x0 0x0 0x0 0x6a0007 0x18c 0xb0 0x1ca 0x760007 0x135 0x90 0x95 0x7a0007 0x0 0x70 0x95 0x8000000700800005 0x6 0x1fdd858ed58 0x3d 0x1fde2e7a638 0x57 0x830007 0x0 0x20 0x9a 0x910007 0xa6 0xffffffffffffff50 0xe6 0x0 0x0 0x0 0x0 0x0 0x0 0x9 0x2 0x0 0x0 oops 6 28 java/lang/String 30 javax/swing/KeyStroke 42 java/util/HashMap$Node 44 java/util/LinkedHashMap$Entry 76 java/lang/String 78 javax/swing/KeyStroke methods 0
ciMethodData java/util/HashMap get (Ljava/lang/Object;)Ljava/lang/Object; 2 20173 orig 80 1 0 0 0 0 0 0 0 0 0 0 0 0 0 0 0 0 0 0 0 0 0 0 0 0 0 0 0 0 0 0 0 0 0 0 0 0 0 0 0 0 0 0 0 0 0 0 0 0 0 0 0 0 0 0 0 0 0 0 0 0 0 0 0 0 0 0 0 0 0 0 0 0 0 0 0 0 0 0 0 data 23 0x20005 0x520 0x1fde04bbbd8 0x3454 0x1fde04be978 0x1559 0x70007 0x312e 0x38 0x1da3 0xb0003 0x1da3 0x18 0x0 0x0 0x0 0x0 0x0 0x0 0x9 0x2 0x0 0x0 oops 2 2 java/util/HashMap 4 javax/swing/UIDefaults$TextAndMnemonicHashMap methods 0
ciMethodData sun/awt/AppContext getAppContext ()Lsun/awt/AppContext; 2 5133 orig 80 0 0 0 0 0 0 0 0 0 0 0 0 0 0 0 0 0 0 0 0 0 0 0 0 0 0 0 0 0 0 0 0 0 0 0 0 0 0 0 0 0 0 0 0 0 0 0 0 0 0 0 0 0 0 0 0 0 0 0 0 0 0 0 0 0 0 0 0 0 0 0 0 0 0 0 0 0 0 0 0 data 162 0x30005 0x3 0x1fddd1a66d0 0x140a 0x0 0x0 0x70007 0x0 0x40 0x140d 0xd0007 0x0 0x20 0x140d 0x170005 0x0 0x0 0x0 0x0 0x0 0x1a0004 0x0 0x0 0x0 0x0 0x0 0x200007 0x0 0x3f0 0x0 0x230002 0x0 0x260005 0x0 0x0 0x0 0x0 0x0 0x350005 0x0 0x0 0x0 0x0 0x0 0x380007 0x0 0x138 0x0 0x3d0002 0x0 0x400007 0x0 0x78 0x0 0x450002 0x0 0x480007 0x0 0x48 0x0 0x4b0002 0x0 0x4e0003 0x0 0xa8 0x530002 0x0 0x560007 0x0 0x80 0x0 0x5a0005 0x0 0x0 0x0 0x0 0x0 0x5d0007 0x0 0x30 0x0 0x600002 0x0 0x660003 0x0 0x18 0x740005 0x0 0x0 0x0 0x0 0x0 0x790004 0x0 0x0 0x0 0x0 0x0 0x7e0007 0x0 0xe8 0x0 0x820005 0x0 0x0 0x0 0x0 0x0 0x870007 0x0 0x20 0x0 0x900005 0x0 0x0 0x0 0x0 0x0 0x950004 0x0 0x0 0x0 0x0 0x0 0x990003 0x0 0xffffffffffffff30 0xa20007 0x0 0x98 0x0 0xab0005 0x0 0x0 0x0 0x0 0x0 0xb30005 0x0 0x0 0x0 0x0 0x0 0xb80003 0x0 0xffffffffffffff80 0xbf0005 0x0 0x0 0x0 0x0 0x0 0x0 0x0 0x0 0x0 0x0 0x0 0x9 0x0 0x690001 0x690001 oops 1 2 java/util/concurrent/atomic/AtomicInteger methods 0
ciMethodData java/lang/Thread isVirtual ()Z 2 18769 orig 80 0 0 0 0 0 0 0 0 0 0 0 0 0 0 0 0 0 0 0 0 0 0 0 0 0 0 0 0 0 0 0 0 0 0 0 0 0 0 0 0 0 0 0 0 0 0 0 0 0 0 0 0 0 0 0 0 0 0 0 0 0 0 0 0 0 0 0 0 0 0 0 0 0 0 0 0 0 0 0 0 data 15 0x10004 0xa 0x1fde2946230 0x2e35 0x1fdd858fdf0 0x1b12 0x0 0x0 0x0 0x0 0x0 0x0 0x9 0x1 0x0 oops 2 2 java/awt/EventDispatchThread 4 java/lang/Thread methods 0
ciMethodData java/lang/Object equals (Ljava/lang/Object;)Z 2 48702 orig 80 0 0 0 0 0 0 0 0 0 0 0 0 0 0 0 0 0 0 0 0 0 0 0 0 0 0 0 0 0 0 0 0 0 0 0 0 0 0 0 0 0 0 0 0 0 0 0 0 0 0 0 0 0 0 0 0 0 0 0 0 0 0 0 0 0 0 0 0 0 0 0 0 0 0 0 0 0 0 0 0 data 17 0x20007 0x3feb 0x38 0x7e53 0x60003 0x7e53 0x18 0x0 0x0 0x0 0x0 0x0 0x0 0x9 0x2 0x0 0x0 oops 0 methods 0
ciInstanceKlass java/awt/event/ComponentListener 1 0 14 100 1 100 1 100 1 1 1 1 1 1 1 1
ciMethodData sun/awt/AppContext get (Ljava/lang/Object;)Ljava/lang/Object; 2 5855 orig 80 0 0 0 0 0 0 0 0 0 0 0 0 0 0 0 0 0 0 0 0 0 0 0 0 0 0 0 0 0 0 0 0 0 0 0 0 0 0 0 0 0 0 0 0 0 0 0 0 0 0 0 0 0 0 0 0 0 0 0 0 0 0 0 0 0 0 0 0 0 0 0 0 0 0 0 0 0 0 0 0 data 47 0xd0007 0x0 0x40 0x16df 0x150007 0xba1 0x20 0xb3e 0x240005 0x0 0x1fde04bbbd8 0xba1 0x0 0x0 0x2f0007 0xba1 0x58 0x0 0x3a0002 0x0 0x480002 0x0 0x4e0003 0x0 0x48 0x5e0005 0x8 0x1fde26333d8 0xb99 0x0 0x0 0x0 0x0 0x0 0x0 0x0 0x0 0x0 0x0 0x0 0x9 0x2 0xc0 0xffffffffffffffff 0x740001 0x740001 0x740001 oops 2 10 java/util/HashMap 27 sun/awt/MostRecentKeyValue methods 0
ciMethodData sun/awt/MostRecentKeyValue setPair (Ljava/lang/Object;Ljava/lang/Object;)V 2 2977 orig 80 0 0 0 0 0 0 0 0 0 0 0 0 0 0 0 0 0 0 0 0 0 0 0 0 0 0 0 0 0 0 0 0 0 0 0 0 0 0 0 0 0 0 0 0 0 0 0 0 0 0 0 0 0 0 0 0 0 0 0 0 0 0 0 0 0 0 0 0 0 0 0 0 0 0 0 0 0 0 0 0 data 9 0x0 0x0 0x0 0x0 0x9 0x3 0x0 0x0 0x0 oops 0 methods 0
ciMethodData java/awt/Component getTreeLock ()Ljava/lang/Object; 2 133740 orig 80 0 0 0 0 0 0 0 0 0 0 0 0 0 0 0 0 0 0 0 0 0 0 0 0 0 0 0 0 0 0 0 0 0 0 0 0 0 0 0 0 0 0 0 0 0 0 0 0 0 0 0 0 0 0 0 0 0 0 0 0 0 0 0 0 0 0 0 0 0 0 0 0 0 0 0 0 0 0 0 0 data 5 0x0 0x0 0x9 0x1 0x0 oops 0 methods 0
ciMethodData java/util/HashSet add (Ljava/lang/Object;)Z 2 38919 orig 80 2 0 0 0 0 0 0 0 0 0 0 0 0 0 0 0 0 0 0 0 4 0 0 0 0 0 0 0 0 0 0 0 0 0 0 0 0 0 0 0 0 0 0 0 0 0 0 0 0 0 0 0 0 0 0 0 0 0 0 0 0 0 0 0 0 0 0 0 0 0 0 0 0 0 0 0 0 0 0 0 data 23 0x8000000400080005 0x0 0x1fde04bbbd8 0x878d 0x1fde0eeb310 0x107e 0xb0007 0x95c 0x38 0x8eb0 0xf0003 0x8eb0 0x18 0x0 0x0 0x0 0x0 0x0 0x0 0x9 0x2 0x0 0xffffffffffffffff oops 2 2 java/util/HashMap 4 java/util/LinkedHashMap methods 0
ciMethodData java/util/EventObject <init> (Ljava/lang/Object;)V 2 12314 orig 80 0 0 0 0 0 0 0 0 0 0 0 0 0 0 0 0 0 0 0 0 0 0 0 0 0 0 0 0 0 0 0 0 0 0 0 0 0 0 0 0 0 0 0 0 0 0 0 0 0 0 0 0 0 0 0 0 0 0 0 0 0 0 0 0 0 0 0 0 0 0 0 0 0 0 0 0 0 0 0 0 data 18 0x10002 0x301a 0x50007 0x301a 0x30 0x0 0xe0002 0x0 0x0 0x0 0x0 0x0 0x0 0x0 0x9 0x2 0x6 0x0 oops 0 methods 0
ciMethodData java/awt/Component isValid ()Z 2 37393 orig 80 0 0 0 0 0 0 0 0 0 0 0 0 0 0 0 0 0 0 0 0 0 0 0 0 0 0 0 0 0 0 0 0 0 0 0 0 0 0 0 0 0 0 0 0 0 0 0 0 0 0 0 0 0 0 0 0 0 0 0 0 0 0 0 0 0 0 0 0 0 0 0 0 0 0 0 0 0 0 0 0 data 20 0x40007 0x18af 0x58 0x7962 0xb0007 0x637a 0x38 0x15e8 0xf0003 0x15e8 0x18 0x0 0x0 0x0 0x0 0x0 0x0 0x9 0x1 0x0 oops 0 methods 0
ciMethodData java/awt/Component invalidateIfValid ()V 2 14096 orig 80 0 0 0 0 0 0 0 0 0 0 0 0 0 0 0 0 0 0 0 0 0 0 0 0 0 0 0 0 0 0 0 0 0 0 0 0 0 0 0 0 0 0 0 0 0 0 0 0 0 0 0 0 0 0 0 0 0 0 0 0 0 0 0 0 0 0 0 0 0 0 0 0 0 0 0 0 0 0 0 0 data 25 0x10005 0x3583 0x1fde28f16e8 0x7 0x1fddd2bb6b8 0x186 0x40007 0x3447 0x50 0x2c9 0x80005 0x234 0x1fde28f1790 0x6f 0x1fde28f1838 0x26 0x0 0x0 0x0 0x0 0x0 0x0 0x9 0x1 0x0 oops 4 2 wv/codeclip/ui/ClassTreePanel 4 javax/swing/JScrollPane 12 javax/swing/JPanel 14 javax/swing/JLayeredPane methods 0
ciMethodData java/awt/Component checkTreeLock ()V 2 44938 orig 80 0 0 0 0 0 0 0 0 0 0 0 0 0 0 0 0 0 0 0 0 0 0 0 0 0 0 0 0 0 0 0 0 0 0 0 0 0 0 0 0 0 0 0 0 0 0 0 0 0 0 0 0 0 0 0 0 0 0 0 0 0 0 0 0 0 0 0 0 0 0 0 0 0 0 0 0 0 0 0 0 data 23 0x10005 0xa32c 0x1fddd2bb6b8 0x630 0x1fddd2bb220 0x62e 0x40002 0xaf8a 0x70007 0xaf8a 0x30 0x0 0x100002 0x0 0x0 0x0 0x0 0x0 0x0 0x0 0x9 0x1 0x0 oops 2 2 javax/swing/JScrollPane 4 javax/swing/JViewport methods 0
ciMethod java/util/concurrent/locks/AbstractQueuedSynchronizer$Node getAndUnsetStatus (I)I 4 0 5597 0 0
instanceKlass java/util/concurrent/locks/AbstractQueuedSynchronizer$ConditionNode
instanceKlass java/util/concurrent/locks/AbstractQueuedSynchronizer$ExclusiveNode
ciInstanceKlass java/util/concurrent/locks/AbstractQueuedSynchronizer$Node 1 1 84 10 7 12 1 1 1 9 7 12 1 1 1 9 7 12 1 1 1 10 7 12 1 1 1 9 12 1 9 12 1 10 12 1 1 10 12 1 1 10 12 1 1 10 12 1 8 1 10 12 1 1 8 1 8 1 1 1 1 1 1 1 1 1 1 1 1 1 1 1 1 1 1 1 1 1 1 1 1 1 1 1 1 1
staticfield java/util/concurrent/locks/AbstractQueuedSynchronizer$Node STATUS J 12
staticfield java/util/concurrent/locks/AbstractQueuedSynchronizer$Node NEXT J 20
staticfield java/util/concurrent/locks/AbstractQueuedSynchronizer$Node PREV J 16
ciInstanceKlass java/util/concurrent/ForkJoinPool$ManagedBlocker 1 0 18 100 1 100 1 1 1 1 100 1 1 1 1 1 100 1 1 1
ciMethodData sun/awt/SunToolkit getSystemEventQueueImplPP (Lsun/awt/AppContext;)Ljava/awt/EventQueue; 2 16523 orig 80 0 0 0 0 0 0 0 0 0 0 0 0 0 0 0 0 0 0 0 0 0 0 0 0 0 0 0 0 0 0 0 0 0 0 0 0 0 0 0 0 0 0 0 0 0 0 0 0 0 0 0 0 0 0 0 0 0 0 0 0 0 0 0 0 0 0 0 0 0 0 0 0 0 0 0 0 0 0 0 0 data 21 0x40005 0x0 0x1fddd1a3ae8 0x408b 0x0 0x0 0x70004 0x0 0x1fde28f6660 0x408b 0x0 0x0 0x0 0x0 0x0 0x0 0x0 0x0 0x9 0x1 0xc0 oops 2 2 sun/awt/AppContext 8 java/awt/EventQueue methods 0
ciMethodData java/awt/Toolkit getEventQueue ()Ljava/awt/EventQueue; 2 15743 orig 80 0 0 0 0 0 0 0 0 0 0 0 0 0 0 0 0 0 0 0 0 0 0 0 0 0 0 0 0 0 0 0 0 0 0 0 0 0 0 0 0 0 0 0 0 0 0 0 0 0 0 0 0 0 0 0 0 0 0 0 0 0 0 0 0 0 0 0 0 0 0 0 0 0 0 0 0 0 0 0 0 data 16 0x2 0x3d7f 0x30005 0x0 0x1fddff39890 0x3d7f 0x0 0x0 0x0 0x0 0x0 0x0 0x0 0x0 0x9 0x0 oops 1 4 sun/awt/windows/WToolkit methods 0
ciMethodData sun/awt/SunToolkit getSystemEventQueueImpl ()Ljava/awt/EventQueue; 2 15755 orig 80 0 0 0 0 0 0 0 0 0 0 0 0 0 0 0 0 0 0 0 0 0 0 0 0 0 0 0 0 0 0 0 0 0 0 0 0 0 0 0 0 0 0 0 0 0 0 0 0 0 0 0 0 0 0 0 0 0 0 0 0 0 0 0 0 0 0 0 0 0 0 0 0 0 0 0 0 0 0 0 0 data 11 0x2 0x3d8b 0x0 0x0 0x0 0x0 0x0 0x0 0x9 0x1 0x0 oops 0 methods 0
ciMethodData sun/awt/SunToolkit getSystemEventQueueImplPP ()Ljava/awt/EventQueue; 2 15755 orig 80 0 0 0 0 0 0 0 0 0 0 0 0 0 0 0 0 0 0 0 0 0 0 0 0 0 0 0 0 0 0 0 0 0 0 0 0 0 0 0 0 0 0 0 0 0 0 0 0 0 0 0 0 0 0 0 0 0 0 0 0 0 0 0 0 0 0 0 0 0 0 0 0 0 0 0 0 0 0 0 0 data 12 0x2 0x3d8b 0x30002 0x3d8b 0x0 0x0 0x0 0x0 0x0 0x0 0x9 0x0 oops 0 methods 0
ciMethodData java/awt/Component setBoundsOp (I)V 2 6145 orig 80 0 0 0 0 0 0 0 0 0 0 0 0 0 0 0 0 0 0 0 0 0 0 0 0 0 0 0 0 0 0 0 0 0 0 0 0 0 0 0 0 0 0 0 0 0 0 0 0 0 0 0 0 0 0 0 0 0 0 0 0 0 0 0 0 0 0 0 0 0 0 0 0 0 0 0 0 0 0 0 0 data 39 0x30007 0x1801 0x90 0x0 0x70005 0x0 0x0 0x0 0x0 0x0 0xa0002 0x0 0xd0007 0x0 0x30 0x0 0x140002 0x0 0x1a0007 0xf85 0x38 0x87c 0x220003 0x87c 0x38 0x2a0007 0x709 0x20 0x87c 0x0 0x0 0x0 0x0 0x0 0x0 0x9 0x2 0x0 0x0 oops 0 methods 0
ciMethodData java/awt/Container countComponents ()I 2 22404 orig 80 0 0 0 0 0 0 0 0 0 0 0 0 0 0 0 0 0 0 0 0 0 0 0 0 0 0 0 0 0 0 0 0 0 0 0 0 0 0 0 0 0 0 0 0 0 0 0 0 0 0 0 0 0 0 0 0 0 0 0 0 0 0 0 0 0 0 0 0 0 0 0 0 0 0 0 0 0 0 0 0 data 15 0x40005 0x0 0x1fdd8592048 0x5784 0x0 0x0 0x0 0x0 0x0 0x0 0x0 0x0 0x9 0x1 0x0 oops 1 2 java/util/ArrayList methods 0
ciMethodData java/util/concurrent/locks/AbstractQueuedSynchronizer compareAndSetState (II)Z 2 1103 orig 80 0 0 0 0 0 0 0 0 0 0 0 0 0 0 0 0 0 0 0 0 0 0 0 0 0 0 0 0 0 0 0 0 0 0 0 0 0 0 0 0 0 0 0 0 0 0 0 0 0 0 0 0 0 0 0 0 0 0 0 0 0 0 0 0 0 0 0 0 0 0 0 0 0 0 0 0 0 0 0 0 data 17 0x90005 0x1 0x0 0x0 0x0 0x0 0x0 0x0 0x0 0x0 0x0 0x0 0x9 0x3 0x0 0x0 0x0 oops 0 methods 0
ciMethodData java/util/concurrent/locks/AbstractQueuedSynchronizer release (I)Z 2 27204 orig 80 0 0 0 0 0 0 0 0 0 0 0 0 0 0 0 0 0 0 0 0 0 0 0 0 0 0 0 0 0 0 0 0 0 0 0 0 0 0 0 0 0 0 0 0 0 0 0 0 0 0 0 0 0 0 0 0 0 0 0 0 0 0 0 0 0 0 0 0 0 0 0 0 0 0 0 0 0 0 0 0 data 22 0x20005 0x0 0x1fde2949c60 0x569e 0x1fde1643888 0x13a7 0x50007 0x12 0x30 0x6a32 0xc0002 0x6a32 0x0 0x0 0x0 0x0 0x0 0x0 0x9 0x2 0x0 0x0 oops 2 2 java/util/concurrent/locks/ReentrantLock$NonfairSync 4 java/util/concurrent/ThreadPoolExecutor$Worker methods 0
ciMethodData java/util/concurrent/locks/AbstractQueuedSynchronizer signalNext (Ljava/util/concurrent/locks/AbstractQueuedSynchronizer$Node;)V 2 5298 orig 80 0 0 0 0 0 0 0 0 0 0 0 0 0 0 0 0 0 0 0 0 0 0 0 0 0 0 0 0 0 0 0 0 0 0 0 0 0 0 0 0 0 0 0 0 0 0 0 0 0 0 0 0 0 0 0 0 0 0 0 0 0 0 0 0 0 0 0 0 0 0 0 0 0 0 0 0 0 0 0 0 data 29 0x10007 0x187 0xa0 0x132b 0xa0007 0x122a 0x80 0x101 0x110007 0x5 0x60 0xfc 0x160005 0x0 0x1fddd059348 0x1 0x1fde0ff7d50 0xfb 0x1e0002 0xfc 0x0 0x0 0x0 0x0 0x0 0x0 0x9 0x1 0x0 oops 2 14 java/util/concurrent/locks/AbstractQueuedSynchronizer$ExclusiveNode 16 java/util/concurrent/locks/AbstractQueuedSynchronizer$ConditionNode methods 0
ciMethodData java/util/concurrent/locks/AbstractQueuedSynchronizer$Node getAndUnsetStatus (I)I 2 5595 orig 80 0 0 0 0 0 0 0 0 0 0 0 0 0 0 0 0 0 0 0 0 0 0 0 0 0 0 0 0 0 0 0 0 0 0 0 0 0 0 0 0 0 0 0 0 0 0 0 0 0 0 0 0 0 0 0 0 0 0 0 0 0 0 0 0 0 0 0 0 0 0 0 0 0 0 0 0 0 0 0 0 data 19 0xa000b 0x101 0x1fdd8591898 0x14da 0x0 0x0 0x2 0x1 0x2 0x0 0x0 0x0 0x0 0x0 0x0 0x9 0x2 0xffffffffffffffff 0x0 oops 1 2 jdk/internal/misc/Unsafe methods 0
ciMethodData java/util/concurrent/locks/LockSupport unpark (Ljava/lang/Thread;)V 2 5188 orig 80 0 0 0 0 0 0 0 0 0 0 0 0 0 0 0 0 0 0 0 0 0 0 0 0 0 0 0 0 0 0 0 0 0 0 0 0 0 0 0 0 0 0 0 0 0 0 0 0 0 0 0 0 0 0 0 0 0 0 0 0 0 0 0 0 0 0 0 0 0 0 0 0 0 0 0 0 0 0 0 0 data 38 0x10007 0x0 0xe8 0x1444 0x50005 0x4 0x1fdd858fdf0 0x84a 0x1fde2946230 0xbf6 0x80007 0x1444 0x68 0x0 0xf0005 0x0 0x0 0x0 0x0 0x0 0x140003 0x0 0x48 0x1b0005 0x4 0x1fdd8591898 0x1440 0x0 0x0 0x0 0x0 0x0 0x0 0x0 0x0 0x9 0x1 0x0 oops 3 6 java/lang/Thread 8 java/awt/EventDispatchThread 25 jdk/internal/misc/Unsafe methods 0
ciMethodData java/util/concurrent/locks/ReentrantLock$Sync tryRelease (I)Z 2 5124 orig 80 0 0 0 0 0 0 0 0 0 0 0 0 0 0 0 0 0 0 0 0 0 0 0 0 0 0 0 0 0 0 0 0 0 0 0 0 0 0 0 0 0 0 0 0 0 0 0 0 0 0 0 0 0 0 0 0 0 0 0 0 0 0 0 0 0 0 0 0 0 0 0 0 0 0 0 0 0 0 0 0 data 53 0x10005 0xc 0x1fde2949c60 0x13f8 0x0 0x0 0x80005 0xc 0x1fde2949c60 0x13f8 0x0 0x0 0xb0002 0x1404 0xe0007 0x1404 0x30 0x0 0x150002 0x0 0x1a0007 0x12 0x38 0x13f2 0x1e0003 0x13f2 0x18 0x240007 0x12 0x50 0x13f2 0x290005 0xc 0x1fde2949c60 0x13e6 0x0 0x0 0x2e0005 0xc 0x1fde2949c60 0x13f8 0x0 0x0 0x0 0x0 0x0 0x0 0x0 0x0 0x9 0x2 0x0 0x0 oops 4 2 java/util/concurrent/locks/ReentrantLock$NonfairSync 8 java/util/concurrent/locks/ReentrantLock$NonfairSync 33 java/util/concurrent/locks/ReentrantLock$NonfairSync 39 java/util/concurrent/locks/ReentrantLock$NonfairSync methods 0
ciMethodData java/util/concurrent/locks/ReentrantLock$NonfairSync initialTryLock ()Z 2 5120 orig 80 0 0 0 0 0 0 0 0 0 0 0 0 0 0 0 0 0 0 0 0 0 0 0 0 0 0 0 0 0 0 0 0 0 0 0 0 0 0 0 0 0 0 0 0 0 0 0 0 0 0 0 0 0 0 0 0 0 0 0 0 0 0 0 0 0 0 0 0 0 0 0 0 0 0 0 0 0 0 0 0 data 55 0x2 0x1400 0x70005 0xa 0x1fde2949c60 0x13f5 0x0 0x0 0xa0007 0x17 0x50 0x13e9 0xf0005 0xa 0x1fde2949c60 0x13df 0x0 0x0 0x150005 0x0 0x1fde2949c60 0x17 0x0 0x0 0x190007 0x5 0xb0 0x12 0x1d0005 0x0 0x1fde2949c60 0x12 0x0 0x0 0x240007 0x12 0x30 0x0 0x2d0002 0x0 0x330005 0x0 0x1fde2949c60 0x12 0x0 0x0 0x0 0x0 0x0 0x0 0x0 0x0 0x9 0x1 0x0 oops 5 4 java/util/concurrent/locks/ReentrantLock$NonfairSync 14 java/util/concurrent/locks/ReentrantLock$NonfairSync 20 java/util/concurrent/locks/ReentrantLock$NonfairSync 30 java/util/concurrent/locks/ReentrantLock$NonfairSync 42 java/util/concurrent/locks/ReentrantLock$NonfairSync methods 0
ciMethodData java/util/concurrent/locks/ReentrantLock unlock ()V 2 15689 orig 80 0 0 0 0 0 0 0 0 0 0 0 0 0 0 0 0 0 0 0 0 0 0 0 0 0 0 0 0 0 0 0 0 0 0 0 0 0 0 0 0 0 0 0 0 0 0 0 0 0 0 0 0 0 0 0 0 0 0 0 0 0 0 0 0 0 0 0 0 0 0 0 0 0 0 0 0 0 0 0 0 data 15 0x50005 0x3 0x1fde2949c60 0x3d46 0x0 0x0 0x0 0x0 0x0 0x0 0x0 0x0 0x9 0x1 0x0 oops 1 2 java/util/concurrent/locks/ReentrantLock$NonfairSync methods 0
ciMethodData java/util/concurrent/locks/ReentrantLock lock ()V 2 10920 orig 80 0 0 0 0 0 0 0 0 0 0 0 0 0 0 0 0 0 0 0 0 0 0 0 0 0 0 0 0 0 0 0 0 0 0 0 0 0 0 0 0 0 0 0 0 0 0 0 0 0 0 0 0 0 0 0 0 0 0 0 0 0 0 0 0 0 0 0 0 0 0 0 0 0 0 0 0 0 0 0 0 data 15 0x40005 0x0 0x1fde2949c60 0x2aa8 0x0 0x0 0x0 0x0 0x0 0x0 0x0 0x0 0x9 0x1 0x0 oops 1 2 java/util/concurrent/locks/ReentrantLock$NonfairSync methods 0
ciMethodData java/util/concurrent/locks/ReentrantLock$Sync lock ()V 2 10920 orig 80 0 0 0 0 0 0 0 0 0 0 0 0 0 0 0 0 0 0 0 0 0 0 0 0 0 0 0 0 0 0 0 0 0 0 0 0 0 0 0 0 0 0 0 0 0 0 0 0 0 0 0 0 0 0 0 0 0 0 0 0 0 0 0 0 0 0 0 0 0 0 0 0 0 0 0 0 0 0 0 0 data 25 0x10005 0x0 0x1fde2949c60 0x2aa8 0x0 0x0 0x40007 0x2a9c 0x50 0xd 0x90005 0x0 0x1fde2949c60 0xd 0x0 0x0 0x0 0x0 0x0 0x0 0x0 0x0 0x9 0x1 0x0 oops 2 2 java/util/concurrent/locks/ReentrantLock$NonfairSync 12 java/util/concurrent/locks/ReentrantLock$NonfairSync methods 0
ciMethodData java/util/concurrent/locks/AbstractQueuedSynchronizer acquire (I)V 2 5018 orig 80 0 0 0 0 0 0 0 0 0 0 0 0 0 0 0 0 0 0 0 0 0 0 0 0 0 0 0 0 0 0 0 0 0 0 0 0 0 0 0 0 0 0 0 0 0 0 0 0 0 0 0 0 0 0 0 0 0 0 0 0 0 0 0 0 0 0 0 0 0 0 0 0 0 0 0 0 0 0 0 0 data 26 0x20005 0x0 0x1fde1643888 0x1386 0x1fde2949c60 0x14 0x50007 0x1390 0x50 0xa 0xf0005 0x5 0x1fde2949c60 0x5 0x0 0x0 0x0 0x0 0x0 0x0 0x0 0x0 0x9 0x2 0xffffffffffffffff 0x0 oops 3 2 java/util/concurrent/ThreadPoolExecutor$Worker 4 java/util/concurrent/locks/ReentrantLock$NonfairSync 12 java/util/concurrent/locks/ReentrantLock$NonfairSync methods 0
ciMethodData java/awt/Toolkit enabledOnToolkit (J)Z 2 12888 orig 80 1 0 0 0 0 0 0 0 0 0 0 0 0 0 0 0 0 0 0 0 0 0 0 0 0 0 0 0 0 0 0 0 0 0 0 0 0 0 0 1 0 0 0 0 0 0 0 0 0 0 0 0 0 0 0 0 0 0 0 0 0 0 0 0 0 0 0 0 0 0 0 0 0 0 0 0 0 0 0 0 data 13 0x8000000600070007 0x3258 0x38 0x1 0xb0003 0x1 0x18 0x0 0x0 0x9 0x2 0x0 0x0 oops 0 methods 0
ciInstanceKlass java/awt/peer/ContainerPeer 1 0 16 100 1 100 1 100 1 1 1 1 1 1 1 1 1 1
ciInstanceKlass java/awt/peer/WindowPeer 1 0 25 100 1 100 1 100 1 1 1 1 1 1 1 1 1 1 1 1 1 1 1 1 1 1 1
ciInstanceKlass java/awt/peer/PanelPeer 1 0 9 100 1 100 1 100 1 1 1
ciInstanceKlass java/awt/peer/CanvasPeer 1 0 11 100 1 100 1 100 1 1 1 1 1
ciInstanceKlass java/awt/peer/LightweightPeer 1 0 9 100 1 100 1 100 1 1 1
ciMethodData java/awt/Toolkit getDefaultToolkit ()Ljava/awt/Toolkit; 2 5124 orig 80 0 0 0 0 0 0 0 0 0 0 0 0 0 0 0 0 0 0 0 0 0 0 0 0 0 0 0 0 0 0 0 0 0 0 0 0 0 0 0 0 0 0 0 0 0 0 0 0 0 0 0 0 0 0 0 0 0 0 0 0 0 0 0 0 0 0 0 0 0 0 0 0 0 0 0 0 0 0 0 0 data 40 0x30007 0x1404 0x100 0x0 0x60002 0x0 0xc0002 0x0 0xf0007 0x0 0x80 0x0 0x150004 0x0 0x0 0x0 0x0 0x0 0x180007 0x0 0x30 0x0 0x220002 0x0 0x280002 0x0 0x2b0007 0x0 0x30 0x0 0x2e0002 0x0 0x0 0x0 0x0 0x0 0x0 0x0 0x9 0x0 oops 0 methods 0
ciMethodData java/awt/Container getListenersCount (IZ)I 2 2919 orig 80 0 0 0 0 0 0 0 0 0 0 0 0 0 0 0 0 0 0 0 0 0 0 0 0 0 0 0 0 0 0 0 0 0 0 0 0 0 0 0 0 0 0 0 0 0 0 0 0 0 0 0 0 0 0 0 0 0 0 0 0 0 0 0 0 0 0 0 0 0 0 0 0 0 0 0 0 0 0 0 0 data 31 0x10005 0x8f9 0x1fde0eec270 0xa8 0x1fde0eec318 0x1c6 0x50007 0xb67 0x20 0x0 0xe0008 0x8 0x0 0x50 0x878 0x50 0x13b 0x50 0x1b4 0x50 0x0 0x0 0x0 0x0 0x0 0x0 0x9 0x3 0x0 0x0 0x0 oops 2 2 javax/swing/JLabel 4 javax/swing/JButton methods 0
ciMethodData java/awt/event/ComponentEvent <init> (Ljava/awt/Component;I)V 2 6122 orig 80 0 0 0 0 0 0 0 0 0 0 0 0 0 0 0 0 0 0 0 0 0 0 0 0 0 0 0 0 0 0 0 0 0 0 0 0 0 0 0 0 0 0 0 0 0 0 0 0 0 0 0 0 0 0 0 0 0 0 0 0 0 0 0 0 0 0 0 0 0 0 0 0 0 0 0 0 0 0 0 0 data 9 0x30002 0x17ea 0x0 0x0 0x9 0x3 0x1e 0x0 0x0 oops 0 methods 0
ciMethodData java/awt/AWTEvent <init> (Ljava/lang/Object;I)V 2 5120 orig 80 0 0 0 0 0 0 0 0 0 0 0 0 0 0 0 0 0 0 0 0 0 0 0 0 0 0 0 0 0 0 0 0 0 0 0 0 0 0 0 0 0 0 0 0 0 0 0 0 0 0 0 0 0 0 0 0 0 0 0 0 0 0 0 0 0 0 0 0 0 0 0 0 0 0 0 0 0 0 0 0 data 26 0x20002 0x1400 0x150008 0xa 0x13ec 0x78 0x0 0x60 0x8 0x60 0x0 0x60 0xc 0x60 0x450003 0x14 0x18 0x0 0x0 0x0 0x0 0x9 0x3 0x1e 0x0 0x0 oops 0 methods 0
ciMethodData java/awt/Component reshape (IIII)V 2 6172 orig 80 0 0 0 0 0 0 0 0 0 0 0 0 0 0 0 0 0 0 0 0 0 0 0 0 0 0 0 0 0 0 0 0 0 0 0 0 0 0 0 0 0 0 0 0 0 0 0 0 0 0 0 0 0 0 0 0 0 0 0 0 0 0 0 0 0 0 0 0 0 0 0 0 0 0 0 0 0 0 0 0 data 201 0x10005 0x1638 0x1fddd2bb220 0xc8 0x1fddd2bb2c8 0x11c 0xa0005 0x1630 0x1fddd2bb220 0xcc 0x1fddd2bb2c8 0x120 0x120007 0x538 0x40 0x12e4 0x1b0007 0x1291 0x38 0x53 0x1f0003 0x58b 0x18 0x2a0007 0x3c8 0x40 0x1454 0x320007 0x1394 0x38 0xc0 0x360003 0x488 0x18 0x3e0007 0x58b 0x70 0x1291 0x430007 0x2b5 0x50 0xfdc 0x480005 0xe18 0x1fddd2bb2c8 0x10c 0x1fddd2bb220 0xb8 0x7e0007 0x2b5 0x20 0x58b 0x8a0005 0x822 0x1fddd2bb220 0x14 0x1fddd2bb370 0xa 0x910007 0x28 0x270 0x818 0x980004 0x12 0x1fddd2bb418 0x7ec 0x1fddd2bb4c0 0x1a 0x9b0007 0x7ec 0x180 0x2c 0xa50005 0xc 0x1fddd2bb568 0x10 0x1fddd2bb610 0x10 0xa80005 0x2c 0x0 0x0 0x0 0x0 0xb10007 0x1e 0x40 0xe 0xba0007 0xd 0x38 0x1 0xbe0003 0x1f 0x18 0xca0007 0x13 0x40 0x19 0xd30007 0x18 0x38 0x1 0xd70003 0x14 0x18 0xde0004 0xc 0x1fddd2bb568 0x10 0x1fddd2bb610 0x10 0xe10007 0x0 0x20 0x2c 0xe90007 0x29d 0x50 0x57b 0xed0005 0x55d 0x1fddd2bb220 0x14 0x1fddd2bb370 0xa 0xf40007 0x0 0x50 0x818 0xfb0005 0x760 0x1fddd2bb6b8 0x1d 0x1fddd2bb220 0x9b 0x1000007 0x2c 0x50 0x814 0x1080005 0x814 0x0 0x0 0x0 0x0 0x1140005 0x840 0x0 0x0 0x0 0x0 0x1190005 0x822 0x1fddd2bb220 0x14 0x1fddd2bb370 0xa 0x11c0003 0x840 0x48 0x1230005 0x0 0x0 0x0 0x0 0x0 0x12c0003 0x840 0x18 0x0 0x0 0x0 0x0 0x0 0x0 0x0 0x0 0x0 0x0 0x0 0x0 0x0 0x0 0x0 0x0 0x0 0x0 0x9 0x5 0x0 0x0 0x0 0x0 0x0 0x11f0001 0x11f0001 0x11f0001 0x12f0001 0x12f0001 0x12f0001 oops 20 2 javax/swing/JViewport 4 javax/swing/plaf/metal/MetalScrollButton 8 javax/swing/JViewport 10 javax/swing/plaf/metal/MetalScrollButton 44 javax/swing/plaf/metal/MetalScrollButton 46 javax/swing/JViewport 54 javax/swing/JViewport 56 javax/swing/JScrollPane$ScrollBar 64 sun/awt/NullComponentPeer 66 sun/awt/windows/WDialogPeer 74 javax/swing/JDialog 76 javax/swing/Popup$HeavyWeightWindow 108 javax/swing/JDialog 110 javax/swing/Popup$HeavyWeightWindow 122 javax/swing/JViewport 124 javax/swing/JScrollPane$ScrollBar 132 javax/swing/JScrollPane 134 javax/swing/JViewport 154 javax/swing/JViewport 156 javax/swing/JScrollPane$ScrollBar methods 0
ciMethodData java/awt/Component getBoundsOp ()I 1 123 orig 80 0 0 0 0 0 0 0 0 0 0 0 0 0 0 0 0 0 0 0 0 0 0 0 0 0 0 0 0 0 0 0 0 0 0 0 0 0 0 0 0 0 0 0 0 0 0 0 0 0 0 0 0 0 0 0 0 0 0 0 0 0 0 0 0 0 0 0 0 0 0 0 0 0 0 0 0 0 0 0 0 data 27 0x30007 0x7b 0x90 0x0 0x70005 0x0 0x0 0x0 0x0 0x0 0xa0002 0x0 0xd0007 0x0 0x30 0x0 0x140002 0x0 0x0 0x0 0x0 0x0 0x0 0x0 0x9 0x1 0x0 oops 0 methods 0
ciMethodData java/awt/Component reshapeNativePeer (IIIII)V 1 44 orig 80 0 0 0 0 0 0 0 0 0 0 0 0 0 0 0 0 0 0 0 0 0 0 0 0 0 0 0 0 0 0 0 0 0 0 0 0 0 0 0 0 0 0 0 0 0 0 0 0 0 0 0 0 0 0 0 0 0 0 0 0 0 0 0 0 0 0 0 0 0 0 0 0 0 0 0 0 0 0 0 0 data 37 0xe0007 0x0 0x88 0x2c 0x160004 0x0 0x1fde28f0370 0x29 0x1fddd2bb4c0 0x3 0x190007 0x2c 0x38 0x0 0x370003 0x0 0xffffffffffffff90 0x470005 0x0 0x1fddd2bb4c0 0x1a 0x1fde28f0418 0x12 0x0 0x0 0x0 0x0 0x0 0x0 0x9 0x6 0x0 0x0 0x0 0x0 0x0 0x0 oops 4 6 sun/awt/windows/WFramePeer 8 sun/awt/windows/WDialogPeer 19 sun/awt/windows/WDialogPeer 21 sun/awt/windows/WWindowPeer methods 0
ciMethodData java/awt/Component notifyNewBounds (ZZ)V 2 2068 orig 80 0 0 0 0 0 0 0 0 0 0 0 0 0 0 0 0 0 0 0 0 0 0 0 0 0 0 0 0 0 0 0 0 0 0 0 0 0 0 0 0 0 0 0 0 0 0 0 0 0 0 0 0 0 0 0 0 0 0 0 0 0 0 0 0 0 0 0 0 0 0 0 0 0 0 0 0 0 0 0 0 data 116 0x40007 0xbd 0x70 0x757 0xf0007 0x0 0x50 0x757 0x130002 0x757 0x160007 0x757 0x118 0x0 0x1a0007 0x81 0x70 0x3c 0x240002 0x3c 0x280002 0x3c 0x2c0005 0x0 0x1fde28f6660 0x3c 0x0 0x0 0x300007 0x2b 0x268 0x92 0x3a0002 0x92 0x3e0002 0x92 0x420005 0x0 0x1fde28f6660 0x92 0x0 0x0 0x450003 0x92 0x1f8 0x490004 0x739 0x1fddd2bb220 0x14 0x1fddd2bb370 0xa 0x4c0007 0x0 0x1b0 0x757 0x500004 0x739 0x1fddd2bb220 0x14 0x1fddd2bb370 0xa 0x530005 0x739 0x1fddd2bb220 0x14 0x1fddd2bb370 0xa 0x560007 0x5ec 0x130 0x16b 0x5c0002 0x16b 0x610007 0xf 0x80 0x15c 0x650004 0x13e 0x1fddd2bb220 0x14 0x1fddd2bb370 0xa 0x6d0005 0xbb 0x1fde28f1790 0x97 0x1fddfbfe9b0 0xa 0x710007 0xab 0x80 0xc0 0x750004 0x2c 0x1fddd2bb370 0xa 0x1fde28f1790 0x8a 0x7d0005 0x75 0x1fde28f1790 0x42 0x1fddfbfea58 0x9 0x0 0x0 0x0 0x0 0x0 0x0 0x9 0x3 0x0 0x0 0x0 oops 16 24 java/awt/EventQueue 38 java/awt/EventQueue 47 javax/swing/JViewport 49 javax/swing/JScrollPane$ScrollBar 57 javax/swing/JViewport 59 javax/swing/JScrollPane$ScrollBar 63 javax/swing/JViewport 65 javax/swing/JScrollPane$ScrollBar 79 javax/swing/JViewport 81 javax/swing/JScrollPane$ScrollBar 85 javax/swing/JPanel 87 javax/swing/JPopupMenu 95 javax/swing/JScrollPane$ScrollBar 97 javax/swing/JPanel 101 javax/swing/JPanel 103 javax/swing/JRootPane methods 0
ciMethodData java/awt/Component repaintParentIfNeeded (IIII)V 2 2112 orig 80 0 0 0 0 0 0 0 0 0 0 0 0 0 0 0 0 0 0 0 0 0 0 0 0 0 0 0 0 0 0 0 0 0 0 0 0 0 0 0 0 0 0 0 0 0 0 0 0 0 0 0 0 0 0 0 0 0 0 0 0 0 0 0 0 0 0 0 0 0 0 0 0 0 0 0 0 0 0 0 0 data 49 0x40007 0x23 0x120 0x81d 0xb0104 0x12 0x1fddd2bb418 0x7ec 0x1fddd2bb4c0 0x1a 0xe0007 0x31 0xd0 0x7ec 0x120005 0x7ce 0x1fddd2bb220 0x14 0x1fddd2bb370 0xa 0x150007 0x261 0x80 0x58b 0x210005 0x508 0x1fddd2bb6b8 0xa 0x1fddd2bb220 0x79 0x250005 0x581 0x1fddd2bb220 0x6 0x1fddd2bb370 0x4 0x0 0x0 0x0 0x0 0x0 0x0 0x9 0x5 0x0 0x0 0x0 0x0 0x0 oops 8 6 sun/awt/NullComponentPeer 8 sun/awt/windows/WDialogPeer 16 javax/swing/JViewport 18 javax/swing/JScrollPane$ScrollBar 26 javax/swing/JScrollPane 28 javax/swing/JViewport 32 javax/swing/JViewport 34 javax/swing/JScrollPane$ScrollBar methods 0
ciInstanceKlass java/awt/peer/DialogPeer 1 0 17 100 1 100 1 100 1 1 1 1 1 1 1 1 1 1 1
ciMethodData java/util/IdentityHashMap isEmpty ()Z 2 5120 orig 80 0 0 0 0 0 0 0 0 0 0 0 0 0 0 0 0 0 0 0 0 0 0 0 0 0 0 0 0 0 0 0 0 0 0 0 0 0 0 0 0 0 0 0 0 0 0 0 0 0 0 0 0 0 0 0 0 0 0 0 0 0 0 0 0 0 0 0 0 0 0 0 0 0 0 0 0 0 0 0 0 data 13 0x40007 0x13ec 0x38 0x14 0x80003 0x14 0x18 0x0 0x0 0x0 0x9 0x1 0x0 oops 0 methods 0
ciMethodData sun/awt/AWTAutoShutdown getInstance ()Lsun/awt/AWTAutoShutdown; 2 28760 orig 80 0 0 0 0 0 0 0 0 0 0 0 0 0 0 0 0 0 0 0 0 0 0 0 0 0 0 0 0 0 0 0 0 0 0 0 0 0 0 0 0 0 0 0 0 0 0 0 0 0 0 0 0 0 0 0 0 0 0 0 0 0 0 0 0 0 0 0 0 0 0 0 0 0 0 0 0 0 0 0 0 data 4 0x0 0x0 0x9 0x0 oops 0 methods 0
ciMethodData sun/awt/AWTAutoShutdown isReadyToShutdown ()Z 2 5123 orig 80 0 0 0 0 0 0 0 0 0 0 0 0 0 0 0 0 0 0 0 0 0 0 0 0 0 0 0 0 0 0 0 0 0 0 0 0 0 0 0 0 0 0 0 0 0 0 0 0 0 0 0 0 0 0 0 0 0 0 0 0 0 0 0 0 0 0 0 0 0 0 0 0 0 0 0 0 0 0 0 0 data 36 0x40007 0x216 0xd8 0x11ed 0xb0005 0x0 0x1fde0ff46d0 0x11ed 0x0 0x0 0x100007 0x11ed 0x88 0x0 0x170005 0x0 0x0 0x0 0x0 0x0 0x1c0007 0x0 0x38 0x0 0x200003 0x0 0x18 0x0 0x0 0x0 0x0 0x0 0x0 0x9 0x1 0x0 oops 1 6 java/util/IdentityHashMap methods 0
ciMethodData java/awt/EventQueue eventToCacheIndex (Ljava/awt/AWTEvent;)I 2 5122 orig 80 0 0 0 0 0 0 0 0 0 0 0 0 0 0 0 0 0 0 0 0 0 0 0 0 0 0 0 0 0 0 0 0 0 0 0 0 0 0 0 0 0 0 0 0 0 0 0 0 0 0 0 0 0 0 0 0 0 0 0 0 0 0 0 0 0 0 0 0 0 0 0 0 0 0 0 0 0 0 0 0 data 53 0x10005 0x34e 0x1fde1ab3d40 0x728 0x1fde1ab3de8 0x98c 0x40008 0xa 0x9da 0xc8 0x8e6 0x60 0x133 0x60 0xf 0x60 0x0 0x60 0x370004 0x0 0x1fde1ab3de8 0xa 0x1fdd85ad7f0 0x129 0x3a0007 0xa 0x38 0x129 0x3e0003 0x129 0x18 0x440004 0x216 0x1fde1ab3d40 0x728 0x1fde1ab3de8 0x9c 0x470007 0x898 0x38 0x142 0x4b0003 0x142 0x18 0x0 0x0 0x0 0x0 0x0 0x0 0x9 0x1 0x0 oops 6 2 java/awt/event/InvocationEvent 4 java/awt/event/MouseEvent 20 java/awt/event/MouseEvent 22 sun/awt/dnd/SunDropTargetEvent 33 java/awt/event/InvocationEvent 35 java/awt/event/MouseEvent methods 0
ciMethodData java/util/concurrent/locks/ReentrantLock$Sync isHeldExclusively ()Z 2 5123 orig 80 0 0 0 0 0 0 0 0 0 0 0 0 0 0 0 0 0 0 0 0 0 0 0 0 0 0 0 0 0 0 0 0 0 0 0 0 0 0 0 0 0 0 0 0 0 0 0 0 0 0 0 0 0 0 0 0 0 0 0 0 0 0 0 0 0 0 0 0 0 0 0 0 0 0 0 0 0 0 0 0 data 24 0x10005 0x1 0x1fde2949c60 0x1402 0x0 0x0 0x40002 0x1403 0x70007 0x0 0x38 0x1403 0xb0003 0x1403 0x18 0x0 0x0 0x0 0x0 0x0 0x0 0x9 0x1 0x0 oops 1 2 java/util/concurrent/locks/ReentrantLock$NonfairSync methods 0
ciMethodData sun/awt/EventQueueItem <init> (Ljava/awt/AWTEvent;)V 2 9690 orig 80 0 0 0 0 0 0 0 0 0 0 0 0 0 0 0 0 0 0 0 0 0 0 0 0 0 0 0 0 0 0 0 0 0 0 0 0 0 0 0 0 0 0 0 0 0 0 0 0 0 0 0 0 0 0 0 0 0 0 0 0 0 0 0 0 0 0 0 0 0 0 0 0 0 0 0 0 0 0 0 0 data 10 0x10002 0x25da 0x0 0x0 0x0 0x0 0x9 0x2 0x0 0x0 oops 0 methods 0
ciMethodData java/awt/EventQueue getPriority (Ljava/awt/AWTEvent;)I 2 4371 orig 80 0 0 0 0 0 0 0 0 0 0 0 0 0 0 0 0 0 0 0 0 0 0 0 0 0 0 0 0 0 0 0 0 0 0 0 0 0 0 0 0 0 0 0 0 0 0 0 0 0 0 0 0 0 0 0 0 0 0 0 0 0 0 0 0 0 0 0 0 0 0 0 0 0 0 0 0 0 0 0 0 data 69 0x10004 0x218 0x1fde1ab3d40 0xb23 0x1fde1ab3de8 0x3d8 0x40007 0x109a 0x140 0x79 0x80004 0x0 0x1fde1ab26e8 0x79 0x0 0x0 0xd0005 0x0 0x1fde1ab26e8 0x79 0x0 0x0 0x160007 0x77 0x20 0x2 0x1c0005 0x0 0x1fde1ab26e8 0x77 0x0 0x0 0x230007 0x66 0x20 0x11 0x290005 0x0 0x1fde1ab26e8 0x66 0x0 0x0 0x320007 0x66 0x20 0x0 0x380005 0x205 0x1fde1ab3d40 0xb23 0x1fde1ab3de8 0x3d8 0x400007 0x53f 0x40 0xbc1 0x470007 0xbbb 0x20 0x6 0x0 0x0 0x0 0x0 0x0 0x0 0x9 0x1 0x0 oops 8 2 java/awt/event/InvocationEvent 4 java/awt/event/MouseEvent 12 sun/awt/PeerEvent 18 sun/awt/PeerEvent 28 sun/awt/PeerEvent 38 sun/awt/PeerEvent 48 java/awt/event/InvocationEvent 50 java/awt/event/MouseEvent methods 0
ciMethodData java/awt/EventQueue postEvent (Ljava/awt/AWTEvent;I)V 2 4371 orig 80 0 0 0 0 0 0 0 0 0 0 0 0 0 0 0 0 0 0 0 0 0 0 0 0 0 0 0 0 0 0 0 0 0 0 0 0 0 0 0 0 0 0 0 0 0 0 0 0 0 0 0 0 0 0 0 0 0 0 0 0 0 0 0 0 0 0 0 0 0 0 0 0 0 0 0 0 0 0 0 0 data 113 0x30005 0x1113 0x0 0x0 0x0 0x0 0x60007 0x10e8 0x20 0x2b 0xf0002 0x10e8 0x150005 0x10e8 0x0 0x0 0x0 0x0 0x190005 0x218 0x1fde1ab3d40 0xb23 0x1fde1ab3de8 0x3ad 0x200007 0x10e8 0x38 0x0 0x240003 0x0 0x18 0x330007 0x707 0x1c0 0x9e1 0x370005 0x9e1 0x0 0x0 0x0 0x0 0x520007 0x26 0x108 0x9bb 0x560005 0x7d 0x1fde1ab3d40 0x5d1 0x1fde1ab3de8 0x36d 0x590002 0x9bb 0x5c0007 0x0 0x60 0x9bb 0x5f0002 0x9bb 0x660005 0x78 0x1fde2946e08 0x943 0x0 0x0 0x6d0005 0x0 0x1fdd8a027b8 0x9bb 0x0 0x0 0x720003 0x9bb 0x68 0x770007 0x26 0x50 0x0 0x7e0005 0x0 0x0 0x0 0x0 0x0 0x830003 0x9e1 0x68 0x9f0007 0x707 0x50 0x0 0xa60005 0x0 0x0 0x0 0x0 0x0 0x0 0x0 0x0 0x0 0x0 0x0 0x0 0x0 0x0 0x0 0x0 0x9 0x3 0x0 0x0 0x0 oops 6 20 java/awt/event/InvocationEvent 22 java/awt/event/MouseEvent 47 java/awt/event/InvocationEvent 49 java/awt/event/MouseEvent 61 sun/awt/AWTAutoShutdown 67 java/util/concurrent/locks/AbstractQueuedSynchronizer$ConditionObject methods 0
ciMethodData java/util/concurrent/locks/AbstractQueuedSynchronizer$ConditionObject signalAll ()V 2 7719 orig 80 0 0 0 0 0 0 0 0 0 0 0 0 0 0 0 0 0 0 0 0 0 0 0 0 0 0 0 0 0 0 0 0 0 0 0 0 0 0 0 0 0 0 0 0 0 0 0 0 0 0 0 0 0 0 0 0 0 0 0 0 0 0 0 0 0 0 0 0 0 0 0 0 0 0 0 0 0 0 0 0 data 31 0x90005 0x0 0x1fde2949c60 0x1e27 0x0 0x0 0xc0007 0x1e27 0x30 0x0 0x130002 0x0 0x180007 0x14b8 0x50 0x96f 0x1e0005 0x96f 0x0 0x0 0x0 0x0 0x0 0x0 0x0 0x0 0x0 0x0 0x9 0x1 0x0 oops 1 2 java/util/concurrent/locks/ReentrantLock$NonfairSync methods 0
ciMethodData java/util/concurrent/locks/AbstractQueuedSynchronizer$ConditionObject doSignal (Ljava/util/concurrent/locks/AbstractQueuedSynchronizer$ConditionNode;Z)V 2 5120 orig 80 0 0 0 0 0 0 0 0 0 0 0 0 0 0 0 0 0 0 0 0 0 0 0 0 0 0 0 0 0 0 0 0 0 0 0 0 0 0 0 0 0 0 0 0 0 0 0 0 0 0 0 0 0 0 0 0 0 0 0 0 0 0 0 0 0 0 0 0 0 0 0 0 0 0 0 0 0 0 0 0 data 48 0x10007 0x939 0x128 0x1400 0xf0007 0x9 0x38 0x13f7 0x170003 0x13f7 0x18 0x210005 0x101 0x1fde0ff7d50 0x12ff 0x0 0x0 0x260007 0x0 0x88 0x1400 0x2e0005 0x101 0x1fde2949c60 0x12ff 0x0 0x0 0x320007 0x939 0x38 0xac7 0x350003 0xac7 0x30 0x3a0003 0x939 0xfffffffffffffef0 0x0 0x0 0x0 0x0 0x0 0x0 0x9 0x3 0x6 0xffffffffffffffff 0x0 oops 2 13 java/util/concurrent/locks/AbstractQueuedSynchronizer$ConditionNode 23 java/util/concurrent/locks/ReentrantLock$NonfairSync methods 0
ciMethodData java/awt/EventQueue noEvents ()Z 2 2512 orig 80 0 0 0 0 0 0 0 0 0 0 0 0 0 0 0 0 0 0 0 0 0 0 0 0 0 0 0 0 0 0 0 0 0 0 0 0 0 0 0 0 0 0 0 0 0 0 0 0 0 0 0 0 0 0 0 0 0 0 0 0 0 0 0 0 0 0 0 0 0 0 0 0 0 0 0 0 0 0 0 0 data 20 0x40007 0x9aa 0x58 0x26e8 0x100007 0x26c2 0x20 0x26 0x180003 0x26c2 0xffffffffffffffc0 0x0 0x0 0x0 0x0 0x0 0x0 0x9 0x1 0x0 oops 0 methods 0
ciMethodData java/awt/EventQueue coalesceEvent (Ljava/awt/AWTEvent;I)Z 2 4353 orig 80 0 0 0 0 0 0 0 0 0 0 0 0 0 0 0 0 0 0 0 0 0 0 0 0 0 0 0 0 0 0 0 0 0 0 0 0 0 0 0 0 0 0 0 0 0 0 0 0 0 0 0 0 0 0 0 0 0 0 0 0 0 0 0 0 0 0 0 0 0 0 0 0 0 0 0 0 0 0 0 0 data 125 0x10005 0x218 0x1fde1ab3de8 0x3d0 0x1fde1ab3d40 0xb19 0x40004 0x200 0x1fdd85ad550 0x3d3 0x1fddff39890 0xb2e 0x70007 0x5c7 0x20 0xb3a 0xd0004 0x1e6 0x1fde1ab3de8 0x3d0 0x1fdd85ad5f8 0x11 0x100007 0x55c 0x80 0x6b 0x150004 0x0 0x1fde1ab26e8 0x6b 0x0 0x0 0x180005 0x6b 0x0 0x0 0x0 0x0 0x1d0005 0x17b 0x1fde1ab3de8 0x3d0 0x1fdd85ad5f8 0x11 0x200004 0x1e6 0x1fdd85ad550 0x36d 0x1fdd85ad6a0 0x9 0x230005 0x1e7 0x1fdd85ad550 0x36c 0x1fdd85ad6a0 0x9 0x260007 0x55c 0x70 0x0 0x2c0005 0x0 0x0 0x0 0x0 0x0 0x2f0007 0x0 0x20 0x0 0x350004 0x17b 0x1fde1ab3de8 0x3d0 0x1fdd85ad5f8 0x11 0x380007 0x556 0x80 0x6 0x3d0004 0x0 0x1fdd85ad748 0x6 0x0 0x0 0x400005 0x6 0x0 0x0 0x0 0x0 0x450004 0x175 0x1fde1ab3de8 0x3d0 0x1fdd85ad5f8 0x11 0x480007 0x11d 0x80 0x439 0x4d0004 0x0 0x1fde1ab3de8 0x3d0 0x1fdd85ad7f0 0x69 0x500005 0x439 0x0 0x0 0x0 0x0 0x0 0x0 0x0 0x0 0x0 0x0 0x9 0x3 0x0 0x0 0x0 oops 20 2 java/awt/event/MouseEvent 4 java/awt/event/InvocationEvent 8 wv/codeclip/CodeClipFrame 10 sun/awt/windows/WToolkit 18 java/awt/event/MouseEvent 20 java/awt/event/FocusEvent 28 sun/awt/PeerEvent 40 java/awt/event/MouseEvent 42 java/awt/event/FocusEvent 46 wv/codeclip/CodeClipFrame 48 javax/swing/JTabbedPane 52 wv/codeclip/CodeClipFrame 54 javax/swing/JTabbedPane 72 java/awt/event/MouseEvent 74 java/awt/event/FocusEvent 82 sun/awt/event/IgnorePaintEvent 94 java/awt/event/MouseEvent 96 java/awt/event/FocusEvent 104 java/awt/event/MouseEvent 106 sun/awt/dnd/SunDropTargetEvent methods 0
ciMethodData java/awt/EventQueue cacheEQItem (Lsun/awt/EventQueueItem;)V 2 4306 orig 80 0 0 0 0 0 0 0 0 0 0 0 0 0 0 0 0 0 0 0 0 0 0 0 0 0 0 0 0 0 0 0 0 0 0 0 0 0 0 0 0 0 0 0 0 0 0 0 0 0 0 0 0 0 0 0 0 0 0 0 0 0 0 0 0 0 0 0 0 0 0 0 0 0 0 0 0 0 0 0 0 data 54 0x40002 0x10d2 0xa0007 0xce0 0x150 0x3f2 0x110005 0x6 0x1fde1ab3de8 0x373 0x1fde1ab26e8 0x79 0x140004 0x51 0x1fdd85ad550 0x31a 0x1fddd2bb568 0x87 0x170007 0xe 0xd0 0x3e4 0x1e0005 0x6 0x1fde1ab3de8 0x373 0x1fde1ab26e8 0x6b 0x210004 0x43 0x1fdd85ad550 0x31a 0x1fddd2bb568 0x87 0x290007 0x3df 0x20 0x5 0x3a0004 0x0 0x1fddf968aa8 0x3e4 0x0 0x0 0x0 0x0 0x0 0x0 0x0 0x0 0x9 0x2 0x0 0x0 oops 9 8 java/awt/event/MouseEvent 10 sun/awt/PeerEvent 14 wv/codeclip/CodeClipFrame 16 javax/swing/JDialog 24 java/awt/event/MouseEvent 26 sun/awt/PeerEvent 30 wv/codeclip/CodeClipFrame 32 javax/swing/JDialog 40 sun/awt/EventQueueItem methods 0
ciMethodData sun/awt/AWTAutoShutdown notifyThreadBusy (Ljava/lang/Thread;)V 2 2372 orig 80 0 0 0 0 0 0 0 0 0 0 0 0 0 0 0 0 0 0 0 0 0 0 0 0 0 0 0 0 0 0 0 0 0 0 0 0 0 0 0 0 0 0 0 0 0 0 0 0 0 0 0 0 0 0 0 0 0 0 0 0 0 0 0 0 0 0 0 0 0 0 0 0 0 0 0 0 0 0 0 0 data 60 0x10007 0x944 0x20 0x0 0x170007 0x944 0x68 0x0 0x1b0005 0x0 0x0 0x0 0x0 0x0 0x1e0003 0x0 0x98 0x220005 0x944 0x0 0x0 0x0 0x0 0x250007 0x944 0x50 0x0 0x2c0005 0x0 0x0 0x0 0x0 0x0 0x390005 0x0 0x1fde2495fc8 0x944 0x0 0x0 0x410003 0x944 0x18 0x4d0003 0x944 0x18 0x0 0x0 0x0 0x0 0x0 0x0 0x0 0x9 0x2 0x0 0x0 0x440001 0x440001 0x500001 0x500001 oops 1 35 java/util/HashSet methods 0
ciMethodData jdk/internal/misc/Unsafe getAndBitwiseAndInt (Ljava/lang/Object;JI)I 2 5341 orig 80 0 0 0 0 0 0 0 0 0 0 0 0 0 0 0 0 0 0 0 0 0 0 0 0 0 0 0 0 0 0 0 0 0 0 0 0 0 0 0 0 0 0 0 0 0 0 0 0 0 0 0 0 0 0 0 0 0 0 0 0 0 0 0 0 0 0 0 0 0 0 0 0 0 0 0 0 0 0 0 0 data 32 0x3000b 0x0 0x0 0x0 0x0 0x0 0x2 0x1 0x0 0x120005 0x0 0x1fdd8591898 0x14dd 0x0 0x0 0x150007 0x0 0xffffffffffffff88 0x14dd 0x0 0x0 0x0 0x0 0x0 0x0 0x9 0x5 0xffffffffffffffff 0xffffffffffffffff 0x0 0x0 0x0 oops 1 11 jdk/internal/misc/Unsafe methods 0
ciMethodData java/awt/Component repaint (IIII)V 2 3156 orig 80 0 0 0 0 0 0 0 0 0 0 0 0 0 0 0 0 0 0 0 0 0 0 0 0 0 0 0 0 0 0 0 0 0 0 0 0 0 0 0 0 0 0 0 0 0 0 0 0 0 0 0 0 0 0 0 0 0 0 0 0 0 0 0 0 0 0 0 0 0 0 0 0 0 0 0 0 0 0 0 0 data 19 0x70005 0x8b7 0x1fde28f1790 0x315 0x1fddfe9a068 0x89 0x0 0x0 0x0 0x0 0x0 0x0 0x9 0x5 0x0 0x0 0x0 0x0 0x0 oops 2 2 javax/swing/JPanel 4 javax/swing/JTextArea methods 0
ciMethodData java/awt/Container createChildHierarchyEvents (IJZ)V 1 685 orig 80 0 0 0 0 0 0 0 0 0 0 0 0 0 0 0 0 0 0 0 0 0 0 0 0 0 0 0 0 0 0 0 0 0 0 0 0 0 0 0 0 0 0 0 0 0 0 0 0 0 0 0 0 0 0 0 0 0 0 0 0 0 0 0 0 0 0 0 0 0 0 0 0 0 0 0 0 0 0 0 0 data 60 0x10005 0x268 0x1fddfbfea58 0x24 0x1fde28f1838 0x21 0x80005 0x0 0x1fdd8592048 0x2ad 0x0 0x0 0xd0007 0x256 0x20 0x57 0x150005 0x256 0x0 0x0 0x0 0x0 0x230007 0x256 0xc8 0x0 0x2e0005 0x0 0x0 0x0 0x0 0x0 0x330004 0x0 0x0 0x0 0x0 0x0 0x3f0005 0x0 0x0 0x0 0x0 0x0 0x480003 0x0 0xffffffffffffff50 0x0 0x0 0x0 0x0 0x0 0x0 0x9 0x5 0xffffffffffffffff 0x0 0x0 0x0 0x0 oops 3 2 javax/swing/JRootPane 4 javax/swing/JLayeredPane 8 java/util/ArrayList methods 0
ciMethodData java/awt/EventQueue postEvent (Ljava/awt/AWTEvent;)V 2 4079 orig 80 0 0 0 0 0 0 0 0 0 0 0 0 0 0 0 0 0 0 0 0 0 0 0 0 0 0 0 0 0 0 0 0 0 0 0 0 0 0 0 0 0 0 0 0 0 0 0 0 0 0 0 0 0 0 0 0 0 0 0 0 0 0 0 0 0 0 0 0 0 0 0 0 0 0 0 0 0 0 0 0 data 18 0x40002 0xfef 0x90005 0xfef 0x0 0x0 0x0 0x0 0x0 0x0 0x0 0x0 0x0 0x0 0x9 0x2 0x0 0x0 oops 0 methods 0
ciMethodData sun/awt/SunToolkit flushPendingEvents (Lsun/awt/AppContext;)V 2 12727 orig 80 0 0 0 0 0 0 0 0 0 0 0 0 0 0 0 0 0 0 0 0 0 0 0 0 0 0 0 0 0 0 0 0 0 0 0 0 0 0 0 0 0 0 0 0 0 0 0 0 0 0 0 0 0 0 0 0 0 0 0 0 0 0 0 0 0 0 0 0 0 0 0 0 0 0 0 0 0 0 0 0 data 31 0x30005 0xc4 0x1fddd1a3ae8 0x30f3 0x0 0x0 0x60004 0x0 0x1fde2e81798 0x31b7 0x0 0x0 0xb0007 0x0 0x50 0x31b7 0xf0005 0x0 0x1fde2e81798 0x31b7 0x0 0x0 0x0 0x0 0x0 0x0 0x0 0x0 0x9 0x1 0x0 oops 3 2 sun/awt/AppContext 8 sun/awt/PostEventQueue 18 sun/awt/PostEventQueue methods 0
ciMethodData sun/awt/PostEventQueue flush ()V 2 5213 orig 80 0 0 0 0 0 0 0 0 0 0 0 0 0 0 0 0 0 0 0 0 0 0 0 0 0 0 0 0 0 0 0 0 0 0 0 0 0 0 0 0 0 0 0 0 0 0 0 0 0 0 0 0 0 0 0 0 0 0 0 0 0 0 0 0 0 0 0 0 0 0 0 0 0 0 0 0 0 0 0 0 data 98 0x2 0x145d 0xd0007 0xd11 0x20 0x74c 0x170007 0xd11 0x68 0x0 0x1b0005 0x0 0x0 0x0 0x0 0x0 0x1e0003 0x0 0xffffffffffffffb0 0x250007 0x64e 0x20 0x6c3 0x410003 0x64e 0x18 0x4c0007 0x64e 0x68 0x74c 0x570005 0x0 0x1fde28f6660 0x74c 0x0 0x0 0x5f0003 0x74c 0xffffffffffffffb0 0x6c0005 0x0 0x1fde2e81798 0x64e 0x0 0x0 0x710003 0x64e 0x18 0x7b0003 0x64e 0x60 0x8b0005 0x0 0x0 0x0 0x0 0x0 0x910003 0x0 0x18 0x9f0003 0x64e 0x48 0xa40005 0x0 0x0 0x0 0x0 0x0 0x0 0x0 0x0 0x0 0x0 0x0 0x0 0x0 0x0 0x0 0x0 0x0 0x0 0x9 0x1 0x0 0x440001 0x440001 0x440001 0x440001 0x740001 0x740001 0x7e0001 0x940001 0x940001 0x7e0001 0xa20001 0xa20001 0xa20001 oops 2 32 java/awt/EventQueue 41 sun/awt/PostEventQueue methods 0
ciMethodData java/awt/EventQueue postEventPrivate (Ljava/awt/AWTEvent;)V 2 4499 orig 80 0 0 0 0 0 0 0 0 0 0 0 0 0 0 0 0 0 0 0 0 0 0 0 0 0 0 0 0 0 0 0 0 0 0 0 0 0 0 0 0 0 0 0 0 0 0 0 0 0 0 0 0 0 0 0 0 0 0 0 0 0 0 0 0 0 0 0 0 0 0 0 0 0 0 0 0 0 0 0 0 data 86 0x90005 0x0 0x1fde2947b28 0x1193 0x0 0x0 0x120007 0x1193 0x80 0x0 0x1a0005 0x0 0x0 0x0 0x0 0x0 0x210005 0x0 0x0 0x0 0x0 0x0 0x2b0007 0x1193 0xe0 0x0 0x2f0005 0x0 0x0 0x0 0x0 0x0 0x320002 0x0 0x350007 0x0 0x50 0x0 0x3c0005 0x0 0x0 0x0 0x0 0x0 0x430005 0x0 0x0 0x0 0x0 0x0 0x490002 0x1193 0x4c0005 0x1193 0x0 0x0 0x0 0x0 0x530005 0x0 0x1fde2947b28 0x1193 0x0 0x0 0x580003 0x1193 0x48 0x600005 0x0 0x0 0x0 0x0 0x0 0x0 0x0 0x0 0x0 0x0 0x0 0x9 0x2 0x0 0x0 0x5b0001 0x5b0001 0x5b0001 oops 2 2 java/util/concurrent/locks/ReentrantLock 60 java/util/concurrent/locks/ReentrantLock methods 0
compile java/awt/Component reshape (IIII)V -1 4 inline 158 0 -1 0 java/awt/Component reshape (IIII)V 1 1 0 java/awt/Component getTreeLock ()Ljava/lang/Object; 1 10 0 java/awt/Component setBoundsOp (I)V 1 72 0 java/awt/Component setBoundsOp (I)V 1 251 0 java/awt/Component invalidateIfValid ()V 2 1 0 java/awt/Component isValid ()Z 1 264 0 java/awt/Component notifyNewBounds (ZZ)V 2 19 0 java/awt/Toolkit enabledOnToolkit (J)Z 2 83 0 java/awt/Container countComponents ()I 3 4 0 java/util/ArrayList size ()I 2 92 0 java/awt/Toolkit enabledOnToolkit (J)Z 2 36 0 java/awt/event/ComponentEvent <init> (Ljava/awt/Component;I)V 3 3 0 java/awt/AWTEvent <init> (Ljava/lang/Object;I)V 4 2 0 java/util/EventObject <init> (Ljava/lang/Object;)V 5 1 0 java/lang/Object <init> ()V 2 40 0 java/awt/Toolkit getEventQueue ()Ljava/awt/EventQueue; 3 0 0 java/awt/Toolkit getDefaultToolkit ()Ljava/awt/Toolkit; 3 3 0 sun/awt/SunToolkit getSystemEventQueueImpl ()Ljava/awt/EventQueue; 4 0 0 sun/awt/SunToolkit getSystemEventQueueImplPP ()Ljava/awt/EventQueue; 5 0 0 sun/awt/AppContext getAppContext ()Lsun/awt/AppContext; 6 3 0 java/util/concurrent/atomic/AtomicInteger get ()I 5 3 0 sun/awt/SunToolkit getSystemEventQueueImplPP (Lsun/awt/AppContext;)Ljava/awt/EventQueue; 6 4 0 sun/awt/AppContext get (Ljava/lang/Object;)Ljava/lang/Object; 7 36 0 java/util/HashMap get (Ljava/lang/Object;)Ljava/lang/Object; 8 2 0 java/util/HashMap getNode (Ljava/lang/Object;)Ljava/util/HashMap$Node; 9 23 0 java/util/HashMap hash (Ljava/lang/Object;)I 9 63 0 java/lang/Object equals (Ljava/lang/Object;)Z 9 128 0 java/lang/Object equals (Ljava/lang/Object;)Z 7 94 0 sun/awt/MostRecentKeyValue setPair (Ljava/lang/Object;Ljava/lang/Object;)V 2 44 0 java/awt/EventQueue postEvent (Ljava/awt/AWTEvent;)V 3 4 0 sun/awt/SunToolkit flushPendingEvents (Lsun/awt/AppContext;)V 4 3 0 sun/awt/AppContext get (Ljava/lang/Object;)Ljava/lang/Object; 5 36 0 java/util/HashMap get (Ljava/lang/Object;)Ljava/lang/Object; 6 2 0 java/util/HashMap getNode (Ljava/lang/Object;)Ljava/util/HashMap$Node; 7 23 0 java/util/HashMap hash (Ljava/lang/Object;)I 8 9 0 java/lang/String hashCode ()I 5 94 0 sun/awt/MostRecentKeyValue setPair (Ljava/lang/Object;Ljava/lang/Object;)V 3 9 0 java/awt/EventQueue postEventPrivate (Ljava/awt/AWTEvent;)V 4 9 0 java/util/concurrent/locks/ReentrantLock lock ()V 5 4 0 java/util/concurrent/locks/ReentrantLock$Sync lock ()V 6 1 0 java/util/concurrent/locks/ReentrantLock$NonfairSync initialTryLock ()Z 7 7 0 java/util/concurrent/locks/AbstractQueuedSynchronizer compareAndSetState (II)Z 7 15 0 java/util/concurrent/locks/AbstractOwnableSynchronizer setExclusiveOwnerThread (Ljava/lang/Thread;)V 7 21 0 java/util/concurrent/locks/AbstractOwnableSynchronizer getExclusiveOwnerThread ()Ljava/lang/Thread; 7 29 0 java/util/concurrent/locks/AbstractQueuedSynchronizer getState ()I 7 51 0 java/util/concurrent/locks/AbstractQueuedSynchronizer setState (I)V 4 73 0 java/awt/EventQueue getPriority (Ljava/awt/AWTEvent;)I 5 56 0 java/awt/AWTEvent getID ()I 4 76 0 java/awt/EventQueue postEvent (Ljava/awt/AWTEvent;I)V 5 3 0 java/awt/EventQueue coalesceEvent (Ljava/awt/AWTEvent;I)Z 6 1 0 java/util/EventObject getSource ()Ljava/lang/Object; 6 29 0 java/util/EventObject getSource ()Ljava/lang/Object; 6 35 0 java/awt/Component isCoalescingEnabled ()Z 5 15 0 sun/awt/EventQueueItem <init> (Ljava/awt/AWTEvent;)V 6 1 0 java/lang/Object <init> ()V 5 21 0 java/awt/EventQueue cacheEQItem (Lsun/awt/EventQueueItem;)V 6 4 0 java/awt/EventQueue eventToCacheIndex (Ljava/awt/AWTEvent;)I 7 1 0 java/awt/AWTEvent getID ()I 6 17 0 java/util/EventObject getSource ()Ljava/lang/Object; 6 30 0 java/util/EventObject getSource ()Ljava/lang/Object; 5 25 0 java/awt/AWTEvent getID ()I 5 55 0 java/awt/EventQueue noEvents ()Z 5 86 0 java/util/EventObject getSource ()Ljava/lang/Object; 5 89 0 sun/awt/AWTAutoShutdown getInstance ()Lsun/awt/AWTAutoShutdown; 5 95 0 sun/awt/AWTAutoShutdown getInstance ()Lsun/awt/AWTAutoShutdown; 5 102 0 sun/awt/AWTAutoShutdown notifyThreadBusy (Ljava/lang/Thread;)V 6 34 0 sun/awt/AWTAutoShutdown isReadyToShutdown ()Z 7 11 0 java/util/IdentityHashMap isEmpty ()Z 5 109 0 java/util/concurrent/locks/AbstractQueuedSynchronizer$ConditionObject signalAll ()V 6 9 0 java/util/concurrent/locks/ReentrantLock$Sync isHeldExclusively ()Z 7 1 0 java/util/concurrent/locks/AbstractOwnableSynchronizer getExclusiveOwnerThread ()Ljava/lang/Thread; 4 83 0 java/util/concurrent/locks/ReentrantLock unlock ()V 5 5 0 java/util/concurrent/locks/AbstractQueuedSynchronizer release (I)Z 6 2 0 java/util/concurrent/locks/ReentrantLock$Sync tryRelease (I)Z 7 1 0 java/util/concurrent/locks/AbstractQueuedSynchronizer getState ()I 7 8 0 java/util/concurrent/locks/AbstractOwnableSynchronizer getExclusiveOwnerThread ()Ljava/lang/Thread; 7 41 0 java/util/concurrent/locks/AbstractOwnableSynchronizer setExclusiveOwnerThread (Ljava/lang/Thread;)V 7 46 0 java/util/concurrent/locks/AbstractQueuedSynchronizer setState (I)V 6 12 0 java/util/concurrent/locks/AbstractQueuedSynchronizer signalNext (Ljava/util/concurrent/locks/AbstractQueuedSynchronizer$Node;)V 7 22 0 java/util/concurrent/locks/AbstractQueuedSynchronizer$Node getAndUnsetStatus (I)I 8 10 0 jdk/internal/misc/Unsafe getAndBitwiseAndInt (Ljava/lang/Object;JI)I 7 30 0 java/util/concurrent/locks/LockSupport unpark (Ljava/lang/Thread;)V 8 5 0 java/lang/Thread isVirtual ()Z 2 58 0 java/awt/event/ComponentEvent <init> (Ljava/awt/Component;I)V 3 3 0 java/awt/AWTEvent <init> (Ljava/lang/Object;I)V 4 2 0 java/util/EventObject <init> (Ljava/lang/Object;)V 5 1 0 java/lang/Object <init> ()V 2 62 0 java/awt/Toolkit getEventQueue ()Ljava/awt/EventQueue; 3 0 0 java/awt/Toolkit getDefaultToolkit ()Ljava/awt/Toolkit; 3 3 0 sun/awt/SunToolkit getSystemEventQueueImpl ()Ljava/awt/EventQueue; 4 0 0 sun/awt/SunToolkit getSystemEventQueueImplPP ()Ljava/awt/EventQueue; 5 0 0 sun/awt/AppContext getAppContext ()Lsun/awt/AppContext; 6 3 0 java/util/concurrent/atomic/AtomicInteger get ()I 5 3 0 sun/awt/SunToolkit getSystemEventQueueImplPP (Lsun/awt/AppContext;)Ljava/awt/EventQueue; 6 4 0 sun/awt/AppContext get (Ljava/lang/Object;)Ljava/lang/Object; 7 36 0 java/util/HashMap get (Ljava/lang/Object;)Ljava/lang/Object; 8 2 0 java/util/HashMap getNode (Ljava/lang/Object;)Ljava/util/HashMap$Node; 9 23 0 java/util/HashMap hash (Ljava/lang/Object;)I 9 63 0 java/lang/Object equals (Ljava/lang/Object;)Z 9 128 0 java/lang/Object equals (Ljava/lang/Object;)Z 7 94 0 sun/awt/MostRecentKeyValue setPair (Ljava/lang/Object;Ljava/lang/Object;)V 2 66 0 java/awt/EventQueue postEvent (Ljava/awt/AWTEvent;)V 3 4 0 sun/awt/SunToolkit flushPendingEvents (Lsun/awt/AppContext;)V 4 3 0 sun/awt/AppContext get (Ljava/lang/Object;)Ljava/lang/Object; 5 36 0 java/util/HashMap get (Ljava/lang/Object;)Ljava/lang/Object; 6 2 0 java/util/HashMap getNode (Ljava/lang/Object;)Ljava/util/HashMap$Node; 7 23 0 java/util/HashMap hash (Ljava/lang/Object;)I 8 9 0 java/lang/String hashCode ()I 5 94 0 sun/awt/MostRecentKeyValue setPair (Ljava/lang/Object;Ljava/lang/Object;)V 3 9 0 java/awt/EventQueue postEventPrivate (Ljava/awt/AWTEvent;)V 4 9 0 java/util/concurrent/locks/ReentrantLock lock ()V 5 4 0 java/util/concurrent/locks/ReentrantLock$Sync lock ()V 6 1 0 java/util/concurrent/locks/ReentrantLock$NonfairSync initialTryLock ()Z 7 7 0 java/util/concurrent/locks/AbstractQueuedSynchronizer compareAndSetState (II)Z 7 15 0 java/util/concurrent/locks/AbstractOwnableSynchronizer setExclusiveOwnerThread (Ljava/lang/Thread;)V 7 21 0 java/util/concurrent/locks/AbstractOwnableSynchronizer getExclusiveOwnerThread ()Ljava/lang/Thread; 7 29 0 java/util/concurrent/locks/AbstractQueuedSynchronizer getState ()I 7 51 0 java/util/concurrent/locks/AbstractQueuedSynchronizer setState (I)V 4 73 0 java/awt/EventQueue getPriority (Ljava/awt/AWTEvent;)I 5 56 0 java/awt/AWTEvent getID ()I 4 76 0 java/awt/EventQueue postEvent (Ljava/awt/AWTEvent;I)V 5 3 0 java/awt/EventQueue coalesceEvent (Ljava/awt/AWTEvent;I)Z 6 1 0 java/util/EventObject getSource ()Ljava/lang/Object; 6 29 0 java/util/EventObject getSource ()Ljava/lang/Object; 6 35 0 java/awt/Component isCoalescingEnabled ()Z 5 15 0 sun/awt/EventQueueItem <init> (Ljava/awt/AWTEvent;)V 6 1 0 java/lang/Object <init> ()V 5 21 0 java/awt/EventQueue cacheEQItem (Lsun/awt/EventQueueItem;)V 6 4 0 java/awt/EventQueue eventToCacheIndex (Ljava/awt/AWTEvent;)I 7 1 0 java/awt/AWTEvent getID ()I 6 17 0 java/util/EventObject getSource ()Ljava/lang/Object; 6 30 0 java/util/EventObject getSource ()Ljava/lang/Object; 5 25 0 java/awt/AWTEvent getID ()I 5 55 0 java/awt/EventQueue noEvents ()Z 5 86 0 java/util/EventObject getSource ()Ljava/lang/Object; 5 89 0 sun/awt/AWTAutoShutdown getInstance ()Lsun/awt/AWTAutoShutdown; 5 95 0 sun/awt/AWTAutoShutdown getInstance ()Lsun/awt/AWTAutoShutdown; 5 102 0 sun/awt/AWTAutoShutdown notifyThreadBusy (Ljava/lang/Thread;)V 6 34 0 sun/awt/AWTAutoShutdown isReadyToShutdown ()Z 7 11 0 java/util/IdentityHashMap isEmpty ()Z 5 109 0 java/util/concurrent/locks/AbstractQueuedSynchronizer$ConditionObject signalAll ()V 6 9 0 java/util/concurrent/locks/ReentrantLock$Sync isHeldExclusively ()Z 7 1 0 java/util/concurrent/locks/AbstractOwnableSynchronizer getExclusiveOwnerThread ()Ljava/lang/Thread; 4 83 0 java/util/concurrent/locks/ReentrantLock unlock ()V 5 5 0 java/util/concurrent/locks/AbstractQueuedSynchronizer release (I)Z 6 2 0 java/util/concurrent/locks/ReentrantLock$Sync tryRelease (I)Z 7 1 0 java/util/concurrent/locks/AbstractQueuedSynchronizer getState ()I 7 8 0 java/util/concurrent/locks/AbstractOwnableSynchronizer getExclusiveOwnerThread ()Ljava/lang/Thread; 7 41 0 java/util/concurrent/locks/AbstractOwnableSynchronizer setExclusiveOwnerThread (Ljava/lang/Thread;)V 7 46 0 java/util/concurrent/locks/AbstractQueuedSynchronizer setState (I)V 6 12 0 java/util/concurrent/locks/AbstractQueuedSynchronizer signalNext (Ljava/util/concurrent/locks/AbstractQueuedSynchronizer$Node;)V 7 22 0 java/util/concurrent/locks/AbstractQueuedSynchronizer$Node getAndUnsetStatus (I)I 8 10 0 jdk/internal/misc/Unsafe getAndBitwiseAndInt (Ljava/lang/Object;JI)I 7 30 0 java/util/concurrent/locks/LockSupport unpark (Ljava/lang/Thread;)V 8 5 0 java/lang/Thread isVirtual ()Z 1 276 0 java/awt/Component repaintParentIfNeeded (IIII)V 2 33 0 java/awt/Component repaint (IIII)V 1 281 0 java/awt/Component setBoundsOp (I)V
